ambient_temp_c,relative_humidity,wind_speed_ms,traffic_density_idx,carbon_monoxide_co,nitrogen_dioxide_no2,sulfur_dioxide_so2,ozone_o3,pm2_5_aqi
15.9,27.8,9.7,0.17,0.55,6.4,26.4,25.4,5.0
21.3,43.7,7.3,0.63,1.58,35.8,4.4,26.4,42.1
14.3,40.7,10.6,0.47,1.46,18.4,15.6,15.5,27.7
27.7,45.8,7.7,0.53,1.71,25.5,14.9,35.5,44.9
20.3,69.5,8.7,0.5,1.73,18.2,23.0,21.6,42.6
16.0,46.7,8.0,0.47,1.49,17.0,4.7,19.9,31.6
36.7,86.9,5.9,0.35,0.91,18.9,4.6,30.8,29.5
33.3,42.5,7.2,0.72,1.95,41.7,25.2,42.2,68.9
14.7,33.1,0.5,0.22,0.77,9.0,30.4,27.8,47.7
34.1,64.8,1.6,0.49,0.88,23.5,28.4,27.5,58.9
15.5,86.5,3.8,0.46,0.95,21.3,22.2,18.8,54.7
34.4,78.1,4.6,0.75,2.04,31.4,20.3,24.2,80.9
26.1,66.0,10.3,0.46,1.78,21.8,28.5,29.0,38.1
21.7,35.2,11.2,0.37,0.84,17.2,20.3,32.6,13.3
14.1,53.1,3.3,0.59,1.42,29.5,20.2,16.4,62.5
34.7,62.0,6.2,0.44,0.93,15.7,8.2,33.2,30.2
31.5,46.9,0.7,0.81,2.39,36.4,23.8,29.7,90.7
18.8,41.7,8.4,0.56,1.41,16.1,25.0,29.0,36.7
19.4,29.9,10.6,0.83,2.25,46.8,10.6,25.2,52.4
20.0,79.2,1.2,0.31,0.7,10.4,8.1,13.3,36.1
19.4,36.0,6.9,0.47,1.73,20.5,14.2,23.7,38.3
30.6,53.9,4.3,0.53,1.69,15.1,9.3,36.8,39.3
34.1,84.3,9.1,0.51,1.94,31.9,26.0,30.2,59.9
28.6,77.7,7.2,0.89,2.82,33.3,6.0,30.7,72.2
35.7,86.6,5.3,0.44,1.37,13.0,10.7,33.2,45.4
20.1,25.8,11.8,0.29,0.56,9.1,19.5,28.4,5.0
26.8,26.3,2.8,0.86,2.16,38.8,33.9,31.6,94.1
16.9,71.7,3.9,0.18,0.22,10.4,23.4,15.2,36.9
14.5,41.9,11.6,0.43,0.84,21.6,28.2,21.1,27.6
13.0,57.9,9.4,0.16,0.23,12.8,9.6,14.4,5.0
33.1,66.1,2.4,0.32,1.1,13.2,12.7,36.9,38.2
35.4,43.1,8.8,0.65,1.75,29.9,20.7,40.0,44.8
37.1,56.6,5.9,0.67,1.73,28.4,12.7,39.7,53.2
29.3,69.4,8.1,0.53,1.78,21.0,4.7,21.7,30.0
20.2,67.3,2.5,0.87,2.33,44.3,17.5,15.8,94.5
21.2,58.6,7.7,0.2,0.06,9.9,6.2,19.5,6.4
17.4,73.4,8.2,0.72,2.16,33.4,28.8,18.0,75.5
36.1,30.7,5.3,0.59,1.35,27.0,34.9,41.3,57.7
19.0,55.4,6.0,0.7,2.03,37.7,32.9,21.1,79.4
34.1,36.8,8.8,0.45,1.61,27.1,8.0,40.6,28.6
16.1,38.3,0.7,0.27,0.89,8.1,27.6,31.8,47.0
23.4,75.6,6.3,0.12,0.45,7.0,32.4,17.3,22.8
17.8,84.4,2.6,0.79,1.97,44.9,17.8,12.4,94.0
28.1,73.4,2.4,0.36,1.29,11.4,7.6,26.8,46.6
29.4,83.1,7.2,0.85,2.41,32.2,24.5,21.9,73.9
18.3,27.8,1.2,0.94,2.91,39.2,33.4,25.1,103.0
25.2,62.1,2.2,0.76,2.36,38.7,18.4,25.7,89.5
13.3,81.7,2.8,0.52,0.9,19.5,32.3,15.6,65.4
20.3,61.8,10.1,0.66,1.59,29.8,4.9,24.5,43.3
29.7,68.1,7.6,0.26,0.89,12.6,12.8,30.5,20.1
28.0,62.0,5.3,0.9,2.45,38.2,26.7,28.4,94.8
20.6,68.8,3.1,0.92,2.44,39.6,5.9,17.1,84.6
35.7,31.3,5.2,0.72,2.05,30.4,19.1,42.6,63.1
13.9,59.7,4.2,0.41,1.21,12.2,28.7,13.1,48.5
23.5,51.6,2.1,0.11,0.16,4.0,11.0,26.3,12.8
17.7,45.3,7.8,0.48,1.53,18.9,18.5,26.7,38.8
27.4,61.7,8.1,0.68,1.91,24.1,27.6,34.2,57.0
19.5,63.0,3.3,0.36,0.97,20.8,34.9,19.3,60.4
27.7,57.3,10.2,0.65,1.8,24.4,7.0,29.3,41.5
10.3,59.3,7.8,0.63,1.81,30.2,7.0,18.5,44.0
23.9,65.9,4.6,0.17,1.07,5.8,27.8,24.4,36.6
24.1,72.9,2.2,0.22,0.82,8.7,10.9,23.5,37.8
32.9,68.6,6.0,0.97,2.82,42.8,21.6,33.0,91.8
31.4,63.1,3.4,0.76,2.53,42.9,12.0,33.8,84.8
22.6,34.1,1.4,0.62,1.54,21.8,31.1,34.3,77.7
30.3,63.2,2.3,0.34,0.95,21.6,22.4,35.5,55.6
16.9,89.2,7.8,0.48,1.39,13.3,12.0,22.6,38.6
17.4,58.6,2.2,0.77,1.88,32.2,22.3,26.4,78.5
12.6,33.1,1.4,0.91,2.47,39.8,5.9,24.0,83.7
18.0,63.2,9.4,0.74,1.61,38.1,30.9,11.4,62.9
37.8,44.0,6.0,0.53,1.41,20.2,30.3,36.7,52.8
33.0,63.6,10.6,0.55,1.75,27.8,31.8,30.1,53.9
28.7,81.4,4.8,0.23,0.66,5.7,7.3,33.0,20.2
38.0,40.6,7.6,0.79,2.59,42.3,22.6,39.0,73.7
31.3,53.5,11.8,0.82,2.32,44.1,30.6,30.7,72.0
19.6,69.0,6.5,0.9,2.59,27.0,7.3,22.8,77.1
24.3,48.5,3.0,0.7,2.02,35.3,11.8,25.7,73.8
36.8,79.5,10.2,0.85,2.04,29.7,21.7,37.2,62.4
13.0,42.0,5.9,0.83,2.58,31.6,15.9,21.0,77.2
36.3,63.1,10.9,0.13,0.61,7.9,33.8,34.0,5.0
30.8,52.5,6.0,0.75,2.18,39.7,6.1,30.9,64.6
13.4,78.8,1.7,0.98,2.64,45.4,22.0,17.1,108.6
10.4,71.8,7.2,0.82,2.15,39.7,15.9,8.1,75.8
11.8,47.1,5.8,0.37,1.28,17.9,19.8,12.9,38.5
20.5,73.5,2.7,0.29,0.28,14.0,26.4,26.8,46.8
27.7,42.2,9.9,0.64,1.59,30.3,8.0,36.3,37.3
29.1,60.2,9.2,0.46,1.27,17.4,14.5,28.2,36.8
14.3,40.1,1.4,0.96,2.1,41.1,19.8,27.6,92.3
23.3,75.8,1.1,0.53,1.5,17.8,26.9,28.3,68.6
15.4,36.7,11.3,0.21,1.25,20.6,23.0,20.4,13.6
29.3,27.8,11.1,0.64,1.42,20.7,12.0,32.7,28.4
28.0,25.2,1.8,0.96,3.09,41.8,13.4,38.4,96.3
35.2,40.2,3.8,0.27,0.8,11.8,19.7,39.0,36.6
27.1,47.9,2.3,0.48,1.66,20.2,20.4,40.1,58.9
37.2,68.8,8.5,0.53,0.97,22.2,20.0,33.7,41.4
15.0,60.7,5.1,0.46,1.59,20.5,28.4,11.7,49.9
17.5,59.5,5.3,0.18,0.08,10.0,31.3,15.5,25.5
15.0,74.7,2.3,0.71,2.04,36.1,28.0,19.7,88.3
19.3,73.5,1.0,0.85,2.83,43.1,11.3,14.3,96.1
34.0,87.2,8.1,0.57,1.55,20.7,15.2,25.7,38.5
28.4,76.3,4.2,0.15,0.36,11.0,23.3,30.1,30.2
18.6,62.3,1.4,0.63,1.91,27.7,30.2,19.5,88.0
13.3,42.2,2.1,0.2,0.49,10.2,6.1,20.6,22.1
10.3,43.7,6.9,0.6,1.6,25.6,15.1,9.0,56.1
22.9,57.2,6.9,0.37,1.04,14.0,7.9,21.6,30.8
16.5,74.1,2.3,0.93,2.65,35.4,22.4,14.9,106.1
26.2,89.7,1.1,0.89,2.44,38.7,6.8,17.9,90.6
20.6,70.1,7.1,0.4,1.23,16.6,27.0,15.5,44.0
32.5,84.9,1.2,0.58,1.88,32.4,18.9,24.1,72.6
32.1,72.2,1.9,0.84,1.84,41.6,12.1,26.6,81.6
13.3,40.8,6.4,0.51,1.42,24.6,31.9,26.5,56.2
32.8,30.2,9.8,0.37,1.19,19.8,25.7,35.9,28.2
30.4,77.9,1.8,0.48,1.62,23.8,7.8,16.9,66.0
21.9,44.0,7.3,0.88,2.48,36.5,4.4,24.8,63.9
36.0,35.4,1.2,0.86,2.39,30.3,11.9,46.2,81.4
25.0,47.5,7.7,0.57,1.91,19.3,27.3,25.3,51.5
29.8,37.4,7.4,0.23,0.42,9.7,14.0,28.9,9.5
19.1,59.8,4.1,0.59,1.79,29.6,6.7,20.0,57.2
28.8,60.2,2.3,0.28,0.82,14.1,16.7,27.4,37.5
19.4,81.7,11.1,0.61,1.34,27.3,34.2,18.9,54.0
27.4,59.8,3.9,0.9,2.91,34.8,34.6,20.9,104.2
28.5,71.7,10.5,0.15,0.41,25.4,6.8,23.1,5.0
20.1,64.6,4.8,0.59,1.64,29.1,14.1,18.4,55.1
11.6,27.9,11.8,0.56,1.87,25.7,20.1,24.1,39.7
22.1,30.1,4.6,0.69,1.8,31.9,6.4,35.9,57.5
33.7,48.0,11.9,0.14,0.84,7.4,28.7,29.5,7.9
25.3,31.1,11.1,0.33,0.5,10.2,20.0,30.6,6.1
29.8,73.5,10.6,0.86,2.82,29.8,18.5,26.6,70.3
24.0,29.2,7.0,0.64,1.27,25.2,7.3,31.6,37.9
14.4,39.6,9.0,0.63,1.44,26.8,24.9,25.9,47.6
35.2,78.3,5.1,0.5,1.74,26.6,34.8,31.9,66.8
17.8,68.4,10.9,0.56,1.35,32.3,10.4,13.5,41.9
37.6,82.2,10.5,0.43,1.33,15.1,34.1,31.9,45.3
32.3,77.5,7.9,0.74,1.83,31.9,25.6,28.9,67.0
32.4,40.1,6.6,0.53,1.37,17.2,6.0,39.2,31.5
25.8,72.9,8.7,0.56,2.05,33.8,7.6,25.5,46.3
26.6,36.5,7.3,0.21,-0.44,4.8,20.2,32.6,6.8
18.1,82.2,6.9,0.34,0.48,13.9,8.9,18.3,23.8
21.9,37.5,9.4,0.58,1.49,24.2,10.4,32.2,34.3
19.0,54.4,6.2,0.73,1.88,38.5,21.8,25.5,67.3
29.4,62.6,4.2,0.82,2.35,50.0,9.3,29.3,79.1
11.6,73.3,1.4,0.93,2.27,45.3,31.4,5.8,107.5
28.9,85.0,7.1,0.8,1.7,43.8,21.4,26.4,78.5
21.6,56.3,4.5,0.57,1.15,26.7,25.6,16.6,57.7
11.6,67.0,11.3,0.22,0.32,12.9,22.8,19.4,9.5
23.8,59.8,7.2,0.78,2.19,37.8,27.3,28.6,64.0
32.9,34.5,9.4,0.94,3.16,39.4,25.5,33.6,80.0
26.5,57.0,8.5,0.98,3.24,38.0,17.0,24.4,86.1
17.2,76.4,8.7,0.83,2.32,40.2,33.0,16.2,79.9
23.4,72.9,3.3,0.73,1.75,37.2,5.4,24.7,70.1
14.1,27.8,1.1,0.32,0.87,5.3,6.6,24.7,32.9
29.9,53.9,11.7,0.78,2.21,37.3,9.8,27.7,49.3
23.2,43.3,4.6,0.86,2.6,38.7,4.1,25.6,72.7
20.3,45.9,0.6,0.53,1.33,29.9,11.4,35.3,66.9
27.0,42.2,5.1,0.36,0.53,19.9,8.4,27.4,25.1
33.0,39.3,5.2,0.16,0.63,12.6,17.0,37.9,17.8
23.3,78.9,9.5,0.85,2.7,42.0,31.6,18.7,83.2
30.4,57.6,8.2,0.27,1.03,18.1,14.9,27.5,24.7
31.8,53.7,11.1,0.61,1.62,32.2,26.0,32.0,36.9
13.0,69.9,4.1,0.16,-0.07,5.6,29.4,11.3,22.6
36.7,60.5,2.6,0.37,1.3,23.3,5.7,35.5,42.7
15.1,52.5,7.9,0.14,0.04,12.6,15.7,23.8,7.6
12.4,55.5,8.3,0.83,3.06,44.2,26.7,18.3,83.7
10.9,79.6,3.6,0.73,2.08,35.3,30.3,17.2,88.1
33.2,35.9,5.7,0.58,1.92,21.2,30.0,36.0,57.0
26.6,67.9,0.6,0.83,2.43,34.1,24.6,23.7,98.8
34.0,38.4,3.3,0.59,1.23,25.4,33.9,40.1,54.3
30.9,84.0,3.6,0.15,-0.0,10.1,30.1,23.3,36.1
19.9,61.1,11.4,0.65,2.06,18.5,11.6,22.6,39.6
15.1,42.6,3.3,0.43,1.42,18.2,31.0,19.7,61.4
24.3,36.1,5.7,0.64,1.7,35.3,20.3,29.3,59.2
11.8,53.9,4.2,0.62,1.21,28.5,15.9,17.7,63.6
30.3,66.6,6.4,0.85,2.54,30.6,4.5,25.2,60.7
11.5,83.5,10.2,0.37,1.25,22.8,28.4,5.4,41.3
27.5,71.3,8.9,0.5,1.18,20.5,23.7,21.2,41.4
35.1,33.9,10.3,0.36,1.37,9.2,13.0,37.1,5.0
20.7,61.0,1.2,0.59,1.67,25.2,10.4,18.5,64.5
34.4,79.4,3.1,0.44,1.01,30.8,30.3,27.0,65.0
30.9,87.7,11.2,0.18,0.71,10.3,7.1,30.6,7.3
23.8,45.0,8.4,0.94,2.46,46.9,24.0,25.0,84.3
22.6,74.2,1.9,0.49,1.24,13.8,26.0,27.1,56.0
35.0,65.2,5.4,0.78,2.34,25.1,31.9,31.8,86.0
31.3,89.1,6.2,0.9,2.81,47.5,16.0,28.6,87.1
20.3,38.6,1.5,0.9,2.31,40.7,29.3,26.5,99.9
13.3,54.1,10.1,0.41,1.02,12.2,21.4,20.9,20.8
25.1,87.7,11.4,0.61,1.49,25.8,11.3,17.5,33.4
35.2,53.6,6.0,0.15,0.42,10.0,18.3,41.0,15.0
23.5,28.1,5.7,0.35,1.06,10.3,25.3,34.9,34.3
35.6,78.0,2.7,0.7,1.92,28.9,13.3,27.3,73.8
15.3,49.2,9.9,0.35,1.18,15.5,26.0,20.3,31.2
12.4,34.0,7.9,0.42,1.16,25.6,19.1,19.7,27.7
12.0,29.0,5.8,0.88,2.03,33.8,33.7,19.6,81.5
14.7,47.2,8.9,0.87,2.23,38.5,33.0,22.9,75.0
31.9,87.4,2.9,0.27,0.92,5.9,5.0,36.1,18.9
25.8,55.7,2.7,0.44,0.72,19.6,27.5,30.2,54.2
26.6,60.6,6.2,0.58,1.56,28.7,19.8,24.9,59.7
26.7,58.4,8.0,0.82,2.72,34.3,26.3,25.5,74.8
14.6,28.9,10.1,0.46,1.55,23.2,27.6,23.8,33.9
27.9,31.3,2.3,0.28,0.22,18.0,12.5,28.4,23.5
13.4,45.0,6.7,0.57,1.82,31.3,33.4,19.5,52.3
32.1,38.2,8.6,0.8,2.49,30.1,10.0,42.3,56.5
33.9,38.8,1.0,0.82,2.44,42.5,12.8,42.4,96.7
13.0,66.9,5.3,0.85,2.39,36.6,25.8,18.2,85.3
26.4,76.9,7.5,0.37,0.66,17.8,20.3,21.7,33.5
17.6,34.3,4.9,0.96,2.94,46.0,5.9,26.4,79.6
19.2,38.3,11.0,0.37,1.16,15.8,24.4,27.7,15.0
16.1,79.4,11.3,0.72,1.6,31.3,25.8,14.3,59.5
36.2,55.4,9.1,0.51,1.74,22.9,22.1,35.2,47.2
37.2,57.9,9.0,0.74,2.28,37.5,21.7,36.6,62.1
35.3,50.9,3.2,0.62,1.9,31.3,33.3,34.5,71.6
37.5,71.3,2.4,0.64,1.44,30.0,23.3,25.2,72.0
31.7,81.8,5.0,0.45,1.41,17.3,7.7,26.0,46.2
27.4,26.1,11.1,0.79,2.06,40.6,26.9,25.5,60.7
33.6,85.6,4.7,0.71,2.06,31.6,20.8,29.8,71.8
13.3,66.4,6.5,0.16,0.5,-0.7,22.4,14.0,10.4
11.8,27.8,8.2,0.52,1.37,19.9,4.7,22.5,22.7
23.4,51.7,4.0,0.86,2.82,47.9,24.4,22.4,97.7
28.0,68.3,8.2,0.14,0.18,4.7,4.4,29.8,5.0
16.5,49.9,2.2,0.14,0.63,10.3,22.9,26.5,28.1
34.7,29.5,4.2,0.74,2.06,24.2,13.6,41.1,61.8
34.6,59.6,7.2,0.65,1.73,17.0,23.5,36.1,59.6
13.2,87.9,5.4,0.88,1.77,40.9,11.1,13.5,77.1
28.6,34.0,3.6,0.67,2.12,26.2,32.2,36.6,67.7
33.4,33.3,6.8,0.57,1.55,31.3,24.8,37.9,53.9
20.9,27.8,8.9,0.57,1.41,30.2,33.3,31.7,50.2
17.9,54.8,2.2,0.33,0.99,21.4,15.4,21.6,44.6
30.2,89.3,9.4,0.79,2.25,33.0,8.1,29.2,64.6
23.5,69.7,9.0,0.59,1.66,19.9,22.1,21.0,41.7
36.1,34.0,7.6,0.99,2.81,49.1,12.2,44.3,82.5
36.5,37.0,7.6,0.75,2.05,40.0,10.4,44.0,60.9
19.4,27.9,7.2,0.7,2.08,36.6,14.6,30.3,54.3
23.7,30.2,3.6,0.75,1.66,34.4,20.7,29.5,73.4
13.5,36.5,10.8,0.92,3.02,39.4,17.4,18.1,68.4
13.6,54.6,9.9,0.58,1.8,21.3,4.1,16.2,33.2
13.1,33.0,3.1,0.69,1.44,27.6,20.6,22.4,64.5
27.0,29.9,4.8,0.56,1.66,21.8,20.5,31.5,54.1
26.7,65.3,7.1,0.43,1.29,18.6,26.4,23.1,37.7
22.9,43.3,5.6,0.16,0.6,10.0,33.1,30.2,24.0
27.4,66.6,10.8,0.16,0.64,5.9,29.1,27.9,5.0
21.1,51.2,8.9,0.63,1.5,31.9,30.3,23.8,54.8
15.8,70.0,2.2,0.38,1.21,18.5,29.3,16.8,62.8
23.9,52.4,6.6,0.79,2.05,37.9,10.0,28.5,68.0
27.5,84.4,9.6,0.28,1.09,9.2,22.5,23.1,25.6
12.1,25.6,1.1,0.61,1.88,25.2,4.4,24.0,54.2
19.9,78.4,9.2,0.15,0.57,4.0,18.6,19.0,12.7
10.4,52.7,2.6,0.59,1.79,28.2,17.1,21.4,74.6
11.0,39.1,3.4,0.82,1.57,35.8,34.4,21.5,92.3
17.5,39.2,4.2,0.7,2.51,27.2,26.3,23.3,75.3
18.3,58.2,8.5,0.28,0.36,1.7,9.4,15.4,5.0
23.0,33.2,5.3,0.16,0.2,11.8,5.5,37.9,5.0
33.5,30.2,11.9,0.78,2.75,38.6,20.5,37.9,53.2
11.4,84.3,10.4,0.45,0.7,13.8,5.0,9.4,16.4
19.1,35.6,4.2,0.73,1.88,32.6,21.2,24.6,75.7
32.6,63.6,4.1,0.1,0.31,1.5,15.3,32.8,19.0
36.3,49.9,10.2,0.59,1.58,22.5,31.0,34.4,46.9
17.5,36.7,11.8,0.72,1.65,26.3,16.2,23.8,41.2
34.9,35.4,0.6,0.81,2.11,37.1,23.6,40.0,102.5
14.5,48.1,8.5,0.49,1.23,28.5,31.5,22.9,47.4
18.0,71.7,6.8,0.91,2.43,49.6,31.4,14.5,95.0
36.9,66.4,3.6,0.53,2.34,12.3,20.2,38.6,57.1
24.7,43.6,5.1,0.62,2.3,31.2,4.9,25.5,57.7
25.1,65.3,11.2,0.89,2.27,51.1,14.6,25.3,63.2
22.8,82.6,0.6,0.56,1.93,22.4,20.2,17.9,77.9
10.5,27.6,7.7,0.86,2.09,38.3,14.5,24.1,72.5
14.0,55.5,9.2,0.94,2.79,38.5,33.1,26.0,90.4
16.1,54.3,10.3,0.59,1.51,32.7,28.2,22.0,52.8
27.8,30.9,12.0,0.74,1.88,30.4,30.5,33.3,49.3
13.8,75.8,3.8,0.99,2.6,47.7,6.7,21.2,103.9
16.8,35.4,6.5,0.76,1.89,26.8,24.9,28.2,66.2
27.7,43.3,1.1,0.64,1.4,32.6,20.5,28.1,72.7
33.0,82.9,11.0,0.69,1.91,31.8,30.7,25.2,57.9
25.0,81.2,4.8,0.79,2.35,40.5,10.5,22.0,90.0
30.5,71.8,10.4,0.37,0.9,18.4,10.1,23.9,20.6
10.3,71.1,11.0,0.61,1.59,34.6,23.8,16.5,49.8
11.4,77.9,8.6,0.51,1.09,19.7,29.5,13.7,47.2
37.2,53.5,2.9,0.91,2.7,40.6,18.7,44.5,99.4
35.1,41.6,2.6,0.75,2.64,31.8,21.1,35.9,81.3
36.3,73.9,10.0,0.69,1.65,31.8,31.3,32.1,54.2
16.0,50.7,7.7,0.1,0.29,3.4,10.5,16.7,5.0
10.8,42.3,7.2,0.32,0.8,22.8,22.2,25.8,26.6
30.5,69.8,9.5,0.59,1.31,21.2,19.8,30.7,47.5
19.0,29.0,6.9,0.25,0.67,8.4,26.6,27.3,21.9
31.7,75.1,10.3,0.19,0.54,6.9,16.4,29.5,10.8
16.7,37.9,3.3,0.66,1.87,26.9,7.2,18.9,59.7
29.0,28.7,7.3,0.75,2.1,39.3,15.6,39.8,67.8
27.0,28.3,5.1,0.74,1.88,40.1,5.2,38.5,67.2
18.5,74.9,1.4,0.16,0.4,3.2,5.4,18.9,21.4
32.2,36.2,7.5,0.66,1.71,31.3,12.9,38.1,52.6
32.3,89.5,11.3,0.35,0.88,12.3,12.3,25.6,15.8
12.6,69.2,5.8,0.27,1.43,9.6,23.2,10.1,32.3
16.1,80.9,0.7,0.15,0.18,11.7,11.5,10.3,37.7
21.5,83.5,8.8,0.26,1.04,16.2,30.8,21.9,38.8
11.7,56.5,1.0,0.81,2.26,38.8,21.7,18.7,89.8
26.1,25.1,4.3,0.22,0.77,14.5,8.0,30.3,14.5
13.0,37.0,4.5,0.88,2.77,32.5,16.9,21.7,81.7
13.7,48.5,11.5,0.7,2.17,34.1,15.0,13.4,46.0
12.3,58.5,2.9,0.24,0.57,9.9,11.4,18.3,24.3
24.2,69.5,0.7,0.91,2.73,43.3,7.2,22.9,95.0
19.3,55.6,2.1,0.78,2.25,40.2,17.8,16.3,89.6
35.6,31.9,9.2,0.65,1.85,34.7,17.9,38.9,39.1
10.1,39.9,8.3,0.76,2.09,37.6,12.0,16.3,58.7
31.9,89.2,7.0,0.24,0.84,0.8,17.5,26.4,23.0
21.3,33.9,5.4,0.57,1.95,37.0,29.2,35.1,64.3
34.7,70.0,10.2,0.59,1.66,22.2,19.3,30.7,43.8
28.6,60.0,8.2,0.25,0.41,20.1,10.0,26.8,20.7
25.4,85.9,2.6,0.25,0.51,13.9,7.6,21.3,35.7
34.0,64.7,12.0,0.76,2.29,27.6,9.5,37.5,44.7
28.3,71.9,11.1,0.53,1.21,26.8,25.6,25.7,47.0
27.2,37.0,8.7,0.47,2.01,19.8,15.8,23.9,37.0
17.1,59.8,7.1,0.19,1.1,13.0,24.6,22.1,30.9
27.6,57.2,11.3,0.68,2.04,36.5,32.1,27.5,57.5
29.0,88.5,7.1,0.38,0.95,9.2,8.2,29.1,23.5
17.5,48.8,11.4,0.35,0.81,12.3,12.4,20.9,6.0
10.6,55.3,5.6,0.21,1.1,9.2,29.5,24.1,27.3
16.9,35.4,9.7,0.9,1.93,35.0,13.8,24.2,58.7
21.8,55.0,1.8,0.15,0.02,6.8,28.2,22.5,25.1
36.8,79.0,8.6,0.75,2.17,30.3,7.6,27.5,49.6
23.3,87.6,7.5,0.84,2.1,45.2,20.8,19.7,75.2
12.9,51.9,8.1,0.45,1.62,25.0,8.5,14.4,21.1
15.7,25.8,6.9,0.4,1.07,13.4,34.2,15.9,40.3
21.6,72.8,9.0,0.33,0.92,14.3,27.7,23.0,28.5
21.8,37.0,1.8,0.96,2.8,38.8,31.4,31.8,105.4
25.8,60.1,4.4,0.4,0.5,18.7,17.0,16.6,30.9
24.3,48.4,8.4,0.46,2.0,16.2,26.5,20.1,44.9
34.4,44.9,6.6,0.78,1.94,38.0,6.2,38.6,61.1
11.1,59.6,1.4,0.9,1.91,32.9,26.4,14.0,100.9
19.3,47.9,9.1,0.96,2.44,42.8,21.9,29.1,73.8
16.2,63.0,11.0,0.11,0.31,1.2,13.1,24.0,5.0
35.9,40.9,11.7,0.68,1.3,35.3,9.2,43.2,35.4
22.4,42.6,2.0,0.79,2.31,41.0,27.0,27.3,98.5
16.5,39.7,6.5,0.77,2.14,32.2,9.1,18.3,56.8
16.3,41.8,3.5,0.83,2.68,33.1,18.4,19.8,82.6
18.9,50.4,9.4,0.76,2.04,31.4,34.1,21.6,66.2
12.0,70.6,0.8,0.53,1.8,18.2,23.9,11.7,71.6
18.3,61.0,11.7,0.88,2.19,41.5,6.8,16.0,65.0
34.7,56.0,11.1,0.69,1.5,31.4,30.3,26.8,62.3
25.5,26.8,4.0,0.89,2.46,44.4,21.1,30.4,93.9
34.3,28.3,5.6,0.75,2.43,37.6,12.2,38.7,71.8
19.9,33.1,3.6,0.87,2.28,36.4,11.8,31.1,72.9
15.8,37.7,0.8,0.37,1.28,13.4,5.9,28.9,43.8
33.9,66.4,6.1,0.39,1.37,22.2,20.8,34.9,49.8
28.6,80.5,6.9,0.33,1.18,14.0,10.3,25.5,28.0
33.7,68.4,8.6,0.96,2.89,43.5,4.3,36.1,73.7
24.3,79.9,10.9,0.22,0.29,6.7,16.1,19.9,5.0
16.6,34.2,6.5,0.6,1.48,17.5,11.9,30.2,38.7
23.4,29.0,11.4,0.74,2.04,30.9,5.6,22.3,40.4
23.1,28.7,9.9,0.21,0.75,10.6,26.6,25.8,12.8
34.8,60.9,8.4,0.35,0.84,12.9,26.7,32.4,32.6
23.3,30.3,4.2,0.46,1.44,28.7,34.9,33.2,62.2
14.2,37.1,3.4,0.37,0.82,22.6,27.0,20.3,49.9
12.2,59.9,1.8,0.35,0.89,22.6,19.1,24.0,47.2
32.5,46.7,11.8,0.2,0.57,0.3,17.7,38.4,5.0
28.2,59.3,9.6,0.5,1.41,26.7,22.8,30.9,44.7
25.5,78.6,10.4,0.22,0.59,9.3,33.6,21.7,15.8
13.5,30.5,11.6,0.43,1.3,24.7,31.1,28.0,34.1
22.8,87.2,6.3,0.43,1.93,14.8,9.1,19.7,41.9
17.5,90.0,4.2,0.31,1.03,14.8,19.9,12.5,44.2
32.1,27.6,11.1,0.6,1.79,36.9,18.3,36.0,39.9
29.7,76.6,6.6,0.71,1.67,23.5,17.2,33.6,55.2
26.0,81.6,2.9,0.83,2.21,46.8,21.5,17.3,97.0
19.5,74.2,1.7,0.38,0.98,19.4,9.9,22.1,45.7
33.6,69.5,0.7,0.34,0.63,13.5,14.3,27.2,46.6
16.1,55.9,5.6,0.5,1.29,19.5,17.3,19.6,44.1
25.6,85.0,4.1,0.47,1.36,17.2,14.2,20.3,52.2
25.8,51.7,5.5,0.91,2.72,47.3,19.2,26.6,80.9
27.2,73.4,2.4,0.59,1.09,27.4,33.8,20.0,78.1
19.0,67.5,2.0,0.44,0.92,14.2,28.1,22.3,52.7
20.8,86.9,10.9,0.34,1.18,20.1,11.0,26.5,25.2
23.5,76.9,11.5,0.51,1.49,24.7,34.5,11.8,41.3
28.8,68.0,0.6,0.64,1.76,24.7,30.6,28.0,87.1
18.0,54.2,7.8,0.58,1.86,25.8,10.1,19.4,53.4
28.8,70.1,5.8,0.31,0.84,15.5,17.8,34.5,37.7
37.2,46.1,1.8,0.96,3.0,38.6,25.1,42.1,109.7
31.2,40.0,9.1,0.56,1.7,23.6,28.6,37.9,47.3
18.1,30.4,6.4,0.2,0.28,9.2,29.1,19.9,25.7
34.6,74.1,8.9,0.1,0.55,-2.1,19.0,26.8,5.0
37.9,45.5,10.2,0.93,2.7,46.4,4.7,42.9,65.2
13.0,86.3,9.7,0.48,1.83,11.9,19.0,9.2,37.6
35.4,68.0,3.2,0.6,1.88,28.7,8.4,31.2,61.1
26.1,64.8,4.2,0.12,0.58,5.3,8.4,26.4,9.7
18.5,87.9,8.9,0.31,0.59,17.4,20.3,15.8,28.8
20.2,44.9,8.1,0.78,1.96,36.0,6.5,29.0,57.4
17.7,68.6,2.3,0.79,2.63,33.4,11.9,20.1,82.5
29.0,70.7,11.7,0.29,0.68,14.2,4.0,17.8,5.0
34.7,27.6,7.9,0.45,1.5,16.2,9.9,38.0,21.2
16.8,83.3,0.9,0.52,2.04,29.6,26.4,12.8,79.6
17.8,33.7,6.8,0.2,0.59,10.1,33.2,26.4,25.6
28.4,67.9,0.5,0.58,1.29,29.5,10.5,23.1,67.0
27.3,77.8,1.9,0.58,2.09,32.5,24.8,30.1,82.4
16.8,34.0,9.2,0.71,1.78,34.8,16.0,21.9,45.0
31.3,50.9,6.2,0.73,2.16,35.5,15.5,35.0,69.8
21.6,45.6,1.7,0.84,2.43,34.6,32.5,25.6,90.4
33.2,50.7,10.2,0.8,2.81,37.0,4.8,27.6,60.2
14.6,88.0,6.0,0.72,2.02,37.7,21.1,11.7,69.3
28.5,25.2,3.7,0.8,1.74,29.3,25.5,34.9,72.2
30.9,79.0,1.3,0.74,1.88,25.4,8.5,21.6,72.5
16.8,52.6,6.3,0.21,0.56,7.4,28.6,21.4,23.4
13.7,85.7,4.1,0.49,1.04,23.6,23.5,7.6,54.6
20.2,51.1,9.4,0.25,0.94,0.9,13.2,27.4,5.0
31.6,87.2,8.5,0.48,1.85,15.7,31.8,27.7,53.7
33.3,76.1,2.1,0.72,1.78,29.1,12.5,30.6,77.1
22.9,50.1,11.6,0.1,0.03,8.0,19.7,30.3,5.0
16.9,86.1,1.7,0.68,2.14,29.6,16.9,18.8,81.4
18.3,86.4,2.7,0.16,0.23,9.0,18.2,12.1,33.6
26.1,54.4,7.7,0.13,0.58,5.2,29.1,28.7,18.4
26.7,69.0,2.1,0.79,2.12,32.1,23.3,33.4,88.0
19.6,29.8,8.3,0.21,0.55,15.1,32.5,31.8,21.9
37.7,49.2,9.9,0.82,2.63,35.9,12.9,34.9,61.5
13.8,28.4,11.1,0.76,1.86,31.5,5.0,22.5,40.4
18.9,83.1,2.7,0.63,1.65,29.7,18.0,14.4,69.4
13.1,56.4,10.9,0.8,2.82,45.4,30.5,22.9,77.9
22.7,27.4,9.8,0.2,0.31,12.8,33.9,37.1,11.7
20.6,64.7,10.4,0.2,0.7,11.1,8.8,28.7,5.0
19.1,65.3,8.4,0.73,2.1,29.4,6.0,20.8,46.7
36.8,43.1,0.6,0.68,1.97,27.8,24.6,36.5,81.4
26.6,31.7,8.6,0.25,0.27,17.6,17.0,32.6,7.5
18.2,62.9,10.6,0.57,1.33,34.5,19.3,26.2,39.2
30.1,63.1,6.7,0.3,0.7,14.9,32.9,24.6,40.5
17.8,43.7,11.8,0.62,1.58,22.4,31.7,24.1,44.8
32.9,51.2,1.8,0.44,1.12,20.3,33.7,28.7,58.3
13.7,69.1,4.9,0.74,1.89,33.4,14.7,6.4,77.4
18.9,36.7,9.3,0.52,1.36,21.4,4.3,28.5,25.5
15.1,70.4,3.2,0.52,1.4,36.5,33.0,18.5,65.5
29.1,50.4,6.3,0.48,1.68,18.9,8.0,27.6,42.9
20.6,52.6,12.0,0.59,1.63,32.9,27.8,29.2,48.6
21.9,61.8,5.9,0.27,0.59,9.3,27.1,26.7,36.6
29.2,81.0,11.3,0.89,2.6,36.5,19.4,21.6,62.6
24.8,54.8,11.8,0.17,0.49,7.8,8.1,18.8,5.0
26.3,82.9,8.2,0.24,0.25,5.5,11.4,17.0,10.9
29.6,37.3,8.6,0.78,1.66,22.2,33.8,32.0,64.2
14.1,47.0,11.8,0.58,2.28,19.0,17.3,21.8,36.1
13.0,67.1,0.9,0.22,0.3,-1.6,5.4,20.1,26.8
31.3,51.9,2.1,0.88,2.57,40.2,12.9,34.3,90.8
28.2,77.5,2.7,0.95,2.98,35.3,25.4,24.5,101.7
27.1,86.1,0.8,0.97,2.71,38.9,4.5,22.8,99.0
12.8,54.2,11.0,0.26,0.3,11.8,31.7,15.8,6.6
20.8,79.5,5.9,0.68,1.71,28.2,29.1,15.9,73.5
34.0,56.3,0.5,0.33,0.94,12.8,15.7,39.2,43.6
35.2,44.2,11.0,0.51,1.84,22.4,24.8,37.5,37.7
22.1,80.5,5.3,0.19,0.56,16.3,30.4,25.9,34.5
20.9,74.9,1.5,0.46,1.13,17.0,19.3,19.4,53.8
15.2,77.1,8.3,0.88,2.68,43.8,16.5,16.6,75.9
21.3,69.3,7.2,0.44,1.82,13.2,25.0,17.1,47.7
10.5,50.8,11.2,0.85,2.38,45.9,23.6,15.8,59.8
17.2,78.6,1.8,0.5,1.46,22.9,5.8,16.5,61.5
20.8,75.8,5.6,0.9,2.52,47.4,13.4,14.7,93.7
34.0,29.0,8.9,0.94,3.0,48.9,11.4,35.3,78.6
29.2,80.8,1.8,0.29,0.81,14.9,22.2,25.0,49.9
22.4,84.9,2.2,0.84,2.38,42.0,33.4,20.4,101.7
32.8,30.5,1.0,0.25,0.71,11.6,26.3,33.4,34.9
14.0,79.6,9.8,0.68,1.79,27.4,18.5,14.8,52.3
10.2,50.3,2.2,0.45,1.46,19.5,33.0,17.9,67.0
17.6,87.1,10.1,0.27,0.35,10.6,32.8,20.9,14.2
37.2,25.2,10.2,0.97,2.73,41.7,7.5,47.5,56.9
13.7,80.4,10.7,0.21,0.45,7.8,12.8,11.5,5.0
14.4,36.7,3.5,0.51,1.12,24.9,6.5,18.0,41.6
29.7,81.6,1.4,0.73,2.28,40.9,5.6,23.9,83.9
10.0,40.0,5.9,0.77,1.77,37.2,24.1,18.3,73.2
10.0,51.8,9.1,0.77,2.39,42.1,30.2,9.2,71.8
17.8,62.7,8.0,0.81,2.49,36.7,16.2,19.5,74.1
31.4,82.1,0.7,0.75,1.92,40.9,21.3,30.1,93.0
30.4,60.6,10.5,0.14,0.08,11.2,26.7,29.6,10.6
22.5,59.8,5.0,0.91,3.0,48.4,6.6,24.6,82.0
29.9,32.3,3.8,0.94,2.56,42.8,32.4,45.1,105.2
28.2,54.5,9.8,0.84,2.29,26.4,10.3,32.7,60.5
18.9,69.4,8.2,0.22,0.63,10.1,33.9,13.9,24.2
15.9,86.9,2.6,0.34,0.95,11.9,6.7,13.3,38.7
27.0,70.7,9.7,0.42,0.83,15.3,30.2,25.3,24.1
37.8,30.9,3.3,0.6,1.7,26.8,21.4,44.9,63.3
35.1,77.1,7.8,0.24,1.0,7.2,31.8,25.2,25.7
23.0,36.0,3.1,0.13,0.55,15.2,24.9,27.9,28.6
34.1,59.4,1.6,0.7,2.35,24.6,21.8,31.5,78.8
37.7,37.3,0.7,0.39,0.76,18.9,32.1,44.7,61.2
33.5,65.6,3.5,0.88,2.21,35.4,19.4,32.9,88.1
27.6,89.0,2.3,0.83,2.24,34.7,14.9,21.5,90.7
12.6,57.0,11.5,0.79,2.02,35.9,23.4,17.9,55.6
34.8,71.4,4.0,0.58,2.22,23.1,10.7,31.2,58.5
34.9,38.8,4.6,0.98,2.44,39.0,23.6,39.5,100.6
13.8,82.4,11.4,0.57,1.87,21.0,24.2,7.0,42.9
25.3,32.5,8.0,0.49,1.17,16.0,21.5,31.6,36.8
32.6,75.3,10.5,0.83,2.41,43.6,34.9,29.3,83.5
30.4,83.6,2.2,0.57,1.75,29.7,29.7,24.9,88.3
13.6,85.0,1.1,0.37,0.93,18.0,31.4,14.4,66.8
35.9,83.5,3.8,0.9,2.27,38.9,14.5,21.1,90.2
12.8,62.8,8.9,0.34,1.27,15.0,11.8,18.1,19.9
10.6,33.8,11.4,0.11,0.18,9.9,30.1,17.9,5.0
22.6,75.8,11.0,0.21,0.75,6.0,23.8,16.8,10.4
16.4,51.4,8.7,0.18,1.14,14.5,17.6,17.7,16.4
13.7,45.1,1.0,0.81,2.26,39.2,33.7,25.7,98.0
33.0,44.8,2.0,0.17,0.27,1.7,21.0,38.2,24.8
23.7,63.4,10.4,0.1,-0.11,-6.6,33.1,22.6,5.0
29.6,40.9,1.2,0.2,0.81,10.5,11.0,36.1,29.2
32.8,55.9,2.5,0.76,2.2,33.4,25.8,33.5,85.4
26.7,76.5,0.9,0.37,1.0,24.5,22.4,26.7,60.7
19.3,64.5,6.4,0.13,0.55,4.4,5.0,16.9,6.8
32.8,38.1,7.9,0.97,2.91,29.9,28.4,37.3,84.8
34.0,70.6,9.7,0.92,2.52,48.9,29.2,35.1,82.4
13.3,26.3,1.6,0.12,0.39,6.0,10.1,28.1,16.0
23.9,80.2,10.5,0.17,0.32,2.7,6.6,29.1,5.0
27.1,45.0,5.6,0.17,0.47,5.2,32.4,31.7,25.4
20.9,66.2,3.5,0.26,0.69,6.8,15.3,24.2,28.2
20.5,54.2,9.7,0.68,1.89,30.4,20.5,27.5,51.5
11.5,64.8,5.3,0.35,0.93,11.4,28.7,12.6,45.1
33.8,34.8,9.6,0.17,0.74,12.9,34.4,44.9,16.4
22.5,57.4,4.9,0.32,1.38,17.8,5.7,21.8,27.9
19.9,75.4,2.8,0.92,2.57,46.1,23.8,18.6,102.7
10.2,65.1,2.5,0.6,1.35,21.1,6.2,9.7,53.3
25.5,82.3,4.1,0.22,0.7,7.3,21.5,24.4,33.2
23.9,36.5,10.0,0.44,1.29,14.5,13.8,30.0,17.7
11.4,49.6,2.5,0.99,3.38,49.3,9.8,22.4,105.3
11.1,78.8,2.1,0.97,2.9,44.9,24.2,10.0,114.9
23.1,79.2,9.7,0.28,0.77,3.8,13.1,25.4,11.3
21.7,54.8,6.5,0.71,1.54,40.6,22.1,21.3,69.3
30.4,25.5,10.3,0.17,0.88,9.9,26.4,41.0,8.8
25.8,31.8,10.4,0.4,1.49,26.9,23.1,33.0,28.8
34.2,75.8,2.1,0.26,1.29,11.9,5.9,24.1,34.6
29.5,38.5,4.1,0.26,0.8,3.5,19.9,34.0,30.6
15.2,45.0,1.8,0.58,1.73,23.8,27.6,22.2,75.5
30.7,42.2,1.3,0.66,1.91,19.4,20.0,36.4,74.4
33.6,32.5,3.5,0.64,1.87,30.6,21.9,29.9,69.8
17.4,49.3,8.8,0.81,1.62,28.3,29.6,17.8,74.6
33.8,51.9,3.0,0.33,0.73,12.6,12.4,39.3,37.7
21.8,63.4,3.9,0.7,1.94,28.9,23.1,19.9,77.5
16.6,59.7,2.4,0.54,1.44,19.1,24.0,19.2,65.1
23.5,87.5,4.9,0.89,3.09,36.9,10.3,13.2,83.7
18.6,32.0,4.1,0.52,1.24,20.5,30.0,23.0,54.6
19.0,35.4,8.5,0.94,2.84,39.1,18.4,24.5,78.6
29.9,77.4,9.0,0.78,2.61,38.6,22.2,22.5,75.6
31.5,29.2,5.4,0.72,2.17,37.3,31.4,36.6,74.3
30.3,56.5,9.3,0.71,1.99,30.4,16.4,39.1,50.4
29.8,39.4,1.3,0.67,1.64,24.9,15.4,34.6,71.4
11.3,58.1,10.3,0.18,0.39,7.5,13.7,10.1,5.4
35.6,47.8,5.7,0.73,1.96,39.4,25.1,40.6,73.9
21.8,26.5,11.8,0.43,0.79,18.0,23.2,31.3,15.0
35.6,80.5,1.0,0.86,1.82,37.5,26.8,35.4,97.8
34.9,34.6,3.5,0.44,1.32,27.0,19.5,36.8,49.8
10.6,32.4,4.6,0.56,1.43,29.2,29.7,27.3,68.1
16.8,73.9,2.7,0.91,2.9,34.6,6.9,18.5,95.6
13.9,25.6,9.0,0.78,2.27,39.2,7.1,27.0,51.5
22.0,44.7,10.8,0.82,2.42,37.2,6.4,30.4,50.0
37.2,40.7,2.1,0.42,1.34,12.5,8.0,42.2,45.0
13.7,74.9,8.1,0.61,1.83,28.4,15.9,24.7,50.5
32.5,81.2,4.5,0.7,2.28,27.6,34.2,33.4,85.9
36.2,43.0,1.6,0.47,1.23,23.1,24.0,43.1,60.3
16.4,50.2,8.3,0.91,1.87,38.9,19.1,20.6,71.2
26.5,29.0,11.4,0.47,1.69,17.3,23.5,34.6,22.4
19.8,83.3,9.5,0.47,1.06,30.5,32.5,21.5,45.8
10.9,35.2,10.8,0.78,1.86,40.9,23.0,14.0,62.5
37.8,87.7,0.8,0.29,0.68,12.9,10.8,24.6,44.5
13.5,54.6,11.2,0.92,2.75,37.3,6.2,15.8,58.9
37.6,48.4,1.0,0.97,2.64,42.6,13.1,35.1,102.4
20.1,75.9,6.4,0.62,1.55,36.6,6.4,21.4,47.3
37.1,83.8,10.3,0.24,0.65,5.6,5.8,30.6,5.2
34.4,34.1,8.2,0.96,2.71,43.8,8.1,41.1,70.6
30.7,66.9,11.1,0.36,1.01,17.3,4.4,30.2,8.6
30.8,62.6,1.9,0.57,2.11,20.1,32.1,25.6,78.6
21.1,27.1,7.9,0.38,0.52,0.2,17.0,23.7,10.4
18.7,49.1,4.1,0.72,1.81,34.5,17.3,21.2,63.9
20.9,49.8,1.6,0.74,2.53,36.1,21.8,20.0,83.7
22.1,48.3,1.8,0.69,1.31,32.8,4.2,29.9,66.5
20.1,32.9,11.0,0.33,0.47,10.4,21.0,25.7,14.0
30.8,63.0,2.9,0.51,1.4,20.1,34.5,30.0,60.1
23.6,85.9,4.3,0.47,1.27,25.2,28.4,27.2,65.6
27.3,25.9,3.2,0.38,0.67,20.9,27.7,28.4,46.0
29.3,52.2,8.0,0.24,0.07,12.5,19.8,36.8,12.6
18.4,71.1,11.2,0.8,1.82,38.1,17.9,18.2,57.6
15.5,60.0,11.5,0.46,1.34,22.0,32.8,14.9,34.0
25.9,53.9,1.6,0.43,0.72,10.8,22.9,26.0,42.4
32.2,50.3,7.8,0.87,2.41,36.8,8.1,37.2,68.2
37.6,87.5,8.6,0.42,1.3,12.4,7.3,29.8,29.6
16.4,39.4,3.2,0.36,1.28,18.4,31.3,24.0,53.1
10.7,53.0,9.8,0.59,1.95,33.2,16.7,17.2,53.6
32.4,47.1,9.9,0.85,2.42,34.6,18.6,34.0,61.9
37.3,81.2,6.5,0.71,2.08,32.0,29.3,27.8,72.5
11.0,78.3,4.6,0.74,1.92,38.5,16.7,10.6,75.6
31.6,40.3,2.6,0.73,2.0,33.3,24.1,39.4,80.1
36.1,84.9,4.5,0.34,1.03,20.9,13.3,35.6,40.6
16.2,59.0,7.5,0.65,1.52,33.7,34.2,17.3,62.7
16.3,26.9,3.3,0.94,2.49,46.3,21.7,30.5,96.3
34.1,48.3,5.4,0.19,0.21,8.3,33.9,37.3,33.3
25.7,72.9,8.3,0.62,1.52,21.6,30.0,20.1,61.3
31.2,33.7,1.3,0.21,0.48,12.1,22.1,35.6,27.3
10.8,35.9,4.7,0.49,1.3,17.5,30.3,17.6,52.1
12.9,52.3,3.1,0.1,0.49,6.2,26.0,7.6,22.9
35.0,88.2,10.3,0.92,2.43,41.5,28.1,24.6,83.5
35.7,81.5,2.8,0.6,1.61,26.8,5.9,32.7,64.9
27.3,53.1,6.4,0.66,2.04,26.5,7.4,34.1,47.8
28.3,38.4,4.7,0.26,1.29,14.0,27.5,31.4,29.9
16.9,44.3,10.5,0.42,1.1,21.7,27.9,14.6,35.9
30.7,29.1,9.8,1.0,2.37,42.7,26.6,31.7,74.9
14.8,59.5,1.5,0.82,2.27,33.1,7.4,16.8,78.7
26.7,66.5,11.9,0.14,0.18,1.2,12.2,18.8,5.0
23.8,32.8,1.6,0.35,1.1,21.6,24.1,36.3,54.1
31.9,85.3,4.3,0.98,2.84,46.5,26.5,21.6,106.1
14.5,58.3,2.9,1.0,2.38,47.6,7.3,9.0,94.4
26.2,52.4,2.5,0.12,-0.11,2.9,31.7,32.0,23.9
23.0,54.1,10.9,0.55,1.4,26.6,30.4,24.5,42.5
31.9,41.8,11.8,0.61,1.76,21.8,16.9,35.1,38.4
25.2,72.9,1.7,0.24,0.44,12.6,29.6,32.0,48.0
19.0,83.6,11.7,0.18,0.13,12.7,22.6,20.6,5.0
22.5,81.3,4.2,0.84,2.63,42.7,24.9,16.9,89.7
19.6,47.9,1.2,0.67,1.91,23.2,8.9,26.1,67.5
27.2,74.5,11.0,0.64,1.77,34.2,21.5,24.8,47.3
17.4,35.1,9.0,0.97,2.6,38.1,26.5,30.4,80.0
35.5,71.2,8.5,0.18,1.44,8.4,9.8,34.2,16.0
29.0,80.9,0.5,0.4,0.88,25.8,15.3,26.0,64.1
28.6,46.7,10.0,0.73,1.8,22.0,19.1,25.7,45.4
36.9,86.1,10.0,0.5,1.57,27.8,19.5,38.5,37.9
27.2,57.4,1.2,0.88,2.42,42.8,28.1,30.6,102.0
26.0,48.5,4.7,0.36,1.84,14.9,18.2,28.1,45.2
20.1,27.3,9.5,0.54,1.11,30.5,28.2,27.3,41.2
25.8,41.6,6.4,0.37,0.94,10.3,4.5,26.8,14.8
30.2,83.5,8.1,0.39,1.05,20.6,9.2,23.1,27.9
21.9,72.8,0.5,0.61,1.96,22.4,20.0,20.3,78.2
21.1,61.2,10.7,0.8,2.13,34.1,8.8,20.9,52.5
14.0,73.7,7.5,0.12,0.35,4.3,17.7,19.0,13.4
35.8,34.3,11.1,0.73,1.6,30.4,15.6,38.6,41.7
37.0,27.1,2.5,0.98,2.62,37.7,12.9,39.9,93.5
32.1,72.0,1.9,0.29,1.07,7.5,11.2,29.2,43.5
22.7,82.7,3.0,0.24,-0.23,13.3,11.8,26.2,27.9
35.2,82.6,5.0,0.74,1.56,45.3,32.4,32.4,81.5
13.8,60.7,10.2,0.73,1.94,37.2,17.2,21.6,47.4
20.8,60.0,6.8,0.35,1.25,22.9,11.5,19.2,32.9
27.1,87.7,3.5,0.39,0.71,6.4,34.4,16.4,45.2
18.7,54.5,8.3,0.26,1.06,18.9,20.8,19.3,14.5
23.0,41.5,6.7,0.19,0.9,3.6,7.4,27.0,8.5
30.6,37.4,4.3,0.72,2.23,39.8,9.0,35.2,64.8
10.1,30.1,11.5,0.2,0.28,7.7,10.4,19.1,5.0
16.1,73.9,11.5,0.95,2.87,42.1,10.1,18.4,69.5
26.0,86.4,3.7,0.67,1.97,32.5,14.9,12.6,86.7
10.5,63.3,3.7,0.72,3.02,28.4,32.5,14.8,84.3
19.2,84.8,4.5,0.89,2.9,38.1,34.6,21.0,108.0
25.3,78.2,5.9,0.5,0.51,23.3,29.0,25.3,49.2
24.5,35.7,0.8,0.53,1.94,21.6,30.1,32.7,78.0
17.4,26.6,8.8,0.79,2.28,24.3,4.4,26.6,43.4
14.7,87.0,8.7,0.37,1.09,15.2,4.3,17.5,19.4
17.1,45.1,5.5,0.28,1.1,13.0,22.0,15.3,37.6
34.2,36.1,8.2,0.88,2.31,39.4,34.2,42.8,74.9
21.6,27.7,10.9,0.56,1.45,24.6,7.2,28.6,19.6
10.5,33.3,5.8,0.65,1.3,33.4,19.1,17.7,53.6
36.2,61.1,3.4,0.91,2.15,36.3,23.1,41.8,88.7
11.7,74.3,3.5,0.78,1.67,38.4,14.6,8.9,83.4
23.9,48.8,7.5,0.69,1.84,31.9,16.4,23.2,51.7
27.1,48.1,10.6,0.67,1.78,28.4,27.1,35.4,50.1
22.0,41.8,4.3,0.85,2.04,40.8,23.0,24.7,81.4
21.7,63.9,1.3,0.45,1.61,21.7,21.1,21.3,59.6
31.8,41.5,3.5,0.97,2.24,39.6,13.1,38.2,87.4
10.8,89.4,4.3,0.43,1.26,21.9,20.1,13.5,52.1
34.3,53.1,8.0,0.52,2.01,22.7,5.3,39.0,39.3
36.3,55.6,7.9,0.6,1.23,35.7,5.1,35.5,46.9
20.2,57.6,1.4,0.45,1.35,20.3,32.2,20.7,73.8
14.6,27.4,7.2,0.51,1.34,26.7,25.6,19.1,40.8
18.8,83.3,11.2,0.22,0.34,10.3,13.2,22.9,6.8
27.8,53.3,6.4,0.4,1.03,18.5,13.7,28.9,24.2
18.6,46.3,7.7,0.49,0.62,20.2,14.3,25.7,30.7
26.6,55.5,5.0,0.85,2.61,39.2,6.3,28.1,86.1
24.5,76.7,1.5,0.5,1.1,27.9,17.1,17.9,60.3
26.0,88.0,0.9,0.26,0.47,9.6,6.2,13.8,34.3
36.8,45.1,8.0,0.78,2.36,31.2,8.9,34.3,59.7
13.4,26.4,6.0,0.97,2.08,40.7,7.4,26.7,72.1
29.1,31.1,7.2,0.44,0.62,16.7,4.7,44.8,18.8
35.0,74.7,0.9,0.29,1.07,15.2,18.6,31.3,46.3
36.0,59.2,11.9,0.91,2.31,37.8,18.6,37.0,60.1
23.4,43.0,4.0,0.73,1.29,36.6,8.8,26.1,60.4
20.6,42.7,1.1,0.29,0.77,14.0,6.0,23.4,31.0
22.6,26.4,6.1,0.67,2.09,36.4,5.6,28.2,53.6
18.1,62.0,12.0,0.3,0.43,5.6,18.5,27.4,5.0
14.1,37.9,5.3,0.92,2.04,39.5,31.4,28.7,86.6
25.2,34.5,11.3,0.78,2.06,37.9,27.9,36.0,60.7
35.1,82.6,5.1,0.53,1.82,26.3,14.6,28.4,62.9
26.1,60.4,9.4,0.83,2.37,35.2,24.3,31.7,73.4
35.7,71.1,7.0,0.34,0.9,22.3,20.5,27.4,31.4
31.4,31.9,6.2,0.69,2.3,29.8,34.6,28.7,73.5
13.5,34.0,10.0,0.94,2.69,40.8,5.3,25.9,60.3
26.2,54.0,11.5,0.9,2.35,32.5,4.3,30.9,50.9
13.0,48.2,6.6,0.13,0.09,5.7,13.2,18.7,8.5
37.9,65.0,8.6,0.17,0.35,3.9,6.9,36.6,5.0
34.4,84.2,7.8,0.17,-0.03,-5.5,30.1,30.9,15.1
15.1,27.4,4.6,0.72,2.11,44.3,11.7,24.0,69.1
13.6,35.1,6.7,0.9,2.55,45.1,14.7,29.6,77.3
10.4,70.5,10.8,0.11,-0.06,5.1,7.2,15.7,5.0
28.8,82.4,7.9,0.57,1.51,18.5,10.2,28.0,41.8
19.4,37.2,10.7,0.86,2.29,34.1,14.5,29.3,54.7
19.4,31.3,4.0,0.49,1.8,25.4,6.9,24.7,51.5
10.6,87.6,7.1,0.28,0.38,9.5,5.6,9.1,17.3
37.5,54.5,5.2,0.73,1.89,25.3,28.6,39.8,76.5
14.5,87.9,9.7,0.27,1.06,10.5,32.6,7.3,38.3
30.5,80.5,1.9,1.0,2.8,42.1,20.0,17.5,108.1
32.2,54.6,3.2,0.29,0.76,20.0,5.3,29.6,35.9
10.8,61.8,10.5,0.47,1.15,15.3,12.9,18.9,22.7
10.1,77.8,6.3,0.85,1.94,45.7,24.8,8.0,93.7
12.6,46.2,5.6,0.58,1.34,19.8,25.1,13.1,55.0
29.3,66.7,4.4,0.78,2.13,34.3,14.2,31.0,71.7
28.1,61.7,0.8,0.38,1.55,14.9,11.1,24.5,52.0
27.6,64.0,8.8,0.4,1.71,22.9,9.6,29.3,25.4
35.4,81.6,3.7,0.53,1.12,22.6,19.1,29.4,55.0
29.7,45.0,11.5,0.67,1.91,27.7,11.8,31.2,39.0
25.7,65.6,4.2,0.43,1.06,19.7,25.2,22.5,54.2
26.3,46.2,10.1,0.66,1.83,23.9,15.4,31.6,47.7
13.9,42.9,8.6,0.37,1.41,20.0,4.2,22.1,14.1
34.6,89.7,9.8,0.36,1.26,19.3,20.5,24.8,28.3
20.8,35.6,6.6,0.54,1.78,27.6,12.2,30.5,52.0
29.3,77.5,2.2,0.57,1.01,30.1,14.1,24.0,62.3
34.1,84.9,1.3,0.65,1.94,29.5,6.6,29.9,76.0
33.4,66.2,10.8,0.95,3.1,45.3,23.7,29.9,88.6
31.4,68.3,5.1,0.28,0.66,10.7,32.2,21.9,42.9
35.3,53.1,3.9,0.91,2.57,39.7,18.8,34.7,90.3
22.3,45.0,1.1,0.8,2.35,33.8,25.6,22.9,94.8
12.8,54.6,3.8,0.56,1.58,21.3,34.6,24.9,61.2
33.2,83.0,7.6,0.18,0.85,16.4,9.6,31.9,19.6
22.9,33.9,2.4,0.96,2.15,50.2,29.7,31.8,100.6
10.5,57.4,5.7,0.7,2.19,36.6,11.8,7.5,64.6
35.2,40.4,7.1,0.87,2.54,39.3,25.6,34.9,79.7
25.6,28.7,7.8,0.37,0.84,15.4,27.0,34.6,23.1
17.7,83.2,4.7,0.23,0.35,2.8,13.1,14.5,14.1
36.2,26.6,5.9,0.78,2.54,41.1,15.6,48.1,69.1
18.5,77.1,2.7,0.88,2.46,38.1,22.6,23.6,97.0
19.3,89.5,5.0,0.95,2.83,43.3,30.7,15.8,108.9
21.2,46.7,7.2,0.71,1.71,33.1,32.3,18.9,67.5
14.0,30.2,1.8,0.14,0.38,5.7,20.5,25.2,30.1
29.1,61.6,3.2,0.47,1.04,23.5,8.0,30.7,47.1
29.3,44.3,7.8,0.28,1.0,12.3,13.2,31.6,21.8
19.5,57.3,7.2,0.65,2.53,29.9,8.4,25.5,55.8
10.5,63.7,5.2,0.16,0.01,3.8,7.1,15.9,5.7
34.3,49.4,4.4,0.17,0.62,4.3,28.9,34.9,24.2
36.9,42.8,1.4,0.48,1.2,25.7,6.5,32.9,53.4
31.8,38.4,3.6,0.22,0.29,6.4,10.7,39.2,11.3
26.1,49.3,2.5,0.26,0.6,9.3,6.7,24.1,24.6
23.4,71.0,1.0,0.89,2.19,38.9,8.0,25.3,84.4
22.5,67.8,2.6,0.24,0.67,9.3,12.1,25.4,33.9
33.1,43.4,2.6,0.42,1.21,18.6,4.2,33.7,41.0
25.7,84.6,0.8,0.88,2.18,46.9,29.8,19.0,103.6
19.0,62.4,5.0,0.41,1.53,16.6,16.3,29.8,44.5
35.8,74.4,5.6,0.47,0.83,19.5,15.9,30.6,36.8
28.7,81.0,6.2,0.3,0.75,17.1,29.1,18.6,34.6
15.5,59.2,10.3,0.32,0.88,9.4,24.5,11.6,16.5
17.7,29.3,7.2,0.53,2.1,21.1,21.3,24.9,49.2
18.7,50.3,0.8,0.51,1.15,26.0,30.0,21.8,65.1
22.9,82.4,5.4,0.66,2.03,25.2,11.6,19.6,54.6
29.0,70.4,1.4,0.93,2.7,39.9,20.4,20.9,100.0
33.2,60.3,4.4,0.37,1.1,16.6,8.7,35.2,37.5
18.1,38.3,3.4,0.24,0.93,5.5,6.5,18.5,21.5
34.1,51.8,0.5,0.46,1.24,18.3,11.3,38.0,50.4
23.1,73.6,3.2,0.56,1.74,22.4,8.8,19.5,58.6
20.5,80.0,7.6,0.28,0.94,8.4,31.5,15.7,35.7
10.3,82.8,6.3,0.28,1.02,9.6,20.5,10.8,35.6
31.0,66.5,2.1,0.25,1.28,13.6,31.3,35.2,57.4
14.0,46.1,2.6,0.64,2.01,26.7,18.1,18.8,67.2
21.8,30.5,1.6,0.14,0.78,6.8,28.7,27.5,43.3
26.4,82.7,9.2,0.29,1.14,12.4,22.9,19.0,27.1
32.0,33.0,10.4,0.67,1.65,26.2,23.7,38.5,47.1
33.7,76.4,4.2,0.63,1.64,37.2,12.3,35.1,74.0
21.5,53.0,3.6,0.14,0.4,-3.3,21.2,30.1,24.9
36.2,60.3,3.8,0.27,0.72,6.3,5.8,36.3,21.5
27.0,49.0,9.6,0.59,1.77,27.9,31.4,29.4,45.7
27.5,66.9,7.4,0.37,0.8,8.9,27.9,26.2,33.7
21.9,86.3,2.3,0.11,-0.21,7.6,9.0,17.3,26.4
19.9,46.1,10.9,0.66,2.05,43.3,19.7,29.9,59.0
23.2,27.0,1.4,0.99,2.42,48.0,7.3,31.6,92.1
23.6,38.1,0.7,0.7,1.87,37.5,30.3,21.8,89.3
31.5,62.0,2.3,0.29,1.47,11.1,5.4,30.6,30.7
24.2,79.6,2.1,0.9,2.57,37.3,20.3,16.3,96.8
37.7,48.3,8.4,0.57,1.65,29.9,21.6,36.7,43.1
19.4,62.4,7.5,0.38,0.95,26.3,7.6,17.7,30.0
28.0,88.6,1.9,0.16,0.54,0.4,22.7,28.2,35.4
11.5,59.8,1.8,0.87,2.31,46.7,12.1,19.4,92.5
10.7,65.2,11.5,0.95,3.08,38.1,25.4,7.7,78.5
25.7,44.4,2.9,0.11,0.39,5.1,27.0,37.3,27.3
25.0,29.6,0.9,0.9,1.84,40.3,4.9,29.2,76.4
36.3,83.9,1.3,0.27,0.43,14.8,11.8,34.8,39.4
31.2,88.2,3.1,0.22,0.46,19.8,25.3,21.4,40.5
17.9,43.3,2.2,0.93,2.83,47.9,18.7,23.2,99.9
18.3,57.4,7.4,0.36,1.09,17.7,14.1,22.1,22.8
16.3,70.2,7.1,0.52,1.05,19.5,15.3,17.5,35.8
12.0,41.9,8.9,0.83,2.7,37.3,26.5,20.8,74.0
28.4,80.6,3.5,0.77,2.17,43.4,12.3,29.2,83.0
22.8,56.7,2.0,0.37,1.26,20.5,11.3,32.9,38.3
12.0,30.0,4.9,0.22,0.8,7.5,29.1,27.8,31.0
18.3,70.2,2.6,0.83,1.86,35.2,17.0,15.3,87.5
32.3,73.8,8.8,0.76,2.19,35.7,32.9,32.7,66.9
29.2,61.2,8.4,0.99,2.89,48.5,30.7,32.8,91.5
37.3,33.3,9.8,0.38,1.48,14.3,13.5,37.1,19.6
21.3,36.7,7.7,0.31,1.44,20.0,33.2,27.7,32.0
25.4,47.6,7.0,0.29,0.68,6.6,26.1,25.7,27.0
17.4,89.8,9.4,0.98,2.53,38.0,14.7,19.7,77.0
17.1,49.0,1.7,0.49,1.51,29.2,26.3,26.6,64.3
36.8,44.4,4.5,0.64,2.04,30.8,21.6,28.5,66.7
15.5,27.4,6.5,0.61,1.11,21.2,8.4,31.4,34.4
16.8,34.4,9.7,0.84,1.96,31.1,9.0,23.1,52.3
20.8,45.9,2.1,0.64,1.72,29.8,34.6,16.5,77.2
24.4,88.6,2.5,0.77,2.46,29.8,25.1,27.5,84.7
15.7,83.3,2.1,0.89,2.02,41.6,33.0,9.0,98.1
37.3,46.0,9.6,0.84,2.09,48.6,9.3,39.7,57.8
35.6,39.4,12.0,0.42,1.1,24.5,23.1,45.0,23.0
16.4,50.7,4.2,0.51,1.89,25.4,13.8,23.7,55.6
37.9,62.7,10.9,0.42,1.56,12.5,16.9,34.4,27.5
13.8,65.2,5.3,0.92,2.73,47.0,31.5,16.1,101.0
35.3,53.0,1.9,0.32,0.99,16.9,26.6,36.5,46.4
34.1,68.9,1.1,0.58,1.49,28.8,29.2,24.6,80.1
20.8,48.5,9.0,0.62,1.7,27.8,31.9,21.1,51.8
15.1,63.7,9.8,0.85,2.03,46.6,31.5,17.3,82.9
16.0,64.5,3.6,0.35,0.24,14.0,24.7,20.5,40.0
25.0,52.7,9.1,0.32,1.21,20.7,15.6,33.4,15.9
15.7,44.2,9.2,0.44,0.59,20.2,18.0,12.9,26.3
18.0,85.7,2.1,0.38,1.07,15.1,31.1,13.4,60.0
28.7,89.2,3.2,0.96,2.47,54.0,30.2,19.4,108.0
30.4,36.6,11.3,0.54,1.34,24.4,17.0,29.6,30.8
16.6,33.8,11.2,0.49,1.28,18.8,10.7,26.6,21.0
20.0,37.2,9.3,0.16,0.67,10.0,8.6,23.1,5.0
32.2,88.1,4.4,0.73,2.14,37.5,33.3,27.7,92.9
24.2,83.9,6.5,0.26,0.61,15.5,13.5,17.8,26.7
21.9,36.4,0.7,0.34,1.21,20.7,15.5,23.2,47.2
13.1,71.2,7.2,0.53,1.53,29.3,6.1,15.1,41.3
10.6,30.7,11.5,0.4,1.1,19.5,10.2,17.0,9.4
33.3,38.0,2.7,0.6,1.54,16.9,7.1,32.7,50.8
25.3,82.0,11.0,0.87,2.26,26.5,25.6,23.9,62.2
22.6,39.7,10.1,0.16,0.5,6.1,32.7,36.1,7.5
23.7,52.6,9.5,0.42,1.24,18.1,5.1,24.4,24.4
30.9,73.9,8.0,0.46,1.1,15.6,24.1,32.3,40.3
31.4,31.9,10.0,0.85,2.16,39.3,34.2,39.2,69.2
32.4,69.6,1.1,0.57,1.68,19.5,7.2,22.6,66.2
16.5,79.5,7.0,0.9,2.31,43.3,10.6,15.2,81.8
13.4,87.1,5.5,0.87,2.56,43.0,8.6,14.6,76.8
10.5,76.9,2.6,0.38,0.37,25.4,18.1,13.7,50.9
31.5,26.6,6.9,0.11,0.13,4.5,12.4,40.8,5.0
31.5,69.6,9.0,0.36,1.44,15.6,13.9,35.9,26.6
25.1,33.2,4.2,0.86,1.97,51.0,21.7,34.5,93.2
26.7,76.4,1.8,0.68,1.34,36.2,31.5,28.7,85.9
30.0,88.1,9.2,0.58,1.95,28.9,19.9,23.2,60.8
33.6,31.7,11.7,0.56,1.85,23.1,30.8,37.1,39.6
12.2,60.9,6.0,0.47,0.84,26.7,19.6,10.9,48.0
29.4,64.3,8.0,0.84,2.74,38.0,25.2,30.8,73.7
11.1,69.0,6.5,0.75,2.69,38.7,24.0,9.3,81.3
29.2,84.7,9.1,0.86,2.31,42.1,7.1,33.6,67.9
31.7,48.6,3.9,0.19,0.25,9.6,9.8,32.0,15.9
22.2,43.8,1.9,0.18,0.09,8.1,19.9,34.5,28.1
21.5,57.1,6.5,0.72,2.66,39.0,33.0,28.8,79.6
28.5,47.6,8.4,0.5,1.59,30.9,10.9,26.9,34.7
26.7,74.6,4.2,0.98,2.52,43.2,30.4,23.7,112.4
18.4,27.3,7.9,0.24,0.3,10.7,10.9,29.2,5.0
18.2,72.9,11.7,0.5,1.36,16.4,18.6,16.4,27.0
16.0,35.8,8.5,0.32,0.9,15.9,17.8,17.6,18.2
18.3,57.8,2.1,0.98,2.96,48.9,27.0,16.9,115.0
25.0,78.1,11.7,0.82,2.57,33.1,12.2,22.4,52.8
18.2,72.4,1.7,0.41,1.22,14.5,14.2,14.3,55.4
17.8,26.3,11.4,0.88,2.81,38.5,26.8,22.1,70.8
21.2,51.7,9.7,0.13,0.37,4.6,18.4,26.9,5.0
29.2,46.4,6.0,0.63,2.02,22.0,29.8,27.9,62.8
35.3,27.3,11.1,0.52,2.01,26.0,28.7,46.3,40.4
26.0,33.3,9.6,0.43,0.96,24.8,7.0,28.2,12.9
17.1,72.2,8.5,0.39,1.05,19.8,31.0,19.4,37.1
20.4,82.0,8.1,0.78,1.83,28.7,16.6,13.8,62.5
16.1,42.4,10.4,0.19,0.43,14.6,13.4,20.2,5.0
30.2,32.9,2.3,0.58,1.43,29.3,24.0,39.4,66.1
22.3,50.5,10.6,0.55,1.85,22.1,17.1,23.2,37.0
25.9,26.5,7.3,0.84,2.5,36.6,25.4,37.2,70.2
19.1,36.0,6.5,0.97,2.73,38.7,28.4,35.6,87.5
35.9,71.6,6.3,0.61,1.87,28.8,25.7,35.2,65.2
10.2,35.1,3.9,0.63,1.52,33.5,21.6,22.0,60.0
17.1,29.1,8.3,0.63,1.15,36.4,7.9,29.3,41.7
33.8,30.2,6.3,0.7,1.26,38.1,13.4,44.4,54.5
23.6,35.7,1.1,0.28,0.34,11.4,5.4,32.4,30.8
15.6,37.5,6.7,0.91,2.49,44.6,27.3,18.2,88.2
26.0,37.0,6.5,0.18,0.4,15.3,22.1,36.3,11.2
32.4,29.1,4.4,0.71,2.22,37.3,10.8,33.4,64.5
32.6,71.8,10.2,0.64,2.44,27.5,6.9,29.9,41.3
30.4,49.3,7.0,0.44,1.0,11.6,31.7,33.1,38.0
33.0,26.3,2.0,0.59,1.67,28.1,27.2,39.7,80.0
26.9,34.1,7.8,0.73,1.87,39.0,33.5,36.7,73.3
18.6,39.0,10.7,0.94,3.43,52.1,9.9,16.7,76.5
36.5,60.8,8.7,0.78,2.23,36.8,29.9,37.9,71.6
21.0,78.6,2.5,0.27,0.76,6.9,9.9,21.0,33.5
20.6,40.0,1.6,0.69,1.87,26.9,6.0,26.3,71.2
12.6,75.3,2.3,0.33,1.36,16.1,18.1,15.4,51.0
34.9,25.8,1.1,0.17,0.28,9.8,17.0,39.3,27.9
35.0,39.3,0.9,0.58,1.43,20.9,25.9,36.7,69.0
28.7,66.1,11.0,0.4,0.9,17.1,7.2,39.2,10.5
20.9,37.7,5.7,0.59,1.56,25.1,26.7,27.1,58.2
34.3,88.2,1.5,0.71,2.49,35.3,5.1,24.9,78.7
32.0,82.6,4.9,0.93,2.72,51.0,26.1,34.6,104.2
29.1,81.8,10.2,0.96,2.62,40.1,26.4,19.8,84.0
21.0,46.9,9.2,0.12,0.91,4.9,19.3,25.5,5.0
30.9,82.6,11.5,0.66,1.53,23.5,27.9,25.1,52.3
16.0,62.3,5.5,0.25,0.79,11.9,9.0,15.5,27.2
11.8,31.9,8.7,0.79,2.51,30.1,31.4,15.5,75.6
19.6,51.7,3.3,0.5,1.11,32.3,16.5,24.3,56.6
33.2,54.7,2.3,0.26,1.01,8.9,7.9,37.6,25.7
27.8,76.5,2.8,0.61,1.35,26.7,32.4,26.3,76.0
29.5,73.0,2.2,0.54,1.34,27.1,6.8,28.1,64.2
35.3,62.0,1.5,0.88,2.19,51.1,34.2,29.6,109.8
21.2,56.5,8.2,0.14,-0.32,15.2,28.1,31.1,10.4
32.7,81.1,10.7,0.55,1.99,27.9,8.7,27.7,39.0
10.7,58.7,11.9,0.72,1.51,26.9,10.7,17.5,32.5
15.7,27.1,5.3,0.23,1.01,8.3,21.8,17.2,29.5
23.6,51.3,1.2,0.25,0.6,10.0,18.8,21.6,35.0
32.0,75.6,3.0,0.1,0.56,3.3,15.7,33.1,22.7
26.3,70.5,8.5,0.14,0.77,3.0,12.3,27.9,5.0
15.5,48.6,10.9,0.97,2.48,42.2,14.5,17.0,67.3
21.8,69.7,2.8,0.37,2.04,15.3,24.9,18.0,56.2
37.7,66.3,5.3,0.38,0.52,16.2,32.2,30.5,34.9
11.6,73.8,2.1,0.41,1.0,15.0,13.7,12.2,49.9
24.1,73.6,6.1,0.2,1.01,13.5,29.6,24.6,40.6
32.0,50.9,0.9,0.19,-0.18,8.1,10.5,31.2,17.9
31.1,85.0,4.7,0.64,1.58,33.2,5.6,30.5,60.9
25.0,40.2,1.0,0.7,1.34,27.3,17.7,25.5,69.2
21.1,83.8,7.0,0.45,0.89,15.3,24.8,19.6,39.9
15.2,74.7,1.7,0.97,2.55,39.2,29.3,15.8,117.2
29.5,27.1,4.7,0.45,1.26,26.7,23.7,33.1,48.8
31.1,81.9,1.9,0.56,1.28,22.1,17.8,27.4,64.6
15.3,49.2,0.7,0.99,2.76,51.3,19.4,15.3,114.1
34.5,56.4,11.4,0.94,2.6,47.8,25.0,42.3,77.0
22.3,43.2,5.1,0.82,2.22,37.2,10.1,29.6,67.6
15.3,46.8,4.5,0.6,1.5,31.1,17.6,29.0,61.9
24.2,45.7,10.5,0.65,2.01,26.2,34.0,21.6,51.9
28.1,79.7,1.7,0.37,0.96,20.0,21.6,28.5,57.8
27.8,63.7,5.1,0.21,0.93,10.5,32.8,28.8,31.7
16.4,65.0,8.4,0.94,2.61,45.0,23.6,19.5,83.0
19.7,58.4,7.3,0.5,0.83,19.9,6.2,21.2,33.0
27.1,71.0,3.9,0.73,2.28,37.0,8.7,28.4,72.4
12.9,73.5,4.2,0.2,0.77,16.7,30.6,5.8,40.4
22.2,68.4,2.4,0.59,1.64,22.7,20.6,18.5,65.8
30.8,84.8,3.7,0.19,0.45,2.9,19.2,27.0,26.3
24.4,53.1,2.2,0.26,0.74,10.0,10.4,23.7,32.8
12.0,40.0,7.6,0.97,2.63,46.3,16.8,18.6,79.6
26.1,59.3,2.1,0.1,-0.12,3.4,17.8,26.9,17.1
33.7,59.3,4.9,0.69,1.91,30.9,9.2,41.1,59.4
32.8,39.1,9.8,0.56,1.47,33.7,8.9,36.0,25.6
36.2,71.5,4.2,0.94,2.61,33.6,31.1,31.4,98.2
22.0,63.4,5.4,0.13,0.3,9.7,27.3,22.5,25.8
25.1,42.8,11.9,0.35,1.41,21.1,11.3,32.1,12.2
28.4,57.6,1.9,0.32,0.85,11.7,31.2,33.9,54.1
34.8,89.7,3.7,0.57,1.85,21.6,32.7,25.6,73.6
36.9,50.0,9.6,0.45,0.94,16.5,30.4,38.6,28.3
28.0,31.3,8.5,0.47,1.54,27.9,30.3,30.7,43.4
36.2,52.8,10.7,0.94,2.83,42.9,21.1,35.3,74.4
23.6,70.5,8.4,0.42,1.39,23.7,27.9,12.7,43.7
31.3,46.4,10.9,0.98,3.38,32.0,4.6,35.6,66.6
15.4,77.3,2.4,0.98,2.9,35.9,14.6,11.6,101.0
11.6,65.9,6.5,0.12,0.7,-0.6,12.5,11.9,7.5
16.9,75.0,11.6,0.46,1.12,21.7,12.4,16.2,24.3
38.0,78.1,6.1,0.56,1.79,16.2,5.6,30.6,51.4
20.5,59.7,7.8,0.73,2.77,21.6,22.7,29.3,62.8
32.7,56.6,11.8,0.93,2.67,40.4,32.6,29.9,83.8
10.9,43.5,2.2,0.47,1.42,23.5,25.8,15.7,63.7
24.8,69.6,8.9,0.76,2.72,40.4,6.9,29.0,63.8
17.9,80.7,6.1,0.42,1.0,15.4,31.5,12.8,44.5
22.1,49.2,5.3,0.72,2.0,32.1,11.1,21.1,69.8
20.3,85.2,11.4,0.73,2.27,29.3,33.5,17.8,58.0
35.1,58.4,8.0,0.12,0.74,5.9,8.5,32.6,13.7
19.8,62.7,9.7,0.84,2.13,32.0,11.5,20.9,57.7
23.3,26.4,8.5,0.61,1.55,27.5,25.3,31.8,48.7
32.7,53.9,5.1,0.79,2.94,36.9,30.0,34.9,88.7
31.5,29.1,5.6,0.48,1.42,18.9,33.0,44.7,47.2
34.0,43.0,8.3,0.87,2.86,39.7,19.9,43.7,73.2
37.6,48.6,9.5,0.8,2.54,37.8,9.2,36.5,57.6
16.0,53.1,11.5,0.52,1.47,18.9,23.3,23.2,33.9
29.1,66.9,11.9,0.58,1.58,29.4,30.8,14.8,46.7
12.3,74.4,1.3,0.73,1.53,24.4,28.5,5.2,85.2
21.5,57.3,11.3,0.85,2.07,44.8,26.1,24.3,65.9
25.0,61.3,8.5,0.44,0.91,8.1,18.0,24.0,27.1
18.7,70.0,5.7,0.82,1.88,33.1,10.8,17.6,65.0
16.5,60.7,5.3,0.24,0.43,15.0,25.5,12.5,24.5
14.7,29.8,9.0,0.17,0.32,10.2,22.5,21.5,8.0
17.3,26.1,11.9,0.27,0.84,2.7,6.4,30.3,5.0
25.5,78.2,0.5,0.88,2.08,29.3,18.0,24.6,95.0
34.2,38.3,3.3,0.99,2.46,43.3,22.4,33.3,105.2
35.1,34.8,3.3,0.84,2.4,37.0,18.6,42.5,79.0
22.1,36.9,5.2,0.61,1.54,25.7,14.3,25.5,53.4
14.9,30.9,11.8,0.19,0.58,1.7,21.9,28.4,5.0
14.8,39.0,1.1,0.66,1.51,26.3,19.4,19.8,74.8
18.5,36.6,1.0,0.22,0.62,16.4,12.1,30.9,34.7
20.2,85.9,5.7,0.44,1.25,20.0,28.6,24.6,55.1
17.8,69.4,8.9,0.8,1.96,37.6,22.6,15.5,68.4
13.3,57.9,8.0,0.24,0.79,9.6,13.0,19.7,12.7
36.0,80.5,9.3,0.66,2.05,34.0,22.2,22.9,64.7
17.4,75.5,2.0,0.18,-0.22,9.5,27.2,13.1,35.9
18.4,26.9,7.9,0.61,1.54,28.2,6.8,25.3,30.8
13.3,44.7,2.3,0.64,1.93,19.0,34.0,18.0,78.5
36.9,32.4,11.4,0.28,1.1,16.5,11.7,40.9,5.0
16.7,42.1,1.5,0.66,1.61,21.4,10.8,21.9,70.1
29.9,78.4,10.3,0.22,0.74,12.1,16.9,32.0,12.1
21.3,29.4,5.5,0.81,2.4,40.2,18.4,32.7,71.3
24.3,41.5,1.5,0.51,1.15,20.4,23.1,35.6,57.3
34.0,52.7,5.2,0.89,2.2,38.2,30.1,40.3,85.5
35.4,67.2,6.4,0.75,1.9,31.5,6.8,36.8,55.3
32.2,29.2,5.9,0.17,0.49,19.1,29.2,42.1,23.1
27.6,83.0,10.0,0.35,1.52,8.4,27.5,30.4,31.0
12.8,27.5,1.4,0.98,2.62,46.3,20.9,25.1,101.2
26.1,84.3,8.2,0.54,2.16,22.3,25.5,25.1,51.7
21.3,32.0,5.9,0.58,1.32,26.8,20.4,25.8,54.0
30.6,71.1,10.2,0.16,0.5,11.4,21.4,37.7,6.4
10.7,32.0,3.6,0.35,0.24,17.3,16.7,20.0,30.7
22.4,70.0,3.6,0.26,0.32,12.0,15.4,19.2,24.7
35.1,55.3,4.2,0.81,2.0,37.7,9.6,36.9,72.5
11.6,59.0,3.7,0.77,2.54,31.4,12.7,21.5,73.4
23.2,73.2,9.6,0.48,1.63,24.8,15.1,25.7,35.3
30.0,64.5,7.8,0.63,1.13,29.3,10.0,29.8,44.3
36.5,26.4,1.9,0.69,2.08,39.6,25.4,41.4,87.6
21.1,26.4,7.3,0.98,2.5,40.4,23.4,21.7,68.0
12.2,31.9,4.2,0.44,1.18,23.3,28.5,22.0,50.6
22.7,27.1,3.9,0.41,0.73,14.3,15.2,29.6,39.0
27.3,81.7,3.8,0.2,0.21,11.0,25.5,28.5,29.5
34.0,28.7,11.7,0.19,0.24,15.4,23.1,41.4,5.0
28.4,89.0,6.5,0.72,2.47,31.3,28.9,26.1,81.5
26.0,54.7,9.6,0.14,0.39,5.8,25.6,37.5,5.0
20.4,46.5,5.8,0.52,1.59,14.3,33.1,25.1,56.6
22.1,87.7,3.1,0.29,0.83,15.3,18.8,15.8,51.5
21.9,69.2,5.7,0.32,0.63,18.2,23.9,21.3,29.9
30.3,89.4,7.7,0.4,1.2,22.6,10.6,21.3,31.4
13.8,68.2,3.6,0.51,1.85,28.5,10.2,13.9,61.2
15.6,70.8,3.9,0.54,1.48,22.1,24.5,19.3,62.9
15.2,59.2,8.0,0.33,0.78,20.1,11.8,19.7,20.5
33.0,71.7,2.2,0.61,2.23,25.7,34.6,31.2,83.6
33.1,82.3,10.4,0.52,1.14,21.5,6.9,26.1,29.5
29.7,54.7,9.5,0.96,2.47,40.7,7.7,30.9,71.5
33.7,62.5,11.3,0.35,1.12,17.8,8.0,35.6,12.9
21.0,64.1,0.6,0.8,2.62,26.9,23.3,18.8,95.2
19.3,28.5,10.3,0.85,2.63,29.7,20.7,29.1,53.7
28.8,66.0,9.7,0.82,1.83,34.7,24.7,32.4,67.3
25.1,76.3,6.5,0.96,2.8,35.2,30.2,20.9,93.6
31.1,58.9,3.8,0.59,1.96,30.5,19.2,41.3,70.1
29.0,53.7,10.2,0.39,0.77,17.9,4.3,29.0,5.0
33.3,57.0,9.1,0.53,1.17,22.7,14.1,34.4,33.0
14.0,38.2,11.6,0.18,0.06,2.7,32.5,22.1,5.0
17.8,80.2,5.5,0.8,2.12,39.0,5.8,10.3,72.8
11.9,35.9,3.3,0.61,1.63,28.3,24.1,21.0,68.4
27.4,45.9,4.4,0.1,-0.0,7.8,28.8,36.2,14.9
18.8,67.5,11.7,0.19,0.38,6.9,9.5,22.3,5.0
28.0,56.4,10.1,0.79,1.62,45.5,33.7,28.2,71.5
20.8,42.2,7.5,0.34,1.11,17.9,32.6,28.5,36.6
36.0,37.8,10.5,0.27,0.38,5.8,21.2,39.9,5.0
17.1,86.3,4.1,0.86,2.07,41.6,25.1,13.1,96.0
14.7,85.0,1.7,1.0,2.84,37.0,34.6,10.9,109.8
31.7,56.0,5.6,0.89,2.54,35.0,4.3,34.2,67.4
17.5,85.0,1.3,0.44,1.24,24.5,10.9,15.2,57.8
17.9,56.2,2.7,0.49,0.9,29.0,29.3,23.7,65.5
12.7,35.2,7.8,0.67,1.34,33.3,28.4,23.0,57.8
34.4,40.9,5.2,0.32,0.68,17.9,30.0,41.7,39.0
17.2,41.1,3.9,0.18,0.64,5.1,13.7,20.5,22.0
19.1,47.2,11.7,0.62,2.01,39.3,13.1,20.6,52.4
12.1,81.7,3.2,0.41,1.31,18.3,23.7,10.8,68.2
26.9,64.0,3.3,0.56,1.47,20.9,34.2,29.4,73.7
21.5,88.4,10.9,0.18,0.7,13.6,19.0,17.4,10.6
19.7,39.5,9.8,0.15,0.73,8.1,29.0,25.2,7.2
23.0,51.0,3.0,0.66,1.87,34.8,9.1,25.6,62.2
26.8,55.8,7.8,0.18,0.02,13.6,31.8,29.0,13.4
18.9,67.0,5.7,0.72,1.75,32.7,16.5,9.6,65.2
32.4,40.8,9.5,0.28,0.45,14.1,21.9,32.9,9.1
13.4,29.3,8.9,0.94,2.95,39.5,26.0,25.5,75.2
15.2,44.8,2.9,0.89,2.84,38.2,20.8,29.5,91.6
33.5,46.7,9.6,0.99,2.74,42.3,33.0,30.7,82.7
36.4,29.6,8.2,0.87,2.44,36.3,17.9,39.3,71.2
19.6,54.1,7.6,0.21,0.23,1.3,28.7,16.3,20.8
23.5,51.5,7.0,0.46,1.42,14.5,18.0,29.3,40.1
16.4,29.4,8.1,0.72,1.03,31.3,18.2,27.2,48.4
31.4,50.6,4.3,0.18,0.5,5.4,18.9,33.5,20.3
32.4,42.7,2.4,0.16,0.81,2.4,7.1,35.6,23.2
26.2,88.5,10.9,0.42,1.91,20.4,24.3,25.7,29.3
10.0,51.5,2.4,0.61,1.92,26.1,32.1,18.2,81.1
22.5,57.4,6.4,0.79,1.88,40.4,12.1,29.1,69.1
32.3,84.1,9.7,0.27,1.38,11.4,12.2,24.6,24.9
26.9,66.8,11.1,0.45,1.66,13.0,23.4,26.9,26.4
13.3,76.6,1.4,0.77,2.17,27.7,28.3,16.9,100.6
17.4,72.3,8.4,0.68,1.96,27.5,11.1,16.4,58.3
32.9,40.6,10.2,0.78,1.92,36.6,4.1,34.8,47.3
34.4,33.5,5.0,0.5,1.29,26.9,22.7,40.7,49.9
35.5,72.8,8.1,0.44,1.52,21.6,34.9,23.2,47.7
32.9,75.6,3.5,0.61,1.88,28.5,17.3,23.9,69.7
17.5,75.1,7.8,0.81,2.23,35.4,13.0,14.2,63.5
26.9,59.9,4.8,0.77,1.77,41.0,7.4,22.7,70.8
35.1,82.1,1.5,0.53,1.7,25.2,28.6,32.6,69.7
25.1,63.2,8.3,0.25,0.69,12.1,12.4,23.4,16.1
32.7,25.6,3.6,0.22,0.89,12.6,26.8,31.3,33.8
30.8,30.8,8.0,0.12,0.61,-1.8,30.0,38.4,8.7
11.0,84.2,8.0,0.57,2.19,26.5,17.7,11.5,51.2
33.2,62.5,7.4,0.94,2.28,40.6,11.5,40.2,71.6
29.1,72.0,6.9,0.64,2.23,31.1,19.2,31.2,72.8
26.9,34.8,6.5,0.25,0.79,13.7,11.5,31.8,16.8
27.1,55.8,0.8,0.69,1.83,34.2,18.4,19.9,83.8
25.8,58.9,3.4,0.51,0.97,20.6,33.8,29.5,67.1
21.9,73.7,6.8,0.6,1.91,31.2,30.2,14.7,62.1
33.4,73.7,7.4,0.42,1.28,20.4,18.3,34.4,38.1
30.2,28.3,1.4,0.4,1.03,9.8,11.4,43.5,41.6
24.1,28.8,4.9,0.46,1.76,6.9,18.3,31.3,40.6
30.9,28.4,11.3,0.49,1.55,18.9,27.8,36.3,23.7
21.3,81.6,3.8,0.78,2.27,34.3,27.0,17.8,91.5
21.7,78.8,0.9,0.37,0.95,21.1,18.6,16.1,56.2
32.0,41.1,3.2,0.88,2.29,41.5,21.6,39.5,92.2
12.9,58.6,12.0,0.66,1.98,26.0,33.2,18.4,44.5
20.0,89.0,4.6,0.99,2.5,46.1,28.1,12.7,103.6
22.4,86.8,7.4,0.51,1.46,15.1,7.0,10.4,36.7
24.0,68.7,9.1,0.16,0.46,6.5,32.7,20.1,17.4
29.2,85.7,10.4,0.77,2.36,30.7,26.0,25.7,74.1
32.9,74.6,10.6,0.31,1.16,9.0,4.2,20.6,10.2
13.0,25.4,5.3,0.7,1.67,30.3,10.0,28.0,59.3
10.8,72.7,11.4,0.62,1.54,28.6,15.0,13.9,42.9
23.8,81.6,6.5,0.81,2.03,28.5,7.4,22.2,72.1
18.0,86.7,6.1,0.28,0.8,13.6,8.5,21.1,24.0
19.3,78.5,1.2,0.13,0.12,12.6,16.2,17.6,32.2
22.2,47.5,5.4,0.41,1.05,21.4,11.6,29.6,36.1
33.2,25.9,3.3,0.67,1.64,32.6,9.4,44.1,57.8
14.8,85.3,2.3,0.27,1.0,17.1,21.0,11.8,46.8
26.3,53.7,7.2,0.43,0.63,17.1,18.0,34.7,28.1
34.5,71.0,5.0,0.97,2.28,40.7,5.7,27.7,87.0
33.9,44.2,1.7,0.72,2.09,35.3,18.8,40.6,75.8
26.8,77.0,1.9,0.61,1.33,36.5,4.8,18.4,64.0
29.6,73.8,1.6,0.8,2.24,36.9,31.9,24.0,90.1
18.1,47.8,4.5,0.58,1.96,17.4,27.7,28.2,57.9
30.7,51.6,6.6,0.92,2.19,36.3,28.4,36.6,85.1
13.2,83.9,7.8,0.89,2.95,42.9,9.9,18.6,81.1
20.7,54.0,1.9,0.2,0.01,8.5,13.5,23.0,23.3
20.7,26.6,9.5,0.72,1.54,28.5,6.8,32.1,32.4
32.7,76.9,4.8,0.33,0.65,19.4,19.0,23.1,40.4
36.7,50.7,5.3,0.37,0.87,16.0,18.2,38.7,30.6
29.8,29.0,11.4,0.56,2.04,29.6,15.6,37.7,39.2
31.0,76.1,7.9,0.65,2.15,31.1,20.4,25.9,65.9
18.2,25.7,5.7,0.86,2.23,43.3,30.2,29.3,90.5
10.8,78.5,1.4,0.61,1.88,23.0,33.5,17.0,85.0
33.8,62.6,9.7,0.56,1.72,20.1,25.4,28.6,48.2
28.0,53.7,9.3,0.97,2.66,43.4,14.6,33.4,79.0
22.4,86.5,1.1,0.76,2.23,30.7,11.1,14.7,86.1
25.3,52.7,1.3,0.31,0.91,17.6,20.8,36.4,52.0
33.5,82.1,7.9,0.17,-0.22,7.9,12.4,28.8,5.0
13.3,61.8,7.5,0.78,2.08,25.7,34.7,17.2,76.5
28.2,33.5,7.1,0.27,0.38,18.6,20.2,37.6,18.1
21.5,44.7,11.4,0.79,2.01,27.7,21.0,22.1,50.6
25.5,67.1,4.8,0.1,0.7,1.1,23.8,27.7,17.0
19.3,28.0,2.0,0.8,2.18,39.8,16.8,30.3,85.1
12.0,58.9,3.1,0.27,0.9,6.0,24.4,15.4,37.7
33.0,46.9,8.5,0.96,2.5,42.8,25.0,28.7,80.6
13.1,51.9,4.4,0.24,0.87,6.6,17.4,26.9,29.6
24.2,71.6,11.8,0.86,2.7,49.1,23.2,29.3,75.6
22.6,30.8,11.6,0.77,1.73,34.4,27.3,31.1,61.1
15.1,72.1,5.4,0.42,1.35,19.5,16.5,10.7,49.0
30.0,48.8,9.6,0.27,0.69,18.7,32.1,33.7,22.9
24.2,52.0,1.3,0.69,1.91,37.9,25.4,28.2,86.7
18.6,80.9,6.8,0.85,1.99,43.9,31.8,22.9,90.8
23.9,32.1,11.7,0.33,0.29,12.5,18.5,29.7,5.0
34.7,67.7,0.8,0.44,1.23,25.8,25.7,35.7,71.9
21.8,34.2,4.5,0.59,1.42,23.4,23.2,34.3,53.2
23.0,47.9,5.4,0.7,2.31,32.8,15.5,23.6,60.3
14.4,61.3,0.6,0.92,2.55,38.4,8.3,20.0,95.5
32.4,70.6,2.4,0.73,2.21,40.1,29.2,34.6,99.3
18.3,80.5,1.3,0.5,1.58,23.7,9.8,13.6,53.9
18.3,55.1,3.1,0.77,1.79,34.1,5.7,21.0,64.7
18.0,73.6,10.9,0.52,1.49,14.2,20.6,8.5,32.9
27.0,84.6,10.1,0.22,0.62,15.5,27.4,22.6,20.9
18.2,36.0,1.5,0.56,1.57,25.3,31.7,29.6,73.5
36.8,42.4,8.3,0.75,1.71,41.0,21.6,33.9,63.8
15.1,58.9,11.4,0.35,0.88,22.0,14.9,15.5,18.7
21.2,67.1,11.4,0.82,2.45,41.3,16.1,23.5,57.3
36.6,87.1,8.1,0.49,1.87,22.1,31.5,25.7,52.2
28.1,32.0,6.0,0.83,2.44,33.6,14.5,33.6,67.2
32.5,33.3,0.7,0.61,1.74,28.1,8.0,34.1,67.1
25.2,31.5,2.6,0.58,1.53,29.1,10.0,34.6,56.0
26.6,67.0,8.7,0.16,-0.17,-1.1,16.0,32.8,5.0
11.9,58.0,4.2,0.22,0.39,15.5,31.8,18.0,40.1
12.0,67.3,8.0,0.27,1.15,11.0,29.6,13.8,30.1
26.5,89.5,9.5,0.33,0.12,10.8,10.9,15.7,19.2
19.1,49.7,1.8,0.57,1.33,29.0,26.3,23.3,75.2
31.4,35.6,8.6,0.81,2.08,34.5,21.9,36.5,62.2
26.9,58.3,10.4,0.13,0.05,3.3,24.0,36.1,5.0
11.5,48.5,6.7,0.62,1.78,29.7,23.3,18.6,60.9
11.9,89.8,1.8,0.54,1.44,25.4,15.3,5.0,65.2
18.7,80.1,8.4,0.6,1.71,22.3,9.9,17.4,47.2
19.5,57.7,4.4,0.5,1.45,16.0,23.5,23.4,50.7
25.2,42.9,7.7,0.19,0.28,4.6,34.5,30.5,21.2
15.6,38.4,5.7,0.26,1.24,8.8,14.6,24.5,18.9
19.7,45.0,6.9,0.38,1.33,7.3,15.6,23.5,28.1
10.0,33.3,4.4,0.49,1.05,23.7,25.7,19.3,47.0
11.9,54.6,2.5,0.77,2.41,36.9,23.8,14.4,82.2
24.8,48.2,2.3,0.7,1.67,31.6,7.5,23.0,68.0
22.4,28.7,8.3,0.97,2.49,49.7,9.5,25.1,72.7
15.6,86.1,10.3,0.55,1.25,27.2,19.5,15.6,43.5
16.5,53.7,0.9,0.85,1.68,44.1,30.8,22.6,99.1
12.4,25.9,8.0,0.91,2.73,40.5,23.2,21.9,76.7
15.5,52.2,6.9,0.49,1.18,26.6,25.8,31.6,50.5
19.6,36.2,5.7,0.51,1.59,28.7,13.2,24.8,45.9
16.6,73.7,10.1,0.83,2.15,49.2,26.5,17.4,77.2
36.5,62.2,6.2,0.55,1.71,19.7,34.6,34.1,65.3
26.9,40.6,1.5,0.77,2.76,33.6,20.2,31.7,84.3
31.1,71.7,11.2,0.87,2.27,49.7,6.7,27.2,57.1
18.4,60.5,4.3,0.17,0.48,12.7,31.7,14.7,29.0
35.5,65.7,7.9,0.85,2.18,47.6,30.5,33.1,85.9
18.6,66.6,8.0,0.87,2.38,37.7,13.4,24.3,72.0
11.6,65.8,9.3,0.35,0.74,14.7,5.0,16.8,11.9
10.8,67.8,8.3,0.99,2.51,44.5,30.8,17.4,92.3
32.1,87.9,11.9,0.45,0.83,11.6,11.0,33.2,13.6
18.8,51.3,2.0,0.73,2.18,39.2,17.1,17.9,73.8
17.0,35.2,4.5,0.26,0.69,12.1,9.8,24.7,14.3
23.6,78.7,9.9,0.18,0.33,11.5,32.5,24.9,12.6
18.8,66.4,8.6,0.83,2.46,38.8,6.4,22.8,63.1
16.4,68.3,0.7,0.71,2.41,33.2,16.2,7.5,81.6
25.3,35.7,8.2,0.84,1.66,37.1,7.7,26.2,54.4
23.4,69.8,10.6,0.77,2.04,34.1,32.9,14.8,72.5
19.7,55.7,11.5,0.78,2.0,27.5,32.9,22.7,53.4
34.1,44.3,9.5,0.63,1.84,26.5,20.1,38.3,44.9
20.0,72.6,0.7,0.92,2.68,43.1,18.9,19.8,115.5
32.3,77.1,4.9,0.49,2.06,18.6,26.8,35.0,57.8
24.0,38.4,8.1,0.59,1.75,22.3,29.6,23.2,55.4
35.1,80.6,2.7,0.7,1.86,28.4,17.0,31.9,80.0
31.1,74.1,1.0,0.14,-0.06,7.0,4.9,24.8,14.2
23.0,88.1,11.1,0.34,1.09,6.8,14.2,15.9,14.5
12.6,65.2,4.9,0.57,1.94,21.1,11.5,21.4,55.9
16.1,46.8,2.0,0.53,1.34,14.3,17.4,20.8,59.4
11.5,60.2,5.3,0.19,0.39,5.7,24.6,16.6,25.5
11.1,76.4,1.7,0.94,2.12,40.8,32.8,8.7,107.5
13.2,39.0,8.7,0.75,2.6,28.5,19.9,17.3,60.2
17.5,50.3,7.0,0.63,1.65,20.8,23.4,17.5,49.9
18.4,35.4,5.8,0.94,2.51,38.1,32.2,27.9,88.5
16.0,59.0,0.7,0.86,2.02,49.2,11.8,24.3,102.2
13.5,69.1,9.5,0.5,1.53,27.8,25.3,11.8,44.9
28.2,53.3,9.5,0.89,2.74,37.9,8.7,30.9,62.3
24.9,26.5,7.2,0.15,0.68,10.9,31.9,26.5,16.5
33.3,44.1,0.9,0.23,0.77,4.9,4.5,37.0,23.9
20.1,36.7,1.2,0.11,0.22,5.8,21.9,24.0,23.6
10.7,86.3,11.3,0.29,1.18,14.0,5.3,5.0,15.2
26.7,54.8,1.1,0.62,1.58,29.4,22.8,25.4,81.7
23.1,63.4,6.2,0.55,2.01,27.4,22.4,22.4,53.4
24.3,57.1,3.8,0.84,2.12,40.4,28.6,31.8,91.8
32.4,41.7,10.5,0.33,1.06,13.9,12.3,35.2,18.5
32.5,70.3,5.9,0.91,2.64,48.7,30.7,29.0,97.6
10.5,59.4,3.4,0.21,0.62,10.1,21.4,19.3,33.6
27.9,82.4,8.2,0.12,0.38,2.4,12.8,23.6,5.0
30.1,86.0,10.4,0.63,1.74,35.5,18.4,22.8,53.1
31.5,64.9,4.9,0.3,0.99,13.3,11.2,29.0,31.6
38.0,27.0,10.3,0.33,1.04,17.4,20.9,43.0,24.2
34.3,85.1,0.9,0.37,1.55,8.9,10.1,26.5,46.1
26.1,74.3,0.8,0.87,2.61,32.1,29.4,19.8,113.2
34.2,30.2,8.9,0.34,1.17,4.3,19.0,31.5,18.4
15.6,79.6,3.6,0.41,0.85,29.3,19.5,13.7,49.7
33.5,85.2,4.2,0.2,1.09,18.3,9.0,26.4,34.6
27.4,30.2,2.1,0.93,2.79,45.8,26.7,24.0,104.3
17.7,42.1,1.1,0.63,1.9,24.7,20.2,24.3,74.2
35.2,52.2,6.3,0.17,1.2,10.3,17.1,35.1,22.2
14.1,35.2,3.4,0.31,1.09,17.1,26.4,31.0,43.7
29.4,71.3,5.0,0.2,0.58,20.9,9.1,27.0,20.9
34.7,38.8,4.8,0.39,1.44,15.0,19.2,42.3,39.5
28.0,34.3,0.7,0.62,1.25,25.1,12.1,33.8,64.7
21.7,46.7,9.9,0.75,2.15,41.3,32.3,27.5,64.4
22.8,54.3,4.6,0.7,1.7,33.3,14.2,27.4,63.5
29.7,49.0,3.3,0.6,1.76,35.8,22.6,33.9,71.6
29.7,56.8,6.3,0.84,2.1,30.3,17.7,32.2,64.0
35.4,55.2,7.1,0.26,0.4,10.2,5.0,42.1,5.0
16.1,29.0,2.0,0.18,0.09,4.9,9.1,27.6,18.3
19.9,53.4,5.5,0.99,2.66,44.9,10.1,20.5,83.1
22.3,27.9,5.1,0.56,2.2,24.0,15.3,26.7,50.7
34.2,66.5,9.3,0.61,2.41,25.8,11.5,39.0,48.3
36.1,32.7,8.6,0.33,1.02,12.5,27.4,44.7,20.4
34.8,83.4,1.7,0.14,0.69,1.7,23.2,29.1,41.5
15.3,75.4,8.0,0.76,2.34,31.2,33.8,15.1,77.4
15.4,82.1,8.4,0.49,1.63,22.0,23.4,12.7,44.0
16.3,67.7,11.1,0.46,1.46,4.2,25.2,18.4,30.6
34.4,74.8,6.6,0.19,0.79,8.4,11.2,29.6,15.5
20.3,88.5,5.5,0.99,3.08,48.7,33.9,14.2,106.1
27.4,79.1,6.5,0.15,0.44,7.3,8.2,28.5,16.7
24.6,30.5,2.1,0.3,0.78,24.4,23.6,27.9,42.9
18.1,46.9,1.7,0.11,0.67,0.1,31.7,20.5,36.5
24.0,29.0,8.0,0.85,3.05,33.7,13.3,37.5,72.1
22.2,71.1,4.8,0.58,1.49,27.7,23.4,24.5,55.6
31.5,37.8,7.2,0.69,1.96,32.3,33.9,35.7,62.3
12.8,32.2,9.9,0.91,3.12,49.1,24.0,29.0,80.5
18.6,59.5,11.8,0.21,-0.0,13.0,22.9,24.2,5.0
21.5,40.7,6.8,0.24,-0.09,6.5,16.7,29.6,14.2
25.9,82.2,4.9,0.32,0.84,15.9,27.4,24.1,43.0
23.7,68.7,10.0,0.19,0.45,5.9,10.1,22.2,5.0
30.2,52.3,7.3,0.57,1.6,23.0,21.1,26.2,43.8
26.4,25.7,5.1,0.36,1.21,13.3,12.7,33.5,31.0
16.7,50.4,7.0,1.0,3.03,41.8,33.7,12.7,90.8
36.6,71.5,4.5,0.63,1.43,31.5,19.0,29.4,58.6
28.3,46.2,8.4,0.21,0.48,15.0,19.0,32.2,11.7
28.4,36.2,0.9,0.52,1.53,28.2,21.1,37.3,73.0
35.4,49.0,2.0,0.21,0.71,6.4,32.4,35.4,36.3
18.0,71.1,1.4,0.41,1.61,16.9,12.3,17.8,53.3
15.3,46.3,7.7,0.65,1.52,31.7,24.7,14.9,56.9
24.6,85.3,9.0,0.54,1.04,23.4,29.4,17.0,41.7
27.1,47.0,1.3,0.35,1.21,13.8,27.4,33.3,56.2
35.6,81.3,9.8,0.99,3.29,53.2,10.9,26.3,81.9
24.9,31.8,3.6,0.51,2.02,21.9,33.6,33.1,62.0
15.9,50.9,6.5,0.34,1.0,14.9,26.9,20.0,34.5
14.5,79.9,4.4,0.23,0.96,17.3,7.5,10.6,27.0
10.2,54.3,9.7,0.13,0.65,16.3,7.9,14.6,5.0
27.1,35.2,6.1,0.93,2.69,42.7,31.8,32.3,96.7
14.9,47.3,8.7,0.8,2.55,31.6,8.3,20.7,61.4
27.3,78.8,9.2,0.95,2.68,39.1,16.6,22.4,82.9
23.8,41.5,10.3,1.0,3.05,36.4,15.0,27.9,76.0
26.3,39.0,2.7,0.94,2.49,42.3,34.0,34.9,102.9
25.6,66.5,1.1,0.89,1.79,45.3,35.0,14.9,103.3
25.3,76.5,11.1,0.86,2.19,49.1,17.5,28.0,66.6
13.3,64.2,9.2,0.9,3.02,38.7,7.1,19.1,66.3
24.3,37.2,9.9,0.56,1.48,15.0,21.7,31.1,25.8
17.5,71.1,10.1,0.16,0.29,11.0,27.4,19.1,5.4
27.5,34.6,11.9,0.89,2.9,34.5,21.2,36.2,53.8
29.4,75.1,8.7,0.89,2.45,35.0,20.7,27.6,79.5
18.9,27.7,6.1,0.97,2.95,43.8,18.2,21.3,87.1
24.5,35.0,4.9,0.21,0.01,1.3,8.2,41.4,8.6
38.0,77.5,9.2,0.71,2.03,37.7,13.9,35.4,55.6
16.8,32.3,4.3,0.41,1.19,22.5,29.4,21.3,51.0
30.9,56.6,1.0,0.92,2.52,34.4,25.6,31.9,95.8
11.9,46.4,11.0,0.74,2.14,40.7,33.3,23.1,64.6
22.9,56.8,5.7,1.0,2.75,46.0,27.8,24.2,95.3
21.7,84.9,11.7,0.15,0.52,11.5,18.0,10.7,5.9
16.8,45.6,4.4,0.48,1.34,26.6,9.2,20.2,42.8
32.7,64.8,4.2,0.86,1.99,53.2,20.3,32.9,89.6
26.1,68.8,6.5,0.65,1.84,34.8,32.2,24.8,76.0
30.6,40.7,5.1,0.67,1.79,24.5,8.0,37.9,51.8
20.2,63.9,2.3,0.83,2.49,31.9,6.3,15.0,76.1
10.3,43.9,10.5,0.49,1.66,21.0,20.8,19.7,41.1
37.5,32.5,9.3,0.26,0.77,13.1,5.7,47.4,5.0
27.9,79.4,11.6,0.6,1.85,21.8,33.4,27.2,47.7
37.1,42.8,1.4,0.12,-0.15,2.4,30.3,40.7,26.9
15.0,70.6,6.0,0.25,0.91,18.9,16.3,16.8,25.5
35.9,73.1,5.4,0.91,2.82,37.3,23.6,30.6,85.1
21.8,67.9,2.9,0.6,1.41,38.1,24.1,21.4,73.6
22.4,77.4,2.6,0.34,0.72,4.1,15.8,22.2,36.0
13.0,52.2,1.5,0.32,0.98,5.6,29.5,20.5,47.5
17.3,75.6,5.8,0.15,0.03,9.8,7.0,17.8,6.8
30.0,59.0,10.3,0.36,1.18,24.2,22.4,32.0,23.9
18.7,53.2,1.3,0.35,1.25,7.1,13.2,17.6,40.3
18.1,30.5,11.7,0.2,0.71,11.5,27.6,29.0,9.8
20.6,54.5,1.0,0.26,1.38,9.9,12.0,24.6,50.4
16.1,34.2,10.0,0.38,1.05,15.8,26.5,24.2,26.5
33.1,31.7,3.2,0.52,1.0,17.6,10.6,44.6,43.3
32.3,25.3,9.0,0.55,1.85,25.6,34.6,25.9,50.0
25.5,68.1,1.8,0.96,2.71,49.4,10.8,18.3,106.1
10.1,38.9,7.7,0.99,2.48,37.4,33.4,16.6,90.3
11.9,42.9,2.8,0.53,1.82,23.3,10.6,18.9,54.4
10.4,26.6,7.9,0.78,1.87,29.9,23.9,15.3,68.8
14.2,39.6,10.2,0.9,2.45,43.0,22.7,18.1,73.5
23.7,74.7,6.8,0.95,2.7,45.0,27.3,28.8,96.5
26.3,80.9,8.3,0.97,3.01,44.5,9.0,19.7,78.1
27.0,47.9,8.1,0.75,2.62,27.9,10.9,30.2,69.5
36.9,25.9,8.7,0.51,1.24,23.5,17.8,40.0,33.0
21.4,41.6,0.5,0.69,1.45,28.5,22.7,27.2,78.1
23.3,83.4,4.4,0.17,0.43,0.3,24.6,16.2,25.8
36.7,67.2,0.9,0.42,0.78,24.3,4.1,34.9,43.0
10.6,50.0,11.6,0.92,2.56,41.0,14.9,9.8,62.6
16.9,37.8,6.1,0.24,1.31,11.9,7.8,23.4,14.7
22.4,40.2,9.6,0.46,1.65,23.0,26.0,25.2,40.0
28.4,61.3,2.5,0.43,1.41,15.9,21.9,28.6,59.7
20.7,65.0,8.6,0.15,0.62,9.8,18.9,26.7,6.6
14.7,50.4,3.0,0.44,1.96,16.0,31.7,21.0,59.8
28.4,44.8,3.0,0.56,1.88,18.0,16.0,31.1,56.5
31.5,55.0,11.0,0.84,2.24,34.6,17.8,33.5,54.9
35.1,73.1,4.3,0.22,0.21,13.7,30.6,33.8,39.5
15.0,50.0,11.2,0.39,0.95,11.3,4.2,16.3,7.7
34.5,31.0,6.5,0.83,2.18,26.4,11.2,36.4,59.9
22.7,71.9,1.9,0.13,0.18,7.1,15.0,25.4,18.1
25.1,79.1,8.5,0.29,0.43,14.3,9.1,22.9,22.0
33.7,41.3,0.7,0.42,1.32,20.9,19.1,33.7,58.8
31.4,87.0,11.4,0.27,0.76,12.5,10.4,34.9,8.1
31.8,78.3,6.1,0.54,1.17,26.7,33.9,27.9,57.2
25.5,85.8,4.6,0.43,1.26,22.5,27.4,21.3,54.4
21.2,70.9,10.0,0.59,2.22,22.6,7.8,22.7,41.2
31.4,88.8,6.8,0.3,0.46,17.0,23.9,24.4,32.9
29.3,59.9,2.6,0.66,1.83,34.9,29.4,28.3,77.1
33.9,45.0,10.8,0.67,1.68,25.5,19.7,29.8,35.2
12.9,81.1,1.0,0.67,1.66,25.5,4.0,18.7,66.9
28.3,58.5,5.4,0.34,0.76,12.5,30.9,27.3,43.5
12.0,79.2,9.6,0.93,2.12,42.4,26.3,11.0,81.2
15.4,50.6,8.9,0.62,1.96,20.0,4.0,18.1,42.0
20.8,80.8,6.5,0.14,0.35,8.1,12.8,21.2,14.5
18.1,28.4,5.2,0.38,1.17,16.0,18.4,28.6,33.0
34.3,65.5,6.0,0.2,0.89,-0.5,29.1,32.2,25.2
23.6,72.3,9.3,0.98,1.84,42.3,9.9,18.7,67.8
21.2,45.4,1.4,0.55,1.81,26.4,17.8,31.6,65.8
37.4,43.9,6.2,0.63,2.02,25.8,10.8,45.1,45.2
18.6,76.2,10.0,0.11,-0.1,0.1,25.2,19.5,5.0
28.1,42.4,7.4,0.4,0.94,17.9,20.6,35.3,26.8
27.4,30.9,10.6,0.13,0.66,2.5,27.1,34.5,5.0
36.5,60.7,11.4,0.49,0.91,22.0,4.6,32.8,14.6
37.7,45.1,3.9,0.15,0.05,8.5,10.9,35.2,15.8
18.6,30.3,11.2,0.31,0.53,4.3,16.6,23.8,5.0
36.3,65.7,3.7,0.41,0.8,12.0,4.6,38.9,37.8
10.1,81.3,8.9,0.14,0.13,12.9,14.5,9.3,5.1
15.8,42.8,4.7,0.65,1.82,29.1,31.1,25.7,72.5
18.5,74.5,10.2,0.74,2.14,28.9,30.6,20.1,59.3
25.7,49.2,9.3,0.77,1.66,30.0,4.5,24.3,45.2
35.0,87.6,11.3,0.99,2.36,42.5,25.1,29.2,85.3
28.3,71.7,8.9,0.3,0.93,12.0,29.6,19.9,26.0
23.4,58.6,6.1,0.39,1.16,18.9,31.3,27.9,42.4
34.2,74.7,4.7,0.48,1.69,12.1,26.2,27.7,59.6
19.9,50.9,10.0,0.93,2.68,47.4,26.5,17.0,86.3
29.4,55.0,10.0,0.94,2.56,44.0,28.1,24.9,84.7
30.0,47.8,3.0,0.49,1.23,20.2,10.0,35.4,47.1
27.1,34.5,1.5,0.53,1.66,20.4,10.6,33.1,57.3
20.3,64.2,7.5,0.87,2.32,30.6,29.4,24.2,80.2
28.6,80.8,10.4,0.96,3.53,45.5,17.5,23.4,82.7
21.5,41.5,8.2,0.27,0.68,13.2,14.2,28.7,12.8
36.3,55.1,6.3,0.77,2.27,33.0,15.9,37.7,66.8
28.9,32.6,4.1,0.79,2.3,34.8,7.7,42.0,72.0
30.6,84.9,9.5,0.84,2.39,39.3,21.7,23.1,72.9
17.5,79.2,6.9,0.73,2.12,39.4,32.1,19.1,82.2
35.2,81.7,2.3,0.46,1.32,19.5,29.3,30.8,68.6
22.5,48.6,9.0,0.72,2.32,30.4,17.1,23.4,54.3
34.2,32.3,8.9,0.84,2.35,35.0,17.1,33.2,64.9
13.3,71.2,2.6,0.83,2.36,42.6,21.3,18.5,96.8
21.8,68.8,9.4,0.41,0.65,13.3,32.6,20.6,28.0
31.8,75.7,1.2,0.97,2.55,46.8,27.1,30.3,111.3
31.3,81.6,3.7,0.59,2.26,22.2,24.7,28.4,69.7
21.9,77.9,1.8,0.78,2.14,31.0,27.9,25.2,92.9
33.6,75.8,10.3,0.6,2.22,19.8,12.2,34.1,43.3
23.6,69.8,9.3,0.93,3.05,45.7,7.7,19.0,76.9
12.6,62.8,9.1,0.3,0.64,17.6,16.9,13.7,16.2
33.2,59.2,10.7,0.31,1.47,18.9,25.9,28.0,25.0
10.2,75.7,8.9,0.77,2.02,39.6,33.5,5.0,77.7
29.5,73.8,1.2,0.44,1.07,18.4,5.1,25.9,52.6
31.5,80.3,2.2,0.48,1.38,18.5,12.9,26.5,58.8
37.8,52.8,4.2,0.72,1.62,31.1,23.8,34.8,67.5
25.5,69.5,2.1,0.22,0.71,12.8,26.5,20.0,46.0
18.6,55.9,9.0,0.55,1.54,29.1,14.8,21.1,44.5
26.8,69.6,2.2,0.99,2.63,47.6,18.7,26.6,110.1
33.2,37.1,5.5,0.82,2.47,30.3,7.0,35.2,71.0
32.0,70.8,7.7,0.4,1.19,7.7,9.7,29.7,26.1
16.9,61.0,4.5,0.12,0.81,6.1,6.5,16.3,20.0
23.9,40.5,3.5,0.74,2.1,25.6,21.7,22.3,77.7
37.2,41.0,11.8,0.3,0.66,17.6,17.5,33.9,9.5
15.3,54.3,5.3,0.48,1.08,19.5,17.6,13.7,56.4
36.5,79.3,7.8,0.68,1.77,28.9,26.9,28.3,65.5
35.3,42.0,6.1,0.29,0.82,15.8,18.0,45.2,26.7
27.8,38.8,5.3,0.88,2.99,42.6,6.8,33.0,87.5
33.1,73.8,3.7,0.92,2.27,44.3,8.0,28.9,92.2
27.1,74.2,3.7,0.78,2.16,30.0,19.0,17.9,79.7
35.1,59.6,4.8,0.11,0.03,4.1,9.4,34.4,13.6
34.2,81.0,1.4,0.61,1.48,30.4,9.4,26.7,72.2
34.6,49.2,9.1,0.52,1.52,15.7,26.1,41.3,33.9
25.5,71.1,4.7,0.72,1.98,35.9,14.7,25.0,75.5
19.3,33.4,10.2,0.33,1.46,23.3,14.6,27.4,21.6
28.4,29.7,9.7,0.97,2.48,39.9,16.0,37.4,77.0
30.7,28.4,6.8,0.98,2.79,50.5,33.5,41.2,99.8
31.8,63.0,11.7,0.64,1.65,21.0,26.9,33.1,43.0
21.9,68.0,2.1,0.28,0.41,11.7,26.0,22.9,48.7
25.5,34.9,0.9,0.51,1.42,25.7,23.8,35.0,61.5
10.1,66.8,11.5,0.98,2.76,42.9,8.7,10.2,66.3
15.2,51.5,6.7,0.21,0.38,11.4,14.8,21.2,15.7
18.6,75.0,5.0,0.9,2.86,59.0,30.2,25.9,105.3
31.3,77.3,5.9,0.22,0.87,11.5,19.4,27.6,23.3
26.5,27.3,10.9,0.97,2.49,40.5,25.7,30.0,73.8
25.9,83.5,9.5,0.44,1.48,19.6,19.8,21.8,35.2
27.5,68.2,5.4,0.69,1.58,27.2,10.9,29.3,54.0
26.1,83.4,1.8,0.25,0.79,11.7,22.6,21.4,41.5
26.9,61.8,7.9,0.86,1.79,33.9,21.4,34.4,70.9
34.5,62.7,4.2,0.45,1.51,20.4,28.2,32.2,56.7
37.0,40.3,2.7,0.57,2.02,29.0,33.4,33.9,79.8
28.4,69.8,2.0,0.39,1.17,20.9,18.9,34.4,44.7
37.0,87.8,0.8,0.92,2.81,36.5,16.2,27.6,104.3
27.1,57.4,2.6,0.28,0.67,13.5,5.6,25.8,29.3
36.8,34.7,2.9,0.34,1.09,11.5,32.9,36.9,41.0
34.2,85.2,9.2,0.49,0.84,20.2,4.2,27.8,29.0
34.4,43.4,4.3,0.32,0.96,17.3,6.6,35.6,29.8
13.2,80.4,6.3,0.81,3.09,38.5,20.8,9.9,89.0
18.1,86.3,6.5,0.92,2.98,38.4,32.5,11.7,104.3
20.9,58.7,8.3,0.73,1.64,31.3,21.0,24.3,67.1
15.5,88.5,11.2,0.17,0.88,7.5,11.5,5.7,7.0
37.4,33.7,11.1,0.42,1.25,23.1,16.4,43.3,20.7
30.2,63.2,10.4,0.78,1.79,33.4,18.2,31.3,61.1
26.8,29.3,11.6,0.98,2.69,47.4,6.4,37.5,67.5
16.9,58.0,11.6,0.27,0.59,11.4,5.3,21.0,5.0
19.7,76.1,6.4,0.22,0.64,20.8,12.6,17.6,24.4
24.6,41.4,9.5,0.56,1.39,27.5,8.6,26.8,35.7
16.3,33.5,5.0,0.72,2.04,35.4,30.2,23.5,80.7
13.6,60.6,2.7,0.83,2.71,46.6,18.3,15.8,100.6
17.6,34.5,11.2,0.53,1.64,20.5,28.1,26.8,34.7
16.2,72.3,5.1,0.44,1.4,18.8,28.0,19.3,43.4
32.9,43.1,11.6,0.17,0.5,8.7,18.6,39.4,5.0
12.3,77.4,7.0,0.25,1.3,15.8,23.4,16.5,34.9
21.9,47.2,3.7,1.0,2.96,39.1,23.6,19.0,104.9
34.0,90.0,2.2,0.75,1.69,33.6,4.4,25.9,68.2
23.5,84.9,4.7,0.34,0.65,22.1,4.6,15.6,32.2
24.4,35.6,6.2,0.73,1.69,33.7,21.0,37.4,63.4
20.7,89.2,8.6,0.45,1.28,20.6,4.9,16.8,33.1
21.7,48.1,8.1,0.74,2.41,35.6,33.9,23.9,74.7
18.6,29.9,9.8,0.68,1.59,26.7,17.3,28.7,43.0
19.3,81.2,5.1,0.71,1.73,39.5,31.9,24.0,84.3
25.0,63.8,1.3,0.35,1.32,15.6,19.3,24.6,46.2
30.7,40.8,3.2,0.97,2.91,42.3,22.7,37.9,99.7
33.2,62.4,4.2,0.87,2.14,34.4,31.0,32.7,87.2
22.7,88.0,1.3,0.42,1.6,23.6,23.6,22.2,70.5
22.1,71.6,9.8,0.49,1.82,17.6,10.4,26.0,37.4
18.9,49.0,2.9,0.83,2.72,40.6,17.8,22.4,89.7
33.9,55.8,8.8,0.67,2.05,35.4,25.5,39.8,58.7
33.6,61.3,8.8,0.7,2.09,45.5,25.7,39.5,64.2
12.1,36.0,10.3,0.12,0.54,16.7,31.1,15.2,12.1
29.6,26.3,4.9,0.13,-0.03,10.3,11.6,46.9,5.0
11.4,74.9,8.2,0.86,1.72,39.0,7.2,9.4,64.6
27.3,75.4,7.6,0.74,2.05,37.4,12.0,23.0,53.1
27.3,84.7,4.1,0.75,2.58,32.0,11.1,28.3,78.4
12.7,70.8,6.4,0.69,2.37,23.2,31.9,12.0,72.5
17.5,30.2,2.6,0.55,1.53,21.5,11.6,23.8,50.7
27.0,30.1,9.8,0.28,0.73,20.5,33.3,33.6,23.4
31.6,57.1,5.0,0.17,0.55,10.5,14.6,30.4,24.8
17.9,39.2,5.5,0.12,0.52,7.6,5.1,27.1,5.7
16.7,79.5,6.9,0.56,1.81,18.1,22.2,12.2,51.8
24.7,49.1,11.6,0.56,2.07,28.1,21.1,25.9,45.6
36.2,52.5,10.2,0.23,0.4,22.2,27.7,39.2,10.0
19.2,50.7,10.7,0.69,1.86,34.5,34.8,22.1,64.4
22.4,48.4,10.5,0.79,2.58,24.5,12.3,30.8,49.4
35.5,72.1,7.5,0.49,1.47,24.9,25.4,33.7,51.8
22.2,88.6,9.6,0.73,2.01,39.5,14.0,14.0,59.1
22.6,67.9,8.0,0.7,1.97,33.1,29.7,28.9,70.7
22.8,63.8,5.5,0.32,0.59,7.8,20.9,22.6,36.5
32.4,75.8,7.5,0.6,1.37,30.2,17.8,29.8,55.8
31.5,71.5,3.5,0.14,0.4,9.9,29.2,24.4,35.9
38.0,47.3,7.9,0.62,1.91,28.5,33.8,37.8,69.5
34.4,30.9,0.9,0.72,2.22,34.3,12.9,40.5,77.3
31.6,51.0,3.5,0.84,2.71,32.0,20.4,33.2,91.7
30.9,35.5,11.4,0.56,1.34,24.6,30.1,36.1,42.8
36.2,46.4,11.9,0.31,1.01,18.2,6.3,32.3,5.0
30.3,43.9,5.9,0.54,1.32,21.0,14.6,30.9,48.5
15.6,68.2,11.5,0.63,1.82,28.1,26.3,12.6,50.6
17.0,25.0,11.4,0.47,1.27,21.9,19.5,25.7,14.5
28.2,44.7,1.9,0.65,1.95,17.8,27.8,29.7,76.7
24.7,44.2,1.3,0.84,2.21,32.1,23.9,24.3,90.2
31.2,40.3,8.8,0.63,1.57,26.4,17.3,29.5,40.8
21.1,52.6,8.6,0.82,2.46,33.3,7.1,21.4,57.4
18.2,47.1,5.0,0.97,2.32,40.9,10.7,21.8,84.5
29.5,30.4,7.6,0.76,2.09,30.1,27.0,41.0,67.1
20.7,88.1,11.9,0.97,3.08,43.9,22.9,21.3,77.9
35.3,84.5,4.1,0.43,1.32,12.6,30.2,31.0,57.0
11.3,50.7,7.0,0.17,0.42,5.2,29.5,15.9,18.0
29.9,88.4,6.1,0.5,1.75,23.2,11.3,23.6,55.2
35.4,60.1,2.0,0.62,2.09,30.3,29.2,40.4,76.9
31.5,86.4,2.3,0.74,1.68,37.4,29.3,30.6,98.0
26.9,58.2,3.2,0.43,0.97,19.8,4.5,28.8,36.6
22.0,82.9,2.2,0.91,2.8,37.5,5.7,18.9,98.8
38.0,49.5,6.1,0.31,1.08,17.1,32.1,30.5,40.2
34.7,50.7,4.3,0.71,1.86,30.4,29.4,35.2,72.8
36.7,55.8,10.6,0.64,2.08,30.6,26.8,35.9,56.4
22.2,29.9,4.1,0.89,2.48,44.9,12.4,26.4,81.9
33.6,85.0,1.3,0.95,2.82,45.7,13.2,24.9,111.7
33.9,38.8,3.1,0.76,1.96,33.5,28.6,46.8,79.2
10.8,90.0,5.8,0.35,0.68,17.9,10.8,6.4,33.3
17.6,58.8,3.6,0.37,1.51,18.9,17.3,18.3,53.5
15.1,75.4,4.9,0.48,1.12,18.8,23.9,15.4,44.3
15.0,89.7,7.2,0.43,1.39,20.8,20.9,18.3,44.1
19.4,70.9,6.5,0.29,1.39,7.6,31.3,22.3,41.4
18.9,60.3,9.6,0.57,1.76,33.1,27.6,16.1,52.0
10.8,68.1,9.0,0.48,1.4,32.5,9.5,20.0,34.7
30.8,38.8,9.2,0.89,2.46,36.1,8.4,26.6,60.7
20.8,58.8,6.8,0.28,0.72,7.8,21.3,22.9,28.5
32.6,71.2,0.7,0.38,1.01,16.6,32.2,36.2,61.2
16.2,27.1,1.2,0.47,1.68,20.7,18.6,23.9,55.2
36.4,26.4,8.1,0.99,2.55,44.0,20.1,36.1,77.4
17.7,89.7,9.1,0.93,3.05,50.3,33.2,9.1,101.3
33.5,85.5,2.6,0.99,2.74,42.9,29.5,37.7,108.3
36.3,32.4,4.7,0.52,1.04,15.9,24.0,39.7,44.2
12.8,69.0,3.8,0.52,1.38,32.0,13.5,16.5,53.1
23.3,51.0,4.5,0.91,2.59,37.7,13.7,31.4,85.2
12.3,61.3,6.7,0.81,2.61,35.8,25.8,12.1,88.1
20.8,83.2,6.8,0.64,1.61,24.6,32.5,22.8,72.5
31.3,87.6,5.4,0.8,1.81,36.8,15.3,25.8,68.4
14.7,43.5,8.9,0.34,1.55,20.8,14.9,19.0,22.3
25.2,45.2,9.1,0.21,0.73,10.1,15.4,31.4,15.3
20.0,45.4,9.7,0.75,1.63,43.3,5.9,24.3,48.2
29.3,42.6,8.4,0.26,1.0,12.3,7.1,34.7,10.8
37.0,57.9,8.9,0.27,0.11,7.5,28.7,38.8,8.9
15.0,60.5,2.5,0.31,1.2,14.7,14.9,14.4,44.0
20.6,44.3,6.2,0.89,2.81,46.7,25.4,28.0,94.4
13.4,71.0,9.8,0.23,1.29,8.4,10.1,9.1,17.0
21.1,71.2,1.0,0.81,2.39,39.9,24.9,16.1,93.2
23.9,36.9,4.2,0.41,0.87,14.5,8.6,29.4,28.7
21.1,47.8,1.6,0.73,1.93,46.4,6.6,15.6,85.7
13.1,25.8,4.9,0.28,1.03,12.3,28.1,29.3,40.7
13.4,47.8,11.0,0.97,2.52,47.1,33.4,17.8,84.3
34.8,40.5,1.7,0.69,1.67,38.7,7.9,30.3,69.0
30.4,67.7,11.0,0.7,1.99,33.0,7.4,28.7,50.3
27.1,69.1,4.6,0.89,3.22,36.7,23.3,23.3,96.7
29.7,72.7,5.5,0.81,2.27,42.6,28.0,26.3,90.1
24.3,85.2,7.2,0.79,2.4,35.7,14.5,24.7,75.8
15.1,26.6,7.0,0.22,0.96,3.8,33.5,24.1,27.8
15.2,89.9,6.9,0.24,0.36,15.3,23.4,13.6,28.4
30.7,63.8,7.4,0.43,1.31,15.2,12.4,33.1,40.8
14.8,51.7,0.7,0.53,1.38,37.3,25.3,14.9,67.7
16.8,73.7,3.0,0.32,0.81,19.6,20.4,13.7,47.2
12.6,67.1,1.3,0.81,2.18,43.2,14.5,14.2,85.9
34.9,56.0,3.0,0.65,1.85,36.9,25.3,37.1,74.2
23.1,31.5,0.6,0.53,1.16,26.3,21.6,32.9,63.2
24.3,43.1,1.2,0.84,2.52,44.0,30.4,29.0,108.6
37.7,62.4,1.2,0.34,0.88,12.3,5.7,33.4,35.9
22.4,61.4,6.4,0.12,0.01,3.1,19.6,22.1,13.3
28.5,39.0,8.0,0.65,1.57,35.8,18.9,30.5,54.0
11.7,70.6,6.8,0.36,0.66,17.0,17.9,9.3,39.2
29.3,71.5,1.4,0.24,0.46,7.9,11.6,34.7,28.5
32.6,76.7,9.5,0.75,1.83,27.7,16.0,34.1,55.4
26.3,51.5,10.7,0.29,0.06,13.0,22.8,28.2,17.3
19.8,59.6,0.6,0.58,1.85,31.5,33.8,24.0,84.3
22.5,74.4,10.1,0.28,1.0,12.1,15.0,26.3,13.7
27.1,66.8,10.7,0.76,1.48,29.0,24.6,25.0,55.5
11.9,79.7,7.0,0.48,1.93,25.3,25.3,15.2,51.2
24.3,30.2,9.0,0.84,2.29,34.2,22.4,31.9,70.2
20.0,56.7,1.4,0.85,2.63,40.2,14.2,28.4,93.8
11.2,60.5,8.5,0.41,1.55,13.4,22.0,9.0,39.1
17.2,78.4,0.9,0.93,2.58,48.3,20.6,25.2,110.5
23.5,65.8,1.7,0.21,1.06,9.3,28.9,23.2,51.7
20.8,39.3,11.2,0.54,1.67,28.2,21.3,22.2,36.9
27.6,68.3,10.1,0.82,2.62,36.2,24.1,29.7,68.4
28.6,88.1,9.8,0.51,1.12,23.9,26.3,19.9,40.7
28.8,60.1,3.4,0.28,0.7,19.8,28.8,30.6,46.6
29.1,63.7,6.0,0.56,0.85,27.6,8.1,24.0,30.0
34.5,82.4,7.5,0.76,2.13,34.6,18.0,34.1,68.6
36.7,25.6,2.2,0.11,0.46,6.0,21.0,42.3,15.8
22.8,43.0,4.1,0.49,1.25,19.9,28.6,32.1,55.3
16.6,63.2,10.8,0.31,0.95,7.8,24.8,25.9,12.6
19.9,38.0,11.2,0.81,2.05,33.1,27.2,30.7,58.7
11.1,48.2,0.6,0.48,1.36,17.8,5.3,29.5,51.6
23.4,85.4,3.1,0.33,1.1,12.2,14.4,20.1,42.9
28.9,74.1,1.9,0.25,0.84,9.9,24.3,20.1,39.1
28.9,41.5,2.7,0.52,1.33,18.1,9.8,32.4,43.0
30.0,43.1,4.3,0.82,2.14,37.2,31.5,32.0,86.4
35.0,85.4,5.6,0.33,0.93,12.8,16.9,29.1,37.4
23.0,59.4,10.3,0.3,0.97,7.9,6.5,32.6,5.0
15.6,40.4,11.9,0.12,0.05,4.5,28.4,21.4,5.0
27.6,30.8,4.0,0.14,0.13,9.2,34.6,34.4,16.1
15.5,46.8,5.8,0.6,1.24,23.2,5.6,17.0,39.8
36.2,60.2,6.3,0.56,1.38,23.2,24.4,34.2,49.1
13.7,44.1,8.7,0.17,-0.15,9.8,6.7,17.0,5.0
34.1,57.6,4.4,0.58,1.91,25.8,12.6,30.6,53.3
17.5,62.7,7.6,0.62,1.96,33.6,24.3,20.5,65.9
30.8,83.7,1.4,0.9,2.96,44.3,4.9,25.2,91.0
25.8,62.7,3.4,0.14,0.14,11.5,21.8,29.0,27.2
25.2,46.8,2.1,0.48,1.33,17.4,29.3,26.1,64.7
15.5,72.0,2.9,0.31,0.37,27.3,4.4,18.2,35.4
26.1,63.4,1.5,0.8,1.75,37.4,16.1,24.7,83.5
13.6,89.5,1.3,0.6,1.8,23.0,7.5,12.9,77.1
16.8,58.5,8.3,0.22,0.61,6.1,19.1,20.1,8.8
34.3,85.1,7.1,0.7,2.28,36.4,17.6,29.1,70.7
12.4,78.1,6.6,0.61,2.4,23.9,34.7,6.8,69.3
34.5,81.4,6.8,0.66,2.27,22.0,10.0,24.2,55.3
31.2,48.0,11.1,0.74,2.26,41.1,8.9,32.8,48.0
16.1,70.1,1.0,0.86,2.04,38.2,25.2,21.1,107.5
30.4,26.2,8.5,0.28,0.35,9.4,33.9,36.4,24.6
11.2,56.1,10.7,0.98,2.82,56.3,10.4,20.7,78.8
27.3,76.1,2.7,0.77,2.32,36.1,4.2,22.2,72.8
36.7,70.6,5.6,0.33,0.3,21.2,8.8,32.4,21.8
26.5,63.4,10.1,0.98,2.67,43.7,9.7,29.3,70.2
30.8,76.7,9.7,0.15,0.11,7.8,19.0,22.5,5.0
29.5,84.3,4.9,0.15,0.82,4.7,33.0,21.9,33.1
10.9,51.7,8.1,0.78,2.28,27.0,28.9,15.4,57.6
34.0,35.9,3.2,0.13,0.35,13.2,9.0,38.6,12.7
23.8,48.8,1.9,0.73,2.18,32.3,5.0,36.1,68.7
11.1,27.0,5.4,0.75,1.79,43.5,32.0,17.6,72.5
26.7,58.6,7.2,0.71,1.48,33.8,13.8,24.7,59.0
24.6,75.5,3.1,0.86,2.2,38.9,29.2,19.7,97.8
34.2,78.8,1.8,0.36,1.53,9.7,4.6,26.2,37.3
15.1,52.6,4.8,0.1,0.03,1.8,29.5,17.9,14.2
10.9,77.9,3.0,0.25,0.67,13.8,32.8,15.8,48.3
30.5,55.2,3.9,0.88,2.19,34.2,27.9,34.7,97.0
21.1,33.2,1.4,0.49,1.5,24.9,28.5,27.2,64.3
29.5,53.1,8.9,0.84,2.4,37.7,30.4,32.3,75.1
10.5,34.1,6.8,0.3,0.75,13.9,9.2,16.7,18.1
18.9,29.6,2.1,0.47,1.66,18.0,33.5,24.3,64.8
22.0,61.7,3.2,0.29,0.5,14.8,22.4,28.3,35.4
19.2,82.9,2.3,0.3,0.86,23.4,4.9,15.6,48.3
24.1,31.2,8.5,0.53,1.2,24.5,4.6,33.0,29.3
37.3,63.3,11.0,0.36,0.66,16.4,34.5,38.9,27.4
11.1,35.4,7.1,0.65,1.74,35.3,8.2,14.2,52.4
27.6,70.9,7.7,0.35,0.9,8.6,19.6,16.6,25.0
27.3,67.9,5.3,0.9,2.8,40.2,26.7,33.5,91.2
29.2,46.6,9.1,0.59,1.59,26.7,34.5,36.0,45.3
31.1,85.8,4.0,0.35,1.2,15.8,17.8,23.8,47.1
16.0,85.9,8.5,0.29,1.7,11.3,4.7,10.4,21.6
24.5,64.6,3.0,0.28,0.62,8.8,20.2,25.2,34.3
21.8,68.6,3.5,0.25,0.43,7.4,30.2,19.5,32.4
17.9,40.8,7.9,0.81,2.38,29.0,20.4,25.9,66.6
10.9,80.9,5.2,0.78,1.97,37.4,15.0,16.0,75.3
28.6,65.3,1.4,1.0,2.91,45.3,7.7,29.1,102.9
19.7,72.0,5.3,0.37,1.3,16.5,5.9,12.0,28.0
11.3,26.7,9.2,0.89,2.09,31.9,21.0,23.8,62.2
22.3,32.0,8.1,0.38,1.8,19.6,11.7,29.8,28.1
15.9,79.9,4.8,0.48,1.34,25.6,11.6,17.6,49.2
22.6,58.8,1.4,0.62,2.01,31.7,22.7,24.4,76.4
37.0,46.4,9.0,0.17,0.75,0.6,5.4,43.7,5.0
36.7,53.8,5.4,0.37,0.63,16.8,27.0,35.0,43.7
24.9,72.6,8.4,0.58,1.14,25.4,7.5,24.1,39.3
21.5,73.0,11.9,0.17,0.35,17.1,20.0,23.7,5.0
32.7,78.2,0.9,0.64,2.02,30.7,13.4,31.3,80.5
38.0,31.9,2.4,0.35,0.97,6.7,22.5,42.0,36.2
27.6,73.7,1.9,1.0,2.49,45.2,30.2,31.7,110.3
14.6,46.1,2.1,0.39,1.1,28.8,5.2,23.9,49.2
30.0,47.5,1.1,0.57,1.69,20.6,9.3,37.7,63.9
37.8,61.4,8.4,0.29,1.16,9.7,11.9,36.3,15.7
29.2,45.7,0.8,0.66,1.64,34.9,10.1,33.1,72.6
14.8,46.5,1.3,0.77,2.36,26.2,26.1,20.0,91.9
24.3,53.9,0.9,0.57,1.71,11.0,5.1,24.5,53.0
20.8,74.6,11.8,0.98,2.87,48.2,19.3,19.1,74.8
14.9,76.1,2.8,0.87,2.44,32.0,5.2,18.9,95.7
26.1,29.2,7.8,0.7,1.98,29.8,26.6,31.3,63.7
21.3,80.5,3.7,0.36,0.6,21.1,8.4,19.1,40.4
16.1,87.3,4.0,0.4,1.11,24.2,23.5,12.0,53.6
10.8,58.4,5.5,0.73,2.29,35.0,11.9,24.4,63.4
33.1,36.0,11.1,0.77,2.66,46.0,30.2,40.6,73.6
36.9,89.3,3.2,0.71,1.83,34.0,32.2,33.2,92.1
37.2,28.2,3.2,0.27,0.72,10.2,32.3,36.6,42.9
36.1,27.0,8.8,0.24,1.15,6.5,27.8,41.7,17.0
33.2,53.0,6.7,0.78,1.83,41.5,4.2,30.7,58.4
30.2,61.5,3.5,0.85,2.06,36.8,12.5,34.3,79.6
37.9,82.8,6.9,0.8,2.02,34.3,8.2,29.6,66.9
10.7,88.7,11.8,0.61,1.76,30.7,18.5,9.8,46.0
28.1,37.7,4.6,0.5,2.04,28.7,35.0,33.7,59.4
27.4,62.2,2.8,0.1,0.08,5.8,29.7,27.4,23.3
31.6,41.1,3.6,0.9,2.35,41.4,14.0,38.3,83.9
15.1,38.5,7.7,0.44,1.35,13.7,22.8,19.3,37.4
21.3,52.8,2.7,0.19,0.45,14.1,13.8,18.2,29.9
26.3,45.2,1.6,0.16,0.91,8.9,12.3,27.7,35.2
23.9,69.9,8.6,0.71,1.93,22.8,33.9,21.4,64.0
21.3,49.6,11.7,0.82,2.72,35.4,30.9,24.3,66.7
31.7,81.2,6.2,0.96,2.95,43.5,6.1,24.8,89.1
24.0,58.6,9.0,0.34,0.61,22.6,10.1,20.7,22.0
16.9,28.5,6.9,0.69,1.85,26.1,6.7,18.2,42.0
23.0,64.9,10.5,0.77,1.98,31.5,23.5,19.9,58.4
17.0,70.4,1.2,0.85,2.25,48.1,9.9,15.4,88.4
23.3,60.6,7.9,0.57,0.89,38.6,7.3,23.0,44.0
14.4,45.9,4.2,0.64,1.72,27.7,31.3,19.7,74.8
35.6,82.6,7.0,0.53,0.79,28.5,12.7,32.0,43.7
23.6,55.6,11.6,0.63,1.53,28.5,21.0,23.5,38.6
35.3,76.4,1.2,0.63,2.13,30.0,16.8,39.2,74.7
33.5,64.8,8.3,0.83,3.03,34.6,14.9,30.5,77.7
16.8,37.5,8.6,0.2,1.02,8.8,17.8,17.3,12.9
34.7,78.5,6.8,0.76,2.31,29.3,26.4,30.1,76.4
28.9,78.1,7.8,0.56,1.27,28.8,8.1,21.0,45.0
12.6,80.8,6.8,0.95,2.47,31.4,12.0,15.1,83.7
37.2,60.8,7.6,0.15,0.33,14.9,33.8,35.1,23.8
13.4,51.2,6.4,0.53,0.92,23.6,30.2,15.7,51.1
16.2,64.3,7.6,0.36,1.48,16.2,27.3,23.6,37.7
24.3,39.1,4.5,0.63,1.36,29.4,33.5,27.6,68.8
26.5,38.5,8.3,0.82,1.88,38.8,25.6,33.6,69.9
32.9,58.6,0.8,0.11,0.03,-1.2,33.8,27.6,30.6
17.6,63.4,1.5,0.37,0.94,23.2,5.9,28.9,43.0
15.0,48.4,0.9,0.7,1.29,28.9,26.0,20.0,80.6
30.0,49.8,2.1,0.96,3.09,46.2,23.0,25.7,108.7
14.7,40.6,1.2,0.33,0.36,14.4,19.5,26.7,42.5
22.7,61.6,1.6,0.4,0.93,14.7,22.6,26.0,48.6
22.4,28.7,2.3,0.86,2.3,33.5,15.2,35.0,78.0
29.7,75.1,4.5,0.57,1.4,25.5,5.5,28.6,43.7
12.7,69.4,10.2,0.58,2.08,25.5,10.6,15.9,46.8
15.4,69.5,1.4,0.45,1.12,12.4,14.8,12.5,52.4
22.3,89.2,11.6,0.69,2.05,25.0,27.4,17.2,55.2
33.3,35.8,1.2,0.83,2.44,41.7,19.0,39.4,97.4
35.8,48.2,1.0,0.88,1.86,36.8,9.7,36.3,82.5
29.6,25.6,10.9,0.63,0.9,26.0,24.8,37.1,30.9
20.5,71.6,9.4,0.81,2.45,36.9,11.6,25.7,64.0
27.8,40.5,1.9,0.97,2.47,42.3,19.8,32.4,103.7
25.3,68.3,7.7,0.59,1.79,26.8,20.2,26.0,47.2
34.3,30.5,8.0,0.79,2.33,23.6,13.9,44.7,57.3
22.6,41.3,2.6,1.0,2.82,46.7,7.2,30.6,100.9
24.2,40.3,4.8,0.53,1.33,20.1,10.7,29.1,40.3
31.9,77.4,4.1,0.12,0.42,2.6,23.5,38.6,26.2
10.9,27.3,3.0,0.77,2.04,35.9,21.2,24.6,76.1
32.3,63.2,4.0,0.16,0.63,13.2,25.5,31.3,31.7
34.2,69.1,6.4,0.27,1.15,19.6,17.7,38.1,27.0
33.5,75.2,3.6,0.92,2.49,41.8,9.2,31.1,91.2
21.3,62.4,6.3,0.96,2.5,37.2,13.2,19.7,73.4
32.1,74.6,3.1,0.97,2.6,44.7,16.0,24.6,100.1
14.2,56.6,4.5,0.55,1.15,24.2,20.9,15.3,51.2
13.2,25.9,7.0,0.79,2.17,29.0,28.5,18.7,68.2
11.2,29.6,4.0,0.39,0.62,13.2,30.5,24.4,42.7
34.9,89.1,5.4,0.39,1.19,20.0,8.0,34.6,42.0
22.8,82.4,6.4,0.65,1.43,22.1,29.5,22.5,60.7
21.5,72.8,1.2,0.57,1.35,34.4,31.8,13.1,76.6
37.7,74.4,3.4,0.79,1.88,37.1,28.0,35.3,84.9
22.9,64.3,4.7,0.12,0.97,6.0,16.2,20.9,20.4
21.4,35.0,4.8,0.77,1.96,37.9,12.4,24.9,64.3
12.1,80.4,1.0,0.93,3.27,47.8,26.4,13.7,121.8
12.6,70.1,4.7,0.52,1.13,34.2,16.2,18.6,54.8
26.2,86.8,7.0,0.23,0.45,6.2,23.4,11.3,24.7
23.0,41.0,10.9,0.31,1.08,18.1,8.5,30.4,9.3
11.6,59.9,9.4,0.93,2.8,48.3,13.1,26.0,72.4
12.0,60.6,10.9,0.95,2.15,41.5,15.0,14.0,71.1
32.0,63.0,4.2,0.97,2.57,40.4,23.2,27.0,99.2
36.7,43.4,3.4,0.7,2.22,48.5,22.0,37.5,85.7
28.3,71.5,4.5,0.29,1.01,21.2,14.9,34.2,38.5
17.0,62.2,8.1,0.71,2.02,33.2,21.0,19.1,58.8
10.2,55.0,4.4,0.68,2.36,34.0,11.6,16.7,72.7
33.6,57.7,1.9,0.47,1.13,23.5,7.2,35.6,45.5
20.2,27.1,8.5,0.95,2.24,48.2,5.5,16.9,67.8
22.3,68.5,11.5,0.85,2.68,47.5,30.6,19.6,79.8
30.7,72.8,5.8,0.43,1.51,13.6,7.3,27.4,33.5
32.0,32.4,2.6,0.12,0.16,9.9,6.1,42.1,5.0
23.0,73.9,8.7,0.72,2.57,29.5,21.3,25.2,64.2
26.7,59.9,1.8,0.31,1.22,9.9,7.4,31.0,38.6
24.5,37.9,0.9,0.7,1.39,35.0,25.2,34.2,81.9
28.2,75.7,10.7,0.12,0.43,2.1,21.2,27.3,5.0
32.6,36.2,9.2,0.35,1.05,13.2,27.0,43.1,22.4
13.7,47.7,10.0,0.96,2.9,39.9,9.2,18.5,69.1
10.6,40.3,9.3,0.97,2.59,38.8,5.7,25.5,64.5
35.6,56.5,1.9,0.27,0.52,10.5,8.4,37.4,25.9
12.5,73.4,3.4,0.58,1.7,22.2,24.4,16.8,64.8
10.9,82.1,11.7,0.24,0.44,10.2,12.2,7.8,5.2
16.9,49.8,10.6,0.23,0.52,17.7,6.3,24.4,5.0
28.9,85.3,9.4,0.1,0.4,3.8,29.9,23.1,10.7
15.8,64.0,2.6,0.28,0.55,16.6,8.8,14.2,33.4
25.9,57.5,7.7,0.78,2.6,39.9,21.0,34.1,78.1
24.3,28.3,11.9,0.97,2.73,40.7,9.4,30.6,60.2
11.1,66.8,4.1,0.54,1.15,30.6,16.0,16.5,57.8
17.4,74.4,3.1,0.79,2.23,41.1,18.4,11.8,77.5
15.5,54.3,4.3,0.87,2.39,30.9,7.4,16.4,68.6
11.3,66.9,7.2,0.24,0.75,1.0,25.1,15.7,21.8
29.6,76.2,2.3,0.19,0.86,0.4,6.2,25.8,21.5
32.1,84.1,10.4,0.14,0.38,13.7,13.6,28.4,5.0
12.2,71.7,4.4,0.98,2.64,45.8,22.7,8.1,101.0
34.5,46.5,10.4,0.94,2.51,44.9,20.5,30.6,72.8
34.7,65.2,7.1,0.47,1.85,21.3,8.2,36.8,41.7
24.5,56.2,1.0,0.5,1.63,23.9,10.3,31.2,62.3
16.1,40.1,6.6,0.26,0.75,18.6,25.6,25.1,35.5
37.6,41.3,3.5,0.78,2.79,41.1,16.9,45.3,85.0
18.9,83.6,11.8,0.52,1.79,16.1,13.2,11.8,35.7
33.3,77.9,1.8,0.92,2.5,38.0,24.8,35.1,102.3
17.1,47.0,1.6,0.13,0.81,9.7,27.7,22.6,38.8
22.0,58.0,11.0,0.62,1.76,30.6,9.7,21.4,41.2
32.0,28.0,11.9,0.46,1.32,13.9,9.3,41.9,16.1
20.4,66.8,8.9,0.72,2.03,30.4,20.4,24.5,65.5
17.7,79.4,11.8,0.36,1.01,15.6,7.1,22.2,11.4
22.8,64.1,4.3,0.31,1.16,21.9,4.9,22.5,25.4
11.9,31.4,1.6,0.77,2.14,34.4,31.1,20.2,96.6
29.3,52.9,4.2,0.18,0.6,-4.2,18.4,37.3,13.5
23.3,30.4,1.5,0.85,2.24,42.6,29.3,23.1,94.0
20.2,59.8,11.7,0.21,0.26,6.6,25.3,26.4,5.0
17.9,29.2,8.0,0.85,2.85,45.4,7.8,20.9,77.5
29.5,89.9,5.1,0.71,1.68,36.6,5.3,18.6,62.9
24.6,41.1,11.5,0.23,1.03,15.2,25.2,30.4,11.8
25.4,84.5,3.0,0.68,2.77,20.4,29.6,17.5,85.6
30.8,54.9,10.0,0.95,2.86,34.8,8.7,36.3,61.1
27.3,61.4,7.8,0.85,2.23,36.9,5.8,27.3,67.9
36.6,85.5,6.2,0.13,0.13,4.0,28.5,34.5,27.4
24.3,27.7,4.0,0.54,1.8,27.9,18.2,28.0,55.2
33.7,62.9,7.9,0.77,2.02,43.3,9.3,30.8,61.6
26.7,52.7,2.8,0.4,1.27,24.2,21.7,29.5,56.7
32.9,59.1,4.6,0.88,2.1,41.1,24.9,30.8,84.6
24.7,72.7,2.9,0.78,1.81,39.7,19.0,21.6,81.9
38.0,57.5,7.7,0.83,1.87,35.7,14.5,32.8,63.0
11.5,62.9,6.0,0.43,1.26,17.3,4.7,15.3,33.0
11.6,40.3,5.5,0.68,1.96,27.9,29.3,15.9,65.6
25.8,32.0,9.7,0.47,1.28,16.5,25.7,36.8,31.0
27.8,82.0,5.9,0.29,1.1,11.1,30.7,20.4,36.8
17.6,64.0,2.9,0.44,1.29,21.2,13.5,12.9,53.8
28.6,55.1,2.6,0.56,1.71,22.9,14.5,34.2,57.9
14.4,58.5,10.9,0.36,0.86,13.8,4.8,20.9,5.0
18.6,34.8,6.1,0.7,2.53,38.4,21.9,19.2,73.2
20.2,80.5,2.0,0.29,0.02,5.0,20.6,9.9,41.2
13.3,32.7,5.0,0.96,2.95,48.1,25.4,27.1,95.3
12.3,30.2,4.5,0.28,1.16,26.0,23.8,17.7,39.3
13.3,64.9,5.6,0.12,0.61,8.4,31.0,24.1,20.9
11.3,78.5,1.3,0.44,1.08,26.9,17.3,10.1,64.6
24.1,68.4,9.1,1.0,3.07,46.0,23.3,16.5,94.1
35.5,62.0,3.9,0.81,2.24,35.4,32.6,37.6,85.2
34.4,53.0,1.8,0.77,1.46,25.5,34.6,35.2,88.4
30.4,77.3,4.9,0.22,0.02,12.0,20.5,34.6,28.3
13.8,67.1,3.8,0.81,2.06,39.5,13.3,18.3,83.9
11.4,71.7,4.8,0.57,1.69,25.2,30.3,14.5,65.5
31.5,56.1,5.0,0.25,0.87,10.4,11.0,34.8,31.6
15.1,46.1,3.3,0.21,0.43,15.0,20.7,27.2,21.5
14.5,60.6,2.9,0.14,0.07,4.2,24.9,20.1,30.7
32.3,46.7,3.6,0.11,0.17,1.0,13.7,38.3,11.8
14.2,40.8,10.1,0.92,2.39,48.6,30.2,17.6,81.6
11.0,47.6,5.9,0.13,0.76,3.6,15.8,16.2,15.1
16.4,30.5,8.9,0.61,1.01,30.2,14.3,25.7,35.4
19.6,64.1,5.0,0.3,1.29,19.1,5.4,21.4,23.2
30.2,48.8,7.6,0.57,1.59,28.2,31.6,33.9,63.6
37.5,34.3,4.7,0.56,1.84,23.7,10.4,41.2,46.4
27.0,49.6,11.3,0.12,0.76,3.5,32.3,29.0,7.1
36.4,85.3,8.8,0.89,2.54,44.3,22.7,24.1,80.9
30.8,72.6,8.1,0.65,2.01,45.2,4.1,31.1,59.8
24.1,69.9,2.0,0.44,1.32,16.6,11.9,26.5,50.9
33.3,47.9,1.1,0.65,2.27,32.8,7.5,31.1,74.5
18.4,53.9,11.1,0.5,1.16,24.3,7.6,19.6,14.7
13.8,67.9,11.9,0.8,2.2,34.8,22.5,14.7,58.6
31.8,42.7,3.8,0.64,1.1,25.5,17.5,29.0,54.7
36.9,54.3,9.7,0.16,0.8,12.9,27.8,36.4,10.3
10.1,64.8,1.1,0.12,0.42,3.8,25.1,7.0,27.8
36.7,32.6,8.3,0.87,3.0,49.5,25.7,40.1,82.4
31.3,79.4,9.6,0.69,1.9,29.5,34.9,23.6,70.9
33.1,32.1,9.2,0.52,1.34,23.8,19.8,29.9,32.3
13.2,70.7,2.2,0.54,1.93,18.2,32.2,15.1,70.6
13.9,84.2,5.5,0.12,0.25,5.1,7.4,9.2,14.5
13.2,87.8,7.1,0.78,2.47,32.0,8.1,12.5,67.3
22.8,83.0,9.7,0.11,0.07,0.0,11.1,21.5,5.0
35.0,28.1,11.3,0.54,1.5,21.4,12.8,36.9,21.2
27.5,64.7,10.3,0.17,0.24,12.7,26.5,32.4,10.3
26.3,25.4,10.0,0.87,2.76,34.7,29.2,33.8,69.9
33.3,89.8,11.1,0.45,0.75,21.0,4.1,24.8,19.7
15.0,80.7,7.4,0.55,1.43,22.9,9.7,9.8,46.5
29.0,88.2,7.1,0.79,2.31,34.9,12.5,27.5,76.0
29.9,38.5,4.4,0.49,1.14,18.8,32.1,36.2,61.1
15.5,86.1,10.2,0.83,2.11,37.1,16.9,8.5,58.3
21.6,35.7,10.3,0.45,1.47,21.5,32.0,31.7,37.2
36.7,26.6,2.0,0.24,0.57,10.4,4.2,41.0,22.5
34.5,52.0,2.5,0.67,1.64,26.7,12.7,38.2,67.1
19.6,36.1,4.6,0.28,0.88,3.2,16.1,29.2,21.8
27.9,45.6,5.0,0.62,1.55,27.8,22.6,31.3,60.1
31.2,76.8,1.1,0.31,0.76,12.3,16.1,25.0,47.5
24.7,30.6,8.8,0.62,1.88,23.4,6.5,33.0,41.3
17.7,86.4,9.2,0.23,0.9,7.1,12.7,19.5,17.7
29.9,33.8,8.0,0.15,0.17,-0.5,16.3,32.0,5.0
21.0,77.7,11.8,0.64,1.64,24.9,33.5,15.6,44.4
22.8,42.4,7.5,0.48,1.17,23.6,9.5,24.5,31.1
23.7,43.8,2.0,0.87,2.6,45.0,17.2,31.7,99.1
24.4,71.1,7.3,0.82,1.87,37.7,7.4,23.6,62.8
20.2,70.5,9.6,0.71,1.72,36.5,7.7,20.3,47.4
29.4,83.0,0.7,0.38,0.65,17.4,17.1,20.0,48.6
36.4,56.7,4.8,0.7,1.84,35.8,10.5,36.1,66.1
14.1,47.9,1.8,0.94,2.57,39.6,5.6,18.8,87.9
29.0,61.3,9.3,0.7,2.16,42.0,20.0,27.4,66.1
25.1,63.3,1.4,0.83,2.14,40.3,14.4,27.2,85.8
21.1,66.5,9.3,0.48,1.36,25.8,9.6,25.2,34.1
21.1,49.6,6.4,0.63,1.78,39.9,21.1,22.0,62.4
30.3,85.4,9.7,0.73,2.21,36.9,23.2,22.0,66.0
35.9,33.5,11.5,0.84,2.13,35.4,32.2,39.0,63.1
10.2,83.2,0.9,0.95,1.89,44.5,33.0,8.5,106.9
34.0,89.7,9.2,0.94,2.73,39.7,4.6,38.9,68.2
10.9,29.0,6.1,0.39,1.22,13.8,26.7,19.8,39.6
33.8,44.3,2.1,0.75,1.98,34.1,31.9,41.7,91.6
13.7,86.0,8.9,0.76,2.54,35.7,31.9,5.0,74.6
29.1,60.4,0.9,0.91,2.62,43.7,7.4,30.6,99.7
17.0,89.2,7.8,0.15,0.18,3.0,11.8,8.9,5.0
30.2,44.5,0.7,0.3,0.51,16.0,30.0,25.1,57.2
25.7,45.6,4.0,0.89,2.13,44.2,32.4,22.6,98.1
11.8,31.8,9.6,0.32,1.44,19.7,32.5,21.1,32.7
35.9,72.2,5.9,0.63,1.98,27.0,17.3,29.0,62.5
14.0,40.6,1.0,0.95,2.7,42.5,9.9,14.8,91.6
19.4,82.2,2.2,0.44,1.16,17.2,19.2,12.7,53.6
19.8,64.5,9.7,0.16,0.28,-6.8,4.4,26.0,5.0
11.6,67.2,9.6,0.33,0.31,18.7,20.9,17.3,22.8
37.6,28.3,11.0,0.19,0.58,4.9,21.4,45.0,6.1
16.0,25.6,10.8,0.17,0.61,3.2,19.3,27.2,5.0
18.9,75.1,5.8,0.78,2.26,38.3,31.8,19.1,92.0
24.2,88.4,2.6,0.36,1.38,17.2,15.2,23.5,52.0
28.5,73.8,2.8,0.81,2.12,36.7,16.5,29.8,93.3
31.9,88.9,11.5,0.49,1.48,19.2,28.9,27.2,32.6
25.6,77.1,10.6,0.78,2.33,40.8,25.8,17.9,64.0
12.7,50.6,7.3,0.15,0.72,12.9,17.9,27.2,5.2
17.7,25.6,9.0,0.73,1.51,28.5,34.0,27.2,64.1
10.8,32.4,6.9,0.84,2.1,30.8,5.2,23.9,51.8
12.1,42.4,10.7,0.81,2.07,37.8,33.0,17.2,70.0
19.2,80.1,5.6,0.21,0.97,22.8,18.9,19.3,36.0
30.6,71.6,11.9,0.8,2.48,32.8,28.6,23.8,59.7
14.4,51.9,10.9,0.95,3.19,42.2,24.6,16.6,78.5
25.9,46.8,4.7,0.46,1.86,16.7,9.7,30.2,43.7
11.4,40.1,6.3,0.73,1.73,35.2,26.2,9.0,66.7
17.4,55.3,6.3,0.43,1.1,17.8,6.0,21.5,37.8
17.6,42.9,2.3,0.65,1.68,25.9,22.0,20.5,72.6
20.1,42.7,9.2,0.6,1.92,31.8,17.0,26.4,51.0
35.9,68.9,7.3,0.47,0.93,21.2,25.2,32.2,40.1
16.1,54.5,11.4,0.16,0.02,4.4,24.2,23.2,5.0
23.7,45.2,5.6,0.13,0.43,3.1,30.0,28.8,21.8
37.1,47.7,3.8,0.97,2.79,44.2,20.6,40.4,99.7
29.6,80.1,11.1,0.41,1.85,6.6,32.1,26.5,37.4
14.2,87.5,4.5,0.83,1.69,27.7,16.4,11.4,73.4
37.2,75.9,8.6,0.39,0.85,22.8,32.4,36.5,34.3
22.6,57.2,8.4,0.24,0.81,12.7,12.3,20.0,14.9
11.6,86.9,7.2,0.84,2.22,48.8,34.0,12.7,93.2
29.4,74.5,6.9,0.21,0.55,12.6,22.4,23.5,22.9
35.7,77.6,6.3,0.59,1.99,34.9,25.5,30.0,65.5
21.1,75.9,9.5,0.72,2.12,29.8,25.7,13.9,51.4
13.1,26.0,10.0,0.99,2.74,50.9,18.8,27.2,75.4
28.7,43.3,7.4,0.31,0.92,17.0,13.9,32.8,22.8
35.1,70.8,6.2,0.23,0.92,4.9,22.8,27.1,32.4
16.4,31.6,8.3,0.13,-0.25,7.7,20.9,29.8,5.0
20.0,34.1,4.3,0.49,1.79,19.2,17.4,25.2,41.3
34.9,68.8,11.3,0.11,0.89,-1.0,12.8,27.4,5.0
33.4,87.4,6.6,0.25,0.58,9.5,22.0,29.6,26.3
12.0,35.4,6.5,0.22,0.72,7.9,6.4,21.6,6.1
11.6,25.8,6.3,0.14,0.25,4.6,32.7,19.3,7.3
10.1,76.0,7.8,0.82,2.38,45.1,4.6,11.8,71.6
14.5,26.7,11.0,0.15,1.0,7.3,17.7,20.5,5.0
33.2,34.6,10.6,0.13,0.27,9.4,8.9,35.9,5.0
14.3,88.7,11.2,0.25,0.51,20.4,9.6,9.3,11.3
15.6,63.2,4.8,0.76,2.24,42.0,25.8,24.8,84.0
31.4,70.6,9.9,0.7,2.06,33.7,6.5,37.7,50.0
29.5,48.0,8.8,0.89,2.48,36.2,22.6,36.4,72.0
20.7,29.4,5.0,0.96,2.89,47.5,16.0,31.4,90.8
21.1,25.7,1.4,0.35,1.49,14.2,28.6,29.2,49.1
20.9,58.8,1.9,0.23,0.82,5.0,14.2,27.3,34.7
27.5,72.8,1.1,0.31,0.87,4.5,6.8,30.6,34.4
30.0,58.0,9.1,0.15,0.74,2.7,5.8,27.3,5.0
21.4,73.9,6.3,0.21,0.79,4.2,21.7,20.3,23.4
30.3,37.4,4.0,0.66,1.72,28.8,20.0,27.9,66.5
23.3,61.3,5.5,0.42,1.69,18.8,9.5,26.3,37.0
22.6,52.2,10.2,0.16,0.24,8.9,12.3,28.6,5.0
18.4,43.5,2.5,0.48,1.45,18.1,8.1,25.4,50.8
29.7,54.8,8.7,0.86,2.39,42.1,18.8,33.6,70.9
32.2,60.5,12.0,0.57,1.52,28.9,21.2,27.3,38.1
27.6,47.7,3.1,0.31,1.1,0.5,17.2,32.9,30.5
11.5,67.8,2.4,0.8,1.31,45.7,22.3,11.5,88.2
27.8,33.3,7.6,0.62,2.01,21.1,22.1,33.5,51.6
14.0,35.1,8.9,0.36,0.76,18.5,11.5,18.4,8.5
34.7,86.5,11.7,0.91,2.3,37.8,15.6,22.0,71.7
31.9,43.7,10.3,0.71,1.85,36.1,26.3,26.9,51.8
20.7,79.1,5.9,0.61,1.5,37.0,12.7,19.7,60.0
28.3,28.6,5.7,0.79,2.35,36.1,23.3,34.1,75.1
36.2,78.3,12.0,0.35,1.16,15.7,29.6,27.6,32.5
15.7,78.2,0.8,0.95,2.56,38.1,25.4,11.9,114.4
31.3,83.0,2.9,0.78,3.2,35.9,12.0,25.3,95.2
11.2,88.0,11.8,0.86,2.0,36.1,7.9,7.0,54.1
33.2,56.1,6.1,0.2,0.84,4.0,24.1,26.2,23.1
23.1,68.0,4.0,0.39,1.32,15.7,30.8,22.1,53.2
12.0,32.7,7.8,0.96,2.33,42.0,14.2,22.0,75.5
20.2,63.9,4.1,0.51,1.43,21.8,34.0,17.6,68.2
31.4,49.2,3.8,0.1,0.45,0.6,17.9,34.0,20.3
18.4,46.9,3.7,0.18,0.46,4.2,30.5,22.9,30.4
23.3,55.6,4.9,0.38,0.44,25.1,21.8,19.8,44.6
29.7,55.6,1.8,0.18,0.26,9.8,24.5,24.6,40.0
20.8,76.8,3.0,0.6,1.74,25.6,11.6,19.8,62.0
20.1,45.4,9.8,0.92,3.01,41.7,6.0,23.4,66.8
25.2,53.6,3.3,0.42,1.48,28.1,17.3,18.0,50.8
16.8,47.7,5.8,0.24,0.17,5.2,26.1,19.3,23.2
30.8,31.5,8.1,0.26,0.63,12.9,6.0,35.0,9.9
36.0,67.3,0.6,0.89,2.36,46.6,31.6,32.5,116.1
12.7,39.9,9.7,0.16,0.05,4.9,32.0,25.7,5.0
28.8,34.2,3.1,0.88,2.16,36.6,20.0,21.9,83.0
14.7,70.9,10.6,0.63,1.61,30.7,7.7,12.4,36.1
32.8,57.5,4.4,0.64,1.83,26.1,19.2,27.4,62.9
12.0,66.4,5.7,0.77,2.59,33.8,33.5,10.4,80.3
23.4,70.5,4.7,0.1,0.17,-1.9,23.9,19.6,9.9
33.1,25.5,4.2,0.41,1.04,10.6,23.6,45.1,39.2
15.0,30.6,11.1,0.37,1.04,18.1,7.2,27.1,9.8
11.7,37.2,10.5,0.27,0.41,9.8,32.0,20.3,9.7
12.9,67.7,8.7,0.2,1.06,10.8,9.8,5.0,6.7
13.9,46.7,3.3,0.89,2.8,39.4,18.4,15.3,92.8
34.3,44.1,7.4,0.66,1.93,24.5,9.7,36.7,49.7
28.3,50.8,2.1,0.18,0.37,2.0,13.0,27.9,14.7
23.0,37.0,9.1,0.26,0.78,7.3,5.6,26.3,5.0
11.8,64.2,1.2,0.12,0.39,11.6,18.0,6.2,31.5
10.8,80.6,11.4,0.32,0.43,10.3,20.3,17.1,14.1
26.3,33.7,3.5,0.32,1.2,13.4,30.7,34.6,45.1
36.9,40.3,2.0,0.15,0.13,18.0,11.8,35.3,23.2
25.1,68.2,5.7,0.87,2.4,36.0,24.8,18.8,88.0
29.8,47.5,10.5,0.71,1.85,24.6,33.2,35.1,56.5
10.1,50.2,7.8,0.87,2.68,39.0,18.7,10.2,74.4
14.2,28.9,3.1,0.15,0.28,7.5,25.0,21.9,16.3
10.8,39.2,8.3,0.55,1.32,22.8,28.0,23.1,44.6
24.4,83.9,4.4,0.57,0.8,22.2,4.8,20.6,43.2
19.0,42.4,9.5,0.16,0.14,9.5,8.8,28.0,5.0
11.6,42.7,10.1,0.24,0.19,14.2,15.7,15.0,5.0
17.5,49.4,8.7,0.3,1.02,5.9,9.1,24.5,7.3
20.0,46.0,3.4,0.28,1.16,16.2,16.4,24.5,38.6
34.5,34.0,1.9,0.98,2.93,40.8,31.8,44.8,106.6
25.4,36.3,7.3,0.29,0.22,15.8,19.8,30.1,16.4
16.5,48.0,10.3,0.69,1.77,27.9,16.4,26.9,48.2
24.9,29.8,1.8,0.67,2.03,25.4,9.3,26.2,54.6
32.7,64.1,6.6,0.99,2.81,45.0,10.7,29.3,83.8
25.5,60.7,6.0,0.52,1.74,23.5,10.1,26.9,40.8
31.7,73.9,1.3,0.71,2.22,31.0,8.4,31.6,78.3
27.5,83.3,5.5,0.95,2.71,41.8,4.3,23.5,80.0
16.9,67.6,5.1,0.34,0.85,14.0,5.5,24.1,24.9
16.1,38.8,6.2,0.65,2.06,26.2,7.4,21.6,49.0
18.2,65.9,0.8,0.3,0.19,10.5,10.2,19.0,45.8
32.2,40.7,9.3,0.17,0.02,6.3,17.2,38.2,5.0
29.6,61.8,6.3,0.83,2.06,39.5,32.0,30.4,82.2
25.9,42.1,10.2,0.4,1.4,18.7,8.9,31.9,17.5
10.4,35.2,1.6,0.69,1.36,28.1,31.4,15.7,74.8
26.8,61.5,8.4,0.88,2.66,38.7,4.4,29.6,70.1
34.8,73.0,11.4,0.43,0.82,18.1,9.6,22.1,13.0
18.3,72.3,11.6,0.47,1.21,17.3,33.7,21.7,40.3
32.8,26.1,3.6,0.43,0.61,14.9,12.7,41.7,33.1
32.9,34.5,6.9,0.88,3.24,40.5,29.5,37.3,89.2
27.9,47.3,0.8,0.96,2.9,38.5,7.2,35.9,96.3
36.0,39.1,5.8,0.18,0.81,13.6,34.2,34.8,28.9
16.8,32.7,10.8,0.83,1.98,41.8,5.7,23.6,42.2
13.9,77.1,6.4,0.67,2.86,33.3,29.4,12.6,82.6
14.5,47.8,8.7,0.36,1.21,12.5,9.8,21.9,29.4
37.4,75.2,3.3,0.39,1.34,17.4,14.6,29.1,39.2
22.5,70.8,1.7,0.77,1.67,29.8,11.8,16.2,77.8
34.3,71.5,8.4,0.96,2.71,34.9,7.2,32.7,72.7
36.9,33.3,5.2,0.57,1.61,24.8,18.0,41.1,56.1
37.7,31.0,11.4,0.92,2.42,39.1,14.7,38.4,61.3
26.5,83.7,11.8,0.37,0.95,10.2,23.8,22.2,28.4
13.1,43.2,10.1,0.58,1.78,30.8,7.6,25.6,34.0
11.0,32.5,6.3,0.29,0.78,5.9,11.8,23.4,18.0
20.8,82.3,4.0,0.46,1.25,18.1,6.8,20.6,46.6
20.9,44.0,1.1,0.16,-0.06,8.5,25.5,27.3,30.8
31.0,27.3,7.1,0.4,1.23,15.7,19.6,36.8,37.1
33.5,82.1,11.9,0.2,0.9,13.0,30.4,33.1,10.5
10.7,48.4,6.8,0.5,1.4,22.9,8.8,9.5,35.8
18.9,89.0,6.5,0.7,1.26,26.6,8.8,13.7,52.0
20.1,35.2,11.9,0.54,1.72,23.2,16.5,28.8,31.7
30.2,38.8,9.7,0.1,0.96,-1.9,18.4,42.5,5.0
35.2,71.1,9.7,0.74,2.41,25.2,28.2,26.6,62.7
14.3,49.7,1.4,0.17,0.15,7.2,31.3,23.6,36.8
13.2,30.1,9.5,0.44,0.9,17.6,5.5,23.4,10.5
30.7,56.1,7.0,0.44,1.68,19.8,12.1,37.3,38.1
35.7,29.0,5.3,0.65,1.81,21.7,31.5,49.3,55.6
10.1,73.5,7.6,0.93,2.71,38.8,27.2,9.7,91.9
23.2,28.2,3.4,0.78,1.57,31.9,25.5,35.6,76.9
22.2,68.5,9.4,0.23,0.63,11.7,8.4,23.5,5.0
37.0,52.5,1.0,0.92,2.4,41.3,19.6,33.9,100.3
14.1,55.9,6.1,0.85,2.75,33.4,7.5,19.8,72.6
28.4,51.3,3.6,0.53,2.17,31.3,32.7,27.1,70.5
14.8,59.1,9.2,0.96,2.81,46.6,34.7,22.2,88.9
22.0,84.9,2.5,0.24,0.94,6.0,9.6,21.2,26.3
37.4,63.9,6.4,0.86,2.72,38.8,32.8,37.9,84.6
22.0,84.8,1.6,0.77,2.14,37.0,6.5,23.0,82.0
25.6,88.0,6.1,0.64,1.85,24.8,28.9,25.1,71.6
11.7,40.9,6.2,0.2,0.71,7.0,17.5,15.5,12.9
19.5,54.9,7.5,0.81,2.78,30.2,20.6,28.0,68.8
21.9,31.1,7.6,0.77,2.19,36.1,17.0,30.5,64.4
37.3,54.9,2.9,0.76,2.72,28.2,30.5,30.7,86.3
27.0,41.3,9.9,0.32,0.78,16.0,25.8,32.1,18.6
16.0,40.8,3.3,0.18,1.02,13.1,24.6,24.0,29.2
34.1,67.3,4.8,0.36,1.34,19.8,5.9,31.4,31.8
32.5,47.1,4.0,0.19,0.54,5.2,30.1,30.3,28.5
32.8,85.1,5.1,0.18,0.47,13.0,12.8,28.7,26.7
27.9,87.2,8.8,0.75,1.99,31.6,4.1,23.8,52.2
21.6,71.9,6.1,0.98,3.36,41.9,23.5,19.1,102.8
14.0,43.4,1.5,0.83,2.6,34.6,17.6,28.1,84.2
33.1,86.6,11.8,0.24,0.66,10.8,15.8,29.2,16.9
17.5,80.9,6.7,0.99,2.64,47.4,22.3,19.6,102.6
19.2,69.3,2.9,0.49,1.52,27.3,34.4,20.5,67.0
30.2,66.5,4.6,0.59,1.91,26.5,5.4,31.2,50.9
10.2,55.0,4.8,0.45,1.32,16.2,32.7,13.0,56.2
13.8,53.7,10.4,0.61,1.31,16.3,19.9,23.5,33.0
16.7,62.4,1.4,0.53,1.11,22.0,14.5,19.0,58.7
10.1,84.2,4.2,0.69,2.12,24.0,31.9,7.3,74.7
18.3,29.5,1.5,0.92,2.31,38.9,21.2,27.5,94.6
17.6,40.5,11.9,0.88,2.47,42.7,9.9,18.0,59.3
15.5,59.1,1.0,0.93,2.65,41.8,31.7,18.1,109.6
37.1,38.8,2.3,0.11,0.63,7.6,27.5,43.8,25.6
31.4,66.1,10.6,0.84,2.19,32.3,28.9,26.6,69.7
34.4,81.6,7.5,0.47,1.65,23.5,4.6,33.9,40.2
15.3,57.0,2.5,0.31,1.09,5.5,11.2,22.2,26.5
27.7,48.6,10.7,0.84,2.01,37.5,8.9,28.2,54.2
18.1,37.3,2.3,0.96,2.18,36.9,31.1,29.0,97.3
30.5,47.3,1.5,0.84,2.55,46.1,15.6,32.0,92.8
22.9,66.8,2.0,0.7,2.2,30.4,16.4,24.4,83.4
25.4,85.1,11.9,0.86,2.21,35.6,19.6,18.3,64.5
33.9,28.1,4.6,0.21,1.08,12.2,15.0,43.7,24.4
12.0,38.3,11.9,0.33,1.21,7.1,26.8,21.8,18.6
28.2,56.2,1.6,0.25,1.17,14.6,5.1,29.2,37.2
17.9,84.7,10.6,0.13,0.67,1.5,11.7,15.3,5.7
22.7,75.1,7.2,0.76,2.36,29.1,5.7,21.5,64.0
32.8,70.4,9.2,0.15,0.56,10.5,12.6,34.8,14.3
24.5,62.8,0.5,0.84,3.02,37.5,16.7,32.1,96.8
14.7,83.9,4.8,0.85,2.52,32.4,22.6,21.7,82.8
20.7,56.1,3.5,0.71,2.32,23.2,15.3,20.4,73.3
28.3,87.5,6.0,0.36,1.0,11.0,16.6,26.3,41.4
33.0,69.4,7.4,1.0,2.76,50.3,19.9,31.8,88.1
27.6,54.6,0.6,0.41,1.15,28.5,19.5,27.9,60.8
23.2,53.4,6.4,0.83,1.83,37.4,8.4,20.9,63.5
30.7,42.7,6.0,0.3,0.85,11.2,33.9,28.5,38.1
17.7,56.8,1.9,0.63,2.01,26.7,26.1,16.5,70.5
16.8,65.4,9.5,0.74,2.53,35.4,6.6,20.0,51.5
13.9,59.6,6.3,0.37,0.99,16.7,6.0,12.2,25.1
16.0,77.2,6.7,0.64,1.65,31.7,23.9,20.7,65.8
37.7,27.0,6.4,0.35,1.07,18.8,9.2,35.6,18.8
28.2,25.3,0.7,0.91,2.38,39.6,4.8,26.6,82.9
22.9,65.2,6.2,0.38,1.63,9.8,26.1,21.9,39.7
10.9,29.7,7.8,0.98,2.41,43.5,28.6,10.2,85.8
21.2,69.8,3.6,0.95,2.76,37.6,27.8,23.0,100.1
28.6,35.3,4.2,0.94,2.47,43.9,33.3,34.5,98.9
13.8,40.4,11.7,0.95,2.55,39.0,28.8,22.1,71.7
19.2,46.5,7.0,0.76,2.36,33.5,6.9,21.1,60.2
32.7,39.9,5.5,0.72,2.27,33.0,33.0,35.6,76.6
18.9,58.9,7.3,0.26,0.96,9.0,15.1,20.1,23.2
29.5,43.2,3.5,0.6,1.73,31.7,9.2,38.4,55.5
28.2,53.2,7.0,0.53,1.74,20.5,18.0,31.8,44.0
23.7,37.2,1.4,0.54,1.7,22.1,20.1,30.3,61.9
24.0,71.0,6.0,0.69,2.21,33.5,21.9,27.3,67.7
26.9,31.7,3.4,0.43,0.98,30.1,4.6,32.2,34.1
21.6,64.8,5.9,0.38,1.05,21.0,27.9,27.4,40.3
36.6,50.1,12.0,0.9,2.07,44.0,7.3,37.4,47.8
10.5,28.7,0.6,0.53,2.1,15.9,20.0,19.0,60.5
34.1,72.7,9.7,0.57,1.71,27.1,26.9,30.6,49.3
16.3,38.1,11.8,0.97,3.04,39.5,26.6,21.6,76.7
36.3,36.7,9.2,0.23,0.36,2.8,26.7,39.9,6.9
23.8,47.5,1.2,0.23,0.19,12.0,33.2,25.0,44.7
28.0,72.6,9.6,0.28,1.27,21.5,23.9,27.7,32.2
25.1,85.6,7.9,0.47,1.35,25.3,5.9,21.1,43.8
22.8,39.8,5.0,0.27,0.93,15.6,30.6,26.3,38.7
21.6,75.2,7.2,0.15,0.2,16.6,10.0,19.7,10.5
27.8,25.9,1.4,0.2,0.89,5.0,13.5,34.3,29.5
19.1,52.6,3.2,0.23,1.03,13.5,4.2,19.2,26.2
31.5,59.6,2.4,0.14,-0.07,5.9,4.4,30.4,11.9
36.8,80.6,6.4,0.82,2.13,33.4,16.7,25.3,76.9
17.9,77.6,5.8,0.61,1.77,30.5,28.7,19.9,62.3
26.3,83.5,3.3,0.14,0.48,3.6,6.1,21.8,19.0
18.4,35.8,10.3,0.25,0.7,9.1,4.8,24.8,5.0
17.6,80.3,5.3,0.42,1.55,19.1,25.8,17.3,53.6
37.8,51.6,10.2,0.64,2.15,28.1,20.2,34.4,49.2
37.4,30.6,8.5,0.38,1.71,13.4,9.0,43.1,23.2
24.3,61.4,1.7,0.86,2.34,36.1,17.3,31.7,97.5
17.3,38.7,5.6,0.38,0.86,17.0,15.5,28.5,28.6
24.1,69.8,6.3,0.2,0.64,12.4,18.4,18.7,28.6
30.9,38.2,4.8,0.44,1.55,13.2,13.9,31.9,45.3
18.2,79.2,6.8,0.99,2.23,38.9,31.8,18.7,93.3
15.2,62.6,3.1,0.54,1.81,26.2,4.7,20.6,55.5
36.0,85.1,6.5,0.13,-0.08,5.4,19.1,31.5,11.8
34.9,43.0,3.1,0.92,2.66,49.7,23.3,41.2,108.2
22.9,54.9,0.6,0.85,2.2,42.2,14.0,24.9,92.6
14.1,59.9,9.1,0.35,0.65,16.3,19.7,13.6,21.3
25.9,82.3,5.9,0.59,1.48,16.3,13.3,22.6,51.5
37.1,32.8,1.7,0.82,2.32,42.5,31.9,44.8,97.0
10.2,76.0,10.6,0.51,1.04,25.6,26.1,7.3,34.7
27.7,68.4,1.4,0.48,1.48,14.6,4.6,24.4,50.6
12.0,53.1,11.6,0.33,0.38,15.9,20.3,9.6,8.3
17.7,89.5,2.9,0.79,2.72,24.5,19.2,15.9,86.6
15.3,35.9,5.2,0.24,0.67,19.3,10.8,23.8,24.4
31.2,49.5,8.4,0.47,0.98,21.9,26.2,34.7,42.4
31.1,42.6,6.9,0.29,0.51,17.6,17.5,36.5,22.4
26.8,25.5,11.2,0.45,0.96,13.2,27.2,37.8,20.8
21.7,70.3,3.7,0.26,1.04,13.4,31.7,24.2,45.1
27.0,28.1,3.8,0.55,1.19,35.8,27.8,34.8,73.0
28.2,58.9,5.3,0.36,1.5,12.9,5.9,32.1,27.8
25.7,88.3,5.1,0.48,1.11,18.0,34.4,18.1,59.7
12.5,82.5,1.5,0.53,1.27,23.2,25.8,14.3,64.6
25.3,82.3,10.6,0.53,1.82,24.2,13.2,28.7,38.1
26.1,87.5,8.7,0.29,0.49,17.3,17.0,19.6,26.4
16.5,56.1,9.9,0.9,1.6,37.4,9.2,24.7,52.7
35.3,58.6,6.8,0.22,1.02,-0.2,14.3,27.5,15.9
14.2,25.1,2.1,1.0,2.8,48.2,25.0,19.2,109.2
33.2,44.0,6.1,0.51,1.62,23.2,24.8,35.1,51.1
26.3,52.9,9.5,0.6,2.08,27.4,4.2,28.2,37.5
32.2,50.7,11.5,0.24,0.48,14.8,6.1,34.0,5.0
37.5,48.6,4.2,0.55,1.96,24.2,24.5,35.6,65.3
23.2,82.3,8.6,0.32,1.34,19.1,30.4,22.4,40.7
17.6,68.9,4.6,0.68,2.36,25.9,26.9,27.0,72.5
24.5,89.8,11.7,0.18,0.33,-2.4,23.9,18.7,5.0
16.1,38.3,3.9,0.35,0.87,23.3,5.4,24.6,30.6
24.4,76.1,1.6,0.24,0.34,12.0,26.3,24.1,47.2
22.5,44.4,2.8,0.17,0.1,3.9,22.8,32.2,15.2
16.4,42.3,9.1,0.56,0.93,22.7,4.4,17.1,26.6
27.8,44.5,1.4,0.84,2.53,37.4,20.7,29.0,87.1
33.9,57.4,2.6,0.98,2.73,55.7,31.1,37.4,116.9
16.8,49.6,10.7,0.28,1.29,10.5,26.8,24.8,15.8
29.0,54.2,1.5,0.63,1.75,33.5,22.7,26.9,74.9
37.6,25.7,6.2,0.85,1.82,37.8,12.8,42.3,70.9
34.6,34.3,2.3,0.93,2.58,45.4,15.4,40.4,89.8
25.1,52.3,5.1,0.9,2.65,45.0,30.7,29.3,98.0
16.3,42.6,2.0,0.26,0.87,17.2,7.9,24.5,33.3
30.9,48.8,2.8,0.66,1.95,25.7,27.5,35.4,74.9
27.4,66.4,11.1,0.76,1.52,29.7,10.9,24.0,48.3
17.2,41.9,6.0,0.78,2.5,40.1,18.8,24.6,82.5
19.9,55.5,9.3,0.22,0.24,11.5,33.4,27.2,22.1
26.8,85.3,9.9,0.19,0.72,12.8,9.8,31.8,5.4
24.1,39.6,4.5,0.77,2.67,33.3,33.1,32.0,84.4
30.2,70.9,11.3,0.71,2.09,29.3,17.9,29.7,51.0
14.0,36.9,9.4,0.46,0.57,12.6,20.4,22.5,21.4
24.4,63.8,9.2,0.31,0.65,11.5,25.9,17.4,17.8
34.1,25.5,7.5,0.88,2.23,47.1,24.0,34.0,77.1
15.7,31.6,5.9,0.3,0.94,8.0,10.9,18.6,21.5
34.8,52.7,9.8,0.96,2.89,42.5,14.4,40.1,80.1
17.9,41.2,0.8,0.28,0.7,13.3,9.5,25.9,28.4
13.2,52.7,9.7,0.45,1.45,18.2,18.6,21.8,30.5
37.7,64.0,1.5,0.27,0.54,12.4,10.9,34.0,39.5
18.6,89.2,4.8,0.16,0.97,9.8,31.1,20.9,38.5
32.6,30.4,4.3,0.28,0.68,6.8,32.4,38.5,32.0
13.3,78.5,2.2,0.9,2.6,39.5,7.0,14.1,90.2
27.4,69.2,4.3,0.47,1.37,30.9,20.0,21.7,56.4
37.4,71.1,6.4,0.56,1.83,24.8,10.7,34.7,56.4
34.0,79.5,11.7,0.38,1.59,11.8,4.9,24.7,11.8
20.7,71.6,9.4,0.48,1.8,30.2,10.2,17.2,42.1
32.3,37.3,9.1,0.28,0.62,1.1,27.0,37.7,9.3
37.3,82.4,1.6,0.79,2.5,30.6,29.9,28.0,99.0
13.1,57.1,10.0,0.28,0.63,7.2,26.5,13.5,23.5
36.2,53.6,4.2,0.39,1.18,25.5,20.2,43.4,48.9
24.7,71.8,4.0,0.2,0.69,9.1,34.3,23.0,35.1
26.8,31.7,6.7,0.5,2.08,30.2,14.7,28.7,47.8
36.8,64.6,6.1,0.46,0.91,21.6,28.9,27.7,48.2
28.7,88.7,7.3,0.78,1.95,37.9,13.0,22.5,78.3
30.9,58.0,2.2,0.49,1.02,13.5,20.3,34.2,48.4
12.4,60.8,8.1,0.62,2.2,27.9,22.3,16.0,58.9
14.4,64.2,8.5,0.37,1.17,11.5,21.7,13.6,32.9
17.9,77.5,9.7,0.14,0.39,9.9,20.3,22.4,5.6
13.2,49.6,8.1,0.31,0.89,8.9,4.9,30.0,10.9
31.5,67.9,4.1,0.89,2.95,31.8,17.9,33.5,94.0
20.3,86.5,8.6,0.7,2.13,23.5,6.5,19.7,55.7
11.3,88.3,9.7,0.42,1.59,21.2,8.9,5.0,33.1
18.1,64.1,3.5,0.4,0.76,14.1,12.3,16.9,37.9
24.1,62.5,7.6,0.13,0.19,4.6,31.5,29.5,19.8
25.3,71.4,11.4,0.68,1.95,39.8,20.5,22.5,49.6
32.5,52.7,8.6,0.31,0.94,10.3,16.7,38.8,17.3
29.2,88.7,1.8,0.74,2.25,29.5,30.8,24.6,101.1
34.9,43.2,9.4,0.26,0.46,13.5,12.0,36.6,6.3
12.8,77.9,0.9,0.35,0.68,15.3,18.7,16.6,51.3
12.9,75.1,4.7,0.87,2.87,42.4,8.0,8.7,88.4
11.9,83.8,9.5,0.74,2.3,36.1,13.5,13.0,60.6
27.8,25.5,1.1,0.6,1.18,18.5,18.7,45.3,62.4
16.6,32.2,4.6,0.99,2.4,41.0,19.2,22.9,87.5
32.9,66.3,4.5,0.24,0.85,7.9,22.9,27.2,40.3
36.1,70.7,3.7,0.75,2.09,35.5,31.9,34.1,90.1
14.5,83.2,5.6,0.54,1.42,27.9,28.4,13.7,68.3
12.4,86.1,5.6,0.35,0.93,16.0,10.9,9.9,34.2
13.8,59.2,5.3,0.65,1.91,31.3,33.2,15.7,72.0
35.8,57.2,3.4,0.21,0.67,8.4,23.5,36.8,31.5
24.7,87.9,9.5,0.25,1.09,22.3,4.1,21.8,17.8
16.5,48.5,2.2,0.51,0.92,28.0,22.5,19.7,57.2
12.7,33.4,0.9,0.17,0.24,11.5,6.1,29.3,20.5
14.0,46.5,3.2,0.26,0.98,10.7,30.9,17.5,36.7
36.9,57.7,0.7,0.21,0.55,8.8,34.4,28.6,48.9
34.9,63.0,5.0,0.72,1.83,32.2,7.1,39.3,58.8
34.8,43.6,9.1,0.4,0.9,14.7,18.1,38.7,19.8
17.8,80.2,8.4,0.79,1.96,41.8,14.5,15.1,66.8
35.1,31.5,3.7,0.71,2.2,27.1,17.3,40.1,66.9
31.0,56.0,2.2,0.7,1.97,36.3,18.8,25.2,70.8
28.1,44.0,11.5,0.86,2.66,35.2,29.3,27.3,66.6
31.3,83.7,4.6,0.71,2.44,25.2,19.1,28.5,67.7
21.0,71.0,2.8,0.6,1.3,33.0,18.0,18.5,64.6
26.2,47.6,4.1,0.7,1.9,33.5,13.4,27.1,66.7
26.5,44.7,0.9,0.44,1.26,22.6,16.0,29.3,53.6
19.8,80.8,1.1,0.68,2.3,35.1,7.9,13.8,81.3
13.1,89.7,3.1,0.25,0.34,5.1,4.2,5.8,26.7
25.4,79.7,9.1,0.7,1.68,38.5,5.0,21.3,56.2
27.6,43.6,10.7,0.83,2.62,40.3,31.5,29.7,69.7
26.6,49.2,0.7,0.64,1.86,31.8,33.1,31.3,85.5
32.2,77.8,9.8,0.51,1.75,28.3,32.5,31.9,57.1
17.5,67.7,3.7,0.27,0.16,15.9,30.0,19.4,41.2
31.2,69.4,6.4,0.29,1.07,7.6,7.9,29.2,18.0
34.0,32.2,8.6,0.66,1.66,31.9,25.8,36.6,53.3
23.8,27.5,10.1,0.53,1.28,23.1,27.7,29.1,44.1
20.5,72.7,3.4,0.2,0.43,11.8,9.8,20.1,25.6
33.6,89.0,11.0,0.56,2.17,30.1,33.7,19.8,59.0
19.4,46.1,11.1,0.53,1.97,22.1,26.0,34.7,40.7
10.7,46.1,10.2,0.81,2.55,32.9,33.6,14.8,69.8
22.3,48.3,6.9,0.43,1.23,16.3,11.9,22.6,31.1
18.1,83.6,0.9,0.97,2.85,46.8,19.2,19.6,112.7
27.1,56.0,9.3,0.4,0.73,18.2,13.5,22.9,21.1
29.6,72.4,1.2,0.13,0.14,-4.4,27.1,23.8,27.5
25.1,40.3,2.6,0.2,0.69,9.4,20.1,30.9,36.0
32.8,86.3,1.1,0.51,0.97,22.9,4.1,23.8,53.1
15.4,34.2,4.5,0.9,2.23,45.0,24.0,21.4,89.6
11.0,66.1,3.4,0.74,2.14,27.2,17.7,14.1,83.6
18.1,33.5,6.6,0.76,1.7,26.4,5.4,24.9,51.5
31.9,53.3,6.1,0.96,2.51,43.5,12.9,24.4,89.4
36.1,56.5,10.9,0.89,2.7,41.6,29.8,35.7,75.8
12.9,36.5,6.5,0.22,0.4,8.2,23.4,20.6,19.7
36.3,32.2,11.3,0.37,1.01,25.2,26.3,44.7,19.6
35.6,32.8,5.8,0.37,1.33,13.8,17.4,37.6,35.3
37.4,47.5,6.4,0.69,1.42,28.5,25.6,36.3,57.1
27.1,81.4,11.2,0.38,0.63,17.3,4.1,31.0,9.9
29.8,63.6,3.7,0.13,-0.15,3.9,9.9,33.3,8.6
26.4,25.8,7.1,0.11,0.9,7.0,20.7,34.0,14.3
11.4,62.1,11.9,0.79,2.34,28.7,34.4,6.6,68.9
15.3,66.3,2.6,0.82,2.32,33.6,5.5,20.3,76.8
21.4,67.1,10.3,0.23,0.36,5.0,5.3,17.5,5.0
23.4,45.3,7.9,0.32,0.74,11.9,23.3,27.0,17.7
13.8,81.6,10.8,0.75,1.96,31.3,32.2,17.3,64.9
17.5,58.1,4.5,0.81,2.3,40.4,18.0,16.5,80.3
15.6,86.1,7.4,0.12,0.65,9.3,16.1,11.2,17.5
31.1,46.0,6.1,0.58,1.83,23.2,26.6,39.5,55.1
14.9,62.1,2.0,0.64,1.23,24.8,17.5,16.8,67.6
27.3,82.2,6.4,0.74,1.55,37.5,17.7,19.6,66.1
18.7,44.5,10.8,0.25,0.69,16.5,20.4,30.8,11.2
13.5,41.0,3.9,0.13,-0.19,14.7,19.8,22.4,14.6
35.3,76.2,4.1,0.96,2.46,42.1,25.9,38.2,103.2
36.5,36.4,11.9,0.94,2.25,41.4,22.4,49.1,59.8
37.2,54.0,9.7,0.11,-0.04,10.4,16.7,41.9,5.0
30.6,50.0,10.8,0.47,1.74,27.0,18.0,34.6,27.8
25.3,79.6,2.2,0.95,2.79,39.7,27.2,21.0,110.0
20.7,86.5,2.5,0.74,2.37,34.7,11.2,16.1,75.9
34.4,32.2,4.8,0.93,2.26,45.9,17.4,39.4,87.3
22.1,49.8,2.4,0.7,1.35,38.9,31.7,27.9,81.5
33.8,50.2,11.6,0.97,2.7,42.0,28.6,38.0,80.9
24.1,73.2,4.1,0.86,2.35,26.3,33.4,19.6,94.3
28.5,73.2,10.5,0.82,2.24,35.5,9.6,25.2,54.0
23.8,88.0,2.4,0.42,1.06,21.8,32.1,10.5,65.3
10.9,77.6,9.0,0.23,1.0,4.8,24.0,13.2,18.9
13.6,89.5,3.4,0.56,1.86,17.9,14.7,5.0,56.8
12.5,81.4,11.9,0.88,2.7,43.2,15.2,11.2,61.9
29.7,59.8,4.1,0.46,0.95,23.1,15.1,33.6,40.0
12.8,68.0,9.7,0.33,0.74,6.8,13.1,20.7,14.4
22.0,64.4,11.6,0.68,2.11,30.1,31.5,26.1,57.8
26.0,65.5,5.3,0.92,2.22,42.0,6.3,19.3,82.6
33.0,86.8,3.3,0.47,1.17,22.7,22.5,19.8,56.1
33.4,61.8,10.2,0.12,0.15,8.0,11.0,30.5,5.0
30.9,30.0,8.6,0.62,2.12,33.7,12.7,40.5,49.2
10.7,60.9,5.0,0.68,2.22,33.8,23.1,17.0,65.4
14.3,39.2,6.2,0.36,0.34,13.9,4.8,18.4,15.5
35.1,49.2,4.1,0.63,2.08,22.6,30.4,41.4,71.1
35.5,85.1,0.8,0.31,0.94,15.3,30.6,23.0,58.1
24.1,51.8,1.3,0.88,2.36,47.8,33.3,25.8,100.5
34.1,72.1,5.3,0.58,1.89,30.4,31.3,28.6,64.8
19.5,36.4,7.6,0.3,1.02,16.0,22.3,27.6,30.1
13.6,41.9,1.0,0.87,2.54,41.7,30.8,22.7,102.6
21.9,56.9,9.1,0.25,0.43,14.5,34.1,22.5,28.3
12.1,85.0,5.7,0.48,0.52,15.3,18.0,11.5,44.2
19.8,84.9,7.5,0.5,1.11,19.8,26.6,16.1,43.5
26.8,60.2,5.0,0.58,1.65,23.1,32.1,32.7,67.2
15.4,63.6,9.8,0.76,1.95,37.4,32.5,11.2,69.7
16.1,34.7,5.8,0.7,1.91,31.9,25.6,25.0,65.5
12.3,50.0,1.7,0.11,0.27,3.1,21.8,15.9,24.2
28.7,64.7,9.5,0.97,3.23,48.1,6.7,31.3,84.1
32.9,32.0,7.3,0.38,1.35,18.3,26.4,36.1,37.2
22.9,47.2,5.7,0.29,1.33,12.8,5.7,27.8,27.6
29.7,81.6,1.1,0.81,2.27,40.0,33.3,26.4,109.2
34.3,30.3,3.4,0.62,2.23,21.9,19.6,40.4,67.3
24.4,63.7,1.9,0.9,2.45,46.1,27.7,23.2,106.6
26.9,83.8,6.9,0.89,2.37,37.5,18.4,22.3,86.2
17.8,87.8,0.6,0.99,2.91,43.0,5.7,11.3,100.2
26.4,73.5,9.9,0.88,2.36,48.3,25.6,25.3,79.4
23.5,40.9,9.0,0.99,2.79,35.3,33.0,29.4,78.8
21.7,37.4,4.2,0.74,2.13,29.7,19.3,25.5,71.5
27.7,55.0,7.9,0.9,3.02,44.1,34.5,31.2,92.7
12.9,76.3,4.5,0.55,1.12,24.2,28.9,17.1,59.9
31.4,56.3,6.1,0.58,1.89,27.7,16.0,35.1,53.0
19.4,30.6,4.5,0.63,1.69,17.0,22.0,26.7,53.2
11.0,73.9,5.8,0.85,2.36,34.3,16.1,9.6,74.9
26.9,38.7,5.2,0.98,2.71,45.1,28.3,35.9,93.4
37.8,85.8,11.4,0.95,2.7,41.7,14.8,32.0,73.3
16.0,80.1,2.4,0.43,1.39,13.5,30.4,16.6,60.1
21.6,50.0,11.0,0.61,2.01,31.1,5.1,23.4,32.3
18.7,30.1,1.8,0.92,2.32,53.6,33.6,29.0,113.4
22.4,67.8,9.2,0.16,0.54,11.0,25.0,24.1,11.1
23.8,87.6,4.3,0.66,1.51,25.3,17.6,22.0,66.0
34.5,80.4,7.1,0.18,0.49,0.6,16.6,25.1,5.0
23.9,30.6,9.4,0.58,1.58,21.9,17.4,28.8,38.2
12.2,84.9,2.0,0.12,0.67,4.6,23.1,15.3,34.8
33.6,54.2,3.2,0.46,1.23,11.6,23.2,34.0,50.3
31.6,64.1,1.4,0.91,2.08,37.7,14.9,36.5,93.5
10.4,41.8,3.6,0.49,1.5,23.2,26.6,17.2,63.3
27.6,26.3,8.0,0.38,1.1,24.1,14.4,35.4,24.5
15.7,50.4,2.1,0.96,3.15,51.3,7.7,26.9,96.7
18.6,83.6,3.6,0.72,2.44,34.9,28.6,16.2,88.9
37.2,77.1,4.9,0.39,0.55,26.2,18.6,32.5,38.0
27.7,25.2,5.6,0.46,1.56,15.7,22.9,28.4,43.8
25.2,71.0,2.7,0.22,0.31,12.1,19.2,23.1,35.0
21.5,48.7,11.1,0.94,2.99,50.5,8.4,17.3,62.5
35.5,56.3,1.3,0.98,2.45,46.5,8.5,40.5,97.9
35.5,53.3,11.1,0.38,0.74,13.0,9.8,42.6,5.1
20.3,59.6,1.7,0.45,1.7,17.5,20.7,20.8,56.2
12.2,67.9,11.3,0.21,0.74,8.9,32.4,9.5,16.2
32.7,25.4,10.7,0.29,1.19,10.0,31.4,40.4,22.9
20.0,68.3,4.5,0.76,1.63,27.2,32.0,15.2,85.1
21.8,61.9,9.3,0.28,1.24,12.9,30.3,23.2,24.7
23.6,28.7,2.0,0.68,1.88,26.8,12.0,26.0,66.1
11.4,59.8,5.1,0.22,0.04,6.5,27.9,14.7,22.7
35.0,37.3,5.1,0.5,1.74,29.7,15.4,39.6,50.4
23.3,47.5,4.1,0.3,0.24,13.7,17.2,32.6,30.1
35.7,50.1,1.9,0.53,1.73,15.7,32.8,35.1,74.9
19.8,35.0,1.3,0.3,1.1,12.7,13.6,31.1,37.1
15.1,60.2,4.5,0.6,1.65,33.6,14.4,20.5,66.4
14.1,50.4,8.8,0.48,1.25,18.6,10.8,23.0,23.9
17.3,73.8,2.3,0.92,2.77,43.6,30.5,15.0,106.3
11.1,28.7,6.8,0.11,0.26,4.6,18.7,22.3,10.7
32.2,42.1,3.3,0.37,1.0,17.4,15.2,36.2,48.7
30.3,38.0,9.2,0.49,1.23,27.5,5.8,34.9,30.4
16.3,48.1,8.0,0.92,2.63,38.5,31.6,18.0,98.7
13.0,31.9,6.5,0.21,0.76,14.0,28.2,27.1,30.2
13.8,46.2,7.3,0.52,1.54,28.7,32.9,19.2,54.7
19.8,46.5,3.3,0.97,2.79,47.4,19.2,16.7,102.4
14.2,77.0,6.0,0.85,2.48,41.3,22.9,7.0,84.6
13.3,49.0,3.2,0.83,1.86,39.1,31.9,17.1,93.1
18.1,88.2,6.6,0.44,1.01,18.9,9.1,8.2,35.1
21.0,72.8,7.6,0.42,1.5,13.6,27.3,19.4,44.1
27.8,63.7,9.3,0.25,0.47,10.2,26.4,30.5,16.6
19.6,70.5,8.1,0.98,2.77,45.4,18.8,17.2,78.6
33.4,57.3,6.9,0.79,2.35,36.6,33.9,32.3,84.7
36.6,43.3,12.0,0.43,1.36,19.0,21.1,36.7,24.4
10.0,39.8,2.6,0.15,-0.25,9.1,19.3,18.2,22.1
16.7,60.9,8.2,0.49,1.53,15.5,20.0,22.4,42.5
32.0,72.8,10.0,0.22,0.62,7.6,25.2,33.4,15.7
10.4,71.4,9.2,0.73,1.96,32.5,5.9,16.1,56.2
28.7,46.9,2.1,0.25,0.51,15.7,13.7,35.8,35.6
38.0,65.4,6.3,0.93,2.87,42.2,24.5,33.6,90.2
26.9,85.7,0.6,0.54,1.9,28.3,34.8,14.7,94.2
31.9,82.4,1.7,0.94,2.46,32.0,27.7,31.5,99.6
22.6,64.3,5.1,0.81,2.34,43.9,23.7,23.8,85.7
16.1,84.0,9.9,0.66,1.49,23.0,16.1,11.4,43.6
27.0,76.4,8.4,0.42,0.99,25.7,6.8,26.0,24.7
36.9,25.7,9.8,0.25,0.38,4.5,32.9,41.4,6.7
29.4,52.6,4.0,0.2,0.92,17.7,16.2,28.4,29.1
28.8,84.3,9.6,0.52,1.52,33.4,17.4,28.6,41.2
17.5,34.1,1.6,0.37,0.76,14.3,13.2,20.2,36.3
13.3,64.2,5.2,0.73,1.94,35.1,18.7,14.8,78.3
26.1,26.3,4.2,0.68,2.04,34.9,26.0,32.9,76.1
22.1,35.0,1.2,0.78,1.95,33.9,16.3,32.1,73.4
32.0,47.7,1.7,0.42,1.17,14.0,21.6,31.1,55.5
17.1,81.4,1.5,0.27,0.27,12.1,31.1,7.0,51.4
22.4,45.7,4.9,0.49,1.81,15.3,26.7,18.6,53.5
17.9,80.7,11.9,0.68,2.74,30.6,14.9,14.3,50.6
30.7,30.1,1.1,0.3,0.71,18.4,16.3,38.2,33.9
15.2,49.1,9.8,0.86,2.59,36.8,8.9,24.1,57.9
24.4,51.5,3.3,0.41,1.35,17.9,15.7,36.4,39.6
22.0,70.4,2.2,0.42,1.41,28.5,6.8,19.3,52.9
17.4,84.6,9.9,0.24,0.65,12.3,23.5,10.5,20.9
32.6,52.2,6.3,0.43,1.0,24.2,4.3,33.9,27.9
32.6,61.8,7.9,0.98,2.37,48.2,10.9,30.0,75.2
11.3,81.7,1.0,0.32,0.6,19.8,14.5,6.5,51.3
13.2,59.9,6.1,0.72,2.1,21.4,16.0,19.0,64.8
10.3,38.3,10.1,0.52,1.01,29.7,34.8,17.8,42.3
32.5,71.1,4.4,0.86,2.57,41.5,25.8,30.7,92.0
11.6,48.4,1.9,0.92,2.29,41.5,28.4,13.4,103.8
20.7,33.9,1.7,0.89,2.16,45.4,7.9,22.2,85.5
12.9,52.2,10.5,0.42,1.2,19.8,29.8,20.7,32.9
20.2,75.5,1.7,0.63,1.41,30.9,21.2,23.3,77.2
15.0,86.9,2.7,0.15,-0.02,-5.5,20.4,11.4,20.2
33.9,49.3,9.6,0.6,1.32,21.7,27.8,37.1,40.1
29.7,73.7,1.4,0.38,1.09,26.6,22.1,24.5,56.1
22.7,50.8,0.6,0.43,1.02,24.2,31.0,22.5,66.4
14.0,49.4,1.7,0.15,0.27,6.1,4.4,18.4,20.3
37.8,77.3,7.9,0.56,1.62,26.6,28.0,33.5,52.1
12.2,41.5,11.5,0.21,0.52,13.0,34.4,21.8,11.5
25.4,70.9,9.9,0.4,0.97,15.0,16.4,30.1,22.4
27.6,38.5,10.4,0.75,2.37,37.2,4.2,31.0,47.3
34.5,64.8,8.6,0.2,0.77,15.0,32.9,34.8,20.7
19.7,82.2,9.3,0.43,1.27,33.6,19.9,17.3,42.3
32.7,41.3,10.1,0.17,0.48,7.5,29.5,30.3,15.4
18.7,40.7,1.6,0.45,1.71,18.9,20.4,25.2,64.1
23.7,32.2,11.8,0.76,2.04,33.9,24.7,22.2,46.1
10.6,74.3,2.3,0.47,1.79,16.4,19.2,13.5,64.4
28.3,75.7,5.8,0.19,0.23,8.1,7.9,26.6,7.1
17.0,62.3,4.1,0.73,1.9,35.5,4.7,23.0,66.8
25.0,32.5,11.8,0.89,2.85,44.9,9.7,29.3,51.3
22.3,81.7,5.5,0.79,2.24,25.8,15.1,27.6,71.7
13.4,78.8,7.3,0.44,1.65,16.9,31.8,18.0,51.4
19.1,29.3,3.1,0.55,1.28,24.7,12.2,22.7,46.6
13.7,42.6,5.9,0.38,1.05,14.0,25.5,20.9,28.8
33.9,48.7,2.7,0.34,1.22,7.3,24.1,32.9,37.5
16.1,64.4,10.6,0.48,1.51,12.8,19.2,12.7,30.4
28.7,33.4,9.9,0.91,2.23,40.2,33.5,30.3,75.1
34.7,34.4,7.3,0.96,2.5,40.0,31.8,45.0,84.0
30.9,46.2,3.1,0.52,1.5,25.3,32.9,31.7,69.2
29.3,82.6,4.6,0.97,3.12,41.4,21.2,20.7,105.6
21.7,74.7,4.6,0.82,2.52,36.1,26.8,22.4,94.5
26.8,62.6,2.5,0.76,1.47,41.1,18.3,27.6,84.2
14.3,51.5,9.6,0.61,1.54,21.8,21.2,14.5,39.5
26.7,37.8,2.2,0.86,2.22,37.6,8.4,23.9,81.9
14.6,71.6,11.2,0.37,1.09,13.7,18.5,17.5,19.8
24.7,36.2,7.3,0.25,0.59,10.5,11.1,30.8,5.6
13.2,41.2,8.6,0.49,1.96,19.3,15.0,12.7,37.6
24.0,34.2,4.6,0.96,3.09,38.5,21.3,30.9,94.9
32.9,48.8,2.9,0.89,2.6,46.8,34.3,27.9,108.3
12.5,55.5,6.5,0.83,2.42,43.3,30.6,18.4,84.9
31.7,71.9,9.4,0.59,1.68,27.7,32.2,29.6,56.0
22.0,30.2,3.8,0.85,2.58,35.5,17.6,24.4,85.1
18.6,42.4,4.1,0.61,1.62,30.0,28.9,25.3,66.6
13.3,35.8,2.7,0.75,1.74,47.0,24.1,19.3,87.1
36.5,28.4,7.1,0.27,0.32,14.0,30.2,51.5,9.9
30.3,89.0,4.3,0.65,1.84,28.0,6.4,26.4,67.0
11.3,72.7,4.1,0.43,1.22,26.1,27.7,16.2,57.7
11.6,51.9,10.6,0.84,2.36,33.6,19.9,12.0,61.4
31.8,65.6,4.7,0.68,2.19,30.8,12.4,28.3,58.3
35.4,75.6,4.0,0.41,1.01,17.6,19.8,34.9,46.0
36.3,36.5,11.3,0.53,1.3,28.2,18.1,38.6,32.2
35.7,60.0,2.8,0.24,0.25,17.0,16.3,42.0,39.6
20.8,42.8,2.8,0.34,0.67,20.8,33.4,22.0,58.3
24.4,88.5,11.8,0.71,1.41,25.7,12.7,16.0,41.0
22.8,80.8,7.4,0.88,2.39,34.8,17.8,28.6,82.2
27.6,58.1,11.7,0.34,1.22,28.6,24.2,34.6,28.1
15.2,83.3,6.7,0.23,0.84,10.8,33.9,18.1,38.1
14.7,27.4,11.4,0.37,0.31,14.2,9.2,24.6,5.0
21.8,83.7,1.9,0.12,-0.15,4.8,16.5,16.4,29.8
24.3,63.6,4.1,0.67,1.98,31.8,23.3,24.8,69.3
22.2,29.3,10.3,0.98,2.38,40.7,14.9,30.9,67.1
20.6,56.0,9.5,0.71,1.78,36.8,19.4,23.0,57.3
16.0,29.9,1.5,0.2,0.33,11.6,19.7,27.0,31.8
33.6,76.8,10.9,0.85,2.35,40.0,22.7,29.6,78.5
16.6,55.6,3.7,0.52,0.91,24.9,8.5,12.8,45.7
18.7,57.2,1.7,0.78,2.15,37.4,11.8,19.4,77.4
15.4,57.8,6.7,0.33,0.96,19.9,9.1,14.9,28.7
35.5,30.8,3.4,0.11,0.36,2.7,15.8,39.6,14.0
27.4,66.6,4.9,0.97,2.8,42.2,29.8,27.3,105.2
32.2,62.1,1.6,0.3,0.59,7.8,13.4,38.7,34.6
17.1,39.5,2.0,0.87,2.42,50.4,19.5,22.4,94.0
17.5,45.1,2.6,0.21,0.14,7.0,17.1,30.1,31.8
14.2,87.8,9.9,0.46,1.58,23.0,8.9,11.3,34.0
12.2,47.6,3.1,0.14,-0.23,2.9,34.5,14.8,25.9
14.4,88.8,8.0,0.35,0.86,19.9,19.6,6.4,36.9
14.6,59.3,9.7,0.45,0.88,19.6,17.7,18.8,28.3
12.6,75.3,4.1,0.98,2.74,47.0,27.4,9.6,114.2
20.7,86.5,0.6,1.0,2.91,36.2,9.2,27.6,108.7
20.4,76.2,9.6,0.79,1.99,30.0,15.4,19.2,55.2
28.1,72.2,10.2,0.25,1.1,14.7,27.4,21.0,20.8
21.5,46.8,9.7,0.98,2.89,49.6,16.4,24.5,81.6
13.3,71.3,11.2,0.22,0.84,6.6,32.5,9.5,19.4
21.7,56.0,3.8,0.77,2.15,36.0,5.3,20.0,63.6
33.1,88.8,9.0,0.65,1.48,32.4,15.5,26.4,53.9
31.5,72.8,2.1,0.18,0.36,10.7,15.1,30.2,35.6
13.7,67.3,2.6,0.77,2.27,38.8,30.0,14.5,92.0
36.1,57.3,0.6,0.29,0.53,13.6,33.4,42.1,54.2
35.1,52.5,5.6,0.99,2.78,44.1,21.1,38.2,88.3
11.3,25.6,4.0,0.11,0.48,14.0,25.5,17.5,23.4
33.3,45.1,9.6,0.36,0.52,13.6,9.2,37.2,5.4
34.4,67.1,4.3,0.71,2.0,35.4,29.6,25.9,79.5
32.4,42.6,8.5,0.85,2.53,43.5,20.0,36.0,66.5
10.6,53.6,7.8,0.63,1.64,17.5,17.7,15.1,48.6
28.4,76.3,1.2,0.4,1.21,12.1,32.4,26.2,62.7
29.5,82.2,5.5,0.41,0.95,10.4,32.1,28.4,52.2
24.2,28.0,7.9,0.33,0.95,22.4,25.1,31.3,25.7
34.3,71.8,2.6,0.64,1.68,37.1,20.3,19.9,73.8
16.5,71.6,5.9,0.9,2.6,47.8,31.0,18.4,96.0
14.3,84.2,4.0,0.36,1.09,11.4,14.5,15.1,36.2
17.1,45.0,8.2,0.25,0.86,13.4,13.5,24.5,11.8
25.2,71.9,4.8,0.23,0.76,8.4,8.6,20.1,19.4
31.6,33.2,9.9,0.2,0.85,15.4,7.8,35.7,6.7
23.6,37.5,3.1,0.67,1.99,34.6,20.1,26.2,77.7
36.0,31.2,10.5,0.7,2.1,36.6,14.4,41.0,51.6
34.4,84.6,1.0,0.88,1.89,39.1,11.7,28.9,94.8
21.6,31.2,8.7,0.65,2.05,23.3,22.3,23.5,49.2
32.4,46.6,6.5,0.87,2.27,42.4,26.6,37.9,85.6
32.8,41.6,7.2,0.67,1.53,29.1,32.7,38.1,58.8
20.9,54.3,6.6,0.93,2.59,47.0,21.5,22.7,86.3
26.9,70.6,1.5,0.37,0.77,22.2,31.9,19.1,60.3
27.8,46.5,1.1,0.86,2.51,35.2,23.4,32.0,101.1
19.5,63.7,0.7,0.62,2.02,33.4,7.6,21.7,76.4
11.1,70.6,8.5,0.79,1.99,40.5,30.5,7.7,73.8
11.5,44.7,3.7,0.61,1.17,23.7,6.4,17.5,51.3
11.9,44.3,0.7,0.73,2.01,25.2,21.5,17.1,80.5
20.6,37.4,5.4,0.67,2.11,30.9,10.9,32.6,63.3
14.5,79.6,6.5,0.21,0.35,10.3,22.6,13.6,20.7
27.0,29.4,8.8,0.28,0.45,3.7,24.1,33.8,13.9
22.6,57.4,2.3,0.26,0.59,15.3,32.2,30.9,42.1
32.1,77.9,10.6,0.8,2.2,29.1,9.0,32.2,50.9
20.0,86.0,1.2,0.58,1.42,27.5,12.6,12.3,66.9
25.6,73.5,0.5,0.94,3.35,43.1,26.4,29.1,120.8
19.5,57.4,5.1,0.71,1.71,32.1,23.0,24.2,70.5
12.7,39.1,10.4,0.41,0.83,28.9,25.0,20.5,27.3
15.7,33.3,10.8,0.29,0.55,13.5,34.8,30.3,11.0
11.2,65.1,8.6,0.52,1.97,27.1,8.7,13.6,40.0
13.6,73.9,2.8,0.71,1.58,37.0,33.7,9.9,87.4
25.3,51.7,10.8,0.53,1.79,20.4,12.7,33.4,33.8
20.0,79.6,5.9,0.89,2.99,33.0,20.0,17.2,84.3
22.4,66.8,2.3,0.69,1.38,25.7,23.0,21.9,73.6
27.9,43.9,11.9,0.84,2.49,36.6,10.1,29.5,44.6
18.9,86.4,4.1,0.2,0.14,15.3,33.7,13.7,38.3
20.2,59.3,7.4,0.54,1.72,35.4,11.9,24.8,54.2
14.9,39.7,6.0,0.52,1.84,29.9,29.5,17.2,59.2
31.3,60.4,10.7,0.62,2.22,31.6,10.2,24.1,44.2
29.9,83.8,5.3,0.92,2.91,47.3,13.8,29.2,88.0
37.3,36.7,4.0,0.64,1.7,27.6,14.8,46.5,60.6
12.0,40.7,0.9,0.43,1.34,16.4,10.0,16.9,45.1
25.7,51.6,8.7,0.97,2.76,54.7,5.3,29.2,81.7
11.2,75.7,5.1,0.8,2.17,38.4,4.1,11.9,72.9
28.4,79.3,2.2,0.92,2.76,42.7,6.6,22.4,96.2
19.2,89.5,7.5,0.41,1.23,17.9,33.7,10.4,52.9
23.8,87.5,6.0,0.88,2.42,36.4,34.4,22.9,98.6
19.2,85.8,8.7,0.67,1.58,32.1,21.2,19.4,53.3
27.2,56.3,9.0,0.85,2.45,40.0,10.6,26.1,53.6
36.9,62.0,6.9,0.66,1.85,23.0,13.3,33.4,54.1
17.6,37.5,3.3,0.79,2.5,43.5,15.8,28.8,88.7
33.6,89.2,2.5,0.33,0.6,20.8,12.7,28.7,42.9
10.3,65.4,7.6,0.34,0.84,18.5,23.3,10.8,29.1
22.1,59.2,10.7,0.44,1.2,24.7,25.3,19.0,35.8
27.0,36.0,6.1,0.72,1.92,32.1,29.1,37.3,61.5
19.0,50.0,7.8,0.76,2.18,34.1,20.2,23.0,66.3
10.9,74.0,4.7,0.69,2.38,29.3,11.2,12.8,76.8
27.1,75.0,10.1,0.73,2.02,29.7,24.9,30.6,57.4
24.4,51.0,10.6,0.18,0.33,8.5,18.9,32.2,5.0
37.7,49.4,7.4,0.26,0.61,19.2,34.6,35.9,34.4
31.3,59.9,2.4,0.79,2.68,34.3,32.7,29.0,99.3
21.6,50.6,5.2,0.73,2.16,37.8,21.0,28.4,72.5
36.7,68.4,11.8,0.68,1.36,32.4,9.5,28.3,43.1
22.7,65.9,3.8,0.39,1.74,15.7,6.3,28.6,49.0
14.9,27.1,8.2,0.55,1.16,27.8,4.6,28.0,31.9
18.7,51.1,1.6,0.57,1.5,26.5,6.2,20.3,55.0
12.1,26.5,11.8,0.24,0.19,23.8,4.1,27.6,5.0
36.1,82.5,6.0,0.22,0.22,8.7,6.0,28.2,14.9
28.3,57.6,4.6,0.65,1.85,31.2,20.0,33.4,70.7
28.8,77.4,8.8,0.77,2.31,37.8,12.5,27.1,58.3
12.7,34.6,3.6,0.52,1.72,17.1,30.9,24.1,59.2
17.6,59.7,3.7,0.21,0.78,9.5,5.7,18.1,23.5
18.2,54.1,3.2,0.3,0.65,14.0,4.9,30.4,25.7
36.5,57.7,10.0,0.72,2.3,23.9,17.8,35.6,59.8
13.5,79.4,2.2,0.45,1.67,16.2,30.7,16.2,65.9
15.4,61.3,0.9,0.36,1.0,11.3,27.0,28.7,52.6
20.8,43.1,9.2,0.15,0.09,5.0,15.1,23.8,5.0
35.5,89.1,1.9,0.5,1.55,19.7,7.3,27.7,56.6
10.1,30.2,11.6,0.85,2.04,29.2,22.7,21.1,53.7
24.2,85.7,11.6,0.21,0.69,10.9,20.8,17.2,5.0
16.1,32.1,1.9,0.78,1.81,40.2,20.7,24.3,79.2
37.4,50.7,3.9,0.5,1.47,21.4,31.5,42.5,60.7
12.2,49.9,2.3,0.4,1.36,24.2,7.7,17.2,47.8
24.5,49.3,4.0,0.65,1.78,36.0,19.5,25.6,74.8
18.5,51.5,0.7,0.89,1.83,43.8,13.6,26.5,88.9
18.8,88.9,1.2,0.31,0.81,14.9,4.3,13.3,39.6
12.8,80.4,1.5,0.51,1.0,27.1,32.6,16.8,74.2
35.3,38.7,5.1,0.67,1.41,29.7,34.7,40.6,72.9
28.5,70.2,4.7,0.55,2.01,27.7,34.0,24.2,76.8
27.1,67.1,3.4,0.34,0.57,18.0,33.0,25.1,54.7
22.0,76.4,8.6,0.69,1.82,37.7,4.4,18.2,51.5
37.9,53.2,6.0,0.62,1.91,25.3,21.1,25.8,59.6
12.6,89.0,2.8,0.74,2.39,34.6,20.9,17.6,84.9
13.3,63.4,11.2,0.94,2.54,44.5,33.7,19.9,78.7
14.8,44.2,1.4,0.6,1.3,29.2,6.0,22.9,57.8
11.8,35.1,4.5,0.67,1.82,32.6,8.2,20.5,54.9
11.2,29.8,10.4,0.5,1.24,20.4,29.7,23.3,36.4
17.2,68.1,3.0,0.37,0.96,12.1,25.0,20.5,47.5
20.7,73.9,5.1,0.51,1.96,19.9,25.8,16.2,66.3
26.0,43.5,1.5,0.81,2.43,38.8,29.5,24.5,95.3
21.0,72.2,2.6,0.48,2.06,21.4,10.2,19.0,55.8
11.6,33.7,4.0,0.25,0.72,10.4,31.5,21.0,36.6
31.9,81.7,1.7,0.59,1.59,34.5,8.0,33.9,67.4
25.9,63.0,5.9,0.65,2.0,32.6,16.2,25.7,63.8
12.1,49.4,10.5,0.85,2.31,37.4,22.5,15.3,62.6
21.3,44.0,5.0,0.63,1.26,28.8,22.5,30.6,53.1
29.0,78.8,11.8,0.11,0.18,-1.2,30.5,27.6,5.0
27.7,84.2,2.0,0.64,1.97,24.6,32.3,24.9,76.0
19.3,35.7,6.8,0.94,2.4,39.0,32.9,23.3,93.5
23.3,50.5,4.9,0.25,0.26,11.8,6.7,23.8,18.8
16.3,63.1,7.9,0.55,2.19,26.5,8.0,18.4,43.5
28.3,71.1,5.2,0.98,2.69,41.1,27.9,28.9,98.9
27.8,84.2,4.0,0.49,1.49,25.5,34.1,26.2,67.1
22.6,74.8,10.7,0.97,3.16,42.3,29.1,13.9,86.7
37.1,52.6,10.1,0.82,2.14,39.1,35.0,33.9,70.7
31.1,62.3,6.0,0.94,2.97,44.7,25.4,26.0,99.1
29.3,39.0,6.0,0.77,2.16,28.6,20.7,34.1,68.1
28.2,50.8,3.0,0.99,2.55,41.5,30.6,28.9,110.2
28.5,76.5,8.3,0.99,2.78,47.5,9.4,24.7,84.5
15.7,39.7,7.1,0.91,2.3,36.6,30.8,24.4,83.4
29.4,83.1,8.4,0.92,2.74,42.7,26.2,28.9,98.0
13.2,79.4,4.5,0.52,1.16,15.3,15.5,13.7,48.0
19.0,36.5,2.5,0.95,2.76,48.1,5.2,26.2,91.8
17.3,68.8,1.6,0.3,1.42,15.9,16.7,21.6,52.4
10.9,81.9,7.7,0.87,2.28,50.4,27.6,12.7,89.1
22.7,29.9,5.4,0.18,0.75,11.9,25.2,23.1,31.2
30.2,65.1,12.0,0.2,0.45,12.8,6.4,27.0,5.0
30.0,74.1,1.0,0.94,3.03,37.0,13.2,26.7,106.3
31.8,61.8,6.9,0.22,0.19,11.0,33.9,31.4,25.2
29.3,85.4,0.7,0.9,2.63,43.4,12.3,20.4,104.5
34.0,40.1,10.5,0.38,1.27,12.5,14.4,33.9,8.4
20.5,61.4,9.3,0.73,1.85,37.1,17.3,19.1,50.9
27.9,77.2,5.7,0.74,2.37,28.0,21.1,29.6,72.5
33.3,66.8,8.3,0.9,2.85,34.1,19.4,33.2,79.5
34.5,37.6,6.1,1.0,2.54,52.6,33.1,33.4,101.0
27.2,45.5,9.9,0.29,1.06,19.2,31.2,25.0,33.4
36.7,54.2,0.6,0.3,1.01,13.8,8.6,34.8,41.7
31.7,52.7,6.8,0.39,1.04,14.5,28.4,30.7,37.3
26.3,71.0,5.5,0.78,2.19,39.5,9.7,27.6,66.7
23.2,38.5,1.1,0.43,0.75,20.0,22.1,26.4,51.3
36.8,67.4,0.7,0.25,0.77,10.1,32.8,43.1,56.4
14.0,67.7,2.3,0.89,2.6,36.4,5.2,19.1,94.8
22.8,75.1,11.2,0.55,1.45,17.0,20.5,24.0,38.4
21.3,70.1,4.9,0.18,0.24,4.6,5.8,17.6,5.7
36.2,65.9,7.4,0.34,0.89,9.3,18.9,29.2,25.1
20.9,72.9,1.1,0.98,3.34,53.0,33.6,22.8,122.6
23.7,77.3,3.1,0.81,2.58,44.3,6.6,25.9,78.2
28.9,70.7,2.3,0.31,0.63,17.9,5.9,31.1,37.1
35.9,44.5,3.7,0.47,1.59,17.6,22.7,41.8,54.6
14.2,80.4,8.5,0.55,1.46,27.2,23.8,12.6,48.5
24.6,86.0,10.5,0.24,0.86,6.0,20.4,16.3,17.1
18.5,44.0,10.3,0.48,1.72,24.2,23.8,20.4,28.6
24.6,26.8,7.9,0.54,1.31,29.3,26.8,38.3,46.8
36.1,53.0,9.9,0.36,1.0,18.3,24.8,39.8,23.8
22.9,81.6,3.0,0.13,0.17,2.3,15.5,19.8,17.7
36.0,64.4,10.5,0.52,1.16,30.4,6.2,38.3,28.0
26.9,27.2,12.0,0.64,1.72,28.6,7.7,34.9,32.3
23.3,45.2,7.0,0.97,2.9,35.7,9.9,29.0,74.8
12.5,40.2,1.2,0.47,1.05,17.5,32.7,24.2,60.5
28.0,32.7,3.3,0.65,1.5,35.8,4.1,28.7,51.2
25.9,52.0,10.3,0.96,2.96,46.3,27.4,34.1,90.2
17.0,45.6,11.7,0.83,2.59,35.0,8.0,20.0,55.9
20.9,53.0,2.3,0.99,2.9,47.0,23.3,26.2,114.6
20.9,86.0,4.4,0.4,0.53,21.5,14.3,22.1,44.8
16.8,74.1,5.7,0.7,2.0,25.2,4.9,19.0,62.1
19.1,47.7,1.3,0.29,0.62,10.6,6.9,21.8,33.5
31.7,70.6,6.0,0.79,2.27,30.6,28.0,28.9,78.6
33.5,61.5,6.2,0.7,2.2,30.5,7.1,28.8,66.0
32.5,58.1,6.0,0.35,1.01,17.4,6.1,40.2,26.6
24.0,73.6,4.2,0.67,1.67,20.9,19.7,27.3,63.7
15.7,32.3,5.4,0.84,2.23,28.0,29.9,23.3,73.9
21.0,32.4,10.2,0.84,2.23,42.8,13.9,33.2,64.3
25.4,49.0,5.7,0.47,1.55,21.0,31.6,22.7,54.5
10.9,83.5,5.9,0.52,1.31,24.0,25.0,12.4,57.3
30.8,53.1,11.9,0.77,2.45,37.5,26.9,28.4,60.9
23.4,55.2,2.3,0.44,1.43,14.3,7.4,36.0,47.1
12.9,79.9,11.0,0.43,1.1,15.7,10.6,13.7,22.8
31.4,70.1,10.5,0.91,2.13,44.5,11.7,32.3,65.3
21.0,33.0,3.7,0.18,0.49,10.9,8.9,30.7,14.9
13.0,68.4,1.2,0.57,1.62,18.3,24.6,12.4,71.0
18.2,73.6,4.5,0.67,1.97,37.4,8.5,21.8,67.7
14.3,79.4,5.4,0.74,2.23,39.4,6.7,15.1,68.1
10.4,51.2,2.6,0.55,1.77,24.9,29.1,21.7,62.1
18.4,75.8,3.4,0.11,-0.09,6.5,6.9,16.3,20.6
37.1,54.4,4.1,0.14,0.08,10.0,31.3,36.8,28.5
25.5,83.4,10.6,0.9,2.86,36.7,21.7,21.9,65.9
18.8,59.7,11.1,0.76,2.5,25.1,31.2,24.0,61.3
37.5,54.0,3.6,0.92,3.24,40.5,14.4,38.9,93.7
19.4,76.9,11.8,0.6,1.42,38.5,14.4,18.1,44.5
36.3,75.8,2.5,0.79,2.63,27.9,16.9,38.6,81.9
34.0,88.1,11.2,0.52,1.56,27.3,27.1,28.4,55.1
24.7,45.4,10.6,0.71,1.89,31.3,31.3,27.6,61.0
20.1,50.0,4.5,0.9,2.6,40.8,7.0,26.3,80.0
19.9,84.5,3.5,0.72,1.94,27.7,8.4,17.2,69.8
37.3,85.0,9.1,0.42,1.53,18.0,23.4,31.2,37.5
15.3,82.9,7.7,0.16,0.13,1.1,9.9,5.0,9.9
36.1,31.7,3.1,0.15,0.62,13.8,33.2,46.0,31.1
36.8,66.6,4.5,0.68,2.05,30.8,12.5,34.1,71.6
29.2,74.4,7.0,0.98,2.66,43.5,8.9,27.9,82.7
13.9,36.8,11.2,0.37,1.58,12.6,31.0,25.9,33.0
25.9,68.4,11.7,0.15,0.02,10.3,33.1,25.7,5.0
17.2,32.7,10.4,0.93,2.71,34.3,16.1,30.3,68.7
13.0,47.8,6.6,0.34,0.91,15.5,30.0,19.2,37.8
10.6,45.0,4.3,0.2,1.01,13.5,23.9,14.0,34.4
21.4,70.1,2.4,0.54,1.63,32.5,27.0,19.5,72.1
25.2,62.0,8.3,0.58,1.9,26.8,17.7,22.5,54.7
25.2,39.4,10.5,0.69,1.84,26.9,13.6,29.1,39.8
22.6,61.4,11.1,0.61,1.32,35.2,7.9,19.2,37.5
21.7,31.9,8.6,0.65,2.16,32.7,16.2,32.8,49.5
13.6,84.3,9.1,0.8,1.66,49.5,22.0,12.7,77.7
12.3,47.8,3.7,0.53,1.5,26.9,7.6,12.6,50.9
32.1,32.9,8.8,0.97,2.86,44.0,7.2,36.4,73.2
21.4,72.1,5.3,0.38,1.02,18.2,32.3,14.6,48.7
15.9,61.9,2.7,0.11,0.57,8.9,33.3,20.1,37.6
30.5,59.0,7.9,0.47,1.31,14.1,22.1,32.1,42.5
17.0,68.8,1.2,0.37,0.92,12.0,30.0,16.4,50.9
18.0,56.3,4.5,0.5,1.19,24.5,4.1,27.9,41.6
33.5,29.5,7.4,0.15,0.65,10.7,30.1,36.6,13.7
32.6,71.3,1.9,0.52,1.56,23.4,22.3,31.5,62.6
33.3,27.2,6.2,0.2,0.66,15.3,25.7,38.4,21.6
16.9,66.0,5.1,0.14,0.61,4.1,16.2,14.1,30.1
19.8,85.0,6.7,0.31,0.98,11.5,14.6,21.0,20.9
17.5,33.8,4.9,0.56,1.33,27.3,11.2,26.5,45.2
36.0,85.7,6.8,0.29,0.52,8.0,24.7,26.2,26.8
28.3,70.6,10.8,0.97,2.55,43.8,5.0,27.9,64.7
32.3,54.0,4.4,0.36,0.82,12.9,24.8,39.5,37.8
12.9,36.8,6.9,0.69,2.34,25.6,13.5,24.1,56.6
14.4,62.9,1.5,0.13,-0.12,10.1,11.6,13.5,20.5
12.9,67.0,10.7,0.49,1.75,20.9,28.6,15.5,43.8
36.0,72.8,10.9,1.0,2.85,43.5,30.2,35.6,85.5
31.9,31.6,11.3,0.84,2.29,37.4,22.1,36.0,53.8
36.0,28.4,10.3,0.96,2.64,39.2,20.3,42.0,67.3
31.5,67.8,0.5,0.63,2.06,24.9,11.9,26.1,72.6
28.5,78.9,8.0,0.83,2.19,45.4,22.6,27.6,82.0
10.1,30.2,1.2,0.75,2.22,27.8,15.6,22.6,78.8
36.4,75.9,9.9,0.3,1.17,17.8,13.7,28.3,20.2
15.8,72.0,8.7,0.56,2.09,17.5,18.2,15.4,43.5
35.9,89.8,8.2,0.73,1.83,40.0,31.1,33.8,73.8
21.7,65.9,8.5,0.98,3.33,46.1,4.7,28.7,83.9
21.8,76.5,10.3,0.93,2.55,41.1,27.9,24.2,83.8
20.4,82.9,4.2,0.13,0.5,2.9,4.3,17.1,17.9
13.8,83.1,6.5,0.17,0.35,7.1,32.1,11.0,32.2
16.7,84.6,3.7,0.52,1.45,26.9,25.3,13.2,62.2
37.1,36.7,7.8,0.59,1.2,26.1,18.1,39.9,41.4
37.7,46.2,0.9,0.67,1.89,30.8,29.9,44.0,87.5
18.8,64.3,2.6,0.41,1.42,20.0,32.4,18.0,64.3
20.0,60.2,0.8,0.3,1.1,14.7,22.4,19.9,50.9
25.8,89.8,8.9,0.67,2.38,24.0,11.9,22.1,50.4
35.8,80.8,8.1,0.14,-0.32,16.8,25.1,32.5,8.6
15.1,62.3,7.2,0.16,0.61,9.0,15.9,20.3,13.0
31.0,44.7,2.5,0.83,2.66,33.4,13.9,26.6,88.7
16.0,78.2,4.5,0.4,0.84,12.4,17.1,16.8,39.6
29.2,63.3,6.9,0.75,1.45,31.5,22.2,31.2,67.5
19.7,63.4,7.3,0.81,2.18,30.5,12.0,29.9,62.8
17.5,30.7,8.0,0.51,1.2,27.2,30.3,23.0,42.9
14.7,53.4,11.6,0.66,2.15,24.3,19.2,28.3,44.6
23.9,86.0,5.5,0.26,0.8,9.1,28.3,19.9,34.3
12.3,67.5,11.1,0.88,2.95,34.5,26.2,15.8,75.6
29.2,60.0,3.3,0.34,0.8,13.4,5.1,33.9,27.1
18.2,81.8,11.7,0.39,0.91,16.8,22.2,13.9,24.9
22.8,58.7,8.0,0.89,2.65,38.7,10.1,16.8,80.6
11.8,53.7,2.4,0.62,1.94,29.3,20.9,17.1,81.9
20.2,57.5,11.9,0.42,1.27,23.4,9.2,20.0,13.7
21.7,71.8,11.0,0.71,2.2,26.9,21.3,19.4,54.0
15.6,40.0,6.8,0.75,1.92,33.2,17.8,16.5,66.1
22.5,47.0,10.9,0.67,2.01,35.3,17.7,25.8,42.3
14.3,34.4,6.3,0.58,1.78,24.0,26.5,22.7,53.3
20.9,72.4,4.9,0.17,0.31,8.2,27.9,26.2,31.5
25.5,86.6,8.9,0.76,2.03,32.7,29.7,21.9,73.4
36.3,67.9,10.2,0.75,2.1,42.0,32.3,34.7,66.6
20.3,30.0,3.1,0.72,2.44,34.8,28.3,23.8,83.6
33.8,29.2,1.7,0.11,0.55,2.6,7.9,40.6,14.5
35.4,63.4,5.6,0.22,0.58,12.4,20.5,30.3,29.8
35.3,37.6,9.6,0.44,1.82,15.6,32.0,39.7,36.0
28.8,34.0,7.2,0.57,1.21,21.0,28.2,29.6,49.4
32.6,29.2,8.9,0.45,0.85,24.1,31.3,42.4,30.2
21.8,57.8,2.1,0.38,0.8,17.0,21.0,17.5,46.6
22.3,47.6,9.0,0.25,0.43,13.9,7.3,25.7,8.7
33.5,31.1,0.9,0.56,1.77,29.3,14.6,34.4,73.6
33.9,71.6,4.1,0.76,2.01,27.5,33.1,30.3,89.0
16.9,41.7,1.1,0.99,2.35,53.7,22.8,30.6,111.7
20.9,33.0,7.9,0.43,0.94,15.3,31.2,25.4,31.3
11.7,88.9,7.1,0.55,1.53,23.2,9.0,10.1,51.0
30.9,69.8,1.9,0.19,0.39,7.9,34.5,30.7,53.6
33.7,61.9,1.6,0.53,1.83,25.7,14.7,30.0,65.1
27.2,89.7,6.6,0.66,2.36,28.0,5.8,23.7,53.9
33.7,80.9,6.6,0.56,1.32,22.5,8.4,32.4,47.0
18.0,89.5,1.5,0.72,2.27,36.6,12.6,13.2,88.8
21.6,28.5,5.7,0.3,0.65,18.5,31.8,32.2,42.9
35.0,37.5,0.7,0.13,-0.45,5.3,34.4,31.4,31.8
32.7,44.3,5.9,0.82,2.16,37.8,17.9,36.6,71.4
18.3,61.5,6.8,0.8,2.12,37.6,28.0,20.5,80.6
14.0,81.8,9.0,0.24,0.7,12.4,19.7,7.3,17.1
26.5,59.9,2.7,0.49,1.41,26.2,24.9,30.0,63.3
27.9,65.0,6.5,0.18,0.4,15.6,10.3,19.2,10.8
29.5,45.0,7.1,0.77,2.45,29.6,12.0,34.3,60.5
36.3,81.6,0.6,0.8,2.38,43.0,33.5,35.4,108.8
19.8,28.9,11.2,0.88,2.76,42.5,6.0,20.9,57.7
28.4,73.9,8.9,0.45,1.52,17.7,29.0,25.5,40.3
27.7,64.0,2.6,0.17,0.73,10.1,27.0,29.9,40.2
19.4,28.3,10.6,0.21,0.5,0.3,17.8,30.5,5.0
37.4,56.5,2.1,0.21,0.32,10.6,8.3,33.8,22.5
24.3,42.4,7.8,0.26,1.21,8.8,18.8,26.9,13.5
17.4,65.3,5.1,0.56,1.51,25.5,10.4,14.9,45.4
18.4,35.1,9.1,0.29,0.58,13.5,9.8,28.6,16.0
20.7,63.4,10.8,0.66,2.04,26.2,34.3,23.4,52.2
19.2,81.5,8.4,0.17,0.35,11.9,7.9,18.6,5.0
13.7,38.7,11.7,0.41,0.91,26.8,5.4,15.1,15.3
37.6,60.0,8.7,0.65,2.02,24.9,22.8,39.0,54.5
29.6,71.8,9.5,0.55,1.63,26.4,5.5,30.6,39.7
17.6,52.3,0.5,0.23,0.6,13.2,22.8,19.9,38.0
33.1,89.9,11.9,0.42,1.29,15.1,26.5,27.4,35.3
24.0,66.3,9.5,0.62,1.85,28.2,28.0,21.7,51.1
25.2,59.4,8.9,0.6,1.44,24.8,25.0,25.3,51.8
12.4,46.1,9.2,0.61,1.27,25.9,30.6,21.3,36.4
37.0,67.3,6.9,0.38,1.24,10.9,4.2,36.8,26.1
33.9,53.0,4.8,0.46,1.36,14.7,14.7,34.6,29.3
35.6,28.6,4.3,0.62,1.87,36.8,7.7,44.9,64.3
37.0,86.6,7.1,0.83,2.24,39.3,6.5,30.7,65.5
21.0,88.9,3.4,0.44,1.7,10.0,16.9,14.5,48.8
25.4,89.6,10.5,0.38,1.26,27.6,14.5,19.8,29.5
13.4,66.1,0.5,0.77,2.09,31.4,10.2,20.6,80.2
23.4,84.5,8.2,0.61,1.68,26.7,11.7,24.1,51.5
21.8,52.1,7.6,0.66,1.49,27.1,21.5,21.6,57.6
26.4,47.6,0.7,0.11,0.34,9.4,21.2,31.1,21.3
21.2,29.9,10.8,0.91,2.71,38.7,19.7,26.4,57.4
21.5,28.2,2.2,0.46,1.53,21.0,29.5,21.5,65.9
12.1,76.1,10.3,0.27,0.5,14.4,24.5,16.0,17.1
36.1,73.4,9.0,0.5,1.98,11.9,29.6,34.2,43.1
32.9,79.1,1.8,0.62,1.84,29.5,24.4,32.1,84.0
27.9,56.8,4.7,0.4,1.22,20.1,5.8,25.1,37.7
27.0,44.8,5.9,0.51,1.53,8.6,6.4,28.7,33.1
30.1,67.9,2.4,0.49,0.86,18.3,20.6,31.1,52.4
19.3,86.0,7.0,0.42,1.19,17.9,29.8,15.4,52.5
20.8,71.7,4.6,0.81,2.39,32.2,10.4,15.9,80.3
30.8,72.0,10.6,0.66,1.86,23.1,24.7,28.2,54.2
33.0,37.3,11.9,0.53,1.84,18.7,29.6,39.0,34.9
21.0,68.5,6.1,0.49,1.16,14.0,7.3,18.6,31.4
21.5,52.5,6.1,0.63,1.26,30.2,23.4,16.6,59.4
10.9,71.8,0.8,0.12,0.31,1.2,20.6,7.0,28.2
35.0,61.8,3.1,0.54,2.04,23.5,15.3,33.6,54.7
25.8,73.2,11.7,0.42,1.16,13.8,17.4,26.4,22.4
38.0,59.9,6.5,0.65,2.25,35.7,28.2,35.8,74.6
19.8,38.8,5.6,0.72,1.98,33.5,19.1,19.0,63.7
20.4,41.3,2.9,0.63,1.88,26.0,26.6,27.2,70.5
34.5,28.7,5.1,0.51,1.29,33.9,26.9,46.1,51.8
24.1,25.6,9.0,0.71,2.17,35.6,24.5,36.6,57.9
28.2,34.1,11.2,0.99,3.13,33.9,13.1,37.8,74.4
17.4,70.5,3.5,0.87,2.25,36.0,29.0,17.5,101.4
19.3,53.5,5.5,0.22,0.74,4.6,17.1,31.6,14.5
33.5,87.9,1.0,0.7,2.3,24.4,9.9,29.9,85.6
31.7,70.7,10.5,0.23,-0.04,11.8,14.4,24.4,5.0
31.4,66.6,3.3,0.95,2.38,40.7,24.6,21.8,101.1
31.4,89.6,0.8,0.94,2.42,47.0,34.6,27.0,124.5
27.5,71.2,4.1,0.95,3.22,52.7,25.1,32.1,110.9
10.3,54.3,5.4,0.91,2.67,46.5,31.8,11.6,103.0
15.1,54.7,5.0,0.72,1.89,25.9,34.1,23.3,79.7
25.0,76.5,9.1,0.75,2.64,23.7,6.0,24.7,56.2
24.0,28.3,2.3,0.81,1.72,34.3,27.9,29.0,81.9
21.6,44.2,0.7,0.26,0.59,10.2,28.7,24.8,45.2
11.3,27.8,3.6,0.51,1.23,18.9,16.7,23.0,47.7
16.0,81.4,6.8,0.64,1.98,29.1,29.9,12.4,63.9
13.9,27.0,4.3,0.75,2.04,29.2,30.1,22.0,83.0
22.8,31.8,5.6,0.19,0.26,5.7,29.1,31.1,21.2
23.4,38.5,8.3,0.64,1.74,30.7,22.2,29.6,58.1
21.5,68.7,7.1,0.62,1.54,25.5,19.9,15.0,49.2
32.9,77.3,5.5,0.74,2.23,40.3,7.2,37.1,73.2
29.1,69.4,8.3,0.12,0.74,8.3,7.8,29.8,12.2
29.1,80.8,8.5,0.3,0.84,12.3,28.4,24.7,32.0
19.0,66.0,5.0,0.67,1.96,31.0,27.9,25.1,72.5
12.6,28.7,3.6,0.23,0.3,11.5,5.6,35.6,14.5
19.1,26.1,4.2,0.84,2.6,47.0,12.6,29.4,77.5
12.3,32.1,3.7,0.9,2.68,42.9,18.4,23.0,93.6
33.5,41.2,1.7,0.81,2.71,39.7,11.8,32.7,87.4
27.2,54.7,6.3,0.28,0.65,10.8,23.4,30.1,26.0
17.9,58.7,1.2,0.36,1.33,21.5,12.0,18.4,50.6
31.0,51.5,4.4,0.51,1.76,17.8,14.6,35.2,55.0
18.5,48.5,1.1,0.99,3.14,45.6,24.3,27.1,111.5
25.0,25.7,7.8,0.18,0.88,10.0,15.1,33.8,9.3
14.5,37.2,1.8,0.82,1.79,39.6,5.0,24.9,73.5
22.6,83.1,1.0,0.13,0.4,7.3,23.9,23.1,44.5
10.4,70.2,7.9,0.45,1.4,27.2,14.6,15.2,37.5
21.6,49.9,6.2,0.2,0.0,-0.4,28.8,17.1,16.4
31.5,48.1,7.4,0.96,3.13,47.9,25.7,33.2,95.1
18.4,59.4,5.5,0.26,0.25,14.8,21.4,19.9,33.8
30.8,48.8,5.1,0.52,1.51,26.7,32.4,32.0,57.5
10.1,30.3,11.9,0.74,2.13,30.8,6.0,24.8,31.9
21.8,71.6,9.2,0.97,2.41,45.5,30.4,17.9,89.6
22.6,83.9,10.8,0.27,1.06,14.1,19.3,21.3,16.9
36.4,45.2,5.3,0.11,0.15,5.5,22.1,38.7,11.0
32.6,41.5,6.9,0.59,1.82,25.7,19.3,41.7,52.8
31.9,46.0,6.6,0.29,0.77,11.5,29.3,36.0,35.4
35.0,26.8,5.6,0.87,2.28,35.3,31.5,31.0,80.6
31.7,69.1,2.8,0.53,1.08,24.9,10.2,27.9,51.3
36.5,71.0,2.4,0.41,1.48,19.5,12.6,35.7,46.5
35.6,33.6,7.4,0.42,1.07,13.0,32.4,42.8,46.9
32.2,70.4,7.7,0.7,2.73,33.3,13.1,29.1,60.7
21.7,54.3,4.3,0.66,1.97,30.4,23.1,17.2,69.3
36.6,72.3,9.8,0.68,2.32,21.6,30.5,26.0,64.9
30.6,44.4,2.9,0.24,0.16,13.7,17.3,36.7,26.1
36.1,72.1,8.2,0.62,1.95,28.7,20.8,29.8,56.7
27.1,32.0,1.9,0.37,0.91,19.3,8.9,36.9,40.3
29.5,49.6,2.2,0.1,0.25,2.9,21.3,32.6,23.8
13.2,84.3,3.2,0.52,1.56,25.8,21.4,10.6,63.9
19.0,80.1,11.1,0.25,1.15,0.5,14.6,14.8,5.0
30.3,25.8,0.8,0.4,1.62,20.2,31.0,40.1,62.5
21.1,70.7,11.4,0.95,2.17,40.5,24.4,26.0,71.3
17.5,57.8,10.6,0.11,-0.05,2.9,30.8,22.3,5.0
11.6,83.8,8.3,0.79,1.97,21.0,25.1,13.0,65.3
35.0,59.4,1.6,0.47,1.74,21.1,32.7,34.5,72.1
20.4,56.2,11.2,0.27,0.46,12.6,5.8,22.0,5.0
15.0,80.7,3.9,0.31,0.88,15.3,27.3,9.6,45.9
20.3,54.1,6.4,0.65,2.06,30.4,30.8,21.0,67.2
16.5,59.5,3.2,0.47,1.16,22.4,29.3,15.6,63.9
35.0,62.5,6.3,0.12,0.23,1.1,34.1,34.6,25.8
14.5,69.8,10.4,0.45,1.47,25.5,10.2,12.5,34.5
17.4,50.9,11.2,0.4,0.71,7.0,14.7,22.2,5.0
21.4,67.7,5.1,0.13,0.36,0.0,22.8,19.6,24.4
21.9,56.0,8.6,0.51,1.5,19.4,17.1,23.4,41.9
29.8,37.7,12.0,0.66,1.78,35.1,30.9,31.1,47.0
11.6,79.7,10.4,0.42,1.67,10.3,9.8,22.0,22.4
23.7,66.6,4.4,0.73,1.71,29.0,20.0,25.5,68.6
23.3,27.4,4.7,0.45,0.78,19.5,11.2,31.5,39.6
22.5,44.0,10.8,0.35,1.05,19.2,5.3,23.1,5.0
