duration_sec,protocol_type,src_bytes,dst_bytes,failed_logins,logged_in,count_srv,serror_rate,is_intrusion
2.85,0,12080.0,3167.0,0,1,11,0.058,0
0.52,2,1358.0,1831.0,0,1,13,0.003,0
0.38,2,3238.0,4310.0,1,0,3,0.001,1
0.33,0,3059.0,137.0,0,1,15,0.0,0
0.71,2,3607.0,5060.0,0,1,7,0.225,0
0.22,0,2492.0,190.0,0,1,11,0.018,0
0.02,0,4952.0,116.0,0,1,10,0.0,0
0.13,0,134.0,999.0,0,1,10,0.395,0
4.81,2,7660.0,8895.0,0,1,9,0.206,0
1.92,0,1677.0,10012.0,0,1,10,0.009,0
0.1,1,503.0,926.0,0,1,12,0.071,0
2.57,1,2910.0,2063.0,0,1,4,0.005,0
2.23,0,895.0,838.0,0,1,12,0.019,0
1.29,1,790.0,1262.0,0,0,13,0.028,0
0.29,1,1265.0,1542.0,1,0,18,0.002,1
1.28,0,5990.0,707.0,0,1,13,0.015,0
0.62,0,559.0,289.0,1,0,6,0.185,1
0.93,1,2635.0,5704.0,0,1,12,0.126,0
0.61,0,589.0,2074.0,0,1,8,0.265,0
3.44,0,4959.0,5317.0,0,0,15,0.01,0
0.13,0,5235.0,91.0,0,1,12,0.253,0
0.36,1,3348.0,2704.0,0,0,14,0.218,0
0.38,0,3180.0,148.0,0,1,13,0.009,0
0.62,0,3548.0,9285.0,0,1,11,0.063,0
0.92,1,419.0,2955.0,0,1,17,0.271,0
0.64,0,5082.0,1444.0,0,1,13,0.132,0
4.4,0,1190.0,1864.0,0,1,17,0.097,0
1.57,0,4560.0,5980.0,2,0,10,0.098,1
2.12,0,7026.0,306.0,0,1,7,0.035,0
3.08,0,4259.0,3393.0,0,1,10,0.108,0
0.19,0,727.0,16.0,0,1,10,0.083,0
0.96,1,1619.0,3564.0,0,1,13,0.487,0
2.34,2,1190.0,4685.0,0,1,18,0.028,0
0.59,2,2750.0,2268.0,0,0,13,0.081,0
0.91,2,11616.0,562.0,1,0,10,0.446,0
1.61,0,305.0,9629.0,0,1,17,0.003,0
0.5,1,5685.0,4082.0,0,1,15,0.076,0
3.35,0,1710.0,3118.0,0,1,25,0.099,0
3.2,0,478.0,944.0,1,0,11,0.041,1
2.54,0,397.0,1249.0,0,1,18,0.025,0
4.15,1,806.0,17360.0,0,1,10,0.033,0
1.26,1,3970.0,22717.0,0,1,18,0.172,0
1.65,0,368.0,1322.0,0,1,11,0.001,0
1.82,0,1565.0,2467.0,0,1,8,0.227,0
1.51,0,714.0,611.0,0,1,21,0.352,0
5.19,0,9953.0,2300.0,0,0,13,0.037,0
1.63,0,251.0,95.0,0,1,10,0.004,0
0.32,1,502.0,1078.0,0,1,14,0.042,0
5.1,2,9971.0,5811.0,0,0,12,0.247,0
0.11,0,1342.0,2993.0,0,1,13,0.025,0
1.08,0,7065.0,6804.0,0,1,13,0.013,0
1.47,1,1700.0,435.0,0,1,8,0.092,0
1.05,1,5670.0,3994.0,0,1,7,0.003,0
0.11,0,3734.0,24563.0,0,0,20,0.018,0
6.04,0,1922.0,5733.0,0,0,4,0.059,0
1.28,0,526.0,4814.0,0,0,17,0.011,0
2.36,1,2592.0,757.0,1,0,20,0.405,0
1.57,0,8426.0,4198.0,0,1,12,0.022,0
1.63,1,1167.0,902.0,0,1,19,0.408,0
0.19,0,1561.0,28728.0,0,1,11,0.035,0
3.97,0,2895.0,5106.0,0,1,6,0.004,0
0.99,1,589.0,3895.0,0,1,15,0.167,0
0.12,1,933.0,3489.0,0,1,10,0.078,0
2.55,1,2944.0,9726.0,0,0,10,0.025,0
0.97,2,2965.0,343.0,0,1,10,0.226,0
0.69,1,3990.0,1058.0,0,1,15,0.068,0
0.88,0,216.0,5712.0,0,1,13,0.081,0
2.32,1,1352.0,1899.0,0,0,14,0.006,0
0.57,0,175.0,4920.0,0,1,12,0.208,0
0.06,1,743.0,3479.0,0,1,14,0.34,0
2.09,0,691.0,1051.0,0,1,10,0.0,0
0.18,1,3178.0,14115.0,0,0,15,0.202,0
0.6,0,388.0,1419.0,0,1,12,0.012,0
0.2,0,4211.0,3297.0,0,1,7,0.241,0
2.4,1,742.0,4955.0,0,1,18,0.001,0
1.66,2,1085.0,2075.0,0,0,11,0.108,0
0.31,0,949.0,6622.0,1,0,11,0.069,1
0.52,0,2422.0,856.0,1,0,12,0.001,1
0.91,1,2628.0,3021.0,0,1,9,0.007,0
0.15,0,350.0,4001.0,0,1,10,0.193,0
0.64,0,1499.0,2315.0,0,0,12,0.001,0
0.59,0,1967.0,8721.0,0,0,9,0.532,0
1.71,0,2705.0,1628.0,0,1,9,0.591,0
1.4,0,182.0,6040.0,0,1,16,0.016,0
1.21,0,2551.0,592.0,0,0,10,0.006,0
0.79,0,2138.0,803.0,0,0,17,0.055,0
0.59,0,15.0,449.0,0,1,8,0.0,0
0.12,0,1650.0,1516.0,0,1,16,0.018,0
0.12,0,1596.0,1616.0,0,1,18,0.009,0
0.17,0,60.0,10508.0,0,1,14,0.061,0
1.27,0,3626.0,5649.0,0,1,11,0.142,0
1.32,2,405.0,5418.0,0,1,11,0.052,0
0.36,0,2416.0,2364.0,0,1,12,0.049,0
1.48,0,2263.0,145.0,0,0,11,0.112,0
0.66,0,1982.0,285.0,2,0,15,0.052,1
0.13,0,421.0,1120.0,0,1,8,0.004,0
1.23,0,1838.0,617.0,0,0,11,0.026,0
0.76,1,1840.0,1584.0,0,0,11,0.008,0
0.14,1,614.0,2981.0,0,1,11,0.259,0
0.38,0,2245.0,875.0,0,1,12,0.071,0
1.98,0,2291.0,2824.0,0,1,10,0.47,0
0.05,0,1861.0,955.0,0,1,11,0.132,0
0.47,0,911.0,1396.0,0,1,15,0.008,0
0.55,0,2554.0,10932.0,0,1,7,0.025,0
5.92,2,346.0,8083.0,0,0,14,0.436,0
0.42,2,1458.0,3610.0,0,1,15,0.002,0
0.64,1,1930.0,728.0,0,1,16,0.061,0
4.85,0,1705.0,4217.0,0,0,12,0.285,0
0.87,1,4612.0,3700.0,1,0,9,0.001,1
0.28,0,1001.0,2348.0,0,0,11,0.011,0
1.26,0,1222.0,71.0,0,1,16,0.044,0
1.26,0,775.0,1081.0,0,1,17,0.035,0
2.06,0,681.0,2473.0,0,1,15,0.243,0
1.16,0,4972.0,591.0,0,1,6,0.183,0
0.93,1,2626.0,5731.0,0,1,9,0.04,0
2.6,0,1290.0,3012.0,0,1,10,0.006,0
0.25,0,1013.0,710.0,0,0,15,0.013,0
3.08,0,3547.0,915.0,0,0,10,0.223,0
0.76,1,3093.0,1937.0,1,0,13,0.097,0
3.09,1,3165.0,3373.0,0,0,6,0.045,0
5.89,1,487.0,1606.0,0,0,12,0.007,0
0.46,0,7793.0,890.0,0,1,15,0.295,0
0.04,0,1791.0,2944.0,1,0,7,0.118,1
1.09,2,1813.0,5604.0,0,1,15,0.142,0
6.04,0,515.0,478.0,0,1,13,0.0,0
0.36,1,1678.0,1825.0,0,1,15,0.103,0
1.74,1,1801.0,865.0,0,1,12,0.067,0
0.66,0,2344.0,997.0,0,0,12,0.003,0
1.32,0,423.0,1287.0,0,1,10,0.002,0
2.49,2,2268.0,4267.0,0,0,15,0.183,0
0.55,0,3921.0,6592.0,0,0,15,0.054,0
3.52,1,6218.0,2600.0,0,1,8,0.033,0
0.12,2,2486.0,28874.0,0,1,10,0.396,0
2.58,0,3793.0,11837.0,0,1,19,0.147,0
1.82,0,94.0,2902.0,0,0,14,0.0,0
1.01,0,3125.0,6069.0,0,1,12,0.001,0
3.04,0,3256.0,853.0,0,0,11,0.002,0
0.72,1,3678.0,4561.0,0,1,12,0.174,0
0.13,2,423.0,7224.0,0,1,10,0.415,0
2.64,0,2843.0,242.0,0,1,13,0.391,0
4.63,1,539.0,6923.0,0,0,7,0.06,0
1.25,0,2944.0,735.0,0,0,13,0.023,0
0.92,0,2632.0,2349.0,0,0,13,0.0,0
1.71,0,8.0,2207.0,0,0,16,0.018,0
5.95,0,206.0,3847.0,0,1,16,0.049,0
4.78,2,187.0,7547.0,0,0,14,0.003,0
2.62,0,578.0,6287.0,0,0,11,0.003,0
1.07,0,10682.0,6613.0,0,0,10,0.034,0
1.58,0,2720.0,2.0,0,1,15,0.26,0
2.47,0,475.0,490.0,0,1,16,0.232,0
2.3,0,909.0,3001.0,0,1,18,0.283,0
4.56,2,1119.0,2264.0,0,1,6,0.042,0
0.2,2,2271.0,3067.0,0,1,15,0.222,0
2.87,0,1574.0,7575.0,0,1,12,0.0,0
0.12,0,92.0,1026.0,0,0,13,0.271,0
9.46,0,3989.0,132.0,0,1,16,0.199,0
3.55,1,1576.0,3451.0,0,0,16,0.11,0
0.49,1,791.0,9065.0,0,1,15,0.0,0
0.12,0,735.0,1597.0,0,1,8,0.016,0
2.38,1,3590.0,4551.0,0,0,10,0.214,0
0.1,0,3831.0,443.0,0,1,16,0.19,0
0.08,2,1877.0,473.0,1,0,12,0.098,1
1.94,1,836.0,3267.0,0,0,13,0.096,0
1.0,2,804.0,7047.0,0,1,12,0.001,0
3.04,0,96.0,2528.0,0,0,18,0.033,0
0.14,0,3298.0,4326.0,0,1,17,0.075,0
0.88,0,270.0,828.0,0,1,16,0.273,0
0.35,1,1083.0,3724.0,0,1,19,0.002,0
0.88,1,2725.0,2.0,0,1,6,0.1,0
2.6,0,263.0,7346.0,0,0,16,0.296,0
0.54,0,2410.0,5447.0,0,1,11,0.52,0
4.08,0,7312.0,172.0,0,0,14,0.091,0
0.76,0,3572.0,1383.0,0,1,10,0.0,0
0.23,0,1059.0,6396.0,0,1,11,0.001,0
1.58,0,474.0,144.0,0,1,11,0.031,0
0.04,1,688.0,2232.0,0,1,11,0.0,0
1.25,0,2356.0,9541.0,0,1,17,0.273,0
1.62,1,1391.0,3693.0,0,1,12,0.005,0
0.56,0,303.0,15.0,0,0,7,0.035,0
0.52,0,15.0,896.0,0,1,10,0.114,0
0.42,0,3234.0,816.0,0,1,16,0.463,0
0.96,0,540.0,3052.0,0,0,15,0.008,0
1.05,0,2187.0,6538.0,0,1,7,0.265,0
1.34,0,825.0,292.0,0,1,12,0.006,0
1.91,0,7.0,7154.0,0,0,12,0.083,0
1.54,0,132.0,740.0,0,1,17,0.008,0
1.13,1,2181.0,3890.0,0,1,9,0.003,0
0.17,1,2629.0,612.0,0,1,16,0.032,0
2.16,0,4909.0,14053.0,0,1,20,0.406,0
2.16,1,305.0,4757.0,0,1,10,0.115,0
1.11,1,2704.0,1172.0,0,1,12,0.1,0
3.4,0,2623.0,1089.0,0,1,6,0.174,0
4.77,0,1844.0,5384.0,0,1,10,0.088,0
1.39,0,5603.0,9613.0,0,0,20,0.009,0
0.14,0,727.0,2178.0,0,0,15,0.005,0
1.07,1,9548.0,274.0,0,0,10,0.147,0
3.45,0,143.0,8159.0,0,1,8,0.03,0
6.46,1,2609.0,7122.0,0,0,13,0.0,0
1.8,0,49.0,5669.0,0,0,14,0.019,0
0.81,2,263.0,1261.0,2,0,15,0.0,1
2.69,0,746.0,698.0,0,1,10,0.043,0
1.02,0,1897.0,736.0,0,0,7,0.157,0
2.02,0,4447.0,10759.0,0,1,17,0.01,0
1.25,0,10712.0,2752.0,0,1,14,0.328,0
0.49,0,2691.0,5.0,0,0,17,0.059,0
3.48,2,5580.0,8029.0,0,1,11,0.088,0
0.29,0,615.0,1549.0,1,0,10,0.082,1
0.21,0,3170.0,2.0,0,0,17,0.162,0
0.53,1,5624.0,4310.0,0,1,11,0.12,0
2.03,0,691.0,6030.0,0,1,17,0.551,0
1.45,0,267.0,4376.0,0,1,14,0.055,0
2.68,0,149.0,2549.0,0,1,11,0.005,0
1.51,0,7211.0,5335.0,0,1,10,0.013,0
2.71,0,93.0,6085.0,0,1,8,0.37,0
1.49,0,658.0,22704.0,0,1,10,0.185,0
0.35,0,2040.0,16742.0,0,0,11,0.252,0
1.22,0,1535.0,331.0,0,0,13,0.007,0
0.47,0,4444.0,7586.0,1,0,8,0.47,1
0.04,0,533.0,1151.0,0,1,9,0.0,0
3.12,2,604.0,4088.0,0,1,15,0.028,0
0.65,0,3680.0,167.0,0,1,11,0.056,0
3.69,0,2378.0,8793.0,0,1,14,0.432,0
2.86,1,3932.0,6312.0,0,1,10,0.353,0
0.46,0,701.0,2797.0,0,1,12,0.421,0
5.11,0,6403.0,7410.0,0,1,8,0.106,0
2.62,0,2405.0,1639.0,0,1,14,0.011,0
1.23,1,521.0,1507.0,0,0,13,0.067,0
0.34,0,800.0,1655.0,0,1,12,0.11,0
0.92,0,2061.0,1298.0,0,0,9,0.238,0
5.4,0,1779.0,1992.0,0,1,8,0.302,0
0.8,0,964.0,1952.0,0,1,10,0.008,0
5.48,0,1206.0,3382.0,0,1,18,0.052,0
5.78,1,10925.0,1169.0,1,0,16,0.005,1
6.51,0,11682.0,786.0,0,1,10,0.002,0
0.9,0,4747.0,1944.0,0,1,11,0.008,0
2.21,0,7269.0,2106.0,0,0,7,0.002,0
0.78,2,2415.0,1507.0,0,0,7,0.11,0
3.26,0,365.0,5765.0,0,1,11,0.006,0
1.95,0,1936.0,2887.0,0,1,10,0.008,0
1.38,0,5223.0,6258.0,0,0,13,0.427,0
0.47,0,7328.0,7847.0,0,1,11,0.275,0
2.17,0,1596.0,2405.0,0,0,8,0.042,0
1.89,0,292.0,811.0,2,0,8,0.025,1
3.43,0,2423.0,2536.0,0,0,12,0.031,0
0.24,1,1532.0,3786.0,0,1,17,0.001,0
0.57,0,1863.0,14228.0,0,1,11,0.075,0
0.2,0,1553.0,3449.0,0,1,13,0.13,0
0.1,1,3973.0,5459.0,0,1,7,0.015,0
0.41,0,936.0,3595.0,0,1,11,0.085,0
0.41,0,68.0,992.0,0,1,12,0.079,0
4.53,1,3143.0,855.0,0,1,13,0.064,0
0.97,0,85.0,4950.0,0,1,11,0.645,1
1.42,1,5995.0,1680.0,0,1,13,0.286,0
2.02,0,5469.0,21337.0,0,1,12,0.174,0
1.68,0,1897.0,2059.0,0,1,11,0.081,0
2.89,0,1659.0,233.0,0,1,14,0.239,0
0.32,0,1758.0,4776.0,0,1,14,0.034,0
3.86,0,92.0,2112.0,0,0,10,0.103,0
1.14,0,464.0,575.0,0,0,20,0.134,0
3.92,1,2223.0,12673.0,0,0,13,0.103,0
0.93,0,1989.0,11068.0,0,1,10,0.001,0
0.99,0,1033.0,1448.0,0,1,15,0.421,0
0.58,0,618.0,1229.0,0,1,8,0.358,0
2.65,0,5561.0,1724.0,0,1,12,0.023,0
3.61,0,356.0,3389.0,0,0,14,0.035,0
0.21,0,269.0,3654.0,0,1,15,0.038,0
0.98,2,5469.0,4070.0,0,0,20,0.0,0
1.46,0,1287.0,2334.0,0,1,13,0.328,0
1.14,0,4532.0,24.0,0,0,10,0.019,0
1.61,0,2854.0,341.0,0,1,13,0.079,0
0.22,0,2139.0,1380.0,0,1,12,0.054,0
1.2,0,40.0,1916.0,0,0,16,0.108,0
1.36,0,3166.0,1239.0,0,1,21,0.21,0
1.27,0,48.0,1679.0,0,1,13,0.17,0
1.33,0,70.0,3258.0,0,1,15,0.015,0
1.01,0,2055.0,3370.0,0,1,10,0.194,0
0.38,0,1153.0,4149.0,0,0,10,0.153,0
0.53,0,6835.0,143.0,0,0,14,0.001,0
4.66,0,2607.0,663.0,0,1,11,0.051,0
0.01,0,5226.0,3304.0,1,0,9,0.317,1
7.24,0,274.0,363.0,0,1,14,0.104,0
0.79,0,436.0,6920.0,0,1,8,0.007,0
0.07,0,1088.0,2813.0,0,0,14,0.191,0
0.81,0,3237.0,51.0,0,1,11,0.002,0
2.29,1,721.0,775.0,0,1,13,0.087,0
3.52,0,964.0,178.0,0,1,18,0.011,0
0.33,2,433.0,125.0,0,0,11,0.0,0
3.92,1,971.0,12673.0,0,1,8,0.0,0
1.41,0,1164.0,11869.0,0,0,12,0.077,0
0.96,0,588.0,552.0,0,1,9,0.132,0
1.83,0,668.0,18.0,0,1,10,0.131,0
1.35,1,2726.0,1837.0,0,1,15,0.089,0
0.05,0,161.0,987.0,0,1,20,0.271,0
0.22,0,604.0,3676.0,0,1,13,0.11,0
2.37,0,1291.0,1617.0,0,1,11,0.525,0
1.25,0,3741.0,4914.0,0,1,13,0.574,0
2.85,0,4341.0,5606.0,0,1,12,0.003,0
1.01,1,304.0,1415.0,1,0,15,0.264,1
0.39,0,8031.0,5202.0,0,1,10,0.169,0
0.58,0,1757.0,10373.0,0,0,17,0.025,0
1.36,0,88.0,373.0,0,1,21,0.455,0
1.31,0,344.0,3145.0,0,0,14,0.064,0
5.14,0,1731.0,1336.0,0,1,6,0.051,0
1.54,1,2444.0,2191.0,0,0,15,0.236,0
0.38,0,1349.0,212.0,1,0,9,0.03,1
11.1,0,1567.0,3709.0,0,0,10,0.108,0
0.33,0,514.0,140.0,0,1,13,0.011,0
1.58,0,2447.0,6237.0,0,1,17,0.175,0
0.54,0,105.0,2592.0,0,1,12,0.084,0
1.72,0,6328.0,2666.0,0,0,13,0.06,0
2.08,0,501.0,11785.0,2,0,17,0.397,1
3.74,1,1224.0,2240.0,0,1,12,0.272,0
0.55,2,4875.0,4101.0,0,1,12,0.035,0
0.29,0,2070.0,1516.0,0,1,7,0.066,0
2.07,0,286.0,5913.0,0,1,11,0.114,0
0.74,0,311.0,3917.0,0,0,17,0.094,0
0.19,0,2058.0,1740.0,0,0,7,0.19,0
0.1,0,2901.0,6933.0,1,0,14,0.042,1
4.8,0,1723.0,13866.0,0,1,15,0.216,0
1.44,1,25.0,730.0,0,0,10,0.043,0
5.14,0,3840.0,4636.0,0,0,13,0.053,0
0.48,0,5068.0,4677.0,0,1,3,0.106,0
4.53,2,2355.0,4088.0,0,1,9,0.06,0
2.46,2,920.0,5651.0,0,0,11,0.114,0
0.11,0,2814.0,4591.0,0,1,15,0.045,0
1.34,2,6571.0,6436.0,0,0,16,0.431,0
1.37,0,1037.0,5914.0,1,0,8,0.161,1
1.74,0,4188.0,5637.0,0,1,10,0.025,0
1.92,0,3874.0,6507.0,0,1,9,0.001,0
0.83,1,3818.0,9233.0,0,1,4,0.002,0
1.57,0,3149.0,3802.0,0,1,16,0.037,0
0.71,0,3016.0,3247.0,0,1,13,0.139,0
0.46,2,1671.0,4329.0,0,0,6,0.009,0
9.1,0,5778.0,1253.0,1,0,11,0.25,1
1.47,0,2824.0,4608.0,0,1,14,0.188,0
0.3,0,857.0,2421.0,0,0,10,0.012,0
0.0,0,429.0,3048.0,1,0,18,0.131,1
0.24,1,2243.0,2640.0,0,1,10,0.084,0
2.36,0,3105.0,4479.0,0,1,5,0.225,0
0.18,1,11.0,5143.0,0,1,10,0.0,0
1.0,0,897.0,2585.0,0,0,13,0.333,0
1.77,0,1533.0,1788.0,0,1,19,0.001,0
0.93,0,2196.0,55.0,0,1,19,0.0,0
0.48,1,1218.0,9937.0,0,0,12,0.029,0
0.04,0,191.0,949.0,0,1,17,0.039,0
4.83,0,2553.0,6295.0,0,1,10,0.107,0
0.88,0,187.0,134.0,0,0,8,0.051,0
1.76,0,2275.0,3463.0,0,1,13,0.0,0
0.9,0,586.0,4428.0,2,0,15,0.084,1
1.02,1,6457.0,7380.0,0,1,13,0.0,0
2.72,0,5641.0,4549.0,0,0,14,0.004,0
2.23,1,3426.0,6928.0,0,0,16,0.008,0
1.28,0,2328.0,8841.0,0,1,8,0.02,0
0.08,1,204.0,870.0,0,1,12,0.031,0
1.93,0,798.0,15012.0,0,1,11,0.034,0
6.25,0,164.0,2497.0,0,0,17,0.338,0
0.47,0,803.0,524.0,0,1,14,0.062,0
0.1,1,3797.0,4694.0,0,1,8,0.0,0
0.93,0,4024.0,257.0,0,1,17,0.222,0
2.35,0,2129.0,514.0,0,1,8,0.054,0
1.23,0,3009.0,1635.0,0,1,18,0.06,0
0.17,0,283.0,7843.0,0,1,8,0.057,0
0.83,0,1001.0,8524.0,0,1,14,0.161,0
0.56,0,2545.0,1014.0,0,0,11,0.061,0
3.65,0,3584.0,1429.0,0,0,8,0.09,0
2.21,0,4066.0,1111.0,0,1,13,0.019,0
0.09,0,2751.0,3474.0,0,1,12,0.012,0
0.3,1,536.0,2246.0,0,0,14,0.043,0
4.2,0,128.0,10463.0,0,1,7,0.117,0
0.47,0,632.0,153.0,0,1,11,0.024,0
0.42,1,4022.0,1670.0,0,1,8,0.353,0
1.27,0,6119.0,2778.0,0,1,10,0.271,0
3.98,0,594.0,682.0,0,1,11,0.111,0
1.9,0,2171.0,4502.0,0,1,13,0.002,0
0.42,0,1913.0,2991.0,0,1,14,0.09,0
0.36,1,229.0,11999.0,0,1,13,0.047,0
2.48,0,20853.0,9513.0,0,1,9,0.136,0
1.59,1,61.0,1276.0,0,1,6,0.122,0
1.1,0,7455.0,11871.0,0,1,16,0.001,0
1.87,0,1266.0,1358.0,0,1,10,0.24,0
0.29,0,2379.0,10644.0,0,1,20,0.05,0
0.24,0,1138.0,1631.0,0,0,16,0.034,0
2.22,1,2307.0,5827.0,0,1,10,0.095,0
2.23,0,1156.0,8447.0,0,1,12,0.01,0
0.52,0,625.0,4415.0,0,1,16,0.293,0
0.46,0,3710.0,370.0,0,1,15,0.04,0
0.73,0,798.0,2633.0,0,0,20,0.141,0
2.2,0,90.0,6500.0,0,0,11,0.19,0
0.34,0,1560.0,1008.0,0,0,14,0.009,0
5.79,0,3142.0,3679.0,0,1,9,0.088,0
3.58,1,285.0,4342.0,0,1,18,0.129,0
0.26,0,440.0,4368.0,0,1,11,0.352,0
2.39,0,663.0,4220.0,0,1,17,0.292,0
4.61,0,1579.0,11225.0,0,1,9,0.014,0
0.68,0,921.0,2295.0,0,1,19,0.134,0
0.71,0,1065.0,3057.0,0,1,11,0.023,0
2.24,0,6605.0,3470.0,0,1,16,0.151,0
4.48,0,895.0,3620.0,0,0,8,0.454,0
2.72,0,1625.0,5579.0,0,1,10,0.001,0
0.95,0,1165.0,3777.0,0,1,7,0.146,0
0.95,1,2092.0,4552.0,0,0,10,0.001,0
4.23,0,1284.0,4254.0,0,1,6,0.008,0
0.01,0,1010.0,416.0,0,0,9,0.431,0
1.58,0,92.0,4801.0,0,1,14,0.007,0
0.49,0,4040.0,4978.0,0,1,13,0.036,0
1.59,1,4087.0,4328.0,0,0,16,0.074,0
0.81,0,1376.0,4328.0,0,1,13,0.106,0
1.05,1,4910.0,1938.0,0,1,20,0.288,0
0.02,1,819.0,1753.0,0,1,11,0.34,0
0.22,0,638.0,11416.0,0,0,16,0.085,0
0.99,0,3222.0,14005.0,0,0,14,0.015,0
4.82,0,434.0,4194.0,2,0,7,0.155,1
0.37,0,992.0,3575.0,0,1,12,0.084,0
7.5,0,4694.0,9095.0,0,1,10,0.0,0
0.58,0,5822.0,7329.0,0,0,13,0.124,0
1.35,0,737.0,7240.0,0,1,23,0.537,0
1.02,0,522.0,4560.0,0,0,14,0.152,0
1.57,0,2839.0,2799.0,0,1,13,0.053,0
1.04,0,3569.0,3056.0,0,1,13,0.001,0
2.26,0,2600.0,5981.0,0,0,12,0.099,0
1.74,2,1728.0,4161.0,0,1,12,0.051,0
0.69,1,2415.0,11392.0,0,1,16,0.031,0
0.62,0,1342.0,1912.0,0,0,8,0.035,0
3.24,0,1690.0,2849.0,1,0,11,0.088,1
2.72,0,5881.0,7565.0,0,0,15,0.095,0
0.72,2,505.0,13506.0,0,0,18,0.028,0
2.47,0,486.0,4770.0,0,1,14,0.052,0
1.68,0,3656.0,1525.0,0,1,15,0.148,0
3.66,0,866.0,1651.0,0,0,14,0.203,0
0.31,0,1046.0,1463.0,0,0,10,0.075,0
0.95,0,3621.0,1197.0,0,0,8,0.171,0
0.4,0,956.0,2996.0,0,1,14,0.431,0
1.67,0,8522.0,730.0,0,1,8,0.008,0
0.68,0,221.0,5019.0,0,1,9,0.294,0
0.53,0,4864.0,1957.0,0,0,4,0.0,0
0.24,2,2934.0,2690.0,0,1,21,0.064,0
6.26,0,1516.0,4353.0,0,1,12,0.081,0
0.32,0,4467.0,577.0,0,1,9,0.112,0
1.34,0,5270.0,2614.0,0,1,10,0.01,0
0.55,2,7572.0,3451.0,0,1,9,0.003,0
0.69,0,429.0,3263.0,0,1,14,0.004,0
0.5,0,7510.0,3055.0,0,1,9,0.158,0
0.96,0,183.0,8460.0,1,0,7,0.061,1
1.92,0,6758.0,3566.0,2,0,7,0.374,1
0.63,0,6307.0,2027.0,0,0,14,0.003,0
1.14,0,1271.0,4761.0,0,0,11,0.147,0
0.98,0,295.0,2642.0,0,1,15,0.145,0
0.78,0,2893.0,4857.0,0,1,5,0.523,0
2.48,1,503.0,1437.0,0,1,10,0.131,0
1.43,1,553.0,6198.0,0,1,7,0.022,0
2.91,0,10534.0,6449.0,0,1,9,0.08,0
2.44,0,860.0,8495.0,0,1,14,0.255,0
4.66,0,8250.0,9573.0,0,0,9,0.007,0
0.17,2,654.0,291.0,0,1,13,0.018,0
1.01,0,662.0,6269.0,0,1,13,0.098,0
1.08,0,3598.0,2871.0,0,1,13,0.0,0
0.17,2,3578.0,13240.0,0,1,13,0.075,0
0.28,2,1719.0,1758.0,0,1,11,0.027,0
0.17,0,2888.0,6465.0,0,1,12,0.222,0
0.71,0,866.0,778.0,0,1,8,0.004,0
5.74,0,919.0,6124.0,0,1,13,0.132,0
2.1,0,178.0,7609.0,0,1,12,0.21,0
2.24,0,1091.0,1172.0,0,1,5,0.169,0
1.63,0,1175.0,9069.0,0,1,12,0.047,0
0.5,0,7152.0,5900.0,0,1,8,0.064,0
0.35,0,1357.0,2146.0,0,1,18,0.045,0
2.51,1,3684.0,2338.0,0,0,19,0.238,0
0.03,0,5281.0,7429.0,0,1,7,0.024,0
1.45,0,2242.0,1316.0,0,1,19,0.002,0
0.58,1,2229.0,4127.0,0,1,9,0.092,0
0.24,0,2195.0,8420.0,0,1,15,0.193,0
0.11,1,456.0,1.0,0,1,10,0.269,0
1.98,2,833.0,1231.0,0,1,15,0.035,0
0.13,1,41.0,1357.0,0,1,12,0.095,0
0.2,0,3209.0,99.0,0,1,14,0.012,0
0.64,0,1810.0,1237.0,0,1,13,0.246,0
0.61,2,6647.0,3287.0,0,1,11,0.028,0
2.03,0,216.0,2652.0,0,0,16,0.037,0
0.02,0,2514.0,282.0,0,1,20,0.018,0
2.62,0,2738.0,375.0,0,1,13,0.075,0
2.73,0,1302.0,163.0,0,0,12,0.104,0
2.99,0,3146.0,426.0,0,1,17,0.077,0
0.74,1,1084.0,7440.0,0,1,10,0.06,0
0.63,0,1101.0,5325.0,0,0,14,0.0,0
1.6,1,7531.0,199.0,0,1,8,0.08,0
2.18,0,830.0,2361.0,0,1,12,0.196,0
2.72,0,783.0,4068.0,0,0,11,0.015,0
7.01,1,479.0,5029.0,0,1,15,0.091,0
3.61,0,53.0,14867.0,0,1,14,0.009,0
2.08,0,3647.0,43.0,1,0,15,0.005,0
1.08,1,3399.0,2322.0,1,0,12,0.183,1
0.44,2,107.0,11642.0,0,1,8,0.111,0
2.33,0,480.0,3944.0,0,1,17,0.006,0
0.96,0,3300.0,1405.0,0,1,8,0.055,0
0.82,2,607.0,5071.0,0,1,11,0.129,0
0.12,0,2059.0,7063.0,0,0,8,0.355,0
1.09,0,97.0,698.0,0,1,12,0.097,0
0.43,0,41.0,312.0,0,1,11,0.307,0
2.59,1,902.0,828.0,0,0,8,0.005,0
0.68,1,4461.0,2766.0,0,1,8,0.101,0
1.8,0,648.0,17194.0,0,0,7,0.006,0
2.29,0,632.0,2905.0,1,0,11,0.004,1
0.25,0,540.0,6779.0,0,1,8,0.012,0
0.71,0,1213.0,2604.0,0,1,11,0.079,0
2.49,0,397.0,3809.0,0,0,11,0.27,0
0.24,1,168.0,1212.0,0,1,16,0.0,0
5.51,0,1021.0,14509.0,0,1,12,0.006,0
1.01,0,358.0,106.0,0,1,9,0.122,0
2.54,0,1564.0,9404.0,0,1,14,0.003,0
0.01,2,1842.0,1920.0,0,0,11,0.012,0
0.14,0,5381.0,5479.0,0,1,11,0.013,0
0.79,0,2236.0,30.0,0,1,10,0.01,0
2.18,0,816.0,9286.0,0,1,12,0.386,0
2.87,0,1421.0,7302.0,0,0,14,0.281,0
0.58,0,405.0,1572.0,0,1,10,0.028,0
0.33,0,4227.0,7797.0,0,0,12,0.338,0
0.19,1,472.0,336.0,0,1,7,0.003,0
0.32,0,65.0,4242.0,0,0,13,0.077,0
2.26,0,2510.0,1041.0,0,1,8,0.001,0
1.62,1,958.0,616.0,0,1,10,0.13,0
3.06,1,1935.0,11209.0,1,0,18,0.043,1
4.61,0,283.0,6232.0,0,1,11,0.021,0
2.73,0,625.0,1668.0,0,1,6,0.216,0
1.29,0,1989.0,4206.0,0,1,9,0.072,0
1.54,0,644.0,252.0,0,0,11,0.411,0
0.69,2,834.0,7313.0,0,1,9,0.475,0
9.9,0,1218.0,1868.0,0,1,6,0.126,0
2.97,2,5297.0,4295.0,0,0,14,0.046,0
0.58,2,3280.0,5820.0,0,0,8,0.001,0
0.3,0,49.0,11104.0,0,1,6,0.066,0
0.9,1,847.0,1515.0,0,1,15,0.042,0
1.77,1,676.0,2513.0,0,0,11,0.263,0
4.93,0,4813.0,4423.0,0,0,10,0.012,0
1.53,0,561.0,4326.0,0,0,13,0.006,0
1.5,1,3073.0,2247.0,0,0,12,0.016,0
0.03,0,1261.0,1171.0,0,0,15,0.03,0
1.46,0,12981.0,4605.0,0,0,8,0.307,0
0.02,1,339.0,21.0,1,0,13,0.036,1
0.48,0,1399.0,1880.0,0,0,10,0.345,0
0.44,0,1939.0,1386.0,1,0,16,0.202,0
3.16,0,613.0,6202.0,1,0,9,0.161,1
4.45,1,960.0,7795.0,0,0,10,0.003,0
0.21,0,4445.0,4063.0,0,0,18,0.053,0
0.75,0,902.0,4964.0,0,1,17,0.053,0
0.86,0,2580.0,3361.0,2,0,6,0.114,1
0.53,2,770.0,4920.0,0,1,16,0.107,0
1.1,0,210.0,340.0,0,1,13,0.139,0
1.43,0,1136.0,1054.0,0,1,18,0.182,0
0.37,0,188.0,844.0,0,1,10,0.057,0
0.47,1,1215.0,4328.0,0,1,10,0.238,0
0.01,1,831.0,7401.0,0,1,19,0.071,0
3.03,0,743.0,10716.0,0,1,10,0.179,0
0.11,0,2119.0,1393.0,0,1,12,0.159,0
0.99,0,1034.0,2450.0,0,1,11,0.364,0
3.63,0,303.0,1276.0,0,0,18,0.249,0
1.01,0,71.0,354.0,1,0,13,0.048,1
1.61,0,76.0,168.0,0,0,16,0.076,0
0.85,1,394.0,9453.0,0,0,15,0.007,0
2.29,0,3580.0,1588.0,0,1,15,0.04,0
0.42,1,6057.0,1555.0,0,1,18,0.175,0
2.88,0,3342.0,1855.0,0,1,12,0.074,0
1.78,0,275.0,7213.0,0,0,18,0.438,0
2.77,1,518.0,10703.0,0,1,10,0.36,0
0.08,1,469.0,1595.0,0,1,15,0.001,0
1.63,0,785.0,500.0,0,1,14,0.0,0
1.13,0,658.0,1167.0,3,0,10,0.04,1
0.39,1,803.0,554.0,0,0,12,0.003,0
3.34,0,9747.0,162.0,0,0,12,0.041,0
0.96,2,140.0,527.0,1,0,8,0.055,1
0.36,0,2309.0,342.0,0,0,10,0.326,0
0.15,0,470.0,5999.0,0,0,19,0.0,0
0.15,0,2771.0,4008.0,0,1,6,0.012,0
1.58,1,3327.0,92.0,0,0,15,0.008,0
0.91,0,2966.0,2252.0,0,0,17,0.26,0
0.08,1,2832.0,1211.0,0,0,11,0.195,0
2.05,0,5809.0,6385.0,0,0,16,0.076,0
0.88,0,1292.0,906.0,0,1,10,0.356,0
1.52,1,3524.0,8440.0,0,1,11,0.0,0
2.46,1,5586.0,1985.0,0,1,12,0.009,0
0.47,0,2266.0,1925.0,0,0,12,0.045,0
0.13,0,7118.0,4532.0,0,1,13,0.025,0
0.74,0,9185.0,980.0,0,1,12,0.283,0
2.28,0,3409.0,676.0,0,1,14,0.42,0
0.19,1,271.0,8054.0,0,0,17,0.148,0
0.46,0,1020.0,1084.0,0,1,17,0.043,0
1.4,0,959.0,1040.0,0,1,13,0.003,0
0.79,0,1521.0,465.0,0,1,5,0.034,0
0.52,0,3190.0,1852.0,1,0,13,0.261,0
3.13,1,759.0,5560.0,3,0,12,0.394,1
1.93,0,1210.0,209.0,0,0,11,0.005,0
7.12,0,2682.0,1980.0,0,1,5,0.075,0
0.29,0,725.0,2191.0,0,1,11,0.359,0
1.14,0,1718.0,735.0,0,1,17,0.191,0
0.3,0,991.0,6411.0,0,1,13,0.075,0
2.76,0,1586.0,357.0,0,1,7,0.074,0
1.82,0,590.0,583.0,0,1,10,0.003,0
1.61,0,20887.0,1362.0,0,1,6,0.328,0
0.75,1,1288.0,1946.0,0,1,11,0.032,0
2.38,0,5239.0,451.0,0,0,13,0.239,0
0.71,0,5078.0,4737.0,0,1,11,0.06,0
5.49,2,1377.0,1760.0,0,1,8,0.095,0
0.89,1,3497.0,2541.0,0,1,7,0.007,0
2.03,0,533.0,2702.0,0,0,11,0.01,0
2.83,0,127.0,8022.0,0,0,10,0.106,0
0.27,1,703.0,5243.0,0,1,13,0.064,0
1.5,1,6796.0,680.0,0,0,14,0.071,0
0.38,1,2975.0,4398.0,0,1,14,0.077,0
1.99,0,1876.0,6209.0,0,1,13,0.003,0
0.28,0,716.0,5014.0,0,1,10,0.0,0
3.07,2,512.0,1241.0,1,0,11,0.416,1
2.53,0,326.0,5161.0,0,1,11,0.296,0
5.64,0,3606.0,2886.0,0,1,8,0.04,0
1.17,1,2344.0,5318.0,2,0,15,0.159,1
0.88,1,8985.0,4668.0,0,1,17,0.25,0
1.23,0,1301.0,30.0,0,0,9,0.18,0
0.1,0,546.0,5281.0,0,0,15,0.16,0
0.46,2,586.0,5592.0,0,0,10,0.15,0
1.53,0,3284.0,1012.0,0,1,12,0.005,0
0.68,2,1284.0,1488.0,0,1,11,0.02,0
0.45,1,3737.0,348.0,0,0,13,0.062,0
1.35,2,280.0,3120.0,0,1,13,0.367,0
0.18,0,1408.0,2398.0,0,0,10,0.008,0
0.49,0,601.0,1188.0,0,1,15,0.115,0
0.09,0,642.0,1315.0,0,1,15,0.0,0
2.59,0,292.0,2731.0,0,1,10,0.051,0
2.09,0,668.0,1730.0,0,1,8,0.128,0
1.45,2,1959.0,253.0,0,1,16,0.137,0
0.46,2,2212.0,94.0,2,0,20,0.009,1
3.03,0,1255.0,923.0,0,1,14,0.017,0
6.61,2,173.0,1036.0,0,1,13,0.0,0
5.2,0,3562.0,5238.0,0,0,13,0.078,0
0.68,0,1938.0,5954.0,0,0,18,0.015,0
1.4,0,278.0,11211.0,0,1,14,0.123,0
3.08,0,2890.0,15101.0,0,0,11,0.004,0
1.12,1,5766.0,1279.0,1,0,14,0.058,1
1.26,1,2033.0,2576.0,0,0,11,0.002,0
2.46,1,194.0,568.0,0,0,12,0.007,0
0.88,0,434.0,883.0,0,1,12,0.109,0
0.62,0,102.0,1261.0,0,1,15,0.024,0
0.07,2,888.0,4251.0,0,1,13,0.021,0
1.79,0,1122.0,1710.0,0,1,11,0.166,0
0.17,0,1090.0,264.0,0,1,7,0.265,0
0.78,1,2978.0,4129.0,0,1,15,0.183,0
0.93,0,1141.0,1156.0,0,0,18,0.035,0
9.09,0,924.0,901.0,0,0,9,0.369,0
0.74,0,221.0,3624.0,1,0,12,0.017,1
1.32,0,3943.0,204.0,0,1,12,0.081,0
0.44,0,2728.0,5741.0,1,0,18,0.019,1
4.85,0,2890.0,3222.0,0,1,13,0.173,0
0.72,1,1394.0,2837.0,0,1,13,0.063,0
1.78,0,2311.0,1635.0,0,1,15,0.249,0
2.87,2,1558.0,3855.0,0,1,14,0.232,0
0.08,0,613.0,1324.0,0,0,14,0.382,0
1.46,1,2492.0,1805.0,1,0,10,0.182,0
0.83,0,2644.0,1574.0,0,0,18,0.0,0
0.35,0,12.0,3268.0,0,0,14,0.069,0
1.06,0,804.0,1812.0,0,1,14,0.036,0
0.15,0,2346.0,5099.0,0,1,14,0.001,0
5.36,0,8156.0,1436.0,0,1,14,0.051,0
1.65,0,1789.0,2282.0,0,1,11,0.002,0
1.25,0,8.0,6536.0,0,0,12,0.297,0
0.5,2,1011.0,802.0,0,1,16,0.303,0
0.22,2,761.0,4413.0,0,1,13,0.017,0
1.31,0,496.0,3520.0,0,0,11,0.04,0
1.78,1,1470.0,5416.0,0,1,10,0.36,0
0.4,0,3018.0,2627.0,0,1,11,0.026,0
2.86,0,5405.0,4985.0,0,0,13,0.016,0
0.12,1,4103.0,3353.0,0,0,14,0.085,0
1.13,2,72.0,3657.0,0,1,14,0.006,0
0.57,0,6881.0,3869.0,0,1,13,0.327,0
0.47,2,8653.0,2371.0,0,1,9,0.161,0
5.45,0,863.0,3063.0,0,1,8,0.089,0
0.57,1,5444.0,723.0,0,1,6,0.036,0
0.2,1,1402.0,151.0,0,1,11,0.226,0
2.32,0,2050.0,1784.0,0,1,19,0.25,0
1.8,0,3517.0,707.0,0,1,16,0.032,0
2.67,0,561.0,476.0,0,0,13,0.009,0
3.37,0,846.0,6899.0,0,1,14,0.0,0
1.67,1,921.0,13266.0,0,1,5,0.035,0
5.19,0,1659.0,4458.0,0,0,7,0.17,0
0.37,0,8863.0,8160.0,0,0,20,0.064,0
0.06,0,466.0,5423.0,0,1,11,0.0,0
1.76,0,12470.0,1886.0,0,1,6,0.075,0
0.32,0,575.0,8553.0,0,1,15,0.098,0
0.37,2,2013.0,5759.0,1,0,12,0.021,1
2.55,0,223.0,3933.0,0,1,12,0.003,0
1.13,1,2373.0,579.0,0,1,13,0.0,0
1.26,2,5944.0,8673.0,0,0,7,0.143,0
3.44,1,781.0,4427.0,0,1,11,0.205,0
0.08,0,3131.0,887.0,0,1,17,0.104,0
4.21,0,262.0,74.0,0,1,10,0.122,0
0.43,0,4127.0,1829.0,0,1,12,0.166,0
0.71,0,1474.0,4423.0,0,0,15,0.132,0
0.29,2,4075.0,5115.0,0,1,13,0.015,0
3.41,0,433.0,2341.0,0,1,7,0.017,0
2.64,0,716.0,8870.0,0,1,11,0.0,0
0.04,0,4519.0,405.0,0,1,10,0.096,0
1.28,0,2305.0,1652.0,0,1,6,0.0,0
2.97,0,7893.0,3007.0,0,0,12,0.243,0
2.47,2,152.0,406.0,0,1,8,0.003,0
4.33,0,2426.0,121.0,0,0,10,0.306,0
0.77,1,2201.0,593.0,0,0,13,0.005,0
0.77,0,1682.0,12177.0,0,1,13,0.0,0
0.84,1,2596.0,1301.0,0,1,18,0.154,0
4.38,0,3547.0,16169.0,0,1,12,0.101,0
0.67,0,1706.0,1947.0,0,1,11,0.124,0
5.15,0,3863.0,6877.0,0,0,13,0.186,0
0.14,0,65.0,515.0,0,1,7,0.12,0
0.27,0,1263.0,6954.0,0,0,15,0.091,0
0.06,0,2776.0,12587.0,0,0,11,0.166,0
0.47,0,13407.0,2389.0,0,1,16,0.411,0
3.57,1,2427.0,59.0,0,1,17,0.464,0
0.51,0,5584.0,635.0,0,0,13,0.154,0
0.1,0,5463.0,3072.0,0,0,8,0.013,0
4.25,2,2236.0,4796.0,0,1,10,0.218,0
3.54,2,1396.0,1133.0,0,0,5,0.173,0
2.13,0,1001.0,34959.0,0,1,9,0.001,0
1.8,0,1303.0,6700.0,0,1,13,0.08,0
1.46,0,290.0,6013.0,0,1,10,0.004,0
0.07,0,6889.0,2480.0,0,1,16,0.077,0
2.38,0,4285.0,8030.0,0,0,12,0.007,0
1.17,2,1599.0,3843.0,0,1,11,0.362,0
2.77,0,523.0,4680.0,0,1,15,0.097,0
0.42,0,2009.0,2748.0,0,0,16,0.274,0
3.06,0,737.0,27325.0,0,1,13,0.009,0
0.25,2,490.0,468.0,0,0,18,0.03,0
0.59,0,838.0,6762.0,0,1,13,0.019,0
0.82,1,6.0,11722.0,0,1,13,0.075,0
2.46,1,51.0,899.0,0,0,4,0.107,0
1.63,0,428.0,8088.0,0,1,15,0.002,0
1.64,2,293.0,4202.0,0,0,14,0.021,0
0.39,0,8698.0,1007.0,0,1,14,0.117,0
2.03,2,2052.0,3469.0,0,1,14,0.001,0
2.64,0,5533.0,2063.0,0,1,10,0.019,0
0.09,0,3959.0,988.0,0,1,7,0.005,0
9.1,2,602.0,2005.0,0,1,16,0.022,0
2.37,1,6590.0,1294.0,0,1,8,0.03,0
0.36,0,2099.0,3237.0,0,1,15,0.006,0
0.54,1,672.0,2164.0,0,0,10,0.384,0
2.65,2,2557.0,363.0,0,1,12,0.001,0
2.35,0,3875.0,796.0,0,1,14,0.109,0
3.21,0,5620.0,4006.0,0,1,8,0.346,0
3.41,0,48.0,2716.0,0,0,11,0.022,0
1.96,0,2842.0,1718.0,0,0,14,0.011,0
1.34,1,2899.0,8649.0,0,1,12,0.269,0
0.06,0,514.0,5792.0,0,1,12,0.321,0
0.65,0,2054.0,1960.0,0,1,13,0.001,0
4.03,0,3879.0,5052.0,0,1,9,0.024,0
0.1,0,4.0,3143.0,0,0,12,0.093,0
0.39,0,6685.0,1929.0,0,1,10,0.004,0
4.64,0,1292.0,2636.0,0,1,9,0.021,0
0.36,0,338.0,6867.0,0,1,18,0.649,1
0.66,0,751.0,9355.0,0,1,17,0.009,0
1.65,1,161.0,4681.0,0,1,10,0.054,0
2.82,0,5589.0,163.0,0,1,18,0.032,0
0.63,0,5681.0,1860.0,0,0,16,0.152,0
1.76,0,3881.0,2561.0,0,1,8,0.027,0
0.02,0,4231.0,2601.0,0,1,10,0.032,0
1.83,1,2843.0,740.0,0,1,17,0.001,0
0.12,0,4485.0,1425.0,0,1,11,0.002,0
0.81,2,4161.0,2250.0,0,1,16,0.046,0
3.06,2,440.0,2631.0,0,1,14,0.06,0
2.78,0,1193.0,1384.0,0,1,9,0.003,0
1.07,0,621.0,849.0,0,1,13,0.062,0
1.06,0,8792.0,5405.0,0,1,13,0.0,0
0.1,0,408.0,988.0,0,1,18,0.073,0
1.81,0,183.0,4366.0,0,1,4,0.002,0
1.52,0,3195.0,14507.0,0,1,14,0.009,0
1.41,0,1830.0,7360.0,0,1,18,0.023,0
0.68,0,400.0,16372.0,0,1,11,0.005,0
0.24,0,83.0,14885.0,0,1,13,0.001,0
4.92,0,4479.0,5603.0,0,1,14,0.034,0
0.17,0,3369.0,887.0,0,0,11,0.053,0
0.02,1,242.0,2736.0,0,0,16,0.494,0
0.85,0,1103.0,304.0,0,1,12,0.048,0
2.14,0,10476.0,2792.0,0,1,4,0.004,0
2.01,0,498.0,8295.0,0,0,8,0.009,0
0.04,0,6589.0,2230.0,0,1,9,0.01,0
2.31,0,1862.0,5818.0,0,0,10,0.166,0
5.02,0,5356.0,10053.0,0,1,22,0.034,0
2.17,1,3419.0,8199.0,0,0,10,0.014,0
1.36,0,1418.0,3801.0,0,1,9,0.002,0
1.03,0,259.0,11000.0,0,0,14,0.01,0
0.59,0,3024.0,13060.0,0,0,11,0.223,0
1.55,1,819.0,5191.0,0,1,11,0.298,0
3.21,0,881.0,103.0,0,0,5,0.042,0
2.38,1,3834.0,1640.0,0,1,8,0.113,0
0.33,0,1605.0,1743.0,0,1,11,0.028,0
0.89,0,2213.0,12843.0,0,1,12,0.454,0
0.06,0,40.0,2298.0,0,0,22,0.044,0
1.35,0,15754.0,19939.0,0,0,10,0.089,0
2.88,1,8644.0,1903.0,0,1,9,0.079,0
1.19,0,986.0,4852.0,0,1,9,0.002,0
3.41,0,1372.0,3950.0,0,0,8,0.074,0
0.53,2,4205.0,4533.0,1,0,10,0.001,1
0.36,0,1727.0,269.0,0,1,17,0.038,0
1.34,0,6464.0,64.0,0,1,12,0.002,0
1.36,0,1051.0,6851.0,0,1,16,0.146,0
0.81,2,40.0,15784.0,0,0,7,0.033,0
1.52,0,12757.0,7824.0,0,1,13,0.218,0
0.24,2,849.0,505.0,0,1,13,0.122,0
4.36,0,3051.0,4613.0,0,0,13,0.178,0
0.37,1,647.0,422.0,0,0,6,0.02,0
2.14,0,2783.0,1405.0,0,1,13,0.075,0
2.13,2,1386.0,3117.0,0,0,9,0.005,0
0.55,0,7469.0,3481.0,0,1,9,0.015,0
0.87,0,2210.0,1337.0,0,1,9,0.056,0
0.31,0,381.0,4290.0,0,1,18,0.19,0
0.29,0,5207.0,2116.0,0,1,15,0.061,0
0.74,1,2018.0,6878.0,0,1,13,0.209,0
0.19,0,2859.0,5962.0,0,1,14,0.071,0
1.79,1,10018.0,430.0,2,0,15,0.053,1
0.57,0,1784.0,680.0,0,1,15,0.027,0
1.6,0,6393.0,1099.0,0,1,17,0.004,0
1.43,0,2552.0,1465.0,0,1,13,0.183,0
1.37,1,3020.0,516.0,0,1,13,0.185,0
1.34,0,2368.0,1127.0,0,1,16,0.051,0
2.67,0,704.0,2296.0,0,0,13,0.097,0
2.65,0,217.0,1851.0,0,1,12,0.017,0
1.24,0,3567.0,2877.0,0,0,13,0.072,0
1.03,0,530.0,10143.0,0,1,11,0.172,0
2.79,2,3462.0,7670.0,0,1,16,0.012,0
6.83,2,2255.0,776.0,0,0,12,0.0,0
2.51,0,1520.0,1112.0,0,1,15,0.154,0
5.43,1,6132.0,933.0,0,1,9,0.068,0
0.26,0,7743.0,2127.0,0,1,7,0.112,0
2.85,0,8147.0,7685.0,0,1,14,0.054,0
0.75,0,1761.0,8053.0,0,0,5,0.159,0
0.04,0,1.0,13399.0,0,1,17,0.442,0
0.35,1,2196.0,496.0,0,1,8,0.001,0
5.27,0,9828.0,6841.0,0,1,11,0.479,0
6.98,1,8171.0,13598.0,0,1,12,0.004,0
0.36,0,2551.0,5989.0,0,1,18,0.002,0
1.33,0,1741.0,2478.0,1,0,14,0.005,1
1.92,0,4689.0,1252.0,0,1,9,0.007,0
1.86,0,4286.0,12032.0,0,0,11,0.299,0
0.84,0,327.0,3204.0,0,1,11,0.008,0
0.52,0,172.0,3978.0,0,0,7,0.024,0
0.45,1,1108.0,5831.0,0,0,9,0.263,0
14.99,0,1692.0,4647.0,0,1,14,0.113,0
0.29,0,2118.0,5149.0,0,1,8,0.341,0
0.65,0,8241.0,1784.0,0,0,13,0.069,0
0.1,2,3581.0,4239.0,0,0,8,0.066,0
0.5,0,580.0,41.0,0,0,10,0.003,0
0.18,1,2345.0,687.0,0,1,17,0.003,0
0.27,0,610.0,35.0,0,1,10,0.033,0
0.37,0,2281.0,2841.0,0,1,8,0.003,0
0.27,1,772.0,4648.0,0,0,11,0.044,0
2.07,0,3422.0,3809.0,0,0,14,0.454,0
0.22,0,20.0,2083.0,1,0,10,0.062,1
1.05,1,1880.0,1550.0,0,1,10,0.094,0
0.5,0,2807.0,1479.0,0,0,13,0.385,0
0.64,0,7029.0,489.0,0,1,14,0.493,0
1.9,0,686.0,2207.0,2,0,19,0.014,1
0.2,0,175.0,132.0,0,1,11,0.015,0
2.77,0,3658.0,854.0,0,0,11,0.548,0
0.24,0,5964.0,3856.0,0,1,15,0.033,0
3.36,2,464.0,1963.0,0,0,12,0.109,0
1.75,0,2242.0,12383.0,0,1,13,0.032,0
1.06,0,2477.0,12634.0,0,1,7,0.459,0
1.43,0,19.0,6799.0,0,1,16,0.001,0
2.47,0,1329.0,5788.0,0,0,11,0.233,0
0.16,1,1540.0,1547.0,0,0,13,0.223,0
0.6,0,2189.0,1050.0,0,1,14,0.097,0
2.75,0,7186.0,1860.0,0,0,7,0.001,0
1.9,2,5300.0,4129.0,0,1,12,0.032,0
5.24,0,179.0,5253.0,1,0,9,0.005,1
1.39,0,731.0,239.0,1,0,11,0.025,1
0.04,0,1986.0,6780.0,0,0,11,0.002,0
1.52,0,2583.0,216.0,0,1,14,0.41,0
2.86,0,781.0,1732.0,0,1,15,0.013,0
3.28,1,8853.0,3297.0,0,1,14,0.005,0
0.84,0,2686.0,681.0,0,0,7,0.444,0
0.28,2,850.0,9665.0,0,1,10,0.368,0
1.06,0,1986.0,2288.0,0,1,9,0.193,0
0.95,1,605.0,95.0,2,0,20,0.006,1
0.51,0,3223.0,17.0,0,1,12,0.043,0
0.18,0,1515.0,112.0,0,0,11,0.017,0
1.04,1,855.0,1953.0,0,1,12,0.264,0
0.41,0,578.0,1363.0,0,0,12,0.001,0
0.14,0,3512.0,26508.0,0,0,8,0.603,1
1.53,2,6176.0,979.0,0,0,10,0.167,0
0.73,1,3733.0,11781.0,0,1,13,0.059,0
0.48,0,1036.0,738.0,0,1,20,0.137,0
1.77,0,896.0,9954.0,0,1,16,0.139,0
0.05,0,159.0,6450.0,0,1,9,0.0,0
0.78,1,3676.0,14963.0,0,0,7,0.092,0
0.42,0,1813.0,5759.0,0,1,25,0.053,0
0.66,0,7600.0,5065.0,0,0,20,0.065,0
0.11,1,135.0,2220.0,0,0,14,0.063,0
1.07,0,740.0,2944.0,0,0,13,0.332,0
0.33,0,2930.0,1279.0,0,1,11,0.236,0
0.04,1,508.0,401.0,0,1,12,0.127,0
0.33,0,2666.0,77.0,0,0,14,0.034,0
5.14,0,1301.0,2055.0,0,1,25,0.622,1
0.34,0,3791.0,4955.0,0,0,9,0.025,0
0.34,0,1722.0,849.0,0,1,10,0.23,0
0.26,0,5116.0,217.0,0,1,7,0.03,0
0.38,0,513.0,571.0,0,0,11,0.009,0
2.79,1,531.0,2153.0,0,1,16,0.013,0
2.49,0,1282.0,9300.0,0,1,15,0.088,0
0.11,0,3474.0,4355.0,0,1,12,0.006,0
0.16,0,1066.0,1940.0,0,1,10,0.042,0
0.69,0,310.0,5236.0,0,1,13,0.258,0
0.27,1,3199.0,6967.0,0,0,19,0.064,0
0.88,0,2013.0,2084.0,0,1,5,0.283,0
1.47,0,821.0,6198.0,0,1,22,0.0,0
1.91,1,5733.0,5116.0,0,0,11,0.022,0
2.16,0,2015.0,4696.0,0,0,16,0.002,0
0.54,1,1877.0,252.0,0,1,8,0.076,0
0.15,0,1624.0,292.0,0,1,15,0.127,0
1.89,0,1604.0,343.0,0,1,8,0.087,0
1.39,2,2268.0,2172.0,0,1,10,0.297,0
0.42,1,757.0,2781.0,0,0,22,0.088,0
0.76,1,221.0,1669.0,0,1,18,0.176,0
1.69,0,3008.0,624.0,0,1,12,0.271,0
0.61,0,230.0,1530.0,0,1,10,0.002,0
2.64,0,3511.0,343.0,0,1,12,0.013,0
1.28,0,3610.0,871.0,0,1,12,0.026,0
0.95,0,1547.0,1008.0,0,0,12,0.026,0
0.68,2,1984.0,290.0,0,1,9,0.025,0
1.59,0,5351.0,2346.0,0,1,14,0.101,0
0.33,2,2164.0,1904.0,0,1,7,0.251,0
3.36,0,1431.0,794.0,0,1,19,0.0,0
1.75,0,908.0,401.0,0,1,7,0.212,0
0.88,0,5450.0,5512.0,0,1,15,0.005,0
0.06,0,2146.0,4407.0,0,1,7,0.004,0
1.92,0,1948.0,843.0,1,0,17,0.379,1
0.61,1,15436.0,7759.0,0,1,12,0.065,0
3.68,0,841.0,509.0,0,1,12,0.058,0
1.32,0,8759.0,1277.0,0,1,10,0.028,0
0.45,2,142.0,175.0,0,0,18,0.059,0
4.94,1,4072.0,10257.0,0,0,13,0.053,0
0.84,0,1044.0,2661.0,0,0,11,0.384,0
0.49,1,147.0,9484.0,0,0,10,0.014,0
2.28,1,7486.0,5891.0,0,1,14,0.004,0
1.75,0,4230.0,922.0,0,1,15,0.215,0
1.37,0,2004.0,206.0,0,1,8,0.006,0
2.1,0,1749.0,4213.0,0,1,13,0.048,0
3.82,1,5355.0,6924.0,0,0,16,0.19,0
0.25,0,3671.0,4101.0,0,1,12,0.102,0
0.88,1,4799.0,950.0,0,1,13,0.535,0
1.31,1,1134.0,2705.0,0,0,8,0.389,0
2.59,0,4872.0,2843.0,2,0,14,0.454,1
0.05,1,4005.0,1868.0,0,0,13,0.035,0
1.64,0,3897.0,1398.0,0,1,17,0.066,0
1.24,2,6772.0,4090.0,0,1,9,0.248,0
3.03,0,1210.0,8216.0,0,0,5,0.106,0
1.16,0,366.0,2460.0,0,0,11,0.147,0
0.99,0,9306.0,1433.0,1,0,10,0.263,1
1.19,1,239.0,5177.0,0,0,13,0.252,0
1.14,1,695.0,3611.0,0,0,14,0.075,0
0.33,0,3963.0,10644.0,0,1,10,0.336,0
1.88,0,1529.0,3068.0,0,1,15,0.053,0
0.19,0,4767.0,4120.0,0,1,9,0.179,0
1.49,0,316.0,784.0,0,1,9,0.0,0
0.27,0,113.0,4973.0,0,1,17,0.049,0
0.16,1,9031.0,62.0,0,0,14,0.039,1
1.16,0,9901.0,5885.0,0,1,9,0.034,0
0.21,2,4018.0,10003.0,0,1,15,0.038,0
2.01,2,6421.0,844.0,0,1,16,0.042,0
5.65,0,2799.0,480.0,0,0,15,0.18,0
0.21,0,139.0,1719.0,0,1,6,0.213,0
3.23,0,5103.0,2318.0,0,1,12,0.003,0
1.0,0,12098.0,333.0,0,0,18,0.046,0
1.08,0,756.0,1690.0,1,0,7,0.002,1
1.37,0,1512.0,1864.0,0,1,6,0.0,0
1.45,0,5041.0,6978.0,0,1,9,0.0,0
1.39,2,2496.0,7880.0,0,1,14,0.026,0
0.35,0,482.0,4616.0,0,1,15,0.047,0
4.98,0,473.0,5552.0,0,1,7,0.01,0
0.41,0,10056.0,1536.0,0,0,12,0.017,0
0.43,0,3311.0,248.0,0,1,17,0.048,0
0.29,0,2580.0,4988.0,0,1,15,0.011,0
0.25,0,587.0,7889.0,0,1,12,0.014,0
1.51,0,529.0,1993.0,0,0,15,0.111,0
8.88,0,2179.0,2037.0,0,0,18,0.017,0
1.03,1,5196.0,3301.0,2,0,11,0.042,1
1.91,0,1139.0,881.0,0,1,12,0.121,0
0.28,0,1816.0,113.0,0,1,12,0.054,0
0.87,0,1439.0,11566.0,0,0,7,0.095,0
0.95,0,481.0,175.0,0,1,12,0.176,0
2.99,0,7747.0,241.0,0,0,11,0.078,0
5.4,0,3331.0,268.0,0,1,16,0.173,0
0.68,0,2260.0,3397.0,0,1,13,0.024,0
5.11,0,2599.0,1071.0,0,1,11,0.01,0
0.03,0,3975.0,1905.0,1,0,17,0.113,1
0.38,0,1839.0,6007.0,0,1,6,0.096,0
0.08,0,2196.0,830.0,0,1,8,0.217,0
0.38,0,6395.0,4366.0,0,1,11,0.081,0
0.3,0,44.0,1759.0,0,0,12,0.038,0
1.25,0,5729.0,2431.0,0,1,12,0.018,0
0.88,1,1037.0,3706.0,0,1,7,0.28,0
5.86,0,5671.0,314.0,1,0,17,0.06,1
0.57,0,5954.0,3353.0,0,0,10,0.206,0
0.31,1,565.0,167.0,0,1,11,0.082,0
0.81,1,836.0,1382.0,0,1,12,0.179,0
0.34,0,1615.0,4271.0,0,0,11,0.049,0
0.26,0,4143.0,10851.0,0,1,10,0.045,0
0.01,2,130.0,1123.0,0,1,11,0.152,0
0.57,1,1138.0,8068.0,0,0,7,0.715,0
3.74,0,1531.0,12587.0,0,0,14,0.294,0
3.35,0,814.0,3436.0,0,0,14,0.213,0
2.33,0,25.0,22407.0,0,1,8,0.018,0
3.07,0,1038.0,10891.0,0,0,19,0.325,0
0.44,0,2919.0,1192.0,3,0,1,0.089,1
0.05,0,501.0,1652.0,0,1,11,0.076,0
2.43,0,153.0,13623.0,0,1,20,0.058,0
0.32,1,4850.0,2728.0,2,0,12,0.092,1
0.03,1,1565.0,4892.0,0,1,11,0.086,0
0.01,1,1587.0,8258.0,0,0,12,0.459,0
0.58,1,3044.0,3044.0,0,0,12,0.085,0
0.84,0,7655.0,5488.0,0,1,13,0.014,0
2.51,0,568.0,4427.0,0,1,16,0.325,0
0.66,0,2.0,1009.0,0,1,14,0.161,0
0.54,0,3678.0,614.0,0,0,11,0.019,0
3.44,0,1876.0,5788.0,0,1,12,0.287,0
0.04,0,1807.0,5298.0,0,1,7,0.003,0
1.48,1,1830.0,1864.0,0,1,9,0.025,0
1.47,2,756.0,208.0,0,0,17,0.13,0
1.75,0,4517.0,4808.0,0,1,7,0.004,0
6.12,1,321.0,221.0,0,1,15,0.389,0
0.44,0,882.0,2978.0,0,1,14,0.0,0
1.09,1,2744.0,3050.0,0,1,19,0.032,0
1.09,0,1186.0,9215.0,0,1,12,0.449,0
0.67,0,364.0,499.0,0,0,18,0.026,0
0.12,1,1408.0,1255.0,0,1,12,0.15,0
0.63,0,2235.0,4442.0,0,1,16,0.004,0
2.8,0,5135.0,2754.0,0,0,9,0.02,0
0.74,0,1449.0,8754.0,1,0,12,0.348,1
1.65,0,2776.0,4459.0,0,1,8,0.26,0
0.69,0,419.0,9386.0,0,1,14,0.049,0
2.42,0,4564.0,1166.0,0,1,13,0.033,0
0.27,1,1563.0,2980.0,0,1,10,0.191,0
0.82,0,414.0,902.0,0,0,16,0.143,0
0.22,0,3544.0,7794.0,1,0,10,0.046,1
1.39,0,191.0,2213.0,0,1,19,0.004,0
1.59,0,1995.0,2399.0,0,1,8,0.206,0
0.36,0,441.0,1925.0,0,1,7,0.017,0
0.8,0,3756.0,934.0,0,0,9,0.163,0
1.97,0,1635.0,662.0,0,1,15,0.009,0
1.45,0,6828.0,547.0,0,0,9,0.122,0
2.52,1,498.0,1829.0,0,1,12,0.002,0
1.92,0,1747.0,9426.0,0,1,12,0.031,0
0.27,0,3064.0,881.0,0,1,11,0.019,0
0.24,0,1185.0,10353.0,0,1,10,0.046,0
0.08,1,646.0,3509.0,0,0,17,0.0,0
0.6,0,7185.0,6992.0,0,1,17,0.147,0
2.04,0,46.0,1335.0,0,0,15,0.019,0
6.17,0,4745.0,4134.0,0,0,13,0.01,0
0.73,0,4711.0,377.0,0,1,9,0.0,0
0.54,0,1679.0,857.0,0,0,17,0.064,0
2.63,2,2118.0,142.0,0,1,10,0.091,0
1.09,2,1763.0,2617.0,0,0,18,0.284,0
1.75,0,624.0,4036.0,0,1,11,0.008,0
1.56,0,2438.0,23393.0,0,1,16,0.164,0
0.92,0,2766.0,18368.0,1,0,11,0.075,1
0.26,0,3537.0,1236.0,0,0,14,0.01,0
1.95,0,14.0,9387.0,1,0,13,0.358,1
0.23,2,1483.0,4987.0,0,1,19,0.003,0
1.91,0,3331.0,3468.0,0,1,14,0.012,0
2.08,0,213.0,3106.0,0,1,19,0.052,0
0.28,0,95.0,1622.0,0,1,10,0.085,0
0.7,0,225.0,1818.0,0,1,8,0.195,0
1.22,0,920.0,1918.0,0,1,9,0.04,0
1.4,0,223.0,1695.0,0,0,17,0.154,0
4.84,0,6354.0,1700.0,0,0,5,0.07,0
0.18,0,5162.0,854.0,0,1,10,0.002,0
0.74,0,2467.0,3841.0,0,0,11,0.079,0
4.34,0,3613.0,521.0,0,0,15,0.003,0
1.39,0,37.0,10322.0,0,1,9,0.008,0
0.1,0,423.0,4955.0,0,1,11,0.021,0
2.37,1,543.0,1507.0,0,0,8,0.35,0
2.49,0,2742.0,787.0,0,1,10,0.093,0
0.25,0,1797.0,87.0,0,1,9,0.039,0
0.57,1,178.0,15116.0,0,1,17,0.004,0
0.53,0,576.0,1273.0,0,1,10,0.035,0
0.59,1,8296.0,2719.0,0,0,20,0.09,0
0.71,0,5393.0,6007.0,0,1,14,0.073,0
6.24,1,5473.0,1772.0,0,1,10,0.065,0
3.19,0,406.0,4503.0,0,0,7,0.099,0
2.6,2,4777.0,1920.0,0,1,8,0.063,0
1.66,0,7325.0,797.0,0,1,8,0.122,0
2.51,1,1042.0,10526.0,0,0,18,0.003,0
2.18,1,6630.0,4486.0,0,0,15,0.001,0
1.72,0,1988.0,5757.0,0,0,12,0.012,0
0.41,1,1555.0,5689.0,0,1,13,0.004,0
0.67,2,546.0,5423.0,0,0,12,0.013,0
0.43,0,3511.0,1718.0,0,1,13,0.0,0
0.71,0,2062.0,1389.0,0,1,9,0.198,0
1.43,0,379.0,118.0,0,1,15,0.0,0
0.87,0,103.0,3485.0,0,1,7,0.0,0
4.56,0,1159.0,720.0,0,1,11,0.007,0
3.44,0,487.0,7331.0,0,0,13,0.242,0
3.95,0,6156.0,2880.0,0,1,14,0.325,0
0.08,2,3053.0,2973.0,0,1,10,0.286,0
0.12,1,2909.0,4958.0,0,0,9,0.189,0
0.03,0,827.0,6269.0,0,1,17,0.022,0
1.47,0,890.0,1012.0,1,0,13,0.004,1
2.3,0,4578.0,4560.0,0,0,7,0.005,0
3.09,0,3716.0,1140.0,0,0,11,0.019,0
0.18,0,6133.0,192.0,0,1,15,0.014,0
0.57,0,2664.0,5458.0,0,1,14,0.013,0
0.95,0,4104.0,9684.0,0,1,13,0.114,0
0.25,0,5795.0,3368.0,0,1,21,0.059,0
1.63,0,1854.0,10373.0,0,1,11,0.309,0
1.24,0,4164.0,3357.0,0,0,11,0.001,0
0.5,1,2725.0,154.0,0,1,17,0.299,0
1.89,1,3392.0,529.0,0,1,11,0.238,0
1.22,0,194.0,1869.0,0,0,11,0.063,0
4.55,0,2682.0,126.0,0,1,10,0.033,0
1.59,0,2279.0,166.0,0,1,6,0.2,0
0.13,0,2412.0,10114.0,0,1,13,0.016,0
0.71,0,1812.0,5924.0,0,1,18,0.192,0
1.26,0,2472.0,1805.0,0,1,15,0.118,0
2.24,2,1870.0,806.0,0,0,13,0.124,0
2.06,1,1197.0,1107.0,1,0,13,0.076,1
0.94,0,7899.0,7057.0,0,1,16,0.004,0
0.99,0,1794.0,8135.0,0,1,15,0.179,0
2.15,0,6891.0,2418.0,0,1,15,0.139,0
2.06,0,2615.0,10962.0,0,0,11,0.05,0
0.47,2,158.0,4748.0,0,1,15,0.15,0
2.52,2,1884.0,4947.0,0,1,14,0.123,0
0.07,0,1817.0,4668.0,0,1,14,0.568,0
0.65,0,2997.0,3573.0,0,1,12,0.064,0
3.28,0,11804.0,4074.0,0,1,7,0.094,0
1.24,0,4027.0,3774.0,0,0,6,0.396,0
0.83,0,4974.0,10281.0,0,1,13,0.019,0
0.09,1,1940.0,1603.0,0,1,10,0.053,0
0.39,0,240.0,4352.0,0,0,9,0.138,0
1.38,0,5.0,2386.0,0,1,21,0.0,0
0.15,0,1267.0,950.0,0,1,13,0.222,0
0.97,0,67.0,5214.0,0,1,7,0.305,0
0.68,0,7042.0,2053.0,0,1,14,0.098,0
0.36,0,861.0,5800.0,0,1,12,0.007,0
6.78,0,5563.0,1598.0,0,1,9,0.016,0
0.99,1,1635.0,941.0,0,1,10,0.043,0
1.07,0,1683.0,147.0,1,0,12,0.142,1
0.38,0,1046.0,1656.0,0,1,9,0.0,0
0.34,2,3227.0,4211.0,0,1,10,0.177,0
1.59,0,3990.0,4417.0,0,1,6,0.129,0
0.43,0,281.0,11361.0,0,1,13,0.03,0
0.22,1,809.0,484.0,0,1,7,0.12,0
0.74,0,1225.0,1794.0,0,1,8,0.347,0
0.09,1,850.0,3068.0,0,1,15,0.087,0
5.89,1,18881.0,4278.0,0,1,13,0.379,0
2.25,0,5209.0,965.0,0,1,12,0.085,0
0.2,0,87.0,4839.0,0,1,22,0.233,0
0.64,2,3009.0,599.0,0,1,18,0.189,0
0.96,0,220.0,8328.0,0,1,8,0.095,0
1.53,0,2487.0,1727.0,0,0,14,0.208,0
0.16,0,557.0,11440.0,0,1,15,0.286,0
0.96,0,2774.0,471.0,0,1,11,0.012,0
0.19,1,33.0,3125.0,0,0,10,0.238,0
0.6,0,701.0,1437.0,0,1,8,0.021,0
1.49,0,615.0,19206.0,0,1,12,0.045,0
2.96,0,8115.0,8077.0,0,1,15,0.097,0
0.75,1,3204.0,4646.0,0,0,16,0.054,0
0.79,0,1270.0,2252.0,0,1,9,0.03,0
1.33,1,161.0,4781.0,1,0,8,0.03,1
2.14,2,1508.0,11333.0,0,1,11,0.01,0
0.14,0,143.0,1133.0,0,0,11,0.032,0
1.43,0,1653.0,1897.0,0,1,10,0.152,0
2.89,1,1265.0,1856.0,0,0,16,0.023,0
2.7,0,1194.0,13597.0,0,0,15,0.0,0
1.85,0,2544.0,4261.0,0,0,9,0.0,0
2.88,0,4616.0,7607.0,0,1,11,0.002,0
1.37,0,282.0,593.0,0,1,10,0.027,0
2.13,0,3976.0,11373.0,0,1,12,0.341,0
0.72,0,5021.0,6395.0,0,1,5,0.003,0
0.87,0,361.0,777.0,0,1,12,0.054,0
1.31,0,1854.0,3534.0,0,1,17,0.031,0
0.04,0,3016.0,649.0,0,0,16,0.094,0
0.09,0,1861.0,3119.0,2,0,11,0.042,1
4.19,1,19.0,6470.0,0,0,5,0.043,0
0.4,0,561.0,608.0,0,1,13,0.0,0
1.23,2,5326.0,1682.0,0,0,12,0.036,0
0.1,0,6166.0,1195.0,0,0,6,0.007,0
0.56,1,1356.0,117.0,0,1,10,0.181,0
0.94,1,4479.0,15911.0,0,1,12,0.48,0
4.2,2,528.0,464.0,0,0,8,0.117,0
0.42,0,862.0,1920.0,0,0,11,0.124,0
3.34,0,1372.0,7008.0,0,0,10,0.669,1
2.0,0,3313.0,3976.0,0,1,8,0.019,0
1.21,0,2676.0,126.0,0,0,10,0.075,0
0.26,0,1032.0,10417.0,0,1,11,0.129,0
0.61,0,1374.0,1219.0,0,1,10,0.012,0
4.73,0,1844.0,651.0,0,1,8,0.066,0
2.75,0,3900.0,3253.0,2,0,10,0.06,1
1.05,0,3802.0,735.0,0,1,11,0.0,0
0.23,0,1372.0,3150.0,0,1,8,0.322,0
0.1,1,1651.0,596.0,1,0,12,0.032,1
0.93,0,4138.0,609.0,0,1,13,0.144,0
0.01,0,1425.0,747.0,1,0,7,0.196,0
0.94,0,327.0,7687.0,0,1,13,0.356,0
0.26,2,526.0,2247.0,0,0,9,0.266,0
0.67,0,3155.0,7150.0,0,0,14,0.039,0
5.66,1,1685.0,5244.0,0,1,14,0.073,0
2.76,0,5272.0,948.0,0,1,15,0.116,0
1.47,0,1026.0,1054.0,0,1,17,0.26,0
0.18,1,2840.0,1162.0,0,0,16,0.058,0
0.49,1,1116.0,3704.0,0,1,11,0.156,0
1.47,1,2377.0,3238.0,0,1,8,0.028,0
0.82,0,2142.0,526.0,0,1,11,0.001,0
0.06,0,288.0,280.0,2,0,11,0.012,1
1.31,0,3072.0,2416.0,0,1,21,0.39,0
1.62,0,2187.0,1356.0,1,0,16,0.011,1
0.53,1,80.0,2605.0,0,1,13,0.226,0
2.56,2,302.0,2099.0,0,1,14,0.145,0
3.83,0,1516.0,1620.0,0,1,6,0.592,0
3.29,1,373.0,786.0,0,0,7,0.122,0
1.56,1,1278.0,12848.0,0,1,6,0.047,0
0.51,1,4818.0,13717.0,0,1,17,0.572,0
1.2,0,406.0,1050.0,0,1,14,0.009,0
2.98,0,24.0,6009.0,0,1,11,0.094,0
1.24,0,1296.0,20335.0,0,1,13,0.233,0
1.45,1,923.0,4634.0,0,0,14,0.0,0
2.95,0,628.0,775.0,0,0,10,0.177,0
1.86,1,382.0,460.0,0,0,11,0.016,0
2.59,1,1588.0,1713.0,0,0,10,0.005,0
2.05,1,1601.0,1004.0,0,1,14,0.011,0
1.36,0,787.0,19319.0,0,1,14,0.311,0
0.71,0,1092.0,5255.0,0,0,4,0.111,0
0.32,1,246.0,13420.0,0,1,18,0.688,1
2.58,0,4168.0,596.0,0,1,10,0.169,0
3.4,0,5794.0,11090.0,0,1,7,0.527,0
5.21,0,4856.0,5845.0,0,1,6,0.057,0
0.31,2,3438.0,3126.0,0,1,14,0.027,0
1.83,0,2240.0,1732.0,0,1,8,0.013,0
0.58,0,378.0,7377.0,0,0,7,0.031,0
0.7,0,4787.0,346.0,0,1,9,0.004,0
0.49,2,5428.0,1991.0,0,1,11,0.092,0
0.11,0,1337.0,8018.0,0,1,19,0.048,0
0.46,0,805.0,521.0,0,1,12,0.06,0
0.68,2,4119.0,2303.0,0,1,13,0.231,0
2.28,0,997.0,1800.0,0,1,5,0.004,0
1.0,0,72.0,633.0,0,0,15,0.002,0
3.75,1,3273.0,3233.0,0,0,9,0.279,0
0.9,0,6740.0,135.0,0,1,15,0.002,0
0.73,0,761.0,286.0,0,1,11,0.679,1
0.2,2,4935.0,5575.0,0,1,7,0.01,0
0.23,0,1860.0,853.0,0,0,6,0.015,0
0.57,1,242.0,1063.0,0,1,8,0.002,0
0.07,0,1484.0,494.0,0,1,11,0.005,0
0.42,0,3249.0,2562.0,0,0,14,0.016,0
2.5,1,594.0,2893.0,0,1,8,0.009,0
1.34,0,3542.0,8924.0,0,1,13,0.041,0
1.21,0,304.0,3736.0,0,1,7,0.008,0
1.02,0,2107.0,10738.0,0,1,13,0.238,0
2.01,0,2175.0,9428.0,0,1,17,0.171,0
1.28,1,1174.0,3481.0,0,1,8,0.138,0
3.09,2,5010.0,809.0,0,1,11,0.031,0
4.51,1,2049.0,662.0,1,0,10,0.024,1
1.03,1,1983.0,154.0,0,0,6,0.05,0
0.44,0,3187.0,9934.0,0,1,16,0.098,0
1.46,0,783.0,2113.0,0,1,14,0.028,0
2.7,2,1936.0,5717.0,0,1,14,0.161,0
0.04,0,1401.0,720.0,0,1,15,0.0,0
0.85,0,11218.0,5353.0,0,1,11,0.211,0
0.29,0,2060.0,2958.0,0,1,11,0.032,0
1.84,1,29.0,10953.0,0,1,15,0.052,0
2.79,0,43.0,2155.0,0,0,4,0.002,0
5.84,1,2078.0,6663.0,0,1,10,0.201,0
0.98,1,1418.0,1321.0,0,0,11,0.326,0
0.14,0,3820.0,5240.0,0,1,10,0.103,0
3.61,0,3523.0,696.0,1,0,10,0.208,1
0.07,0,1243.0,10320.0,0,1,8,0.016,0
3.86,0,3227.0,178.0,0,1,10,0.001,0
1.6,0,4571.0,211.0,0,0,11,0.006,0
1.92,1,316.0,3515.0,0,0,10,0.136,0
2.27,0,5299.0,7890.0,0,1,12,0.067,0
0.03,1,4769.0,1477.0,0,0,19,0.063,0
0.45,0,1293.0,6311.0,0,0,14,0.08,0
0.21,0,2370.0,1225.0,0,1,9,0.153,0
0.44,0,122.0,646.0,0,1,10,0.047,0
0.16,0,154.0,3737.0,0,1,12,0.084,0
6.19,0,5535.0,4899.0,0,0,9,0.086,0
2.57,2,3072.0,4063.0,0,1,12,0.227,0
3.7,0,1231.0,1591.0,0,1,8,0.008,0
0.05,0,648.0,4504.0,0,0,15,0.042,0
2.6,0,3206.0,1316.0,0,0,15,0.139,0
0.17,0,5605.0,4703.0,0,0,14,0.081,0
0.46,0,9652.0,4921.0,0,1,12,0.188,0
2.33,0,255.0,4720.0,0,1,12,0.159,0
0.72,0,151.0,1074.0,0,0,10,0.413,0
0.04,0,3462.0,3264.0,0,1,11,0.105,0
0.12,2,1835.0,26.0,0,1,4,0.005,0
0.11,1,2134.0,9863.0,0,0,19,0.0,0
0.19,0,780.0,1287.0,0,1,11,0.33,0
1.22,0,100.0,366.0,0,1,14,0.352,0
1.42,1,3665.0,9854.0,0,1,16,0.494,0
1.46,0,1629.0,4866.0,0,1,7,0.261,0
0.38,0,2110.0,1712.0,0,0,13,0.084,0
0.01,1,3059.0,2391.0,1,0,12,0.016,1
1.15,0,1875.0,5622.0,0,1,15,0.282,0
0.95,0,716.0,1273.0,0,1,8,0.046,0
2.99,2,3732.0,2175.0,0,1,12,0.042,0
0.49,0,1126.0,2288.0,0,0,14,0.002,0
1.98,0,5371.0,1238.0,0,1,12,0.162,0
0.02,0,1974.0,7948.0,0,0,10,0.029,0
0.61,2,1542.0,831.0,0,1,7,0.13,0
6.35,0,709.0,8258.0,1,0,7,0.648,1
0.14,2,2957.0,463.0,0,0,14,0.07,0
1.05,0,2839.0,322.0,0,1,6,0.149,0
0.09,0,2419.0,1683.0,0,0,20,0.02,0
1.66,0,411.0,9925.0,0,0,12,0.056,0
1.04,1,868.0,2375.0,0,1,7,0.342,0
0.26,0,1063.0,7083.0,0,1,15,0.217,0
1.72,0,7763.0,5481.0,1,0,12,0.128,1
4.16,0,6156.0,3818.0,0,1,12,0.018,0
3.38,0,60.0,5326.0,0,1,14,0.16,0
0.32,2,3034.0,1460.0,0,1,10,0.068,0
1.04,0,832.0,1936.0,1,0,14,0.102,1
1.2,0,3159.0,1589.0,0,1,6,0.02,0
1.36,0,76.0,8329.0,0,1,5,0.002,0
2.69,1,6606.0,1135.0,0,1,17,0.022,0
1.29,2,3156.0,4109.0,0,0,13,0.111,0
0.7,1,361.0,383.0,0,1,9,0.011,0
1.55,0,1764.0,3419.0,0,0,8,0.38,0
0.98,0,971.0,6917.0,0,1,6,0.056,0
1.48,0,37.0,2050.0,0,0,13,0.161,0
7.12,0,1498.0,3994.0,0,1,6,0.003,0
0.69,0,574.0,1276.0,2,0,6,0.034,1
1.48,1,382.0,11491.0,0,1,12,0.101,0
1.77,2,2841.0,13110.0,0,1,15,0.261,0
0.2,1,262.0,6107.0,0,1,20,0.154,0
2.02,0,2181.0,3244.0,0,0,16,0.049,0
4.01,1,2886.0,6877.0,0,1,10,0.496,0
4.49,0,5277.0,1045.0,0,1,11,0.077,0
1.0,0,252.0,4813.0,0,1,13,0.388,0
1.05,0,193.0,2711.0,0,1,14,0.187,0
3.55,0,3484.0,3369.0,0,1,8,0.006,0
2.78,0,7665.0,225.0,0,1,7,0.029,0
3.33,0,298.0,524.0,0,1,12,0.007,0
1.69,0,157.0,5685.0,0,0,12,0.001,0
1.63,0,1853.0,3578.0,0,0,14,0.187,0
2.17,1,1849.0,6174.0,0,0,15,0.35,0
8.87,0,2250.0,2023.0,0,0,8,0.196,0
0.65,0,282.0,5150.0,2,0,14,0.152,1
2.24,0,433.0,5350.0,0,1,22,0.079,0
4.59,0,1892.0,3243.0,0,0,11,0.024,0
0.77,0,2891.0,652.0,0,1,13,0.11,0
0.37,0,1284.0,4307.0,0,1,13,0.205,0
2.09,1,4019.0,2074.0,0,1,11,0.079,0
0.15,1,1119.0,3744.0,0,1,11,0.54,0
0.02,1,3328.0,650.0,0,1,14,0.098,0
0.01,0,573.0,4709.0,2,0,10,0.19,1
2.06,0,3046.0,1901.0,0,1,13,0.264,0
5.2,1,2220.0,7024.0,0,1,10,0.092,0
2.42,0,2729.0,13199.0,0,1,10,0.069,0
1.72,0,6761.0,15778.0,1,0,9,0.007,1
4.27,0,1073.0,7036.0,0,0,17,0.307,0
1.03,0,1723.0,10219.0,0,1,12,0.045,0
0.96,0,5439.0,2831.0,0,0,11,0.137,0
1.17,0,3056.0,577.0,0,0,12,0.315,0
4.59,0,3064.0,4995.0,0,1,12,0.207,0
0.37,0,1122.0,1170.0,0,0,9,0.022,0
0.43,0,1560.0,2863.0,0,0,5,0.0,0
3.26,0,2602.0,9587.0,1,0,4,0.043,0
1.54,0,439.0,2574.0,0,1,16,0.157,0
0.54,0,2484.0,5391.0,0,0,10,0.022,0
0.21,0,2006.0,487.0,0,1,15,0.0,0
2.6,0,2358.0,7585.0,0,1,10,0.19,0
1.75,0,2198.0,6008.0,0,1,13,0.015,0
1.62,0,2109.0,3184.0,0,1,11,0.004,0
0.33,0,2021.0,3658.0,0,1,15,0.007,0
2.36,0,4706.0,3703.0,0,1,13,0.471,0
0.88,0,1334.0,14734.0,0,1,12,0.012,0
1.07,2,5039.0,10606.0,0,1,15,0.081,0
1.7,0,2403.0,3691.0,0,1,6,0.03,0
1.52,0,2254.0,3016.0,1,0,11,0.124,1
1.17,1,2522.0,10962.0,0,0,12,0.391,0
1.35,0,2145.0,6697.0,0,1,10,0.0,0
1.69,0,54.0,553.0,0,1,8,0.178,0
0.21,1,1173.0,103.0,0,0,15,0.194,0
3.54,0,3581.0,1217.0,0,1,17,0.02,0
2.13,1,2012.0,4402.0,0,0,13,0.05,0
12.98,0,3908.0,8826.0,0,1,20,0.406,0
3.02,0,3440.0,4218.0,0,1,8,0.004,0
0.74,0,2485.0,3691.0,2,0,14,0.065,0
0.12,1,525.0,894.0,0,1,15,0.078,0
0.64,1,1890.0,885.0,0,1,17,0.213,0
4.21,2,4038.0,7569.0,0,0,3,0.399,0
0.03,0,2610.0,1206.0,0,1,9,0.356,0
0.72,0,1940.0,4817.0,0,1,8,0.172,0
2.55,0,4551.0,15356.0,0,0,14,0.174,0
0.78,0,2209.0,2508.0,0,1,19,0.308,0
1.15,1,602.0,5094.0,0,1,15,0.272,0
0.42,0,1655.0,2690.0,0,1,12,0.039,0
0.63,0,1020.0,4798.0,0,1,18,0.143,0
0.41,1,2174.0,9208.0,0,1,15,0.01,0
0.52,0,4649.0,170.0,0,1,15,0.044,0
3.44,0,10468.0,10184.0,0,0,10,0.024,0
0.06,0,1038.0,2083.0,0,1,13,0.223,0
0.94,0,1190.0,514.0,0,1,11,0.383,0
0.75,0,53.0,1717.0,0,0,12,0.01,0
0.48,0,1148.0,2771.0,0,1,11,0.003,0
0.47,0,5226.0,7001.0,1,0,13,0.122,1
0.2,0,2197.0,5924.0,0,1,15,0.15,0
3.61,2,1817.0,366.0,0,0,12,0.113,0
1.65,0,1214.0,1972.0,0,1,9,0.394,0
2.48,0,999.0,2897.0,0,1,17,0.156,0
1.98,0,255.0,419.0,0,0,6,0.199,0
1.35,0,458.0,739.0,0,1,15,0.154,0
0.81,0,1803.0,1063.0,0,1,13,0.134,0
0.86,0,1290.0,659.0,0,1,10,0.194,0
0.83,0,2944.0,213.0,0,0,10,0.025,0
0.07,1,379.0,1498.0,0,1,10,0.018,0
7.43,1,5047.0,1067.0,0,1,10,0.01,0
1.86,0,761.0,1556.0,0,1,9,0.012,0
1.97,1,1262.0,10758.0,0,1,11,0.0,0
4.07,1,389.0,2743.0,0,1,10,0.001,0
0.31,0,2395.0,2775.0,0,1,14,0.005,0
3.54,0,306.0,1076.0,0,1,11,0.394,0
2.97,0,2280.0,4233.0,0,0,15,0.206,0
2.88,1,2875.0,5884.0,0,1,18,0.023,0
1.79,0,1488.0,9895.0,0,0,13,0.0,0
0.95,0,2347.0,2256.0,0,1,12,0.034,0
0.58,1,168.0,162.0,0,1,8,0.002,0
0.03,1,4430.0,1034.0,0,1,10,0.345,0
0.28,0,1129.0,292.0,0,1,11,0.001,0
1.1,0,1361.0,165.0,0,1,8,0.138,0
1.44,0,1819.0,7225.0,0,1,13,0.198,0
0.7,0,2438.0,6989.0,0,0,10,0.01,0
0.24,0,8442.0,9742.0,0,1,18,0.0,0
6.53,0,2703.0,4253.0,0,0,16,0.606,1
0.4,0,2578.0,1267.0,0,1,9,0.001,0
0.94,2,2267.0,1389.0,0,0,18,0.531,0
1.43,0,884.0,1513.0,0,1,16,0.06,0
0.63,0,2727.0,1979.0,0,0,9,0.198,0
1.69,1,3861.0,8192.0,0,1,9,0.018,0
0.39,1,164.0,99.0,0,1,13,0.027,0
1.47,0,5040.0,505.0,0,0,13,0.215,0
0.4,0,3760.0,10670.0,0,0,12,0.125,0
0.75,2,2905.0,4982.0,0,1,10,0.001,0
3.11,0,5198.0,7860.0,0,0,16,0.077,0
0.18,0,1050.0,4567.0,0,1,16,0.096,0
2.09,0,2697.0,1418.0,0,1,9,0.04,0
2.43,0,1668.0,9795.0,0,1,14,0.086,0
3.17,0,2586.0,76.0,0,0,14,0.222,0
2.23,0,8673.0,4087.0,0,1,18,0.0,0
3.63,0,302.0,611.0,0,0,13,0.012,0
0.31,0,190.0,2947.0,0,0,12,0.032,0
3.47,1,4610.0,1617.0,0,1,3,0.092,0
0.47,0,386.0,3183.0,0,1,14,0.003,0
4.41,0,1512.0,4531.0,0,0,10,0.005,0
0.86,0,222.0,7746.0,0,0,12,0.633,0
0.29,1,4766.0,1234.0,2,0,10,0.009,1
0.3,0,3299.0,1128.0,0,1,18,0.159,0
0.3,1,1277.0,6939.0,1,0,12,0.038,1
1.1,0,711.0,6425.0,3,0,16,0.101,1
1.18,1,1886.0,1646.0,0,1,14,0.02,0
1.57,1,746.0,1615.0,0,1,6,0.013,0
0.53,1,1984.0,886.0,1,0,8,0.18,0
2.82,0,2402.0,2209.0,0,1,9,0.039,0
0.76,0,1268.0,573.0,0,0,13,0.025,0
0.87,0,7.0,1068.0,0,1,14,0.019,0
3.0,1,2910.0,528.0,0,1,13,0.075,0
1.56,0,5525.0,19174.0,0,1,14,0.199,0
0.26,0,139.0,1115.0,0,0,14,0.089,0
0.08,2,4747.0,1806.0,0,1,11,0.003,0
3.69,0,173.0,3856.0,1,0,8,0.017,1
0.01,0,4847.0,1892.0,0,0,11,0.112,0
2.59,0,2880.0,1925.0,0,1,16,0.181,0
4.07,0,1123.0,915.0,0,0,10,0.153,0
0.04,2,4895.0,3997.0,0,1,14,0.539,0
1.74,2,2445.0,4222.0,0,0,6,0.144,0
0.14,1,115.0,1414.0,0,0,10,0.039,0
0.22,0,1862.0,13395.0,0,0,17,0.213,0
2.89,0,8883.0,3663.0,0,0,7,0.0,0
0.03,1,3051.0,4218.0,0,1,12,0.078,0
2.74,0,8299.0,4867.0,0,1,9,0.118,0
0.68,2,5004.0,1423.0,0,0,14,0.009,0
0.43,1,663.0,5114.0,0,1,12,0.01,0
0.97,0,5591.0,4038.0,0,0,13,0.09,0
0.72,0,2171.0,12530.0,0,1,12,0.004,0
3.54,0,3817.0,2708.0,0,1,6,0.007,0
5.3,0,6383.0,721.0,0,1,7,0.017,0
0.8,1,1086.0,434.0,1,0,10,0.023,1
2.0,0,1130.0,358.0,0,1,11,0.023,0
1.06,0,661.0,687.0,0,1,11,0.002,0
1.04,1,12753.0,3334.0,0,1,15,0.002,0
0.23,0,262.0,2062.0,0,1,11,0.047,0
1.56,0,2615.0,426.0,0,1,16,0.022,0
0.65,0,162.0,2799.0,0,0,14,0.03,0
0.59,1,1349.0,158.0,0,1,10,0.159,0
0.68,0,557.0,211.0,0,1,15,0.02,0
3.6,0,6573.0,1677.0,0,1,17,0.097,0
2.44,0,769.0,9754.0,0,1,17,0.285,0
2.1,0,1242.0,4760.0,0,0,9,0.017,0
0.47,0,4959.0,2453.0,0,0,12,0.205,0
0.28,1,415.0,4371.0,0,0,13,0.094,0
1.7,0,548.0,3137.0,0,1,11,0.086,0
0.0,0,8605.0,2260.0,0,1,9,0.0,0
0.66,0,1919.0,4142.0,0,1,9,0.029,0
3.88,1,381.0,3524.0,0,1,11,0.015,0
0.15,0,5623.0,2918.0,0,1,10,0.342,0
1.06,0,477.0,2528.0,0,1,7,0.005,0
2.39,0,4445.0,3750.0,0,1,11,0.188,0
1.09,0,872.0,1932.0,0,1,13,0.12,0
1.24,1,2199.0,2958.0,0,1,14,0.541,0
0.02,0,1085.0,5194.0,0,0,12,0.0,0
0.15,0,4460.0,162.0,0,1,11,0.388,0
0.38,0,9123.0,87.0,0,1,19,0.206,1
0.75,0,5120.0,9459.0,0,1,7,0.039,0
3.54,0,1720.0,4148.0,0,1,13,0.102,0
0.07,0,3236.0,6986.0,0,1,11,0.111,0
0.26,0,2972.0,1153.0,0,1,14,0.033,0
0.78,1,169.0,5143.0,0,1,6,0.0,0
2.99,0,962.0,5181.0,0,1,9,0.014,0
0.58,1,733.0,3346.0,0,1,11,0.053,0
0.01,0,5646.0,3462.0,0,1,14,0.141,0
1.25,0,1652.0,10695.0,0,1,15,0.0,0
0.29,1,876.0,5472.0,0,0,12,0.056,0
1.45,2,51.0,1115.0,0,0,18,0.354,0
0.2,0,3517.0,2725.0,0,1,15,0.136,0
2.16,2,202.0,716.0,0,1,11,0.165,0
3.03,0,3122.0,1575.0,0,0,12,0.263,0
2.0,0,1904.0,115.0,0,1,9,0.104,0
0.4,0,2304.0,2258.0,0,1,12,0.004,0
0.06,0,6122.0,11522.0,0,1,10,0.211,0
0.16,0,316.0,8382.0,0,0,12,0.032,0
0.4,0,1840.0,3158.0,0,1,7,0.081,0
0.45,0,7231.0,10239.0,0,0,14,0.167,0
1.67,0,154.0,858.0,0,1,12,0.0,0
0.88,2,2063.0,5819.0,0,1,18,0.076,0
0.41,0,1941.0,2380.0,0,1,13,0.011,0
0.26,0,3464.0,4189.0,0,1,10,0.046,0
0.01,2,1644.0,646.0,0,1,18,0.001,0
3.04,0,1700.0,1239.0,0,1,11,0.006,0
0.18,0,3955.0,5423.0,0,1,6,0.007,0
0.59,0,1079.0,4179.0,0,0,10,0.073,0
1.45,0,416.0,3067.0,0,1,12,0.324,0
0.51,1,455.0,949.0,0,1,20,0.209,0
2.03,1,8074.0,2753.0,0,0,11,0.322,0
4.62,0,2627.0,1006.0,0,1,13,0.028,0
0.35,0,1010.0,4300.0,0,1,12,0.652,1
3.33,1,2550.0,6779.0,0,0,12,0.002,0
0.85,0,2323.0,1944.0,0,0,10,0.677,1
1.04,2,1766.0,738.0,0,1,13,0.01,0
0.97,2,2058.0,1963.0,0,1,7,0.023,0
0.06,2,3056.0,8769.0,0,0,11,0.402,0
0.43,0,7081.0,654.0,0,1,10,0.031,0
1.53,0,6878.0,1036.0,0,1,8,0.264,0
0.43,0,2375.0,14736.0,0,1,8,0.0,0
0.31,0,182.0,17296.0,0,1,12,0.245,0
0.8,0,246.0,3208.0,0,1,10,0.006,0
1.08,2,2579.0,3809.0,0,1,10,0.002,0
6.85,0,1903.0,2106.0,0,1,16,0.006,0
7.41,0,1338.0,11035.0,0,1,21,0.06,0
0.62,0,340.0,72.0,0,1,9,0.051,0
0.04,0,119.0,3583.0,0,0,18,0.097,0
1.68,0,393.0,6272.0,0,0,9,0.072,0
2.75,2,1052.0,14441.0,0,1,11,0.034,0
1.62,0,2146.0,10544.0,0,0,12,0.034,0
0.11,0,171.0,5045.0,0,1,14,0.256,0
0.9,1,8323.0,4902.0,0,1,13,0.32,0
3.65,2,919.0,325.0,0,1,17,0.202,0
2.17,0,286.0,3553.0,0,1,15,0.189,0
2.77,2,111.0,1181.0,0,1,10,0.065,0
0.31,1,6392.0,862.0,0,1,12,0.131,0
3.07,2,497.0,1720.0,0,0,9,0.013,0
0.1,1,139.0,698.0,2,0,11,0.152,1
1.44,0,5523.0,8563.0,0,0,16,0.022,0
1.12,0,1835.0,2455.0,0,1,9,0.001,0
1.18,0,1524.0,2819.0,0,0,13,0.009,0
0.03,0,3184.0,24268.0,0,1,14,0.042,0
7.1,1,54.0,1439.0,0,1,10,0.018,0
0.91,0,95.0,3156.0,0,1,17,0.056,0
1.55,0,2105.0,9946.0,0,1,11,0.022,0
0.12,2,5529.0,4236.0,0,1,15,0.037,0
1.58,1,1791.0,4630.0,2,0,12,0.244,1
0.58,1,567.0,777.0,0,1,12,0.003,0
0.21,1,3495.0,201.0,0,1,11,0.131,0
5.06,0,1388.0,4325.0,0,0,10,0.0,0
0.41,0,4391.0,6263.0,0,1,12,0.15,0
0.74,1,4000.0,11017.0,0,1,10,0.173,0
1.36,0,924.0,5908.0,0,1,12,0.26,0
1.86,0,683.0,2424.0,0,0,14,0.351,0
0.73,0,2507.0,2919.0,0,1,12,0.002,0
1.25,0,205.0,5500.0,0,1,21,0.43,0
0.99,0,1730.0,1230.0,0,1,8,0.028,0
1.8,0,1135.0,550.0,0,1,22,0.172,0
0.93,0,6920.0,1578.0,0,1,11,0.158,0
1.01,1,2887.0,6597.0,0,1,17,0.14,0
2.31,0,286.0,4553.0,0,1,21,0.019,0
0.9,0,1251.0,6155.0,0,1,8,0.307,0
0.52,0,3350.0,1836.0,0,1,14,0.651,0
1.44,0,7.0,3431.0,0,1,15,0.118,0
0.64,0,207.0,9975.0,0,0,11,0.113,0
2.76,0,2160.0,31.0,0,0,14,0.015,0
0.62,0,2177.0,2233.0,1,0,7,0.307,1
0.23,0,94.0,623.0,0,0,10,0.009,0
3.62,0,39.0,4934.0,0,1,12,0.016,0
2.06,1,2106.0,30.0,0,1,9,0.012,0
3.45,0,3204.0,100.0,0,1,9,0.002,0
0.95,1,459.0,5503.0,2,0,15,0.007,1
2.88,0,243.0,4800.0,0,1,11,0.132,0
1.78,1,1888.0,5237.0,0,0,11,0.531,0
0.77,0,3970.0,12077.0,0,1,10,0.008,0
1.89,0,2934.0,1761.0,0,1,9,0.291,0
2.17,0,3420.0,3910.0,0,1,14,0.138,0
5.32,0,1997.0,8134.0,0,1,10,0.013,0
1.38,0,2996.0,1455.0,0,1,18,0.0,0
1.24,0,2430.0,2891.0,0,0,14,0.005,0
0.5,0,2305.0,1084.0,0,0,14,0.067,0
0.89,1,383.0,878.0,0,1,8,0.003,0
0.21,0,1771.0,17163.0,0,1,13,0.068,0
0.36,0,1606.0,393.0,0,1,10,0.012,0
2.13,0,877.0,821.0,0,0,6,0.134,0
0.87,1,1124.0,10895.0,0,1,17,0.359,0
3.62,0,5736.0,11192.0,0,1,15,0.003,0
1.82,2,289.0,3315.0,0,1,8,0.169,0
2.62,1,1891.0,12075.0,0,1,12,0.031,0
0.11,1,1264.0,4603.0,0,1,10,0.235,0
0.13,0,3009.0,3347.0,0,0,9,0.005,0
0.08,0,3375.0,8121.0,0,1,16,0.559,0
3.83,0,5282.0,120.0,0,1,10,0.008,0
0.24,0,3241.0,1553.0,0,1,15,0.258,0
0.46,1,4113.0,7360.0,0,0,15,0.27,0
0.01,1,3345.0,7917.0,3,0,6,0.053,1
0.96,0,450.0,1312.0,0,0,8,0.259,0
1.7,0,3706.0,1725.0,0,1,12,0.084,0
2.02,0,1455.0,2824.0,0,1,6,0.025,0
0.68,0,365.0,1479.0,0,1,15,0.028,0
0.65,0,1756.0,2348.0,0,1,9,0.015,0
1.18,0,1014.0,3296.0,0,1,13,0.213,0
7.96,0,233.0,1787.0,1,0,10,0.014,1
0.64,0,2993.0,2063.0,0,1,9,0.054,0
0.29,1,1146.0,34.0,0,0,15,0.032,0
1.45,1,744.0,1268.0,0,1,19,0.013,0
1.02,0,822.0,4296.0,0,1,10,0.034,0
4.21,0,1991.0,3213.0,0,1,15,0.001,0
2.59,0,807.0,495.0,0,1,13,0.105,0
0.84,0,1463.0,7731.0,0,1,14,0.008,0
0.4,0,4660.0,277.0,2,0,14,0.0,1
3.17,2,2010.0,422.0,0,0,12,0.369,0
7.26,0,8723.0,1776.0,0,1,17,0.026,0
6.12,1,996.0,1603.0,1,0,16,0.143,1
5.66,0,627.0,2895.0,0,0,12,0.561,0
3.7,0,271.0,5884.0,0,0,12,0.085,0
0.44,0,6043.0,17943.0,0,1,12,0.005,0
0.67,0,2786.0,2226.0,0,1,7,0.0,0
2.93,0,1358.0,2280.0,0,1,19,0.149,0
4.13,0,2872.0,1408.0,0,0,14,0.095,0
1.13,0,1512.0,7205.0,0,0,18,0.678,1
0.56,0,115.0,1774.0,0,0,10,0.032,0
0.58,0,920.0,2866.0,0,1,15,0.084,0
4.69,1,1180.0,12604.0,0,1,9,0.003,0
0.32,0,916.0,4611.0,0,1,10,0.0,0
0.37,0,2520.0,6807.0,0,1,13,0.035,0
5.07,0,564.0,2250.0,0,0,13,0.007,0
0.83,0,4274.0,9907.0,0,1,13,0.611,1
0.35,0,2191.0,3577.0,0,1,10,0.124,0
1.54,0,5511.0,5146.0,0,1,10,0.108,0
0.09,0,343.0,20442.0,0,1,13,0.005,0
0.07,1,2078.0,10502.0,0,1,13,0.006,0
0.1,0,2757.0,242.0,0,0,15,0.121,0
2.5,0,2880.0,728.0,0,0,7,0.026,0
1.29,0,5963.0,3707.0,0,0,10,0.007,0
3.67,0,1284.0,4146.0,0,1,17,0.008,0
1.28,1,319.0,9288.0,0,1,17,0.021,0
0.62,0,936.0,1269.0,0,1,8,0.067,0
0.26,0,1239.0,3830.0,0,0,9,0.01,0
0.25,0,697.0,413.0,0,1,12,0.141,0
1.48,0,3237.0,118.0,0,0,10,0.201,0
1.07,0,3032.0,17097.0,0,0,14,0.324,0
1.97,0,8910.0,14766.0,0,0,9,0.358,0
2.1,0,2281.0,2879.0,0,1,8,0.107,0
0.82,1,2830.0,2846.0,0,0,17,0.089,0
0.2,0,1495.0,1194.0,0,0,15,0.444,0
5.24,0,4497.0,2668.0,0,1,9,0.164,0
1.95,1,2211.0,9327.0,0,0,13,0.033,0
3.16,0,1629.0,1495.0,0,0,14,0.013,0
0.27,1,766.0,3244.0,0,1,11,0.088,0
2.0,0,1158.0,1898.0,1,0,16,0.0,1
2.84,0,1162.0,271.0,0,1,5,0.005,0
0.81,0,2396.0,973.0,0,1,11,0.415,0
4.33,0,208.0,8802.0,2,0,8,0.012,1
0.5,0,602.0,405.0,0,1,8,0.093,0
1.21,0,2121.0,27.0,1,0,14,0.008,1
0.13,2,12079.0,1088.0,0,1,15,0.006,0
0.71,0,2891.0,3812.0,0,1,17,0.084,0
0.03,1,3817.0,1112.0,0,1,10,0.002,0
2.0,1,595.0,4878.0,0,1,8,0.025,0
0.98,0,3037.0,5901.0,0,1,13,0.031,0
3.92,0,1119.0,649.0,0,1,13,0.031,0
1.44,1,3027.0,354.0,0,0,13,0.211,0
4.48,0,1625.0,5172.0,0,0,16,0.05,0
0.37,0,1800.0,1008.0,0,1,7,0.0,0
1.14,1,2054.0,1448.0,0,0,4,0.079,0
0.39,2,1479.0,385.0,0,1,10,0.13,0
2.1,0,3923.0,6253.0,0,0,13,0.221,0
0.1,1,2358.0,713.0,2,0,7,0.019,0
2.38,1,2993.0,250.0,0,1,14,0.095,0
0.3,0,72.0,11571.0,0,0,15,0.424,0
0.31,0,8523.0,614.0,0,1,16,0.008,0
1.74,0,1714.0,893.0,0,1,19,0.002,0
0.17,0,2455.0,4071.0,0,0,12,0.104,0
0.65,1,10978.0,1326.0,0,1,13,0.004,0
6.01,0,4330.0,2561.0,1,0,7,0.551,1
0.42,0,1777.0,1149.0,0,1,13,0.0,0
2.34,1,1277.0,29.0,0,0,18,0.036,0
1.22,0,739.0,3301.0,0,0,18,0.0,0
0.57,0,1965.0,538.0,2,0,16,0.08,1
0.33,1,6031.0,3360.0,0,1,8,0.02,0
2.07,0,2161.0,9181.0,0,1,11,0.004,0
3.43,0,3943.0,2336.0,0,1,13,0.074,0
2.11,0,1069.0,8560.0,0,1,10,0.003,0
1.62,1,313.0,662.0,0,0,8,0.121,0
1.44,1,3274.0,4918.0,0,1,15,0.11,0
3.33,0,676.0,901.0,0,0,13,0.049,0
0.22,0,1806.0,561.0,0,1,17,0.097,0
1.25,1,1308.0,3404.0,0,1,13,0.0,0
0.82,0,4898.0,4015.0,0,1,9,0.293,0
0.01,0,2093.0,214.0,0,1,11,0.128,0
0.8,0,4823.0,5066.0,1,0,10,0.078,1
3.18,1,2815.0,6866.0,0,1,7,0.002,0
1.98,0,6054.0,1066.0,0,1,15,0.116,0
1.54,2,2154.0,10805.0,0,1,11,0.203,0
5.53,1,1521.0,5820.0,0,1,9,0.006,0
0.6,0,18.0,2483.0,0,0,11,0.067,0
6.04,0,1163.0,11202.0,0,1,12,0.204,0
0.16,0,2102.0,2917.0,0,1,14,0.0,0
0.32,0,144.0,5069.0,0,1,15,0.038,0
0.7,1,1787.0,12981.0,0,1,11,0.073,0
0.77,0,294.0,8256.0,0,1,13,0.229,0
1.68,2,2446.0,11047.0,0,1,12,0.027,0
0.89,0,1045.0,1833.0,0,0,11,0.482,0
0.46,0,1275.0,9498.0,0,0,13,0.208,0
2.64,0,2094.0,6137.0,0,1,15,0.322,0
1.93,0,1636.0,98.0,0,1,14,0.005,0
2.58,0,5344.0,1384.0,0,0,8,0.024,0
0.02,0,1464.0,6013.0,0,1,11,0.389,0
1.4,1,32.0,8409.0,2,0,13,0.08,1
0.04,1,2132.0,88.0,0,1,12,0.006,0
1.3,1,687.0,6398.0,0,1,10,0.077,0
0.54,0,856.0,5327.0,0,0,9,0.05,0
1.27,0,180.0,3497.0,0,1,9,0.121,0
0.16,0,580.0,1474.0,0,1,10,0.0,0
0.99,0,3556.0,1644.0,0,1,16,0.185,0
2.55,0,533.0,6476.0,0,0,13,0.158,0
1.62,0,1059.0,642.0,0,0,17,0.009,0
0.18,1,14459.0,1341.0,0,0,9,0.075,0
0.98,0,6679.0,5730.0,0,1,13,0.181,0
2.97,0,599.0,810.0,1,0,16,0.029,1
2.7,0,921.0,6976.0,0,1,12,0.008,0
0.94,2,5242.0,5213.0,0,1,14,0.149,0
0.32,0,2311.0,1474.0,0,0,11,0.044,0
0.5,0,4643.0,2299.0,0,1,15,0.001,0
0.24,2,1030.0,2827.0,0,1,9,0.321,0
1.66,2,334.0,173.0,0,0,10,0.002,0
1.1,0,185.0,5651.0,0,1,17,0.01,0
1.65,1,4076.0,1031.0,0,1,18,0.031,0
0.28,0,1586.0,4377.0,0,1,8,0.05,0
0.11,0,2368.0,8424.0,0,1,15,0.028,0
1.12,1,2083.0,6456.0,0,1,14,0.004,0
2.27,0,806.0,502.0,0,1,9,0.119,0
0.04,0,149.0,1250.0,0,0,10,0.002,0
0.32,0,9423.0,2318.0,0,0,2,0.011,0
0.55,1,3108.0,311.0,0,0,16,0.229,0
3.05,0,1551.0,10846.0,0,0,11,0.016,0
1.68,0,4135.0,2785.0,2,0,7,0.037,0
0.1,0,120.0,609.0,0,1,10,0.046,0
0.04,0,2906.0,12174.0,0,1,14,0.232,0
0.61,0,33.0,5890.0,0,1,8,0.483,0
0.35,0,1780.0,2277.0,0,0,9,0.281,0
3.65,0,741.0,1169.0,0,1,11,0.251,0
0.47,0,270.0,585.0,0,0,14,0.075,0
1.23,0,1692.0,6673.0,0,1,15,0.007,0
0.68,0,1953.0,1589.0,0,0,15,0.335,0
2.49,1,1582.0,515.0,0,0,12,0.116,0
5.82,0,214.0,4142.0,0,1,9,0.009,0
5.18,0,537.0,5271.0,0,1,18,0.066,0
0.61,0,1685.0,6942.0,0,1,7,0.189,0
2.35,0,342.0,1084.0,0,1,6,0.004,0
0.0,1,180.0,1396.0,0,1,11,0.134,0
1.07,1,1963.0,1426.0,0,1,9,0.439,0
0.93,0,1085.0,1860.0,0,1,11,0.111,0
0.17,1,877.0,624.0,0,1,10,0.001,0
6.52,1,2917.0,14343.0,0,0,19,0.695,1
0.21,1,1563.0,1308.0,0,0,11,0.548,0
0.1,0,1910.0,10752.0,0,1,14,0.205,0
0.07,0,1450.0,4731.0,0,1,12,0.081,0
2.89,0,3489.0,4675.0,0,1,11,0.032,0
0.03,0,2681.0,775.0,0,1,15,0.371,0
2.32,0,171.0,8484.0,0,0,14,0.011,0
1.88,0,4382.0,921.0,0,0,14,0.006,0
2.98,1,562.0,2213.0,0,1,12,0.069,0
0.55,0,3103.0,2193.0,0,0,12,0.074,0
1.89,0,3795.0,7400.0,0,1,21,0.527,0
2.98,1,2892.0,6476.0,0,1,9,0.0,0
1.38,0,2943.0,1535.0,0,1,3,0.372,0
1.35,1,46.0,1159.0,0,1,15,0.001,0
0.28,0,430.0,13188.0,1,0,14,0.029,0
0.26,2,3418.0,4623.0,0,1,11,0.097,0
3.08,0,12131.0,618.0,0,1,20,0.072,0
1.37,1,2268.0,3618.0,0,0,17,0.03,0
5.1,0,2634.0,11485.0,0,1,13,0.487,0
1.78,0,949.0,1795.0,0,1,18,0.127,0
3.95,0,2862.0,1833.0,0,1,14,0.093,0
4.29,0,3407.0,720.0,0,0,13,0.023,0
1.26,0,5685.0,8517.0,0,1,9,0.001,0
0.99,0,600.0,2767.0,0,0,17,0.006,0
0.64,0,877.0,11206.0,0,1,14,0.069,0
0.21,0,615.0,69.0,0,1,10,0.001,0
0.27,0,875.0,13451.0,0,1,11,0.054,0
1.86,0,6249.0,8524.0,0,1,11,0.0,0
2.3,0,266.0,6078.0,0,1,13,0.0,0
0.39,0,376.0,2195.0,0,0,11,0.014,0
3.48,0,7954.0,1358.0,0,1,13,0.007,0
4.76,1,7760.0,466.0,0,1,15,0.022,0
0.65,0,1226.0,4065.0,0,0,10,0.007,0
3.29,0,1805.0,3492.0,0,0,15,0.337,0
0.1,0,1019.0,2406.0,0,1,10,0.056,0
0.33,0,3127.0,1701.0,0,0,11,0.236,0
0.67,0,303.0,3346.0,0,1,19,0.021,0
1.45,0,4036.0,462.0,0,1,12,0.014,0
0.86,0,2099.0,9386.0,0,0,13,0.672,1
0.17,0,973.0,1384.0,0,1,11,0.446,0
1.42,0,728.0,8848.0,0,1,10,0.047,0
3.81,0,2817.0,2593.0,0,1,8,0.0,0
0.41,0,1231.0,2456.0,0,0,8,0.031,0
0.2,0,4112.0,14535.0,0,1,13,0.034,0
0.8,0,472.0,2101.0,0,1,15,0.003,0
0.52,0,1520.0,3216.0,0,1,7,0.119,0
1.64,0,91.0,2483.0,1,0,15,0.1,1
0.71,0,425.0,5152.0,0,1,11,0.003,0
1.0,0,5226.0,10533.0,0,0,8,0.043,0
0.44,0,2175.0,1201.0,0,0,12,0.005,0
2.55,0,1541.0,995.0,0,0,16,0.0,0
2.73,0,4211.0,648.0,0,0,9,0.089,0
0.43,0,1315.0,3022.0,0,1,10,0.0,0
0.43,0,347.0,49.0,0,0,10,0.257,0
2.38,2,659.0,6396.0,0,0,17,0.058,0
0.57,2,7120.0,2170.0,0,1,10,0.295,0
2.06,0,1840.0,12100.0,0,0,13,0.134,0
0.23,2,51.0,1394.0,0,1,10,0.041,0
1.92,2,1723.0,996.0,0,1,14,0.0,0
1.45,1,900.0,0.0,0,1,13,0.394,0
0.09,1,3156.0,4331.0,0,1,15,0.016,0
3.14,0,3820.0,6690.0,0,1,10,0.484,0
1.56,0,142.0,498.0,0,1,8,0.001,0
0.13,0,13227.0,2821.0,0,1,14,0.1,0
0.69,1,147.0,4754.0,0,1,15,0.032,0
3.37,2,1593.0,3131.0,0,1,14,0.0,0
0.13,1,2590.0,465.0,0,1,10,0.028,0
0.14,0,729.0,8283.0,0,0,8,0.104,0
0.98,2,213.0,4606.0,0,1,6,0.063,0
1.78,1,2706.0,6984.0,0,1,15,0.069,0
1.32,0,7222.0,5593.0,0,1,13,0.201,0
0.97,0,613.0,17051.0,0,1,17,0.026,0
3.0,0,947.0,1877.0,0,1,8,0.247,0
0.57,2,1404.0,8404.0,0,1,12,0.002,0
3.07,0,3013.0,4226.0,0,1,6,0.307,0
0.94,1,1621.0,8340.0,0,1,8,0.0,0
0.53,2,340.0,2892.0,0,0,13,0.004,0
0.24,0,4521.0,5270.0,0,0,18,0.015,0
2.26,0,432.0,626.0,0,1,10,0.082,0
0.59,0,3422.0,414.0,0,1,21,0.076,0
1.57,0,9711.0,6292.0,0,0,14,0.876,1
0.71,0,565.0,2005.0,0,1,12,0.013,0
0.77,0,5305.0,1083.0,0,0,10,0.165,0
1.1,0,5791.0,3972.0,0,1,8,0.276,0
2.31,1,3500.0,1508.0,0,1,7,0.264,0
6.49,0,151.0,394.0,0,1,10,0.076,0
1.45,0,68.0,2621.0,0,1,9,0.163,0
0.14,1,867.0,10217.0,0,1,9,0.017,0
0.13,0,1221.0,8075.0,0,1,16,0.028,0
1.51,0,3736.0,10776.0,0,1,11,0.252,0
0.28,0,629.0,513.0,0,0,17,0.109,0
0.25,0,995.0,5785.0,0,0,14,0.075,0
1.29,0,475.0,332.0,0,1,8,0.077,0
0.08,0,132.0,1436.0,0,0,18,0.013,0
2.47,0,1100.0,721.0,0,0,15,0.006,0
3.2,1,6.0,9693.0,3,0,13,0.146,1
1.08,0,1670.0,1451.0,0,1,10,0.109,0
1.54,1,1455.0,659.0,0,1,15,0.1,0
5.24,0,2639.0,13699.0,0,1,10,0.477,0
0.67,0,1456.0,9329.0,0,1,11,0.009,0
3.72,0,1960.0,2672.0,0,1,11,0.049,0
0.14,2,11016.0,2257.0,0,1,11,0.003,0
0.36,0,6832.0,6088.0,0,0,11,0.69,1
3.2,0,535.0,2726.0,0,0,8,0.108,0
1.67,0,3248.0,3921.0,0,0,10,0.111,0
6.28,2,510.0,2337.0,0,1,11,0.003,0
1.19,0,706.0,798.0,0,1,10,0.093,0
1.48,2,1792.0,4235.0,0,1,10,0.007,0
0.73,0,3878.0,372.0,0,0,17,0.145,0
0.96,1,1677.0,11697.0,0,1,10,0.039,0
0.04,0,612.0,2454.0,0,1,12,0.128,0
0.45,0,2481.0,1187.0,0,0,7,0.083,0
6.82,0,3432.0,1646.0,0,0,10,0.0,0
2.14,2,1841.0,412.0,0,1,18,0.052,0
0.62,0,5268.0,1233.0,0,0,11,0.022,0
1.56,0,2493.0,1529.0,0,0,8,0.172,0
1.18,0,1941.0,2106.0,0,1,13,0.0,0
2.12,2,3533.0,15758.0,0,0,9,0.001,0
2.32,0,10727.0,3349.0,0,1,9,0.0,0
1.06,0,5348.0,7032.0,0,0,20,0.0,0
2.38,0,4166.0,1856.0,0,1,9,0.037,0
0.0,0,251.0,1467.0,0,0,10,0.054,0
1.61,2,2530.0,9814.0,2,0,18,0.009,0
0.7,1,1733.0,7682.0,0,0,13,0.021,0
2.26,0,3835.0,4817.0,0,0,4,0.399,0
1.01,1,2621.0,1138.0,0,0,12,0.141,0
0.47,0,1832.0,7859.0,0,1,14,0.002,0
0.25,0,1048.0,7389.0,0,1,12,0.01,0
1.26,0,5689.0,6792.0,0,0,11,0.04,0
2.72,0,271.0,4683.0,0,0,10,0.094,0
2.65,0,3823.0,5331.0,0,1,10,0.014,0
0.3,0,1164.0,306.0,0,1,9,0.443,0
0.27,0,4266.0,612.0,0,1,9,0.043,0
2.02,0,3961.0,1191.0,0,1,13,0.047,0
0.83,0,3025.0,2702.0,0,0,11,0.0,0
0.03,0,2600.0,2615.0,0,1,13,0.001,0
1.48,0,3069.0,5008.0,0,0,10,0.137,0
0.67,0,142.0,9577.0,0,0,10,0.025,0
3.85,0,1260.0,1675.0,0,1,9,0.165,0
2.95,1,2140.0,5511.0,0,0,9,0.066,0
8.44,1,714.0,12505.0,0,1,11,0.072,0
0.27,0,433.0,2826.0,0,1,10,0.014,0
1.02,0,580.0,6363.0,0,0,11,0.249,0
0.55,0,170.0,5151.0,0,0,10,0.151,0
0.29,1,1410.0,1130.0,0,1,14,0.015,0
0.7,0,3402.0,639.0,0,1,12,0.106,0
1.27,0,586.0,4306.0,0,1,14,0.176,0
0.03,2,3694.0,3489.0,0,0,11,0.15,0
0.14,2,2469.0,3362.0,0,1,11,0.046,0
0.94,0,275.0,2436.0,0,0,11,0.059,0
2.2,1,4669.0,3897.0,0,1,9,0.17,0
0.74,1,2832.0,7617.0,0,1,12,0.029,0
0.97,0,4049.0,1208.0,0,0,12,0.068,0
0.6,0,379.0,2458.0,0,1,16,0.001,0
3.1,2,5973.0,2192.0,0,0,12,0.123,0
3.91,0,2203.0,357.0,0,1,10,0.02,0
2.29,2,2347.0,1391.0,0,0,19,0.006,0
0.22,0,159.0,2075.0,1,0,11,0.163,1
0.95,0,2451.0,7356.0,2,0,9,0.001,1
0.49,0,1667.0,3237.0,0,1,13,0.196,0
0.81,2,4876.0,1643.0,0,0,10,0.169,0
1.62,0,6029.0,894.0,0,1,10,0.089,0
0.67,0,3546.0,3443.0,0,1,14,0.26,0
1.9,0,1696.0,3779.0,3,0,6,0.04,1
1.17,0,12209.0,6691.0,1,0,15,0.129,1
0.41,0,1479.0,826.0,0,0,8,0.34,0
1.07,1,7791.0,4371.0,0,1,14,0.345,0
2.52,0,194.0,5828.0,0,0,15,0.293,0
0.74,0,2314.0,1486.0,0,1,11,0.307,0
0.93,0,4658.0,5515.0,0,0,13,0.006,0
2.16,0,892.0,3793.0,0,1,12,0.159,0
0.26,0,757.0,11315.0,0,1,13,0.128,0
0.41,2,5036.0,4218.0,0,1,12,0.745,1
1.55,0,1494.0,1271.0,0,1,11,0.285,0
1.72,1,456.0,858.0,0,1,13,0.024,0
0.47,0,2573.0,1070.0,0,1,8,0.124,0
1.42,1,1682.0,1697.0,0,0,16,0.074,0
1.41,0,2301.0,3506.0,0,0,9,0.011,0
1.46,0,3974.0,6197.0,0,0,16,0.152,0
3.27,1,8.0,10768.0,0,1,15,0.311,0
1.43,0,1426.0,12178.0,0,1,14,0.116,0
6.32,1,1859.0,1820.0,0,1,9,0.125,0
0.51,2,7694.0,2286.0,2,0,6,0.114,1
0.26,1,432.0,9894.0,0,1,16,0.182,0
0.01,0,2384.0,1004.0,0,0,9,0.04,0
7.59,0,2929.0,2144.0,0,0,8,0.306,0
1.84,1,4307.0,1821.0,3,0,13,0.0,1
1.98,0,6119.0,4678.0,0,1,10,0.228,0
0.39,0,1257.0,9375.0,1,0,18,0.098,1
2.28,0,338.0,1921.0,0,0,11,0.011,0
0.45,1,696.0,269.0,0,0,11,0.188,0
3.06,0,895.0,8084.0,2,0,18,0.079,1
0.92,1,5069.0,1527.0,0,1,13,0.028,0
1.15,0,532.0,2729.0,0,1,9,0.147,0
1.2,0,6635.0,2962.0,0,0,7,0.213,0
1.87,2,91.0,1657.0,0,0,12,0.625,0
0.7,0,1601.0,4682.0,0,0,11,0.018,0
1.39,1,298.0,11929.0,0,1,8,0.426,0
0.0,0,416.0,2273.0,0,1,9,0.587,0
0.68,1,2399.0,799.0,0,1,13,0.457,0
0.22,0,7304.0,2757.0,0,1,15,0.003,0
0.47,0,3244.0,9408.0,0,1,13,0.136,0
4.05,1,3801.0,2904.0,0,0,11,0.253,0
0.03,0,823.0,411.0,0,0,14,0.022,0
5.54,2,1483.0,729.0,0,0,9,0.245,0
0.04,1,7022.0,1485.0,0,1,16,0.463,0
1.42,1,651.0,1354.0,0,1,14,0.25,0
1.83,0,2593.0,878.0,0,1,18,0.006,0
1.09,0,195.0,5865.0,0,1,9,0.0,0
0.03,0,104.0,2069.0,1,0,10,0.132,1
1.59,2,3751.0,1105.0,0,0,9,0.312,0
0.26,0,4871.0,2163.0,0,1,11,0.002,0
2.24,0,12654.0,161.0,0,1,10,0.063,0
0.43,0,1584.0,2381.0,0,1,13,0.013,0
0.35,0,170.0,11436.0,0,0,9,0.005,0
1.71,1,433.0,1532.0,0,1,14,0.453,0
1.63,0,6004.0,930.0,1,0,15,0.144,1
1.26,0,603.0,6937.0,0,0,16,0.009,0
3.65,0,4763.0,361.0,0,1,14,0.0,0
0.5,0,3118.0,3813.0,0,1,13,0.333,0
0.77,0,1925.0,1572.0,0,1,8,0.018,0
1.36,2,4205.0,9371.0,0,1,10,0.023,0
0.96,1,2192.0,506.0,1,0,14,0.093,1
1.4,0,11049.0,3679.0,1,0,8,0.16,0
0.26,0,4449.0,1528.0,0,1,11,0.011,0
2.73,0,1090.0,5627.0,0,1,10,0.343,0
0.11,1,1769.0,7453.0,0,1,16,0.049,0
7.56,0,4327.0,1560.0,0,1,18,0.103,0
1.2,2,1143.0,3069.0,0,1,13,0.046,0
1.55,1,2970.0,2867.0,0,1,16,0.087,0
2.61,1,79.0,629.0,0,0,13,0.04,0
5.02,0,521.0,792.0,0,1,21,0.06,0
3.84,1,1739.0,2587.0,0,1,7,0.015,0
6.79,2,2984.0,5494.0,0,0,14,0.012,0
2.96,0,6216.0,4491.0,0,1,19,0.076,0
1.03,0,1045.0,1233.0,0,0,7,0.066,0
1.99,0,4686.0,2351.0,0,0,11,0.004,0
1.22,0,2870.0,6409.0,0,1,11,0.002,0
0.37,0,407.0,2261.0,0,1,10,0.002,0
3.52,1,3124.0,1167.0,0,1,11,0.09,0
0.03,0,3025.0,1940.0,0,1,18,0.104,0
3.3,0,707.0,936.0,0,1,11,0.001,0
0.97,0,4357.0,7558.0,0,1,17,0.036,0
3.07,0,4782.0,7716.0,0,1,10,0.013,0
1.34,1,1145.0,10708.0,0,1,15,0.0,0
0.72,1,1156.0,14393.0,0,1,9,0.086,0
2.85,1,297.0,297.0,0,0,11,0.07,0
0.71,0,182.0,5918.0,0,1,5,0.049,0
0.44,0,373.0,7744.0,0,0,15,0.031,0
1.41,1,140.0,3406.0,0,1,8,0.264,0
5.3,0,352.0,2710.0,0,1,8,0.096,0
0.42,2,3138.0,2343.0,0,0,8,0.002,0
2.45,2,2720.0,8957.0,0,1,16,0.307,0
1.64,0,4511.0,1527.0,0,1,14,0.012,0
1.0,0,5412.0,5521.0,0,0,12,0.082,0
0.04,0,12588.0,13066.0,0,1,10,0.107,0
0.95,0,2466.0,1642.0,0,1,11,0.525,0
0.45,0,1164.0,621.0,0,1,11,0.021,0
0.3,0,160.0,810.0,0,0,8,0.125,0
0.09,0,213.0,1204.0,0,1,16,0.087,0
4.29,1,9233.0,1931.0,0,1,13,0.037,0
2.79,1,3274.0,2956.0,0,0,17,0.003,0
2.02,0,2323.0,390.0,0,1,14,0.017,0
0.02,1,844.0,10600.0,0,0,8,0.127,0
1.66,0,184.0,1476.0,1,0,11,0.142,1
2.17,0,512.0,1232.0,0,1,13,0.118,0
0.43,0,2191.0,6297.0,0,1,16,0.189,0
0.34,0,2663.0,4227.0,0,1,11,0.179,0
0.07,0,3966.0,1759.0,0,1,6,0.136,0
0.44,0,1594.0,1169.0,0,1,13,0.014,0
0.6,0,1138.0,634.0,0,1,15,0.011,0
0.44,0,4115.0,3881.0,0,1,8,0.0,0
0.71,1,1374.0,12846.0,0,1,11,0.385,0
0.18,2,748.0,6894.0,0,1,12,0.059,0
0.36,0,1110.0,5664.0,0,1,11,0.001,0
0.2,0,333.0,2398.0,0,1,8,0.422,0
2.17,0,2522.0,3237.0,0,0,8,0.01,0
6.52,1,346.0,2153.0,0,1,13,0.027,0
1.16,0,3438.0,1861.0,0,1,16,0.094,0
0.01,0,798.0,52.0,0,0,12,0.0,0
2.47,1,1133.0,4796.0,0,1,20,0.082,0
0.27,1,1895.0,1191.0,0,1,15,0.137,0
2.84,0,2627.0,1369.0,0,1,11,0.026,0
1.83,0,8305.0,9275.0,0,1,13,0.297,0
0.0,1,389.0,1849.0,0,1,12,0.146,0
1.1,0,441.0,588.0,1,0,9,0.124,1
2.18,0,5184.0,8056.0,0,1,13,0.032,0
4.4,0,712.0,423.0,0,0,16,0.004,0
1.3,1,8670.0,6336.0,0,1,9,0.111,0
0.88,0,1162.0,3690.0,0,1,5,0.017,0
0.43,0,61.0,220.0,0,1,14,0.009,0
0.06,0,3114.0,1873.0,0,1,9,0.03,0
0.66,0,3419.0,2698.0,0,0,18,0.076,0
1.3,0,737.0,7446.0,0,1,12,0.041,0
6.4,2,542.0,3685.0,0,0,9,0.0,0
0.1,0,1417.0,949.0,0,0,18,0.061,0
3.63,2,3793.0,3957.0,0,1,9,0.021,0
0.09,0,171.0,8171.0,0,1,11,0.061,0
2.09,0,2408.0,704.0,0,1,6,0.044,0
0.56,0,25.0,1264.0,0,0,11,0.17,0
0.77,1,282.0,1624.0,0,1,10,0.484,0
1.32,1,1678.0,2228.0,0,1,10,0.019,0
0.43,0,2769.0,225.0,0,1,11,0.046,0
0.79,0,1609.0,3249.0,0,0,13,0.034,0
0.56,1,3218.0,11716.0,0,1,9,0.013,0
0.64,1,1102.0,70.0,0,0,8,0.439,0
0.72,1,2825.0,353.0,0,1,10,0.154,0
2.71,0,6485.0,5840.0,0,1,11,0.394,0
1.11,0,4713.0,19277.0,0,0,11,0.281,0
0.29,0,33.0,685.0,0,0,10,0.211,0
0.55,0,149.0,2398.0,0,1,13,0.217,0
0.11,2,4046.0,5319.0,1,0,9,0.005,1
0.52,1,720.0,11184.0,0,0,13,0.043,0
2.71,0,3443.0,489.0,0,0,10,0.101,0
2.11,0,129.0,1700.0,0,0,13,0.199,0
0.2,0,1497.0,1447.0,0,1,15,0.001,0
7.65,0,869.0,554.0,0,1,17,0.676,0
0.57,0,2701.0,4159.0,0,1,12,0.235,0
1.37,0,6722.0,6845.0,0,1,10,0.195,0
0.35,2,2123.0,1631.0,1,0,13,0.2,1
0.42,0,2742.0,9198.0,0,1,11,0.381,0
1.04,1,5582.0,2083.0,0,1,12,0.122,0
1.25,0,7645.0,2504.0,0,1,10,0.001,0
2.32,2,3664.0,6230.0,2,0,18,0.188,1
3.26,0,1448.0,2260.0,0,1,10,0.0,0
3.32,0,774.0,437.0,0,1,8,0.07,0
0.68,0,1116.0,1744.0,0,0,12,0.063,0
1.05,1,263.0,3955.0,0,1,16,0.05,0
0.04,0,1015.0,3505.0,0,1,12,0.028,0
3.52,0,692.0,3279.0,0,1,11,0.002,0
0.81,0,1329.0,477.0,0,1,18,0.678,1
1.12,0,2500.0,8096.0,0,1,12,0.174,0
0.2,0,242.0,7945.0,0,1,16,0.079,0
3.49,0,1901.0,3292.0,0,1,10,0.554,0
0.03,0,3745.0,2526.0,0,1,13,0.188,0
6.26,2,3031.0,2894.0,0,0,16,0.015,0
0.93,0,1499.0,8808.0,0,0,12,0.038,0
3.7,1,199.0,5362.0,1,0,7,0.069,1
1.29,0,2226.0,1852.0,0,1,11,0.055,0
0.41,2,1268.0,1339.0,0,0,19,0.203,0
1.07,0,3026.0,555.0,0,1,11,0.002,0
0.06,0,1037.0,315.0,0,1,13,0.116,0
0.81,0,204.0,2127.0,0,0,11,0.029,0
0.7,0,9067.0,6746.0,0,1,12,0.066,0
0.05,0,3380.0,4994.0,0,1,10,0.005,0
0.55,1,2016.0,2845.0,0,1,12,0.011,0
3.24,0,2704.0,4032.0,0,1,12,0.0,0
8.56,0,2029.0,1219.0,0,0,10,0.01,0
2.97,1,162.0,6594.0,0,1,13,0.032,0
1.09,0,361.0,430.0,1,0,5,0.311,1
4.54,0,1240.0,3660.0,1,0,16,0.016,0
0.19,2,3027.0,90.0,0,0,17,0.06,0
1.35,0,5101.0,6270.0,0,1,14,0.254,0
0.13,0,646.0,13142.0,0,1,10,0.019,0
0.33,0,596.0,4297.0,0,1,12,0.046,0
1.84,1,6977.0,3090.0,0,1,7,0.01,0
1.24,2,1575.0,2969.0,0,1,12,0.005,0
0.67,0,546.0,1865.0,0,1,17,0.002,0
1.79,0,4667.0,6761.0,3,0,8,0.178,1
1.67,1,5583.0,976.0,0,1,7,0.001,0
0.21,0,3625.0,1744.0,0,1,11,0.015,0
2.83,2,96.0,6838.0,0,1,11,0.03,0
2.63,0,4463.0,1384.0,0,1,11,0.1,0
2.11,0,1323.0,8106.0,0,1,17,0.291,0
2.16,0,4081.0,14437.0,0,1,15,0.041,0
4.44,0,1600.0,6321.0,0,1,14,0.157,0
0.46,1,2902.0,810.0,0,0,11,0.068,0
0.79,0,2856.0,1449.0,0,1,11,0.042,0
3.52,0,5015.0,1146.0,0,1,11,0.089,0
0.63,2,2756.0,132.0,0,0,13,0.153,0
1.12,0,2814.0,2463.0,0,1,10,0.007,0
1.78,0,833.0,144.0,0,0,20,0.515,0
0.81,2,6043.0,9049.0,0,1,12,0.01,0
2.1,1,2392.0,11742.0,0,1,14,0.28,0
0.91,0,1291.0,7014.0,0,1,6,0.132,0
0.74,0,3574.0,4743.0,0,1,13,0.066,0
1.5,0,42.0,19.0,0,1,15,0.264,0
0.37,0,1630.0,5138.0,0,0,13,0.035,0
4.18,1,6133.0,2981.0,0,1,15,0.195,0
0.48,0,457.0,3552.0,0,1,13,0.331,0
1.2,0,2702.0,5733.0,2,0,13,0.229,1
0.21,0,2534.0,3473.0,0,0,11,0.006,0
1.54,0,9415.0,9835.0,0,1,11,0.172,0
1.57,2,2063.0,4499.0,0,1,18,0.058,0
1.01,0,777.0,646.0,0,1,7,0.086,0
3.54,0,700.0,4230.0,0,1,8,0.0,0
3.76,0,2097.0,6623.0,0,1,12,0.019,0
1.29,0,261.0,6018.0,0,1,14,0.348,0
1.63,0,5918.0,810.0,0,1,13,0.104,0
0.16,2,634.0,239.0,0,1,11,0.0,0
1.58,2,15.0,1848.0,0,1,11,0.031,0
7.28,1,2927.0,4027.0,0,1,12,0.028,0
0.02,2,158.0,6195.0,0,0,16,0.421,0
1.0,0,622.0,10605.0,0,1,11,0.386,0
0.42,1,1166.0,640.0,1,0,12,0.234,1
0.87,0,2070.0,1925.0,0,1,16,0.181,0
3.19,0,10328.0,2198.0,0,1,15,0.003,0
0.71,0,1238.0,1509.0,0,1,11,0.024,0
1.5,0,858.0,702.0,0,1,11,0.026,0
1.14,0,106.0,2437.0,0,0,10,0.001,0
1.05,0,824.0,659.0,0,1,7,0.216,0
1.35,0,2743.0,8416.0,0,1,11,0.095,0
0.49,0,2033.0,2083.0,0,1,13,0.005,0
5.62,0,4237.0,7236.0,0,1,8,0.015,0
1.21,1,1884.0,2712.0,0,1,12,0.004,0
0.08,0,1014.0,1522.0,0,0,5,0.001,0
0.63,1,1236.0,3946.0,0,1,11,0.016,0
0.15,0,3805.0,7087.0,0,1,13,0.067,0
2.14,2,7861.0,10964.0,0,0,7,0.132,0
0.28,0,1826.0,2810.0,0,1,10,0.066,0
1.69,1,97.0,6060.0,0,0,14,0.019,0
5.71,0,2680.0,5700.0,0,0,19,0.198,0
0.07,0,3421.0,2955.0,0,0,16,0.01,0
3.05,0,668.0,7689.0,0,1,9,0.09,0
1.02,0,35.0,1957.0,0,1,10,0.058,0
1.27,1,4662.0,2919.0,0,0,11,0.0,0
0.64,0,5458.0,1358.0,0,1,14,0.07,0
2.33,0,255.0,679.0,0,0,13,0.005,0
1.6,0,3489.0,16479.0,0,0,7,0.007,0
0.83,0,1224.0,2824.0,0,1,14,0.006,0
0.93,0,2222.0,12295.0,0,0,14,0.145,0
1.72,0,1431.0,11623.0,0,1,7,0.106,0
0.39,0,3292.0,5577.0,0,1,21,0.019,0
1.71,1,234.0,4651.0,0,1,13,0.023,0
0.12,0,3129.0,2556.0,0,1,8,0.517,0
0.75,1,96.0,567.0,0,1,14,0.0,0
0.02,0,2332.0,5001.0,0,0,12,0.053,0
0.28,1,264.0,65.0,0,1,15,0.037,0
2.88,1,924.0,2564.0,0,1,15,0.004,0
3.96,0,1796.0,1534.0,0,1,11,0.048,0
1.77,1,275.0,11218.0,0,1,9,0.11,0
0.16,0,5074.0,13495.0,0,1,12,0.054,0
0.76,1,557.0,852.0,0,0,12,0.03,0
0.65,0,444.0,7430.0,0,1,14,0.285,0
1.85,1,208.0,8521.0,1,0,12,0.005,1
0.21,2,363.0,7224.0,0,1,8,0.409,0
1.68,2,32.0,3598.0,0,1,7,0.045,0
0.21,1,597.0,182.0,0,1,12,0.694,0
4.32,0,4663.0,4862.0,0,1,14,0.034,0
3.34,2,2146.0,3637.0,0,0,11,0.148,0
4.18,0,1019.0,7115.0,1,0,12,0.099,1
0.39,0,1544.0,3924.0,0,1,14,0.045,0
0.68,0,3672.0,3715.0,1,0,11,0.018,1
1.89,0,187.0,6514.0,0,0,15,0.03,0
1.36,0,666.0,9430.0,0,1,9,0.037,0
4.34,0,2756.0,8169.0,0,1,10,0.074,0
1.61,1,57.0,1025.0,0,1,11,0.066,0
0.8,0,2182.0,1573.0,0,0,10,0.036,0
2.04,0,809.0,7728.0,0,1,18,0.467,0
0.87,0,1111.0,259.0,0,1,12,0.082,0
0.54,0,5620.0,1543.0,0,1,9,0.121,0
1.14,0,2621.0,5722.0,0,0,12,0.009,0
0.97,0,3730.0,1090.0,0,1,13,0.049,0
0.37,0,4141.0,575.0,0,1,6,0.063,0
1.87,0,1610.0,2670.0,2,0,12,0.061,1
6.43,0,1234.0,259.0,0,0,9,0.059,0
0.55,0,3673.0,30206.0,0,1,15,0.165,0
0.62,0,948.0,1612.0,0,0,15,0.104,0
1.72,0,5408.0,14659.0,0,1,15,0.003,0
2.38,0,644.0,1485.0,0,1,13,0.049,0
2.51,0,3424.0,1285.0,0,1,11,0.044,0
0.37,0,286.0,2155.0,0,1,8,0.005,0
1.92,0,9664.0,5883.0,0,0,12,0.002,0
2.31,0,2054.0,12256.0,0,0,13,0.096,0
1.75,1,901.0,810.0,0,1,15,0.036,0
2.48,0,1199.0,719.0,0,1,15,0.138,0
0.91,0,1736.0,5256.0,0,1,15,0.582,0
5.71,0,1364.0,8908.0,0,1,11,0.071,0
5.64,0,375.0,1630.0,0,0,16,0.19,0
0.4,0,242.0,1094.0,0,1,10,0.296,0
1.57,0,4385.0,542.0,0,0,10,0.367,0
0.89,0,4398.0,4534.0,0,1,6,0.133,0
1.93,0,3035.0,7243.0,0,0,14,0.053,0
0.13,0,1398.0,2220.0,1,0,17,0.046,1
0.06,0,3400.0,1647.0,0,1,12,0.018,0
0.27,0,4951.0,3939.0,0,1,13,0.013,0
2.14,0,3748.0,2161.0,0,0,10,0.083,0
1.51,0,390.0,4643.0,0,0,11,0.011,0
3.36,1,7072.0,6520.0,0,1,9,0.002,0
2.79,1,3093.0,515.0,0,1,10,0.126,0
0.58,1,2035.0,5147.0,0,0,13,0.19,0
0.6,0,4652.0,4058.0,0,0,10,0.068,0
3.28,0,2028.0,2217.0,0,1,22,0.02,0
1.76,0,10790.0,1177.0,0,1,15,0.028,0
1.07,0,661.0,1427.0,0,0,14,0.071,0
0.81,0,611.0,542.0,0,0,9,0.001,0
2.05,0,3221.0,1933.0,0,0,16,0.026,0
1.14,2,1856.0,2434.0,0,1,13,0.006,0
2.52,0,336.0,10085.0,0,1,11,0.033,0
2.79,0,3701.0,2693.0,0,1,13,0.001,0
0.68,0,6037.0,2984.0,0,1,12,0.017,0
6.73,0,3247.0,6130.0,0,1,11,0.052,0
4.65,0,174.0,3667.0,0,1,11,0.012,0
2.38,0,649.0,653.0,0,1,25,0.225,0
1.25,2,4730.0,444.0,0,0,12,0.007,0
1.56,0,8684.0,9711.0,0,1,10,0.0,0
1.33,0,2955.0,1074.0,0,1,9,0.257,0
0.11,0,3006.0,1685.0,0,1,11,0.014,0
1.13,0,1348.0,4543.0,0,1,14,0.0,0
1.78,0,4574.0,626.0,0,1,11,0.365,0
5.9,2,143.0,2315.0,0,0,13,0.002,0
1.69,0,142.0,185.0,0,0,15,0.001,0
0.15,0,913.0,1019.0,0,0,14,0.4,0
0.74,0,353.0,307.0,0,0,12,0.274,0
1.62,1,480.0,1638.0,0,1,22,0.004,0
0.83,1,1129.0,2849.0,0,1,10,0.135,0
0.03,1,2695.0,5398.0,0,1,5,0.083,0
0.63,0,731.0,10009.0,0,1,12,0.01,0
0.6,0,3542.0,1881.0,0,1,4,0.001,0
2.68,0,5321.0,5426.0,0,1,11,0.071,0
1.17,1,1225.0,5448.0,0,1,7,0.146,0
0.3,0,2884.0,426.0,0,1,9,0.199,0
0.01,0,4224.0,2739.0,0,1,11,0.001,0
0.04,1,160.0,531.0,0,0,7,0.002,0
1.43,0,2051.0,669.0,0,0,13,0.032,0
0.33,0,1771.0,536.0,0,1,8,0.072,0
2.67,0,885.0,2908.0,0,0,9,0.109,0
3.21,1,3914.0,2483.0,0,0,6,0.177,0
0.5,0,3386.0,1360.0,0,1,16,0.297,0
1.11,0,3885.0,1433.0,0,1,18,0.212,0
0.28,1,6603.0,1312.0,0,0,13,0.04,0
0.21,1,1481.0,4021.0,0,1,14,0.115,0
0.15,0,890.0,4426.0,0,1,7,0.093,0
0.1,1,974.0,1639.0,0,1,15,0.414,0
0.8,0,2086.0,879.0,0,1,8,0.028,0
1.48,0,166.0,10835.0,0,0,9,0.472,0
0.6,2,730.0,537.0,0,1,14,0.073,0
0.27,0,699.0,7727.0,0,0,15,0.149,0
0.81,0,2807.0,3759.0,0,0,21,0.001,0
0.19,0,303.0,2729.0,0,1,12,0.059,0
0.22,1,1354.0,2821.0,0,0,12,0.088,0
0.54,1,137.0,3105.0,0,1,14,0.001,0
0.63,1,1801.0,7807.0,0,1,11,0.044,0
0.53,0,2122.0,5579.0,0,1,7,0.041,0
1.49,0,1671.0,2749.0,0,1,14,0.006,0
0.27,0,1413.0,406.0,0,1,12,0.303,0
0.1,2,2467.0,8040.0,0,1,14,0.194,0
0.83,0,3490.0,2567.0,0,1,11,0.011,0
1.07,0,1947.0,11457.0,0,1,13,0.009,0
0.28,0,1257.0,5375.0,1,0,16,0.064,1
0.93,0,16.0,55.0,0,1,15,0.024,0
0.54,0,3285.0,1514.0,0,1,8,0.09,0
0.02,1,206.0,4994.0,0,0,11,0.181,0
1.2,0,266.0,11464.0,0,1,12,0.002,0
1.38,0,813.0,3825.0,1,0,18,0.06,1
0.08,0,652.0,3307.0,0,1,10,0.0,0
1.77,1,1972.0,2389.0,0,1,14,0.03,0
0.93,0,4755.0,3398.0,0,1,7,0.056,0
2.16,0,3808.0,4339.0,0,0,11,0.786,0
1.28,0,12.0,1629.0,0,1,10,0.129,0
0.74,0,115.0,14079.0,0,0,11,0.098,0
1.38,0,2738.0,9320.0,0,0,15,0.029,0
0.22,1,2835.0,1756.0,0,1,15,0.016,0
3.86,2,1530.0,5174.0,0,1,15,0.026,0
1.15,1,3156.0,4700.0,0,1,12,0.067,0
0.65,1,760.0,5703.0,0,1,7,0.006,0
1.29,0,4449.0,1880.0,0,1,17,0.037,0
3.26,0,2850.0,410.0,0,1,18,0.597,0
0.19,0,103.0,6361.0,0,1,13,0.046,0
1.87,2,2068.0,457.0,0,0,11,0.06,0
1.54,0,1480.0,457.0,0,1,12,0.11,0
0.21,0,3673.0,605.0,2,0,13,0.014,1
8.08,2,2004.0,4539.0,0,1,8,0.03,0
0.45,2,478.0,3005.0,0,1,16,0.002,0
11.63,1,3657.0,1738.0,0,0,8,0.23,0
2.29,0,88.0,462.0,0,1,10,0.176,0
0.43,0,3182.0,1874.0,0,1,9,0.029,0
1.42,0,1376.0,76.0,0,1,12,0.099,0
3.89,0,1010.0,2356.0,0,1,11,0.077,0
3.91,1,2724.0,2225.0,0,1,11,0.457,0
0.01,0,135.0,7719.0,0,1,17,0.263,0
2.59,0,727.0,5449.0,0,1,15,0.063,0
4.19,0,1366.0,880.0,0,1,13,0.701,1
2.02,0,4253.0,387.0,0,1,8,0.224,0
1.2,0,821.0,2664.0,0,1,16,0.457,0
3.43,1,8529.0,1412.0,0,1,13,0.009,0
0.78,0,1477.0,7981.0,0,0,10,0.073,0
0.73,0,54.0,4075.0,0,1,15,0.007,0
0.46,0,215.0,976.0,0,1,23,0.091,0
2.71,0,253.0,1303.0,0,1,11,0.217,0
2.87,0,2888.0,1733.0,0,1,15,0.09,0
1.42,1,9842.0,1546.0,0,1,14,0.099,0
1.66,2,5304.0,230.0,0,1,20,0.0,0
1.17,2,3697.0,4932.0,0,1,15,0.006,0
2.34,0,937.0,35.0,0,1,9,0.522,0
2.58,0,1980.0,3236.0,0,0,8,0.063,0
0.12,2,4251.0,253.0,0,0,6,0.049,0
1.85,0,511.0,1969.0,0,1,11,0.583,0
0.68,0,6165.0,17340.0,0,1,12,0.093,0
2.72,1,3112.0,10489.0,0,1,15,0.165,0
2.77,0,4840.0,3143.0,0,0,18,0.254,0
0.5,2,3476.0,11821.0,0,1,13,0.147,0
2.62,0,5749.0,7473.0,0,0,9,0.016,0
0.35,0,1883.0,19.0,0,0,6,0.085,0
1.79,2,5989.0,3736.0,0,1,11,0.104,0
0.54,0,7762.0,10849.0,0,0,15,0.021,0
2.55,0,1420.0,222.0,0,0,13,0.317,0
0.07,0,2018.0,2123.0,0,1,11,0.004,0
3.71,0,7006.0,45.0,0,0,12,0.036,0
0.1,1,2578.0,9990.0,0,0,10,0.059,0
0.63,0,2862.0,771.0,0,1,12,0.529,0
0.93,0,220.0,216.0,1,0,10,0.059,1
1.15,0,2118.0,4454.0,0,0,14,0.062,0
1.38,0,8447.0,4948.0,0,1,10,0.39,0
0.04,1,325.0,11485.0,0,1,16,0.234,0
4.8,0,611.0,651.0,0,0,9,0.303,0
1.7,0,1642.0,4007.0,0,1,9,0.022,0
0.98,0,3780.0,1291.0,0,0,12,0.387,0
2.65,1,4855.0,366.0,0,1,18,0.118,0
1.42,1,734.0,809.0,0,0,19,0.164,0
0.53,0,238.0,3253.0,0,1,13,0.004,0
0.05,0,1126.0,295.0,0,0,5,0.001,0
1.22,0,1548.0,1072.0,0,0,11,0.021,0
0.77,2,2999.0,3230.0,0,0,17,0.005,0
3.66,0,8464.0,2900.0,0,1,8,0.002,0
0.43,2,531.0,1090.0,0,1,9,0.043,0
0.09,1,343.0,9065.0,0,0,13,0.007,0
0.14,1,109.0,2821.0,0,1,12,0.073,0
0.13,0,4478.0,4025.0,0,1,10,0.153,0
5.26,0,783.0,3911.0,0,0,13,0.06,0
2.16,0,5860.0,1250.0,0,0,18,0.006,0
2.34,0,1988.0,2363.0,0,1,9,0.0,0
0.02,1,24.0,4694.0,2,0,10,0.201,1
6.6,0,17052.0,1491.0,0,1,14,0.025,0
7.03,0,772.0,291.0,0,1,17,0.076,0
1.62,0,6261.0,656.0,0,1,13,0.045,0
0.91,0,1820.0,5623.0,0,1,6,0.0,0
0.36,0,1450.0,4737.0,0,1,10,0.229,0
3.3,0,7451.0,477.0,0,1,14,0.3,0
0.3,1,829.0,5306.0,0,1,9,0.018,0
0.11,0,3077.0,7568.0,0,1,8,0.15,0
0.57,0,649.0,3875.0,0,0,9,0.079,0
2.45,0,1187.0,1144.0,0,1,10,0.152,0
0.55,0,3031.0,2619.0,0,0,13,0.052,0
2.13,2,4627.0,2605.0,0,0,18,0.141,0
0.55,0,565.0,1473.0,0,0,9,0.107,0
0.72,0,2449.0,769.0,0,0,18,0.216,0
0.93,0,652.0,3515.0,0,1,15,0.025,0
0.15,0,1236.0,3021.0,0,1,8,0.079,0
4.64,0,2132.0,4632.0,0,0,15,0.359,0
0.53,1,899.0,12664.0,0,0,17,0.034,0
1.52,2,3823.0,4878.0,0,1,8,0.189,0
0.65,1,3147.0,755.0,0,1,17,0.043,0
0.0,0,2581.0,5302.0,0,0,11,0.014,0
1.76,0,91.0,2536.0,0,0,12,0.149,0
2.6,0,3656.0,471.0,0,1,10,0.012,0
0.22,0,268.0,15388.0,0,1,16,0.458,0
1.08,2,1761.0,6607.0,0,1,15,0.206,0
1.56,2,1009.0,2673.0,0,1,12,0.0,0
1.09,0,2424.0,2029.0,0,1,9,0.11,0
2.59,0,1457.0,715.0,0,0,13,0.0,0
1.97,0,611.0,15352.0,0,0,13,0.129,0
1.56,1,40.0,6948.0,2,0,8,0.025,1
4.38,0,2058.0,1334.0,0,1,10,0.5,0
2.32,0,3732.0,3142.0,0,1,15,0.0,0
1.76,2,858.0,3705.0,0,0,8,0.362,0
2.73,0,2900.0,155.0,0,1,16,0.134,0
1.56,2,2790.0,1.0,0,0,8,0.069,0
3.76,0,430.0,10033.0,0,1,15,0.009,0
2.43,0,2082.0,9036.0,1,0,12,0.008,1
1.2,0,117.0,9185.0,1,0,14,0.514,1
4.46,0,9643.0,2645.0,0,1,18,0.098,0
1.69,0,988.0,608.0,0,1,7,0.022,0
0.98,0,696.0,4287.0,0,1,25,0.005,0
0.56,0,5575.0,4874.0,0,1,10,0.032,0
0.74,0,857.0,737.0,0,1,10,0.099,0
0.91,1,1965.0,2477.0,0,1,12,0.019,0
1.46,1,229.0,3995.0,0,1,9,0.417,0
1.85,0,721.0,1702.0,0,0,10,0.037,0
0.62,0,1159.0,3792.0,0,1,17,0.194,0
1.15,0,5891.0,6706.0,0,0,12,0.001,0
0.75,2,312.0,382.0,0,1,15,0.122,0
1.35,0,1888.0,2530.0,0,1,12,0.054,0
0.14,0,184.0,7159.0,0,0,13,0.193,0
4.09,0,4439.0,4328.0,0,0,18,0.399,0
0.79,0,2709.0,3004.0,0,1,12,0.051,0
0.44,0,182.0,5544.0,1,0,10,0.005,1
0.39,0,2914.0,6669.0,0,0,12,0.019,0
1.59,2,2265.0,6994.0,0,1,16,0.001,0
0.75,2,9276.0,1698.0,0,0,16,0.085,0
1.27,0,1515.0,1042.0,0,0,12,0.063,0
5.09,0,1448.0,3266.0,0,0,13,0.104,0
1.33,0,921.0,10306.0,0,0,11,0.024,0
5.26,0,971.0,2734.0,0,1,9,0.438,0
2.07,0,3272.0,4751.0,0,1,20,0.119,0
1.56,0,1880.0,258.0,0,1,10,0.132,0
0.9,0,3765.0,4811.0,0,1,12,0.155,0
2.11,0,2498.0,5948.0,0,1,11,0.011,0
0.42,0,2176.0,1305.0,0,0,8,0.008,0
0.34,0,6371.0,1612.0,0,1,10,0.641,1
0.75,0,1051.0,2014.0,0,1,9,0.147,0
1.12,1,1098.0,775.0,0,1,9,0.016,0
2.16,0,3722.0,1869.0,0,1,10,0.039,0
2.88,0,459.0,4323.0,0,1,9,0.001,0
0.61,2,3065.0,3238.0,0,1,10,0.001,0
0.29,0,149.0,3801.0,0,1,10,0.013,0
0.18,0,6064.0,730.0,0,0,13,0.307,0
1.31,0,992.0,1389.0,0,0,10,0.024,0
0.46,0,552.0,1970.0,0,0,16,0.0,0
0.47,0,1890.0,1725.0,0,1,11,0.01,0
1.43,2,558.0,10390.0,0,1,16,0.019,0
0.93,0,5806.0,2586.0,0,1,14,0.002,0
0.74,1,112.0,1114.0,0,0,10,0.079,0
0.16,1,1468.0,4600.0,0,0,10,0.143,0
0.57,1,1502.0,1324.0,0,0,13,0.089,0
2.48,0,2493.0,2955.0,0,1,5,0.138,0
1.13,0,47.0,3101.0,0,1,13,0.488,0
2.68,0,229.0,1721.0,0,0,16,0.114,0
1.64,0,3080.0,1204.0,0,1,11,0.077,0
3.43,0,3010.0,6035.0,0,0,7,0.008,0
0.1,1,5490.0,1521.0,0,1,11,0.063,0
0.64,0,6950.0,6540.0,0,0,17,0.067,0
4.6,0,1534.0,8260.0,0,0,16,0.053,0
2.64,0,1297.0,138.0,0,1,17,0.15,0
1.99,0,14.0,2426.0,0,0,16,0.297,0
0.32,0,4838.0,444.0,2,0,12,0.13,1
4.71,0,1218.0,8453.0,0,0,7,0.013,0
0.82,0,2055.0,78.0,0,0,9,0.001,0
2.63,0,2037.0,1330.0,0,0,9,0.482,0
1.22,0,82.0,2318.0,0,1,16,0.166,0
1.96,2,574.0,2981.0,0,1,13,0.538,0
2.02,0,3008.0,4051.0,0,1,14,0.028,0
1.84,1,9905.0,1343.0,0,0,16,0.023,0
0.77,0,515.0,10533.0,0,1,9,0.006,0
0.68,0,1302.0,7401.0,0,1,12,0.108,0
4.37,1,9934.0,5794.0,0,1,11,0.0,0
0.61,0,192.0,2760.0,0,1,9,0.011,0
0.2,0,2904.0,22952.0,0,1,14,0.013,0
7.15,0,14765.0,5670.0,0,0,11,0.075,0
0.15,0,1551.0,3658.0,0,0,12,0.057,0
3.86,0,48.0,4733.0,0,1,12,0.255,0
0.13,0,2902.0,2747.0,0,1,7,0.003,0
0.01,0,5828.0,11659.0,0,1,10,0.239,0
0.09,0,2625.0,5767.0,0,1,16,0.003,0
1.7,0,1119.0,1706.0,0,1,13,0.257,0
0.4,2,3002.0,4433.0,0,1,15,0.079,0
7.97,0,3264.0,565.0,0,1,14,0.309,0
4.17,0,1984.0,8726.0,0,0,14,0.025,0
0.01,0,3944.0,4524.0,0,0,13,0.055,0
0.51,0,3208.0,1697.0,0,1,12,0.031,0
0.16,0,263.0,2035.0,0,0,10,0.225,0
2.01,0,4712.0,713.0,0,1,8,0.031,0
3.95,0,3236.0,349.0,0,0,15,0.0,0
1.1,0,1800.0,6582.0,0,1,5,0.057,0
0.1,1,5416.0,1893.0,0,1,11,0.117,0
0.09,0,931.0,8841.0,0,1,14,0.012,0
1.69,1,629.0,2344.0,0,1,13,0.18,0
0.02,0,4756.0,177.0,0,1,15,0.412,0
1.74,0,10358.0,7843.0,0,1,14,0.152,0
1.23,0,5020.0,473.0,1,0,10,0.117,1
2.33,0,1166.0,267.0,0,1,16,0.103,0
1.69,0,6021.0,8448.0,0,1,12,0.0,0
2.47,1,2499.0,158.0,0,0,16,0.134,0
0.17,0,417.0,15767.0,1,0,13,0.214,1
1.6,1,1578.0,3572.0,0,1,13,0.049,0
1.2,0,495.0,3691.0,0,1,11,0.166,0
0.7,0,3371.0,5556.0,0,1,9,0.106,0
1.13,0,5337.0,5912.0,0,0,21,0.035,0
1.52,1,1525.0,2016.0,0,1,9,0.118,0
0.72,1,8503.0,4851.0,0,1,14,0.003,0
1.46,0,1554.0,1923.0,0,0,15,0.188,0
1.16,0,14905.0,2954.0,0,1,11,0.523,0
2.59,0,263.0,428.0,0,1,9,0.048,0
1.93,0,3.0,3251.0,2,0,18,0.123,1
1.79,0,602.0,1603.0,0,0,10,0.002,0
0.74,0,3723.0,271.0,0,0,17,0.37,0
1.14,2,373.0,1737.0,0,0,11,0.012,0
1.02,1,1210.0,7246.0,0,1,10,0.051,0
1.63,0,2097.0,6049.0,0,0,9,0.007,0
0.18,0,1296.0,786.0,0,1,14,0.026,0
3.28,0,3448.0,3375.0,0,1,9,0.061,0
5.16,0,5487.0,1869.0,0,1,11,0.0,0
0.63,0,2859.0,5052.0,0,0,15,0.001,0
1.73,2,2392.0,1355.0,0,1,11,0.04,0
1.49,1,1168.0,11288.0,0,1,12,0.013,0
0.97,1,7883.0,1739.0,0,0,13,0.173,0
0.93,0,1813.0,925.0,0,1,7,0.094,0
2.65,0,3207.0,2785.0,0,1,11,0.091,0
1.0,2,125.0,2530.0,0,1,13,0.067,0
0.65,0,1704.0,3288.0,0,1,16,0.078,0
0.1,0,241.0,1178.0,0,0,9,0.217,0
6.36,0,372.0,1593.0,0,1,16,0.189,0
2.5,0,5389.0,9536.0,0,1,9,0.011,0
0.37,0,8318.0,2034.0,0,1,10,0.147,0
0.03,2,5234.0,6962.0,0,1,17,0.168,0
1.02,0,1622.0,6877.0,1,0,18,0.308,1
2.37,0,490.0,2187.0,0,0,12,0.084,0
6.38,1,426.0,149.0,0,1,15,0.006,0
0.7,0,2042.0,6189.0,0,1,12,0.347,0
0.15,0,2909.0,2875.0,0,1,12,0.278,0
1.85,0,3006.0,1126.0,0,1,13,0.241,0
1.19,0,1642.0,4828.0,0,0,16,0.021,0
1.58,1,129.0,693.0,0,0,9,0.0,0
0.6,1,1508.0,854.0,0,1,15,0.285,0
1.35,1,3184.0,288.0,0,1,10,0.032,0
1.18,0,4306.0,2083.0,0,1,9,0.082,0
0.28,1,4228.0,2694.0,0,1,17,0.002,0
3.27,0,654.0,1971.0,0,0,9,0.0,0
1.7,0,4725.0,21.0,0,0,12,0.16,0
0.0,0,3795.0,1570.0,0,0,10,0.001,0
0.86,0,2324.0,300.0,0,0,16,0.008,0
5.6,1,3593.0,2372.0,0,1,11,0.083,0
0.1,0,1323.0,2483.0,0,0,10,0.019,0
0.02,0,197.0,8170.0,0,1,10,0.036,0
2.9,2,4268.0,4483.0,0,1,16,0.207,0
0.12,1,2009.0,434.0,0,1,20,0.199,0
8.27,0,244.0,2486.0,0,1,12,0.235,0
0.73,0,2357.0,5888.0,2,0,10,0.004,1
0.23,0,253.0,8274.0,0,1,10,0.534,0
1.65,0,3269.0,1296.0,0,1,10,0.035,0
3.32,0,4409.0,2214.0,0,1,9,0.002,0
2.44,1,675.0,91.0,0,0,13,0.068,0
0.25,0,3586.0,2828.0,0,1,11,0.222,0
1.04,0,296.0,707.0,0,0,10,0.03,0
0.55,0,3300.0,2323.0,0,1,11,0.015,0
0.16,0,476.0,2406.0,0,1,4,0.284,0
2.96,1,2776.0,1881.0,0,0,6,0.033,0
0.08,0,445.0,4793.0,1,0,15,0.632,1
3.47,0,1450.0,1750.0,0,1,13,0.088,0
1.38,2,4094.0,6444.0,0,0,17,0.396,0
0.23,0,1593.0,2893.0,0,1,12,0.007,0
0.26,0,2848.0,485.0,0,0,14,0.023,0
0.8,0,542.0,482.0,0,0,9,0.032,0
0.08,2,704.0,5355.0,1,0,13,0.061,1
0.56,0,2121.0,9930.0,0,1,15,0.083,0
2.07,2,4305.0,2935.0,0,1,7,0.287,0
1.84,1,2029.0,3197.0,0,1,11,0.028,0
0.3,0,539.0,172.0,0,1,7,0.04,0
4.34,0,6743.0,2334.0,1,0,13,0.314,1
2.57,1,2326.0,1990.0,0,1,7,0.077,0
2.89,0,540.0,4687.0,0,1,6,0.037,0
0.55,2,1055.0,4138.0,0,1,11,0.103,0
1.41,0,61.0,50.0,0,1,9,0.057,0
1.23,0,1708.0,341.0,0,0,13,0.307,0
1.6,0,528.0,10754.0,0,1,11,0.044,0
0.12,1,417.0,678.0,0,0,13,0.01,0
5.02,0,1252.0,447.0,0,1,7,0.249,0
0.33,0,379.0,1504.0,0,1,12,0.286,0
1.46,0,874.0,5139.0,0,1,6,0.02,0
0.54,1,1512.0,5577.0,0,1,8,0.25,0
0.33,0,9.0,30.0,0,1,12,0.359,0
0.39,2,4449.0,3144.0,0,1,16,0.14,0
4.24,0,960.0,532.0,0,1,10,0.163,0
1.32,0,133.0,48.0,0,0,13,0.001,0
0.88,2,1859.0,219.0,0,0,10,0.109,0
0.03,0,3312.0,447.0,0,0,7,0.532,0
0.8,0,6724.0,3778.0,0,0,14,0.185,0
0.59,0,1986.0,5372.0,0,1,13,0.085,0
0.51,0,2252.0,13934.0,0,1,14,0.009,0
0.27,1,3567.0,10884.0,0,1,14,0.044,0
0.68,2,5881.0,19047.0,0,1,11,0.272,0
3.74,0,4318.0,5558.0,0,0,9,0.019,0
0.73,1,310.0,2119.0,0,1,13,0.141,0
3.32,1,1015.0,2286.0,0,0,14,0.017,0
1.29,0,840.0,4253.0,0,1,15,0.36,0
0.77,0,2925.0,1439.0,0,1,13,0.0,0
0.82,0,4148.0,18.0,0,1,9,0.002,0
2.14,0,2694.0,1517.0,0,0,14,0.133,0
0.81,1,4788.0,8351.0,0,1,12,0.067,0
1.3,0,1722.0,3192.0,0,1,6,0.311,0
1.54,0,101.0,1243.0,0,0,9,0.011,0
0.82,1,2114.0,2965.0,0,0,14,0.029,0
3.92,0,1594.0,2548.0,0,1,9,0.001,0
3.39,0,2265.0,7572.0,0,0,16,0.098,0
0.76,2,1401.0,6448.0,0,1,10,0.005,0
0.01,0,2488.0,2870.0,0,0,11,0.005,0
0.85,1,9093.0,24.0,0,1,8,0.0,1
0.71,0,3704.0,3316.0,0,1,9,0.002,0
0.41,0,452.0,5669.0,1,0,11,0.055,1
3.22,0,1425.0,1806.0,0,0,17,0.336,0
0.5,0,2554.0,534.0,0,1,4,0.203,0
0.3,0,2001.0,2351.0,0,1,8,0.029,0
2.1,0,2072.0,4785.0,3,0,11,0.035,1
0.1,1,1295.0,2423.0,0,0,15,0.171,0
0.21,0,3828.0,6295.0,0,0,16,0.06,0
0.25,2,4941.0,5974.0,0,1,8,0.006,0
0.41,0,336.0,2685.0,0,1,8,0.093,0
0.27,0,90.0,2452.0,0,1,15,0.137,0
0.16,0,4344.0,2282.0,0,1,7,0.255,0
0.77,0,3651.0,768.0,0,1,8,0.002,0
0.62,2,1111.0,4358.0,0,1,15,0.036,0
3.84,0,179.0,326.0,0,0,16,0.071,0
0.43,0,1697.0,155.0,2,0,11,0.267,1
0.04,0,2458.0,4983.0,0,0,9,0.015,0
0.75,1,3734.0,416.0,0,1,9,0.056,0
0.74,2,3988.0,5802.0,0,1,12,0.207,0
12.47,2,2313.0,2595.0,0,1,10,0.0,0
1.43,0,12751.0,5621.0,0,1,10,0.003,0
0.04,0,2042.0,614.0,0,1,12,0.172,0
0.0,1,5011.0,484.0,0,1,6,0.011,0
0.43,2,2540.0,338.0,0,1,10,0.335,0
2.71,0,1863.0,1836.0,0,1,7,0.223,0
3.23,0,8934.0,14306.0,0,1,15,0.427,0
0.16,0,944.0,8641.0,0,1,8,0.137,0
1.31,0,809.0,1785.0,0,1,15,0.038,0
2.25,1,4028.0,4857.0,0,1,17,0.184,0
2.38,0,409.0,4962.0,0,1,10,0.185,0
0.02,2,528.0,307.0,0,0,13,0.024,0
0.79,0,6000.0,7704.0,0,1,15,0.278,0
0.28,1,5230.0,1666.0,0,1,11,0.05,0
0.54,0,1911.0,914.0,0,1,14,0.054,0
0.01,0,2724.0,811.0,0,1,9,0.226,0
1.83,1,2304.0,7853.0,0,0,9,0.137,0
5.13,0,1900.0,405.0,0,0,12,0.042,0
0.74,1,1563.0,2106.0,0,1,10,0.551,0
6.01,0,368.0,1943.0,0,1,11,0.143,0
1.49,0,3186.0,193.0,0,1,18,0.001,0
0.68,2,1701.0,5829.0,0,1,12,0.259,0
1.16,1,2671.0,2960.0,0,1,14,0.062,0
9.66,1,1571.0,53.0,0,1,14,0.04,0
0.16,0,292.0,4984.0,0,1,12,0.37,0
0.46,0,4310.0,3173.0,0,1,8,0.001,0
2.12,2,1400.0,4652.0,1,0,14,0.091,1
0.12,0,1934.0,9384.0,1,0,17,0.041,1
0.11,0,3815.0,2971.0,0,0,8,0.058,0
0.65,1,497.0,437.0,0,1,14,0.019,0
2.18,0,683.0,2150.0,0,0,10,0.011,0
3.83,0,8949.0,11597.0,0,1,13,0.004,0
3.05,0,151.0,4209.0,0,1,13,0.004,0
0.05,0,760.0,5136.0,0,1,16,0.333,0
1.16,1,1156.0,16146.0,0,1,11,0.029,0
1.5,1,2479.0,5466.0,0,1,13,0.036,0
0.43,0,4221.0,2727.0,0,1,8,0.094,0
0.8,2,1394.0,9609.0,0,1,12,0.423,0
0.67,0,5479.0,2261.0,0,1,15,0.06,0
0.4,0,2593.0,5180.0,0,1,14,0.001,0
1.81,2,1596.0,803.0,0,1,12,0.047,0
1.39,0,2628.0,633.0,1,0,15,0.001,1
0.8,0,47.0,670.0,0,0,9,0.229,0
0.01,0,1544.0,3886.0,0,1,9,0.003,0
0.56,2,897.0,6400.0,0,0,15,0.063,0
0.12,1,968.0,2184.0,0,1,17,0.071,0
2.36,0,643.0,7136.0,1,0,14,0.005,1
0.68,0,539.0,8443.0,0,1,7,0.001,0
0.51,0,329.0,2008.0,0,1,14,0.016,0
2.54,0,4357.0,5500.0,0,1,9,0.34,0
2.22,2,6020.0,90.0,0,1,12,0.067,0
0.05,1,2714.0,980.0,0,1,12,0.237,0
1.81,0,2697.0,3109.0,0,1,9,0.139,0
0.4,0,2526.0,3331.0,0,1,10,0.141,0
4.98,0,1490.0,2578.0,0,1,11,0.0,0
0.8,0,7948.0,8218.0,0,0,13,0.638,1
1.21,0,13105.0,4232.0,0,1,9,0.032,0
3.96,0,446.0,6788.0,0,0,6,0.026,0
4.13,0,4786.0,3938.0,0,1,13,0.007,0
0.68,1,1213.0,733.0,0,1,10,0.191,0
4.77,1,1260.0,649.0,0,0,15,0.156,0
0.3,1,198.0,5611.0,3,0,16,0.038,1
0.07,2,99.0,659.0,0,1,11,0.07,0
4.3,2,6151.0,4660.0,0,1,24,0.506,0
1.78,0,9496.0,750.0,0,1,13,0.27,0
0.79,1,4207.0,404.0,0,0,13,0.007,0
3.0,0,1002.0,197.0,0,0,10,0.017,0
0.06,0,1568.0,11362.0,0,1,10,0.019,0
0.03,0,5341.0,847.0,0,1,10,0.0,0
3.09,0,148.0,3943.0,0,1,8,0.139,0
0.62,0,5665.0,10333.0,0,1,13,0.037,0
0.54,0,2729.0,8397.0,0,0,7,0.331,0
0.35,0,260.0,5429.0,0,1,11,0.059,0
0.63,0,742.0,7690.0,1,0,8,0.034,1
2.1,1,427.0,2310.0,0,1,14,0.027,0
0.5,2,2497.0,1160.0,0,1,9,0.088,0
0.59,1,1136.0,1727.0,0,1,17,0.061,0
2.78,0,8785.0,3738.0,0,1,14,0.041,0
0.87,2,754.0,8242.0,0,1,10,0.117,0
1.67,0,3458.0,4553.0,0,0,14,0.019,0
2.77,0,2079.0,46.0,0,1,22,0.172,0
0.54,0,2585.0,9246.0,0,0,15,0.015,0
8.04,0,624.0,9563.0,0,1,13,0.049,0
1.19,1,4122.0,1947.0,0,0,16,0.039,0
1.38,2,2299.0,1753.0,0,0,21,0.004,0
1.3,1,1255.0,4768.0,0,1,15,0.118,0
2.98,0,6410.0,3966.0,0,0,16,0.083,0
2.87,2,399.0,3994.0,0,0,5,0.003,0
2.33,1,8806.0,100.0,0,0,14,0.061,1
0.21,1,1675.0,7268.0,0,1,25,0.055,0
1.67,1,9885.0,6377.0,0,1,9,0.002,0
4.39,0,85.0,506.0,0,1,9,0.112,0
7.02,0,3555.0,10789.0,0,0,13,0.004,0
1.6,0,1852.0,2940.0,0,1,11,0.002,0
2.58,0,1389.0,4364.0,0,1,13,0.001,0
3.05,0,5237.0,7310.0,0,1,16,0.035,0
0.27,0,2534.0,1103.0,0,0,14,0.026,0
0.51,0,2626.0,1935.0,0,1,12,0.453,0
1.24,0,4147.0,3095.0,0,0,8,0.745,1
1.63,1,2639.0,9026.0,0,0,15,0.225,0
1.0,0,702.0,1729.0,0,1,15,0.32,0
1.0,0,7396.0,2540.0,0,0,11,0.046,0
0.41,1,659.0,1478.0,0,1,12,0.192,0
0.67,0,2914.0,9146.0,0,1,7,0.065,0
2.11,0,9452.0,7994.0,0,0,15,0.124,0
0.47,1,2139.0,1728.0,1,0,12,0.018,1
2.76,2,3036.0,5798.0,0,0,12,0.035,0
3.64,0,803.0,2506.0,0,1,10,0.003,0
0.89,1,2102.0,2962.0,0,1,10,0.126,0
0.32,0,777.0,381.0,0,1,16,0.086,0
0.07,0,3947.0,2201.0,0,0,15,0.164,0
1.98,0,4200.0,97.0,0,0,15,0.327,0
1.71,0,2190.0,2591.0,1,0,11,0.064,1
2.98,0,600.0,55.0,0,1,12,0.132,0
1.02,1,3151.0,1392.0,0,1,15,0.011,0
0.9,1,5306.0,280.0,0,0,17,0.023,0
2.48,1,1201.0,1287.0,0,1,13,0.116,0
1.99,0,416.0,2445.0,0,1,13,0.0,0
0.19,1,180.0,894.0,2,0,11,0.064,1
2.23,2,2148.0,247.0,0,0,13,0.571,0
1.88,0,1037.0,727.0,0,1,12,0.017,0
0.84,0,4427.0,3918.0,0,0,13,0.143,0
1.48,2,710.0,11968.0,0,1,7,0.252,0
0.66,1,2133.0,3975.0,0,1,11,0.197,0
2.85,0,4172.0,10.0,0,0,14,0.359,0
0.03,1,3826.0,2239.0,0,1,18,0.097,0
4.19,0,47.0,6527.0,1,0,10,0.163,1
2.0,0,285.0,763.0,0,1,14,0.0,0
0.48,0,143.0,1059.0,0,1,14,0.304,0
1.46,1,537.0,77.0,1,0,11,0.035,1
3.63,0,5367.0,6493.0,0,1,10,0.077,0
0.93,0,1678.0,4282.0,0,0,9,0.051,0
0.14,0,2040.0,510.0,0,0,8,0.134,0
0.67,0,2671.0,2539.0,0,0,11,0.011,0
0.68,2,1796.0,7135.0,0,1,11,0.131,0
2.11,1,95.0,3756.0,0,1,13,0.08,0
1.32,1,4866.0,1003.0,0,1,7,0.001,0
2.06,0,8989.0,6041.0,0,0,13,0.171,0
1.55,0,1201.0,2219.0,0,1,7,0.051,0
0.53,0,8204.0,345.0,0,1,11,0.202,0
0.54,0,9528.0,2518.0,0,1,12,0.182,0
0.38,0,2431.0,2209.0,0,1,7,0.481,0
0.29,2,591.0,4711.0,0,1,9,0.174,0
0.15,2,339.0,3215.0,0,0,10,0.003,0
1.12,0,1856.0,11725.0,0,1,9,0.278,0
0.16,0,1406.0,961.0,0,1,18,0.353,0
5.32,0,98.0,739.0,0,0,10,0.164,0
0.49,0,804.0,2086.0,0,1,11,0.095,0
1.99,0,1859.0,5155.0,0,1,13,0.016,0
5.45,0,268.0,7937.0,0,0,11,0.077,0
1.28,0,1651.0,12919.0,0,1,15,0.106,0
4.0,0,6318.0,13043.0,0,0,16,0.051,0
2.36,1,925.0,12506.0,0,1,9,0.023,0
0.85,0,538.0,2479.0,0,0,13,0.189,0
3.14,1,45.0,6330.0,0,1,14,0.043,0
1.56,0,504.0,331.0,0,1,11,0.003,0
1.97,0,892.0,1062.0,0,1,9,0.069,0
1.04,1,55.0,2693.0,0,1,12,0.015,0
0.83,0,319.0,1324.0,0,0,11,0.046,0
0.37,0,1993.0,2581.0,0,1,12,0.335,0
1.23,0,7272.0,65.0,0,1,8,0.014,0
2.11,2,1634.0,8746.0,0,1,11,0.068,0
1.16,1,1249.0,1406.0,0,1,9,0.134,0
2.54,0,2957.0,462.0,0,1,14,0.048,0
1.08,0,3029.0,7347.0,0,1,9,0.256,0
1.12,0,3506.0,14852.0,0,1,10,0.007,0
0.28,0,6502.0,4220.0,0,0,15,0.426,0
0.23,0,2062.0,1170.0,0,0,14,0.069,0
0.37,0,6400.0,2127.0,0,1,7,0.061,0
5.1,0,1099.0,4285.0,0,0,18,0.246,0
2.39,0,1949.0,5341.0,1,0,9,0.082,1
0.11,0,146.0,2722.0,0,1,10,0.589,0
0.83,0,5410.0,5388.0,0,1,8,0.055,0
1.44,0,4947.0,4160.0,0,1,8,0.318,0
1.34,0,837.0,3972.0,0,0,9,0.333,0
0.81,0,7273.0,2421.0,0,0,9,0.002,0
0.01,0,9772.0,2600.0,0,0,20,0.007,0
0.46,0,2561.0,2141.0,0,1,19,0.091,0
2.51,0,10056.0,2007.0,0,1,13,0.004,0
1.71,0,3783.0,2543.0,0,1,6,0.009,0
0.87,0,3128.0,5156.0,0,1,8,0.003,0
1.01,0,579.0,105.0,0,1,15,0.472,0
0.2,0,2452.0,7508.0,0,1,15,0.019,0
1.18,0,1028.0,772.0,0,1,14,0.005,0
2.6,0,3712.0,8866.0,0,1,17,0.052,0
0.29,1,2053.0,17.0,0,0,10,0.143,0
2.1,1,3349.0,818.0,0,1,8,0.078,0
0.6,1,228.0,2451.0,1,0,15,0.075,1
0.87,0,3603.0,655.0,0,0,12,0.022,0
4.56,0,451.0,12985.0,0,0,13,0.142,0
2.87,0,2244.0,5806.0,0,0,14,0.394,0
1.58,0,1074.0,2991.0,0,1,17,0.008,0
1.06,2,7823.0,1920.0,0,0,13,0.018,0
0.81,0,1661.0,2985.0,2,0,14,0.124,1
1.0,1,1724.0,1014.0,0,1,12,0.113,0
0.31,2,4693.0,2836.0,0,0,13,0.167,0
1.83,0,7615.0,3755.0,0,1,6,0.084,0
0.62,0,8559.0,2282.0,0,0,22,0.028,0
0.18,0,426.0,94.0,0,1,12,0.042,0
0.58,1,421.0,1177.0,0,1,9,0.026,0
0.61,0,2896.0,3726.0,0,0,8,0.16,0
0.27,0,3273.0,396.0,0,1,11,0.017,0
0.5,1,4551.0,10225.0,0,0,7,0.122,0
0.44,0,3711.0,5647.0,0,0,4,0.012,0
0.45,0,1185.0,1850.0,0,1,13,0.024,0
0.35,2,165.0,3245.0,0,1,6,0.439,0
0.34,0,1008.0,1667.0,0,1,10,0.222,0
1.11,0,472.0,3555.0,0,1,7,0.081,0
1.35,1,4148.0,8229.0,0,0,11,0.001,0
0.04,0,1693.0,1409.0,0,0,13,0.001,0
1.59,0,327.0,1060.0,0,1,13,0.047,0
0.63,0,1231.0,1517.0,0,1,8,0.193,0
2.97,0,6993.0,6464.0,0,0,9,0.142,0
2.07,0,2600.0,3935.0,0,1,14,0.001,0
0.41,0,3942.0,7205.0,0,0,15,0.002,0
0.65,1,254.0,10247.0,0,1,12,0.402,0
0.2,1,645.0,2513.0,0,1,15,0.012,0
1.14,1,785.0,1406.0,0,1,17,0.014,0
2.0,0,6277.0,515.0,0,0,9,0.709,1
3.85,0,4995.0,8179.0,0,1,14,0.078,0
3.55,0,147.0,1361.0,0,1,11,0.001,0
1.57,0,8124.0,574.0,0,1,8,0.043,0
1.87,2,361.0,1401.0,0,0,10,0.004,0
0.6,0,329.0,4983.0,1,0,13,0.047,1
0.69,0,668.0,2208.0,0,1,13,0.009,0
0.55,0,5334.0,15731.0,0,0,17,0.045,0
0.95,1,1141.0,5862.0,0,0,15,0.004,0
1.08,0,2943.0,1113.0,0,0,10,0.059,0
4.49,0,6896.0,1066.0,0,1,9,0.0,0
2.47,0,377.0,789.0,0,1,12,0.314,0
2.93,2,3791.0,7911.0,0,1,14,0.563,0
0.8,0,9473.0,2379.0,0,1,6,0.492,0
0.1,0,2387.0,1358.0,0,0,12,0.101,0
3.26,0,2029.0,31285.0,0,0,10,0.091,0
0.3,2,8.0,4469.0,0,0,11,0.003,0
0.9,0,1250.0,1464.0,0,0,12,0.053,0
0.11,0,3722.0,6664.0,0,0,10,0.098,0
0.05,0,2539.0,175.0,0,1,18,0.004,0
0.61,0,1654.0,797.0,0,1,13,0.087,0
0.34,1,94.0,755.0,0,1,9,0.005,0
1.18,0,1447.0,5479.0,0,0,12,0.027,0
0.3,1,555.0,239.0,0,0,8,0.054,0
0.39,0,1726.0,6250.0,0,1,9,0.189,0
1.13,0,4919.0,2720.0,0,1,9,0.163,0
0.36,0,3853.0,1129.0,0,1,12,0.096,0
2.02,0,7663.0,8103.0,0,0,5,0.106,0
4.47,0,2224.0,1777.0,0,1,17,0.049,0
0.3,0,1899.0,4583.0,0,1,9,0.003,0
0.67,0,6.0,1495.0,0,1,9,0.052,0
1.26,1,105.0,4107.0,0,0,26,0.65,1
2.65,0,776.0,9139.0,0,1,14,0.065,0
0.08,2,1.0,790.0,0,0,9,0.048,0
0.34,0,1131.0,8798.0,0,0,9,0.407,0
0.54,0,2074.0,718.0,0,1,11,0.027,0
2.43,0,57.0,2121.0,0,1,7,0.001,0
1.07,0,1612.0,981.0,0,1,6,0.004,0
0.73,0,272.0,6515.0,0,1,11,0.246,0
0.32,1,2828.0,1918.0,0,1,17,0.027,0
0.71,0,215.0,1822.0,1,0,15,0.098,1
1.73,1,838.0,648.0,0,1,12,0.064,0
0.46,0,103.0,1113.0,0,1,12,0.166,0
3.64,0,8356.0,1357.0,0,0,13,0.003,0
0.78,0,1594.0,1407.0,1,0,13,0.013,1
1.07,0,533.0,161.0,0,1,13,0.14,0
1.16,1,384.0,4756.0,0,1,11,0.296,0
3.73,0,3018.0,2149.0,0,1,9,0.137,0
0.14,0,1401.0,2527.0,2,0,9,0.042,1
3.27,0,3373.0,5013.0,0,1,10,0.081,0
1.77,1,3702.0,396.0,0,0,10,0.218,0
3.07,0,2621.0,3647.0,0,1,13,0.081,0
1.29,1,2585.0,175.0,0,1,19,0.144,0
1.47,0,5406.0,617.0,0,1,14,0.014,0
0.11,0,804.0,8239.0,0,1,13,0.002,0
0.62,0,3516.0,2852.0,0,1,12,0.315,0
3.32,0,605.0,1836.0,0,1,10,0.1,0
0.12,0,2502.0,3212.0,0,0,11,0.173,0
0.47,0,429.0,4392.0,0,0,11,0.085,0
2.87,1,7792.0,17934.0,0,1,10,0.055,0
4.03,0,2342.0,3618.0,1,0,20,0.002,0
2.89,0,971.0,2894.0,0,1,16,0.136,0
0.11,2,645.0,5408.0,0,1,11,0.023,0
1.89,1,5123.0,1735.0,0,1,16,0.127,0
4.01,0,1225.0,159.0,0,0,11,0.223,0
1.08,2,170.0,936.0,0,0,7,0.003,0
0.34,0,5490.0,864.0,0,0,15,0.004,0
1.97,0,490.0,13396.0,0,0,17,0.06,0
0.34,0,1662.0,691.0,0,1,9,0.015,0
0.63,0,1216.0,1528.0,0,0,13,0.46,0
1.93,1,2375.0,1315.0,0,1,15,0.389,0
0.37,0,347.0,622.0,0,0,10,0.014,0
0.98,0,861.0,5743.0,0,1,8,0.154,0
0.28,0,3402.0,2966.0,0,1,7,0.011,0
0.71,1,1918.0,8564.0,0,0,17,0.024,0
2.52,0,357.0,3440.0,0,0,18,0.028,0
2.12,1,1419.0,366.0,1,0,14,0.042,1
0.79,0,604.0,7202.0,0,1,12,0.148,0
0.47,0,2029.0,4148.0,0,1,10,0.075,0
0.68,0,6978.0,2926.0,0,0,11,0.078,0
4.02,0,3793.0,9493.0,0,0,11,0.042,0
0.19,1,1229.0,1277.0,0,1,11,0.025,0
0.17,1,5406.0,160.0,0,0,11,0.194,0
1.34,0,507.0,9036.0,0,1,13,0.007,0
0.26,2,1391.0,5479.0,0,1,12,0.021,0
3.88,2,1284.0,298.0,0,1,17,0.423,0
2.43,1,1556.0,3408.0,0,1,17,0.091,0
0.88,0,975.0,186.0,0,0,13,0.003,0
0.73,0,3912.0,4192.0,0,1,11,0.065,0
0.07,0,2641.0,12650.0,0,1,7,0.004,0
1.48,0,2304.0,8107.0,0,1,8,0.0,0
3.27,0,2436.0,1091.0,0,1,13,0.08,0
0.43,0,768.0,1671.0,0,1,12,0.016,0
4.73,0,6684.0,866.0,0,1,8,0.033,0
0.57,0,1226.0,2083.0,0,1,6,0.004,0
1.43,2,2622.0,856.0,0,1,11,0.088,0
0.67,1,2580.0,2601.0,0,1,8,0.321,0
0.71,2,1123.0,3697.0,0,0,10,0.106,0
0.97,1,749.0,2365.0,0,1,7,0.007,0
0.34,1,2901.0,1426.0,0,0,10,0.0,0
0.87,1,6506.0,864.0,0,1,11,0.09,0
3.09,1,267.0,5854.0,0,0,12,0.0,0
0.01,0,1654.0,10.0,0,0,13,0.137,0
1.22,1,8602.0,1084.0,0,1,13,0.007,0
1.53,0,657.0,826.0,0,0,8,0.08,0
0.56,1,7895.0,2017.0,0,1,13,0.0,0
2.22,0,1249.0,1102.0,1,0,12,0.249,1
0.64,0,2451.0,3236.0,1,0,10,0.506,1
1.47,0,1210.0,1630.0,0,0,14,0.078,0
1.11,1,6635.0,4954.0,0,0,16,0.038,0
5.96,2,592.0,631.0,0,0,17,0.098,0
1.68,0,1223.0,12053.0,0,1,12,0.015,0
4.65,0,2686.0,391.0,0,1,10,0.005,0
1.56,0,8847.0,5560.0,0,1,18,0.043,0
0.01,0,691.0,1536.0,0,0,10,0.003,0
0.64,1,3388.0,8449.0,0,1,14,0.046,0
0.34,2,1231.0,289.0,0,1,10,0.17,0
0.76,0,784.0,2040.0,0,1,17,0.003,0
2.34,0,1479.0,1374.0,0,1,12,0.153,0
2.3,1,961.0,1990.0,0,1,10,0.083,0
2.16,0,1247.0,1283.0,0,0,16,0.152,0
1.19,0,1198.0,1950.0,1,0,8,0.031,1
1.36,0,2118.0,4112.0,0,1,11,0.199,0
1.27,0,933.0,6758.0,0,0,15,0.243,0
0.8,1,6352.0,2815.0,1,0,6,0.003,1
0.14,2,371.0,26566.0,0,1,12,0.397,0
1.73,0,19.0,1135.0,0,1,8,0.167,0
3.52,0,1606.0,3689.0,0,1,12,0.047,0
1.38,0,3.0,3082.0,0,1,10,0.045,0
1.98,2,472.0,5485.0,0,0,12,0.014,0
0.85,0,2705.0,185.0,0,1,10,0.115,0
0.6,2,1157.0,637.0,1,0,15,0.155,1
0.21,0,821.0,3030.0,0,1,5,0.002,0
2.32,1,4308.0,2314.0,0,1,10,0.0,0
1.36,0,1415.0,112.0,0,1,11,0.014,0
3.11,0,12955.0,9922.0,0,0,13,0.321,0
0.06,1,24.0,1444.0,1,0,8,0.014,1
0.22,1,425.0,4333.0,0,0,13,0.08,0
0.1,0,2883.0,4883.0,0,1,16,0.001,0
0.89,0,882.0,2451.0,0,1,12,0.545,0
1.33,0,1151.0,3130.0,0,1,13,0.224,0
2.69,1,2493.0,3748.0,0,1,8,0.006,0
0.19,0,1568.0,1567.0,0,1,10,0.181,0
1.08,0,3486.0,7277.0,0,1,12,0.01,0
0.01,0,1422.0,1019.0,0,1,16,0.0,0
0.65,0,1281.0,2286.0,0,1,12,0.357,0
2.27,0,314.0,390.0,0,0,11,0.057,0
0.29,0,2345.0,16162.0,1,0,11,0.008,1
0.69,0,1664.0,2220.0,0,0,9,0.0,0
6.56,0,2396.0,18753.0,0,0,12,0.013,0
3.2,0,4721.0,14900.0,0,0,5,0.0,0
0.2,1,6070.0,335.0,0,0,8,0.082,0
3.8,0,144.0,1956.0,0,1,9,0.002,0
1.65,0,2309.0,3326.0,0,0,11,0.016,0
4.57,2,1072.0,2540.0,0,1,14,0.03,0
3.52,0,3271.0,1913.0,3,0,11,0.08,1
0.49,0,33.0,1412.0,0,1,12,0.013,0
0.24,0,2890.0,2144.0,0,1,8,0.346,0
1.22,0,1643.0,2993.0,0,1,11,0.007,0
0.73,0,92.0,4121.0,0,1,12,0.004,0
0.14,0,126.0,2059.0,0,0,11,0.008,0
0.46,1,2672.0,17193.0,0,1,18,0.027,0
0.92,2,2693.0,4586.0,2,0,14,0.005,1
0.62,0,3681.0,3179.0,0,1,15,0.06,0
1.15,0,1821.0,9219.0,1,0,6,0.106,1
1.12,2,510.0,710.0,0,0,8,0.197,0
0.48,1,3132.0,2798.0,0,1,13,0.192,0
0.38,2,6967.0,280.0,0,1,9,0.079,0
1.77,1,2174.0,2636.0,0,1,17,0.06,0
4.4,0,401.0,2708.0,0,0,7,0.19,0
1.25,1,1430.0,8029.0,0,0,11,0.042,0
1.23,0,3815.0,9257.0,0,0,13,0.227,0
4.2,0,495.0,2298.0,0,1,6,0.433,0
1.2,1,7199.0,7373.0,0,1,15,0.0,0
1.53,0,434.0,6294.0,0,1,10,0.087,0
0.86,2,2254.0,2424.0,0,1,12,0.01,0
4.0,1,563.0,51.0,0,1,12,0.035,0
0.12,1,6112.0,3355.0,0,1,7,0.004,0
1.31,0,8496.0,322.0,0,1,12,0.363,0
0.53,1,1024.0,2076.0,1,0,13,0.047,0
6.62,0,2459.0,1377.0,0,1,18,0.003,0
2.93,0,364.0,8198.0,0,0,10,0.12,0
0.2,0,1435.0,113.0,0,1,13,0.045,0
0.71,0,1952.0,987.0,0,0,14,0.003,0
0.07,2,5309.0,167.0,0,0,8,0.021,0
3.01,1,4113.0,234.0,0,0,11,0.058,0
0.04,0,71.0,4027.0,0,1,14,0.026,0
0.36,0,879.0,2080.0,0,0,13,0.001,0
0.73,0,316.0,4043.0,0,0,9,0.021,0
2.08,0,7094.0,2276.0,0,0,10,0.001,0
3.91,0,4072.0,4656.0,0,1,11,0.001,0
1.56,1,3713.0,2495.0,0,1,14,0.0,0
0.8,2,5351.0,2013.0,0,1,8,0.16,0
1.74,0,4217.0,1199.0,0,1,12,0.142,0
0.97,1,806.0,7110.0,0,0,9,0.287,0
0.05,0,1733.0,6701.0,0,1,4,0.164,0
0.79,0,11824.0,1667.0,0,1,17,0.081,0
2.19,0,4044.0,888.0,0,1,16,0.093,0
2.19,0,102.0,1002.0,1,0,17,0.059,1
0.77,0,958.0,4029.0,0,0,13,0.013,0
0.85,0,3587.0,10118.0,0,0,7,0.065,0
1.76,0,248.0,973.0,0,1,11,0.399,0
0.32,0,387.0,2258.0,0,1,17,0.288,0
5.44,0,975.0,3772.0,0,1,12,0.007,0
4.51,0,2244.0,1903.0,0,0,9,0.245,0
2.88,0,10109.0,10409.0,0,1,9,0.074,0
5.45,0,367.0,12503.0,0,0,7,0.0,0
0.27,0,3497.0,5592.0,0,1,11,0.024,0
2.41,0,199.0,7331.0,0,0,14,0.082,0
2.15,1,2419.0,227.0,2,0,9,0.037,1
2.25,0,205.0,1762.0,0,0,11,0.298,0
1.4,0,1363.0,4169.0,0,1,14,0.034,0
1.22,1,2396.0,3739.0,0,1,11,0.073,0
0.16,0,4408.0,14859.0,0,1,8,0.031,0
0.89,2,829.0,483.0,0,1,11,0.011,0
1.51,0,774.0,1320.0,0,0,14,0.001,0
0.0,1,6489.0,1384.0,0,1,9,0.057,0
0.31,0,1923.0,1707.0,0,0,12,0.009,0
0.51,0,1201.0,270.0,0,1,12,0.049,0
0.36,0,5993.0,4341.0,0,0,11,0.066,0
0.07,1,1112.0,137.0,0,1,13,0.271,0
1.97,0,553.0,6644.0,0,0,9,0.03,0
0.95,1,835.0,588.0,0,1,9,0.352,0
2.74,0,3428.0,5868.0,0,1,6,0.088,0
1.01,0,1750.0,13292.0,0,1,11,0.071,0
0.96,0,1500.0,6489.0,0,0,9,0.181,0
0.42,1,979.0,4094.0,0,1,18,0.0,0
1.77,0,2239.0,810.0,0,1,15,0.037,0
1.49,0,1866.0,5280.0,0,0,6,0.562,0
0.17,1,1321.0,681.0,0,0,10,0.095,0
3.57,0,5194.0,845.0,1,0,16,0.116,1
0.7,0,715.0,849.0,0,1,13,0.001,0
1.27,1,1289.0,148.0,0,1,19,0.388,0
2.63,1,4917.0,1079.0,0,1,17,0.118,0
1.21,0,532.0,2270.0,0,0,5,0.6,1
1.59,0,680.0,4296.0,0,0,6,0.385,0
0.01,0,697.0,5947.0,0,1,19,0.024,0
1.43,1,526.0,281.0,0,1,11,0.133,0
0.28,0,1584.0,3797.0,0,0,17,0.047,0
0.41,1,2119.0,916.0,0,1,16,0.018,0
8.0,0,1018.0,1912.0,0,1,13,0.009,0
0.24,1,8094.0,2895.0,0,1,13,0.551,0
0.75,0,875.0,5022.0,0,1,10,0.007,0
8.49,0,5867.0,11304.0,0,1,12,0.528,0
1.44,0,3506.0,8222.0,1,0,11,0.081,0
1.48,1,5205.0,6309.0,0,1,11,0.013,0
2.15,0,5113.0,3761.0,0,1,9,0.392,0
0.23,0,2403.0,2249.0,0,1,7,0.144,0
0.58,0,3531.0,1304.0,0,1,9,0.003,0
2.59,2,319.0,958.0,0,0,12,0.124,0
0.45,2,307.0,3437.0,0,1,16,0.063,0
3.38,1,1220.0,2951.0,0,1,8,0.132,0
1.03,1,390.0,12328.0,0,1,8,0.033,0
0.12,0,6347.0,22083.0,0,0,13,0.034,0
4.18,0,1880.0,802.0,0,0,11,0.015,0
0.31,0,2129.0,793.0,0,1,12,0.165,0
0.15,0,2515.0,109.0,0,1,9,0.037,0
3.74,0,614.0,1841.0,0,0,7,0.044,0
1.11,0,2864.0,7805.0,0,0,11,0.027,0
4.81,0,8603.0,5838.0,0,0,15,0.428,0
0.69,0,8965.0,1764.0,0,1,11,0.177,0
0.53,0,6853.0,1825.0,0,1,13,0.177,0
0.64,0,1673.0,4428.0,0,0,14,0.222,0
1.15,2,3532.0,1432.0,0,1,11,0.066,0
0.2,1,2678.0,33.0,0,1,13,0.009,0
2.5,0,8638.0,730.0,0,1,16,0.049,0
0.6,1,3065.0,507.0,0,1,9,0.229,0
3.45,0,9.0,538.0,0,0,7,0.09,0
0.16,2,1712.0,137.0,0,1,8,0.002,0
0.58,0,3694.0,791.0,0,0,18,0.181,0
1.33,0,3894.0,787.0,1,0,9,0.062,1
2.14,1,113.0,4417.0,0,1,10,0.004,0
1.26,2,802.0,280.0,0,1,18,0.292,0
0.48,0,553.0,1881.0,0,0,13,0.421,0
1.42,0,5490.0,9491.0,0,1,15,0.0,0
0.95,0,2005.0,11422.0,0,0,10,0.188,0
5.17,1,2776.0,9682.0,0,1,13,0.418,0
0.1,0,1617.0,4994.0,0,1,12,0.242,0
1.44,0,1260.0,1254.0,2,0,12,0.065,1
4.43,2,5177.0,3984.0,0,1,9,0.387,0
2.65,1,1506.0,5742.0,0,1,12,0.172,0
0.8,1,3638.0,2674.0,0,1,17,0.167,0
0.83,0,4709.0,13705.0,0,1,13,0.236,0
0.2,0,1434.0,224.0,0,0,14,0.023,0
2.07,0,1636.0,1463.0,0,1,15,0.005,0
0.49,0,581.0,15424.0,0,1,10,0.004,0
1.8,2,3951.0,2861.0,0,1,14,0.274,0
0.48,0,6124.0,374.0,0,1,6,0.0,0
2.5,2,15200.0,10049.0,0,1,11,0.568,0
1.81,0,1398.0,2591.0,0,1,9,0.101,0
1.23,0,2000.0,777.0,0,1,10,0.325,0
0.71,0,1501.0,4272.0,0,1,13,0.053,0
5.65,1,244.0,8889.0,0,1,3,0.017,0
0.16,0,157.0,1447.0,1,0,7,0.063,1
2.06,2,789.0,307.0,0,1,12,0.026,0
1.06,1,3218.0,676.0,0,1,15,0.131,0
0.81,0,2406.0,7927.0,0,1,8,0.205,0
0.88,0,1527.0,872.0,0,1,18,0.044,0
1.54,1,4252.0,8114.0,0,0,12,0.221,0
2.02,0,155.0,1971.0,0,1,11,0.283,0
1.22,2,662.0,1004.0,0,1,17,0.281,0
1.47,0,1214.0,10602.0,0,0,14,0.001,0
7.14,0,3870.0,416.0,0,1,10,0.01,0
0.02,1,4095.0,8896.0,0,0,7,0.011,0
1.26,0,1975.0,552.0,0,1,13,0.059,0
0.43,1,959.0,1762.0,0,0,9,0.003,0
0.25,0,11897.0,2282.0,0,1,6,0.025,0
1.49,1,925.0,10772.0,0,1,17,0.001,0
2.51,2,2768.0,1271.0,0,0,8,0.009,0
0.52,0,7152.0,969.0,0,0,11,0.001,0
2.07,0,2280.0,35.0,0,1,19,0.009,0
0.1,0,153.0,6314.0,0,1,9,0.075,0
0.36,1,1043.0,434.0,0,0,16,0.44,0
0.38,1,2599.0,2312.0,0,1,16,0.158,0
1.44,0,709.0,3428.0,0,1,13,0.007,0
0.3,1,213.0,7706.0,0,0,8,0.027,0
3.53,0,2.0,1588.0,0,1,10,0.001,0
1.6,0,7565.0,849.0,0,1,16,0.048,0
3.09,2,102.0,4249.0,0,1,15,0.078,0
0.01,0,1909.0,1198.0,0,1,12,0.033,0
1.45,0,3959.0,3085.0,0,0,20,0.199,0
0.39,0,9214.0,626.0,0,1,9,0.003,0
0.41,0,4150.0,16729.0,0,1,7,0.041,0
0.06,0,6049.0,2412.0,0,0,12,0.23,0
2.25,0,235.0,954.0,0,0,9,0.048,0
0.58,0,3248.0,12406.0,0,1,18,0.536,0
0.47,1,1752.0,119.0,0,1,11,0.13,0
0.48,0,4084.0,3268.0,0,1,12,0.007,0
0.24,0,5390.0,5368.0,0,1,13,0.056,0
0.23,0,1807.0,3964.0,0,1,16,0.008,0
0.97,0,3731.0,88.0,0,1,11,0.25,0
0.63,0,1312.0,13377.0,0,0,9,0.037,0
3.75,0,1356.0,1008.0,0,1,11,0.095,0
2.51,0,1198.0,896.0,0,1,11,0.012,0
0.36,1,3627.0,4943.0,0,1,13,0.058,0
0.47,1,1723.0,464.0,0,1,7,0.218,0
0.79,0,226.0,656.0,0,1,10,0.244,0
0.09,0,2235.0,1905.0,0,1,15,0.019,0
1.45,0,1976.0,1784.0,0,1,16,0.16,0
0.85,0,1318.0,5378.0,0,1,9,0.074,0
1.46,2,1001.0,3959.0,0,0,16,0.014,0
1.21,0,1847.0,7591.0,0,1,13,0.005,0
1.54,0,818.0,2653.0,0,1,8,0.096,0
0.11,0,945.0,18264.0,0,0,9,0.11,0
0.38,0,4069.0,5377.0,0,0,12,0.002,0
1.03,0,1014.0,2085.0,0,1,8,0.005,0
0.27,2,2068.0,1547.0,0,1,13,0.012,0
0.88,0,2357.0,975.0,0,1,13,0.001,0
0.49,0,1895.0,1455.0,2,0,14,0.182,1
0.98,0,3922.0,5599.0,0,0,14,0.159,0
1.18,0,4058.0,1560.0,0,1,11,0.051,0
2.05,0,11211.0,727.0,0,1,11,0.371,0
0.02,1,1613.0,2628.0,0,0,11,0.66,0
0.08,0,579.0,10472.0,0,1,13,0.056,0
2.14,0,225.0,1923.0,0,1,9,0.013,0
3.95,0,2871.0,878.0,0,1,13,0.213,0
0.28,0,824.0,3451.0,0,0,13,0.052,0
1.48,0,2022.0,2215.0,1,0,15,0.012,1
0.03,0,74.0,562.0,0,1,20,0.082,0
0.23,2,2912.0,126.0,0,1,13,0.293,0
1.03,0,2678.0,5061.0,0,1,12,0.037,0
0.24,0,918.0,840.0,0,0,7,0.003,0
1.22,0,1903.0,2798.0,0,0,16,0.02,0
3.54,0,8183.0,2581.0,0,0,10,0.913,1
0.28,0,2247.0,3225.0,0,0,13,0.615,1
0.03,0,1194.0,2815.0,0,0,8,0.109,0
1.6,1,4025.0,6127.0,0,0,15,0.471,0
1.87,1,2878.0,1876.0,0,1,8,0.0,0
3.04,1,799.0,3797.0,0,1,16,0.018,0
1.68,2,976.0,1313.0,0,1,12,0.284,0
0.15,0,74.0,3634.0,0,1,13,0.039,0
2.95,0,44.0,2427.0,0,0,6,0.218,0
4.58,0,3425.0,89.0,0,1,8,0.0,0
2.86,0,3330.0,1146.0,0,1,13,0.166,0
2.66,2,250.0,8398.0,0,1,12,0.026,0
0.08,0,677.0,92.0,0,0,10,0.003,0
2.79,0,4132.0,3668.0,0,1,14,0.495,0
1.78,0,4242.0,2155.0,0,1,6,0.055,0
1.77,0,3724.0,10200.0,0,0,11,0.024,0
2.98,0,2653.0,3380.0,0,1,15,0.001,0
4.74,1,2409.0,7598.0,0,1,11,0.013,0
6.91,0,648.0,376.0,0,1,8,0.113,0
2.16,0,6435.0,2221.0,0,1,9,0.0,0
0.29,0,3355.0,1258.0,0,1,12,0.259,0
3.31,2,485.0,1342.0,0,1,19,0.037,0
0.19,0,2278.0,6698.0,0,0,11,0.065,0
0.25,2,2545.0,20223.0,0,0,18,0.091,0
0.59,0,673.0,1250.0,0,1,15,0.01,0
0.81,1,2180.0,189.0,0,0,16,0.004,0
2.05,1,1386.0,1250.0,0,1,12,0.386,0
2.26,0,3692.0,14483.0,0,0,12,0.127,0
1.25,0,217.0,356.0,0,1,14,0.012,0
5.61,0,4380.0,209.0,0,0,19,0.005,0
0.64,1,5369.0,1195.0,0,1,9,0.066,0
1.27,2,448.0,557.0,1,0,11,0.033,1
0.61,2,790.0,1032.0,0,0,13,0.001,0
0.4,0,1555.0,7744.0,0,1,8,0.149,0
1.53,0,4908.0,13057.0,0,1,12,0.069,0
1.11,1,102.0,1344.0,0,1,10,0.493,0
0.18,0,3408.0,4468.0,0,0,6,0.018,0
1.45,0,3501.0,1424.0,0,0,9,0.25,0
0.63,0,1675.0,545.0,0,1,8,0.142,0
0.39,0,1860.0,2926.0,0,0,13,0.277,0
0.06,0,358.0,3749.0,0,1,18,0.148,0
0.14,0,8879.0,1692.0,0,1,12,0.086,0
5.47,0,1190.0,3452.0,0,1,15,0.121,0
0.36,0,3297.0,2470.0,0,1,16,0.066,0
2.88,0,1715.0,7039.0,0,1,20,0.118,0
0.2,1,57.0,3663.0,2,0,6,0.096,1
1.2,0,1543.0,1296.0,0,1,10,0.363,0
2.13,0,1708.0,6506.0,0,1,12,0.127,0
3.65,1,757.0,1128.0,0,1,12,0.008,0
0.55,0,3723.0,4101.0,0,0,12,0.002,0
1.25,0,8264.0,5036.0,0,0,9,0.069,0
2.17,1,298.0,2075.0,0,0,16,0.051,0
1.45,0,2267.0,3038.0,0,1,12,0.283,0
1.67,0,2902.0,1871.0,0,0,11,0.001,0
3.53,0,1720.0,438.0,0,1,10,0.003,0
4.74,0,1352.0,1351.0,0,1,13,0.026,0
5.38,0,879.0,5008.0,0,0,15,0.084,0
0.24,0,2553.0,6117.0,0,1,8,0.0,0
2.72,0,327.0,4312.0,0,0,11,0.007,0
2.92,2,1305.0,1885.0,0,0,17,0.028,0
0.56,2,6412.0,12490.0,0,1,11,0.05,0
2.35,0,2900.0,3226.0,0,1,14,0.588,0
2.09,2,864.0,1281.0,0,1,13,0.129,0
0.49,0,2003.0,6716.0,0,1,11,0.287,0
0.09,0,97.0,1751.0,0,1,10,0.029,0
1.97,0,3213.0,3542.0,0,1,15,0.762,1
2.98,0,1148.0,4367.0,0,1,11,0.001,0
2.7,0,497.0,6066.0,0,1,8,0.222,0
0.28,0,516.0,2983.0,0,0,17,0.021,0
0.34,0,1206.0,12840.0,0,1,17,0.062,0
0.32,0,792.0,6651.0,0,0,6,0.084,0
0.13,0,705.0,2180.0,0,1,8,0.839,1
0.03,1,1054.0,7504.0,0,1,10,0.281,0
1.57,2,1963.0,6665.0,0,0,12,0.128,0
1.52,0,2202.0,10568.0,0,1,12,0.37,0
1.78,0,460.0,789.0,0,0,14,0.041,0
2.72,2,1561.0,5204.0,0,1,10,0.016,0
1.54,1,11805.0,1928.0,0,1,10,0.293,0
0.64,0,1328.0,2740.0,0,0,14,0.296,0
0.01,0,1502.0,2581.0,0,1,11,0.246,0
0.61,2,1170.0,1778.0,0,1,13,0.022,0
0.86,0,2.0,7742.0,0,0,11,0.141,0
1.68,1,253.0,5206.0,0,1,13,0.264,0
0.3,1,6139.0,882.0,0,0,14,0.035,0
0.33,0,2151.0,1353.0,0,1,15,0.007,0
1.05,0,9294.0,5199.0,2,0,8,0.18,1
2.76,1,2662.0,879.0,0,1,13,0.086,0
1.3,1,807.0,6936.0,0,0,10,0.021,0
0.6,0,1840.0,237.0,0,0,11,0.003,0
0.37,0,4216.0,2068.0,0,1,10,0.003,0
2.42,1,136.0,1573.0,0,0,9,0.207,0
1.02,0,1061.0,105.0,0,1,14,0.028,0
0.86,0,6268.0,2759.0,0,1,10,0.297,0
0.83,2,1380.0,3085.0,0,1,10,0.012,0
4.03,1,2026.0,1130.0,0,0,15,0.003,0
0.61,0,666.0,10133.0,0,1,17,0.339,0
1.16,0,1092.0,1316.0,0,1,16,0.0,0
2.24,0,653.0,6927.0,2,0,4,0.005,0
0.42,0,270.0,1560.0,0,1,12,0.002,0
2.9,0,2910.0,2955.0,0,1,16,0.163,0
1.89,0,4596.0,1723.0,0,0,7,0.295,0
1.79,0,206.0,10246.0,0,1,14,0.414,0
0.71,0,201.0,779.0,0,1,14,0.57,0
1.34,0,657.0,1998.0,0,1,7,0.0,0
2.45,2,4553.0,2867.0,0,0,13,0.002,0
0.43,0,5127.0,11923.0,0,0,10,0.044,0
1.54,0,3194.0,20566.0,0,1,10,0.578,0
0.48,1,2466.0,480.0,1,0,7,0.297,1
0.21,1,1561.0,1254.0,0,1,15,0.055,0
2.82,0,2266.0,5872.0,0,1,14,0.12,0
1.28,2,4354.0,1134.0,0,1,7,0.383,0
5.38,1,3628.0,2251.0,0,0,15,0.03,0
0.09,0,1443.0,2663.0,0,1,14,0.509,0
0.38,0,312.0,658.0,0,1,9,0.289,0
1.13,0,484.0,6318.0,0,1,16,0.114,0
1.04,1,2143.0,3354.0,0,0,12,0.027,0
2.86,2,14557.0,2927.0,1,0,19,0.01,1
0.4,0,42.0,8544.0,0,1,15,0.035,0
0.35,0,4061.0,517.0,0,0,12,0.087,0
0.31,0,1603.0,672.0,0,0,15,0.181,0
0.15,1,892.0,10948.0,0,1,11,0.224,0
0.67,0,979.0,2909.0,0,1,13,0.05,0
0.67,0,1525.0,983.0,0,1,12,0.257,0
0.04,0,3362.0,6435.0,0,0,19,0.206,0
1.41,0,1307.0,555.0,0,1,8,0.116,0
0.79,0,3082.0,1729.0,0,0,13,0.028,0
2.61,0,1447.0,1487.0,1,0,16,0.077,1
0.3,1,8299.0,24.0,0,1,10,0.086,1
1.6,1,3666.0,267.0,0,1,11,0.143,0
1.09,0,2606.0,8657.0,0,0,13,0.23,0
3.72,1,379.0,18115.0,0,1,20,0.016,0
0.76,1,2983.0,2758.0,0,0,10,0.528,0
1.15,1,3669.0,4529.0,0,1,9,0.028,0
1.79,0,3563.0,161.0,0,1,19,0.114,0
1.91,0,1562.0,1727.0,0,1,9,0.047,0
0.4,2,1226.0,121.0,2,0,17,0.153,1
0.44,0,4314.0,3064.0,0,1,14,0.169,0
0.77,0,1966.0,1781.0,0,1,9,0.005,0
1.62,1,1260.0,1048.0,0,0,12,0.017,0
0.92,1,703.0,4053.0,0,1,6,0.09,0
1.81,0,2520.0,100.0,0,1,14,0.13,0
0.12,0,1667.0,277.0,0,1,16,0.193,0
2.22,1,1390.0,4438.0,0,0,7,0.004,0
0.08,0,2847.0,6849.0,0,1,5,0.298,0
3.38,0,2723.0,16333.0,0,0,9,0.01,0
1.41,1,2897.0,47.0,0,0,11,0.066,0
1.11,0,5429.0,1953.0,0,1,12,0.149,0
1.35,0,812.0,11221.0,0,0,11,0.242,0
1.13,0,2497.0,750.0,3,0,6,0.024,1
0.6,0,1570.0,495.0,0,1,11,0.047,0
1.07,1,4698.0,8583.0,0,1,11,0.001,0
1.21,1,4659.0,4703.0,0,1,16,0.075,0
6.74,1,7920.0,5355.0,0,1,11,0.058,0
0.52,1,1947.0,4337.0,0,1,11,0.072,0
0.86,0,6577.0,2685.0,0,1,8,0.0,0
1.32,1,24.0,13726.0,0,1,8,0.011,0
0.65,0,364.0,7200.0,0,1,15,0.059,0
3.1,0,4673.0,2805.0,0,1,9,0.276,0
0.08,0,1156.0,3385.0,0,0,12,0.21,0
0.29,0,3480.0,19568.0,0,1,7,0.002,0
0.82,0,672.0,3767.0,0,1,15,0.086,0
0.14,1,1736.0,3003.0,0,0,10,0.009,0
0.71,1,276.0,1713.0,0,0,8,0.003,0
0.09,2,2933.0,18937.0,0,1,14,0.213,0
0.6,0,508.0,10150.0,0,1,13,0.03,0
2.36,0,4379.0,768.0,0,1,14,0.001,0
1.39,0,5854.0,10890.0,0,0,12,0.113,0
1.04,0,2396.0,6319.0,0,0,13,0.032,0
1.2,0,4393.0,1721.0,0,1,13,0.261,0
0.13,0,4099.0,5502.0,0,1,16,0.028,0
0.48,0,668.0,9546.0,0,0,11,0.027,0
0.48,1,1594.0,2028.0,0,1,15,0.006,0
0.56,0,944.0,12581.0,0,0,9,0.257,0
3.22,0,1491.0,2100.0,0,1,9,0.007,0
2.41,0,2564.0,253.0,0,1,14,0.148,0
0.51,0,3088.0,9624.0,0,1,12,0.0,0
1.08,2,6388.0,3351.0,0,1,11,0.081,0
3.05,0,2859.0,237.0,0,1,17,0.128,0
1.86,0,917.0,2466.0,2,0,18,0.132,1
0.55,2,44.0,495.0,0,1,10,0.025,0
1.7,0,10292.0,3352.0,0,1,6,0.007,0
0.48,0,2719.0,2684.0,0,1,12,0.01,0
1.27,0,5829.0,1082.0,0,0,10,0.003,0
1.78,0,2681.0,577.0,0,1,11,0.07,0
0.62,2,180.0,2507.0,0,1,11,0.042,0
0.94,1,6733.0,5446.0,0,1,20,0.227,0
0.6,2,1374.0,5761.0,0,1,11,0.012,0
4.63,0,6185.0,7154.0,0,1,11,0.104,0
0.95,0,2479.0,6057.0,1,0,8,0.057,1
5.63,0,392.0,6205.0,0,1,18,0.023,0
0.07,2,1830.0,2884.0,0,1,7,0.001,0
1.87,0,2274.0,400.0,0,1,15,0.064,0
2.74,0,523.0,4922.0,0,1,7,0.088,0
1.06,0,400.0,7056.0,1,0,6,0.075,1
1.72,0,11999.0,6480.0,0,1,9,0.199,0
1.19,0,804.0,2982.0,0,1,8,0.0,0
0.8,0,5452.0,19.0,0,1,11,0.0,0
0.83,0,3135.0,3616.0,0,0,13,0.113,0
0.14,2,2517.0,3236.0,0,1,17,0.002,0
3.05,0,404.0,5115.0,0,1,14,0.285,0
1.27,1,6914.0,4536.0,0,1,5,0.142,0
1.05,0,3676.0,5451.0,0,1,19,0.19,0
0.94,0,2108.0,895.0,0,1,10,0.312,0
4.5,2,477.0,2744.0,0,1,13,0.772,1
1.0,0,240.0,86.0,0,1,16,0.089,0
0.89,0,4475.0,7773.0,0,1,11,0.224,0
2.31,1,2202.0,278.0,0,1,10,0.399,0
1.62,2,4278.0,23.0,0,0,16,0.035,0
3.45,0,6725.0,3667.0,0,1,14,0.0,0
2.36,0,1357.0,3154.0,0,1,12,0.001,0
0.9,0,183.0,1579.0,0,1,12,0.026,0
0.05,2,996.0,5396.0,0,1,12,0.389,0
0.09,0,525.0,5683.0,0,1,16,0.008,0
3.23,0,521.0,1209.0,0,1,9,0.129,0
4.53,0,640.0,620.0,0,0,8,0.323,0
2.93,2,2900.0,456.0,0,0,10,0.012,0
0.91,0,1067.0,3567.0,0,1,9,0.001,0
2.24,0,4162.0,5139.0,0,0,6,0.169,0
0.21,0,594.0,1389.0,0,0,11,0.033,0
0.44,0,474.0,137.0,0,0,14,0.052,0
1.16,1,2287.0,484.0,0,1,14,0.111,0
3.62,1,3223.0,1021.0,0,0,7,0.088,0
3.69,1,5795.0,261.0,0,1,10,0.001,0
1.07,0,1441.0,5454.0,0,1,11,0.015,0
2.64,0,1778.0,13178.0,2,0,6,0.035,1
2.76,2,663.0,1114.0,0,1,13,0.151,0
1.63,0,1179.0,2890.0,0,1,14,0.062,0
1.48,0,875.0,275.0,0,1,16,0.009,0
0.52,0,660.0,6238.0,0,1,14,0.267,0
0.69,0,29.0,460.0,2,0,16,0.277,0
0.19,0,1635.0,5068.0,0,0,13,0.522,0
0.05,0,856.0,3175.0,0,1,14,0.003,0
1.72,0,2470.0,4983.0,0,0,12,0.148,0
1.66,0,3721.0,3196.0,0,0,7,0.046,0
2.88,0,286.0,2422.0,0,1,12,0.552,0
3.71,0,413.0,160.0,0,1,9,0.065,0
0.46,2,1631.0,4191.0,0,1,12,0.015,0
1.96,2,3594.0,1341.0,0,0,16,0.46,0
0.53,0,87.0,510.0,0,1,10,0.0,0
0.99,0,12865.0,7537.0,0,0,14,0.109,0
1.07,1,3248.0,6513.0,0,1,10,0.144,0
0.35,0,824.0,4585.0,0,1,13,0.045,0
0.02,0,2446.0,14151.0,0,1,13,0.112,0
3.19,0,10402.0,77.0,0,1,14,0.131,1
0.35,0,1079.0,15956.0,0,1,11,0.008,0
2.1,0,107.0,425.0,0,1,16,0.023,0
1.29,1,1865.0,1999.0,0,0,10,0.05,0
0.18,0,932.0,399.0,0,0,13,0.142,0
5.25,2,2936.0,11023.0,0,1,12,0.096,0
1.51,2,4210.0,2031.0,0,1,12,0.116,0
1.57,0,4980.0,2463.0,0,1,21,0.002,0
0.61,2,250.0,25181.0,0,1,8,0.006,0
0.17,1,8359.0,13527.0,0,0,9,0.18,0
4.27,1,3431.0,1889.0,0,1,6,0.092,0
4.47,1,1971.0,2518.0,1,0,21,0.002,1
1.78,1,322.0,3818.0,0,1,14,0.015,0
0.11,1,211.0,5493.0,0,0,9,0.23,0
1.55,0,3217.0,1726.0,0,1,12,0.162,0
0.03,0,293.0,4308.0,0,0,14,0.06,0
2.18,0,3965.0,2982.0,0,1,13,0.005,0
0.17,0,2406.0,6868.0,0,1,12,0.264,0
1.34,1,8199.0,3711.0,0,1,16,0.012,0
1.6,2,1355.0,10395.0,0,0,8,0.006,0
0.91,2,2215.0,162.0,0,1,10,0.019,0
3.14,0,2494.0,2627.0,0,1,9,0.197,0
0.86,0,1633.0,2816.0,1,0,14,0.379,1
0.13,0,1978.0,9776.0,0,1,12,0.056,0
6.2,0,162.0,1728.0,0,1,8,0.002,0
1.31,0,3348.0,5560.0,0,1,12,0.007,0
0.03,0,6792.0,2276.0,0,0,16,0.081,0
2.18,0,414.0,717.0,0,1,7,0.043,0
2.38,0,2862.0,8132.0,0,1,7,0.284,0
0.07,0,2414.0,975.0,0,0,16,0.018,0
0.54,0,13106.0,2137.0,0,1,13,0.439,0
2.11,2,358.0,8140.0,0,1,10,0.012,0
0.05,0,1994.0,6728.0,0,0,8,0.0,0
1.49,0,807.0,1102.0,0,1,17,0.04,0
2.47,0,105.0,5885.0,0,1,11,0.001,0
0.84,0,6271.0,5009.0,0,0,10,0.159,0
0.55,0,516.0,5021.0,0,1,13,0.316,0
2.56,0,1473.0,9706.0,0,0,10,0.025,0
0.59,1,3028.0,1539.0,0,1,12,0.024,0
1.26,0,2124.0,2370.0,0,1,19,0.226,0
0.44,1,2050.0,1160.0,0,1,11,0.162,0
4.55,1,2298.0,47.0,0,1,14,0.063,0
1.85,0,2746.0,4981.0,0,0,8,0.101,0
2.16,0,2409.0,1805.0,0,1,10,0.034,0
0.21,2,2006.0,2045.0,0,1,7,0.097,0
2.32,0,343.0,2341.0,0,0,17,0.004,0
3.29,0,972.0,4988.0,2,0,9,0.021,1
0.36,1,2211.0,5485.0,0,1,14,0.003,0
3.43,0,4706.0,638.0,0,1,7,0.031,0
0.78,2,531.0,1367.0,0,0,11,0.047,0
1.06,0,1817.0,1675.0,0,1,9,0.098,0
1.08,0,772.0,5286.0,0,1,18,0.01,0
1.91,0,2085.0,1866.0,0,1,12,0.048,0
2.21,0,432.0,6668.0,0,1,14,0.029,0
0.28,0,2306.0,1189.0,0,1,8,0.044,0
1.68,0,583.0,1530.0,0,1,13,0.13,0
0.12,0,1801.0,5536.0,0,1,16,0.065,0
1.28,0,1409.0,4658.0,0,1,9,0.031,0
0.03,1,3241.0,3186.0,0,0,15,0.001,0
5.72,2,1872.0,4758.0,0,1,16,0.068,0
1.15,0,2264.0,4526.0,0,0,8,0.012,0
6.84,0,403.0,2896.0,1,0,14,0.008,1
0.34,0,2287.0,6150.0,0,0,15,0.001,0
0.24,1,4761.0,4389.0,0,1,7,0.001,0
2.62,0,190.0,6514.0,0,0,11,0.084,0
3.28,0,4100.0,3195.0,0,0,10,0.249,0
0.2,0,341.0,7382.0,0,1,9,0.026,0
0.77,0,1616.0,6520.0,0,1,15,0.093,0
0.88,1,2406.0,5503.0,0,1,13,0.134,0
1.2,0,984.0,1649.0,0,0,9,0.221,0
0.15,0,2049.0,3916.0,0,0,11,0.0,0
0.05,1,940.0,2216.0,1,0,11,0.019,1
2.41,2,4654.0,533.0,0,1,15,0.044,0
0.88,1,746.0,12622.0,0,1,14,0.234,0
0.05,0,1696.0,927.0,0,1,19,0.005,0
2.83,1,3183.0,623.0,0,0,8,0.012,0
1.07,0,294.0,5241.0,0,0,10,0.0,0
0.04,0,2956.0,746.0,0,1,12,0.15,0
3.19,2,488.0,152.0,0,0,15,0.013,0
1.37,0,9854.0,10165.0,0,0,7,0.156,0
3.95,0,536.0,2645.0,0,1,17,0.064,0
3.14,0,2414.0,105.0,0,0,8,0.003,0
0.88,0,1727.0,10814.0,0,0,18,0.003,0
0.63,0,2823.0,6343.0,1,0,21,0.07,1
2.69,2,65.0,3717.0,0,1,12,0.008,0
1.14,2,1318.0,4640.0,0,1,8,0.068,0
3.09,0,2392.0,2817.0,0,0,19,0.012,0
3.4,2,3204.0,2286.0,0,1,11,0.097,0
0.96,1,2848.0,6290.0,0,1,9,0.061,0
0.04,0,1024.0,522.0,0,1,16,0.005,0
5.81,0,492.0,3450.0,0,0,9,0.0,0
1.4,0,1377.0,1884.0,0,1,14,0.135,0
2.91,0,947.0,7997.0,0,1,11,0.183,0
1.31,0,1921.0,4074.0,0,1,9,0.364,0
0.34,2,1174.0,71.0,0,1,9,0.065,0
4.95,0,2913.0,23870.0,0,1,15,0.219,0
0.68,1,585.0,2805.0,0,1,14,0.133,0
0.51,0,4741.0,6133.0,0,0,8,0.007,0
0.58,0,3754.0,9387.0,0,0,16,0.133,0
0.03,0,36.0,8393.0,2,0,13,0.07,1
0.33,0,893.0,1838.0,0,1,14,0.079,0
0.49,0,91.0,1868.0,0,1,15,0.248,0
0.66,1,2133.0,2609.0,0,1,10,0.109,0
1.51,0,5448.0,844.0,0,1,9,0.01,0
0.27,0,3702.0,2754.0,0,1,14,0.063,0
0.13,0,835.0,4012.0,0,1,16,0.293,0
0.72,0,3736.0,1974.0,0,1,6,0.077,0
0.47,2,1666.0,720.0,0,1,14,0.002,0
1.53,0,1301.0,410.0,0,1,11,0.081,0
1.41,2,1079.0,3622.0,0,0,19,0.0,0
1.36,0,894.0,10631.0,0,1,8,0.081,0
3.77,1,402.0,5640.0,0,1,3,0.005,0
1.48,1,1200.0,635.0,0,0,12,0.569,0
1.12,0,1869.0,41.0,0,1,19,0.249,0
0.28,1,3272.0,1884.0,0,1,8,0.035,0
2.59,0,491.0,1278.0,0,1,13,0.029,0
2.22,1,1867.0,2343.0,0,0,15,0.196,0
0.52,0,302.0,3478.0,0,1,9,0.176,0
0.38,0,1971.0,5154.0,0,0,9,0.002,0
2.58,0,132.0,565.0,0,1,9,0.031,0
4.07,1,5670.0,1410.0,0,0,13,0.309,0
0.93,0,851.0,4963.0,0,1,14,0.475,0
0.02,0,100.0,2553.0,0,1,17,0.005,0
2.02,0,3626.0,6503.0,0,1,13,0.03,0
1.27,0,8547.0,3243.0,0,0,10,0.028,0
1.75,2,7369.0,6702.0,0,1,14,0.013,0
1.04,1,1302.0,194.0,0,1,11,0.031,0
0.36,0,1866.0,545.0,0,0,14,0.389,0
1.89,0,673.0,5294.0,0,0,9,0.001,0
0.15,1,298.0,6676.0,0,1,13,0.01,0
0.94,0,5683.0,1300.0,0,0,12,0.502,0
4.38,2,1203.0,1744.0,0,0,12,0.001,0
0.81,0,885.0,813.0,0,1,11,0.027,0
1.19,1,1019.0,3582.0,0,1,13,0.021,0
1.02,0,1495.0,6626.0,0,1,7,0.052,0
0.31,0,531.0,5500.0,0,0,8,0.118,0
1.14,0,2206.0,6353.0,0,1,10,0.0,0
0.03,1,2857.0,11037.0,0,0,15,0.745,0
0.14,1,9206.0,1796.0,0,1,15,0.25,0
0.14,2,475.0,3606.0,0,1,16,0.131,0
4.09,0,2921.0,6700.0,1,0,16,0.228,0
2.18,0,969.0,1395.0,0,1,6,0.136,0
1.23,0,3273.0,10434.0,0,0,16,0.17,0
3.18,0,5586.0,1244.0,0,0,10,0.016,0
0.75,0,402.0,8124.0,0,1,10,0.001,0
2.26,0,276.0,7638.0,0,1,9,0.0,0
0.53,0,2369.0,1890.0,0,1,15,0.172,0
2.55,1,576.0,974.0,0,1,16,0.193,0
1.44,0,1278.0,1268.0,0,1,3,0.057,0
1.03,0,419.0,365.0,0,1,10,0.083,0
3.57,0,2974.0,3385.0,0,1,9,0.003,0
2.04,0,503.0,658.0,0,0,12,0.012,0
2.01,0,4308.0,2451.0,0,1,9,0.053,0
0.09,0,1463.0,310.0,0,1,16,0.011,0
0.0,2,2908.0,10656.0,0,1,13,0.002,0
0.8,1,363.0,7745.0,0,1,9,0.119,0
0.06,0,1197.0,4385.0,0,0,18,0.009,0
1.88,1,1519.0,5135.0,0,1,7,0.009,0
0.14,0,1292.0,4290.0,0,1,11,0.01,0
1.53,1,3885.0,2145.0,0,0,11,0.09,0
1.58,0,3359.0,342.0,0,1,15,0.0,0
0.75,0,4768.0,1841.0,0,0,10,0.01,0
0.05,0,2001.0,925.0,0,0,15,0.141,0
2.68,0,50.0,19083.0,0,1,14,0.174,0
0.79,0,4818.0,8289.0,0,1,14,0.428,0
0.51,0,1326.0,2547.0,0,1,14,0.012,0
0.45,0,3598.0,3208.0,0,0,8,0.002,0
2.98,0,1804.0,595.0,0,1,13,0.0,0
1.71,0,4766.0,217.0,0,0,12,0.54,0
5.19,0,3766.0,6551.0,0,1,13,0.235,0
0.56,1,1723.0,1346.0,0,0,13,0.193,0
0.82,1,359.0,1196.0,0,0,12,0.457,0
4.6,2,1059.0,2325.0,0,0,19,0.632,1
0.72,1,1943.0,11417.0,0,0,11,0.002,0
0.39,2,1100.0,2230.0,0,1,13,0.228,0
1.45,0,282.0,1730.0,0,1,14,0.012,0
0.22,0,189.0,4515.0,0,1,10,0.093,0
0.42,0,630.0,4618.0,0,1,14,0.526,0
0.2,0,7356.0,11179.0,0,1,16,0.045,0
1.54,0,1197.0,1874.0,0,1,14,0.004,0
1.13,0,250.0,12965.0,0,1,12,0.057,0
0.6,0,607.0,2158.0,0,1,12,0.051,0
0.16,0,1557.0,6778.0,0,1,18,0.019,0
0.05,0,1001.0,8823.0,0,1,8,0.033,0
0.08,0,1527.0,18724.0,0,0,12,0.14,0
0.21,0,2182.0,9438.0,0,1,15,0.013,0
0.71,1,7221.0,3029.0,0,0,3,0.144,0
0.04,0,4408.0,945.0,0,1,13,0.049,0
2.71,0,2937.0,1148.0,0,0,13,0.089,0
0.04,0,6444.0,4970.0,0,1,6,0.619,1
2.1,1,106.0,3638.0,0,1,6,0.044,0
0.05,0,13.0,2567.0,0,1,9,0.0,0
2.9,0,5039.0,5881.0,0,1,13,0.001,0
7.11,0,358.0,1476.0,0,1,14,0.032,0
0.72,1,20.0,7243.0,0,1,19,0.068,0
0.92,0,5272.0,399.0,0,1,15,0.199,0
0.04,1,4277.0,369.0,0,1,12,0.075,0
0.51,0,1150.0,2541.0,2,0,14,0.191,1
0.4,0,429.0,5786.0,0,1,12,0.381,0
3.15,0,4180.0,3200.0,0,1,16,0.009,0
0.58,0,2907.0,987.0,0,1,15,0.082,0
0.53,2,1300.0,538.0,0,1,18,0.011,0
2.73,1,2315.0,4267.0,0,1,17,0.12,0
4.97,0,2089.0,7862.0,0,1,10,0.712,1
1.5,0,5779.0,837.0,0,1,10,0.055,0
0.25,0,2501.0,560.0,0,1,5,0.129,0
0.14,0,3625.0,5582.0,0,1,14,0.008,0
0.48,0,4017.0,2165.0,0,1,18,0.271,0
1.39,0,1915.0,2780.0,0,0,9,0.004,0
0.04,1,4439.0,2609.0,0,1,9,0.055,0
4.3,0,109.0,5038.0,0,1,7,0.065,0
1.1,1,12383.0,10636.0,0,0,3,0.009,0
0.23,0,2141.0,3117.0,0,0,15,0.025,0
2.52,0,2460.0,40.0,0,0,11,0.0,0
0.34,1,108.0,268.0,0,1,11,0.041,0
2.61,0,6548.0,668.0,0,1,14,0.0,0
0.49,1,2015.0,81.0,0,1,10,0.0,0
1.56,0,5142.0,2220.0,0,1,22,0.201,0
1.92,0,1966.0,3147.0,0,1,11,0.0,0
2.82,0,918.0,912.0,0,0,11,0.023,0
1.11,0,1900.0,134.0,0,1,12,0.023,0
2.92,0,435.0,3340.0,0,1,16,0.003,0
0.59,0,736.0,8691.0,0,1,8,0.502,0
0.89,0,546.0,3025.0,0,0,7,0.015,0
0.62,1,5496.0,9670.0,0,1,10,0.121,0
1.32,0,5461.0,8411.0,0,0,12,0.124,0
0.28,1,259.0,1576.0,0,1,15,0.29,0
0.78,0,2103.0,2517.0,0,0,13,0.106,0
0.24,1,495.0,459.0,0,1,13,0.006,0
8.47,0,508.0,3342.0,0,1,8,0.005,0
1.26,2,895.0,952.0,0,1,14,0.085,0
0.02,0,4051.0,7822.0,0,0,8,0.153,0
1.61,1,3671.0,1943.0,0,1,12,0.19,0
0.29,1,15.0,4110.0,0,1,7,0.006,0
0.08,0,12969.0,3170.0,0,1,9,0.102,0
0.52,0,194.0,3291.0,0,1,7,0.084,0
1.41,1,1759.0,1843.0,0,1,12,0.0,0
0.61,1,2653.0,6982.0,0,0,10,0.044,0
6.44,2,653.0,8201.0,0,1,16,0.028,0
0.01,0,1171.0,1804.0,0,0,9,0.12,0
0.41,0,2803.0,352.0,0,0,5,0.291,0
1.55,0,9927.0,2019.0,0,1,13,0.102,0
2.76,1,2989.0,1822.0,0,1,17,0.0,0
2.25,0,591.0,8328.0,0,1,12,0.034,0
5.17,0,211.0,1189.0,0,1,8,0.0,0
6.67,1,2389.0,1316.0,0,1,15,0.148,0
0.88,1,3077.0,2013.0,0,0,13,0.133,0
5.41,1,3523.0,2525.0,0,1,12,0.412,0
1.08,0,1401.0,2832.0,0,0,12,0.001,0
4.39,0,4758.0,2324.0,0,1,7,0.109,0
1.0,0,67.0,546.0,0,0,10,0.138,0
3.86,0,672.0,10926.0,0,0,14,0.332,0
1.21,0,3735.0,2144.0,0,1,11,0.198,0
4.43,0,2885.0,12121.0,0,1,14,0.075,0
0.32,0,4143.0,10129.0,0,1,11,0.313,0
0.59,0,4349.0,4449.0,0,0,8,0.0,0
1.96,1,1022.0,2175.0,0,1,11,0.006,0
2.03,0,1814.0,2508.0,0,1,5,0.675,1
1.39,0,5086.0,2360.0,0,0,9,0.246,0
6.09,0,2026.0,2659.0,0,1,12,0.0,0
2.86,0,2146.0,3704.0,0,0,23,0.013,0
2.46,2,57.0,3078.0,0,1,17,0.22,0
0.82,0,3354.0,13221.0,0,0,22,0.002,0
0.34,1,2882.0,9903.0,0,1,8,0.273,0
3.3,1,4342.0,614.0,0,1,9,0.007,0
3.38,0,1319.0,12208.0,0,0,6,0.311,0
3.04,1,266.0,837.0,0,1,14,0.017,0
1.55,1,6880.0,2313.0,0,1,17,0.017,0
0.28,1,1215.0,12267.0,0,1,13,0.139,0
5.5,1,20.0,1432.0,0,0,10,0.332,0
1.37,0,934.0,1179.0,0,1,13,0.469,0
1.57,0,1594.0,467.0,0,1,15,0.0,0
0.36,1,1512.0,1837.0,0,1,12,0.218,0
0.19,1,933.0,176.0,0,1,17,0.173,0
0.73,1,765.0,5982.0,0,1,13,0.043,0
1.27,0,472.0,7963.0,0,1,7,0.001,0
0.98,0,568.0,3342.0,0,1,13,0.056,0
0.07,0,50.0,2644.0,0,1,19,0.002,0
0.35,0,482.0,5506.0,0,1,10,0.002,0
0.67,2,13725.0,976.0,0,1,11,0.056,0
2.39,0,2201.0,14955.0,0,1,9,0.112,0
0.23,0,344.0,14561.0,0,1,6,0.047,0
7.01,0,413.0,43.0,0,0,14,0.029,0
1.04,0,844.0,17115.0,0,0,5,0.019,0
1.45,2,58.0,671.0,0,1,11,0.076,0
0.09,0,2440.0,1243.0,0,1,11,0.382,0
5.21,0,4477.0,7720.0,0,1,16,0.004,0
0.02,0,3114.0,380.0,0,0,12,0.247,0
1.26,0,1782.0,4125.0,0,1,12,0.033,0
0.36,1,4595.0,2633.0,0,1,13,0.049,0
8.22,1,633.0,14977.0,0,1,12,0.149,0
1.07,1,1233.0,10634.0,0,1,6,0.002,0
0.94,0,317.0,1026.0,0,1,9,0.109,0
1.1,0,530.0,1465.0,0,1,16,0.156,0
2.12,0,780.0,6161.0,0,1,16,0.215,0
5.92,0,4777.0,7461.0,0,0,19,0.161,0
0.68,2,2035.0,2086.0,0,1,12,0.005,0
6.08,0,13.0,10638.0,0,1,6,0.018,0
0.84,0,549.0,1059.0,0,0,22,0.347,0
1.28,1,1037.0,1160.0,0,1,10,0.0,0
2.84,0,2177.0,1828.0,0,1,10,0.094,0
0.24,2,3399.0,1914.0,0,0,6,0.002,0
7.29,0,335.0,387.0,0,1,12,0.048,0
0.32,0,4582.0,4207.0,0,1,15,0.101,0
2.44,2,639.0,2158.0,0,1,11,0.046,0
2.21,1,1302.0,286.0,0,0,19,0.03,0
0.25,0,711.0,4695.0,0,1,16,0.002,0
0.0,0,852.0,62.0,0,1,12,0.024,0
3.33,0,513.0,1729.0,0,1,8,0.112,0
2.57,1,455.0,15297.0,0,0,16,0.282,0
0.04,0,4348.0,1109.0,0,1,12,0.084,0
3.19,0,2415.0,3267.0,0,1,18,0.136,0
1.23,2,1066.0,623.0,0,1,9,0.148,0
3.56,0,155.0,4162.0,0,1,12,0.24,0
0.36,0,883.0,1755.0,0,0,12,0.018,0
0.35,0,901.0,6212.0,0,0,14,0.042,0
1.38,0,1209.0,1232.0,0,1,9,0.082,0
1.51,0,2691.0,831.0,0,0,13,0.301,0
0.07,2,581.0,4306.0,0,1,12,0.143,0
1.99,0,660.0,2820.0,0,1,8,0.005,0
3.14,0,448.0,438.0,0,1,15,0.07,0
3.15,1,1747.0,1171.0,1,0,15,0.171,1
0.31,0,1936.0,6813.0,0,0,10,0.066,0
1.45,0,219.0,400.0,0,1,9,0.001,0
0.37,0,1237.0,2931.0,0,1,10,0.092,0
0.58,1,2104.0,3769.0,0,1,9,0.083,0
4.55,1,4080.0,5564.0,0,1,15,0.017,0
2.23,0,3625.0,5926.0,0,1,16,0.174,0
0.41,1,2644.0,51.0,0,1,9,0.086,0
3.99,0,949.0,7903.0,0,0,13,0.017,0
0.41,0,7492.0,2037.0,1,0,13,0.05,1
0.63,0,32.0,3775.0,0,1,18,0.004,0
2.52,0,1545.0,4279.0,0,0,14,0.001,0
0.15,0,4130.0,3484.0,0,1,17,0.007,0
0.53,0,6739.0,2849.0,0,1,10,0.441,0
2.3,0,217.0,15097.0,0,1,11,0.239,0
0.44,0,9834.0,624.0,0,1,18,0.02,0
0.12,1,870.0,15212.0,0,1,10,0.007,0
0.56,0,2584.0,1305.0,0,0,15,0.12,0
0.52,0,4708.0,430.0,0,1,10,0.034,0
7.55,0,3056.0,1169.0,1,0,14,0.0,1
4.19,0,849.0,16936.0,0,1,9,0.224,0
0.84,0,3561.0,20586.0,0,1,10,0.035,0
0.42,0,3520.0,955.0,0,1,19,0.246,0
1.46,0,401.0,1755.0,0,0,7,0.176,0
0.66,0,4705.0,1621.0,0,1,10,0.0,0
3.18,2,300.0,18620.0,0,1,16,0.104,0
1.52,2,2550.0,293.0,0,0,10,0.334,0
2.2,2,3072.0,6589.0,0,1,15,0.014,0
1.3,0,4699.0,2147.0,0,0,8,0.091,0
0.78,0,866.0,1084.0,0,1,7,0.009,0
1.67,1,4166.0,7976.0,0,1,11,0.043,0
0.11,0,675.0,3041.0,0,0,20,0.0,0
0.95,0,1697.0,1416.0,0,0,11,0.081,0
0.04,0,1384.0,1148.0,0,0,6,0.485,0
1.44,1,1258.0,4239.0,0,0,19,0.004,0
2.77,0,7984.0,4091.0,0,1,8,0.114,0
1.42,0,1941.0,760.0,0,1,17,0.073,0
2.0,0,3241.0,702.0,0,1,11,0.262,0
2.38,0,3277.0,4484.0,0,1,9,0.049,0
0.61,0,3210.0,6056.0,0,0,13,0.125,0
0.25,0,513.0,228.0,0,0,17,0.099,0
0.43,0,1672.0,14.0,0,1,12,0.265,0
1.57,0,8650.0,14742.0,0,1,10,0.04,0
1.04,0,903.0,516.0,1,0,12,0.044,1
3.58,0,4501.0,1931.0,0,1,18,0.284,0
0.12,1,43.0,2053.0,1,0,9,0.162,1
0.0,0,3143.0,1928.0,0,1,16,0.008,0
1.72,1,655.0,10203.0,0,1,14,0.013,0
0.73,1,4117.0,3256.0,0,1,10,0.002,0
0.48,2,2208.0,1571.0,0,0,11,0.038,0
4.95,0,1697.0,2577.0,0,0,11,0.015,0
1.98,0,1188.0,6361.0,0,0,11,0.247,0
0.18,2,805.0,7912.0,0,0,7,0.118,0
1.14,0,3261.0,1801.0,0,1,11,0.158,0
1.61,0,3392.0,1125.0,0,1,13,0.276,0
0.74,1,5000.0,1147.0,0,1,10,0.069,0
0.08,0,2811.0,4618.0,0,0,9,0.142,0
0.33,0,1854.0,5035.0,0,1,9,0.256,0
5.25,0,499.0,7332.0,0,0,10,0.019,0
1.41,2,549.0,3157.0,0,1,11,0.099,0
2.28,1,759.0,26708.0,1,0,9,0.069,1
0.61,2,1525.0,3575.0,0,0,11,0.318,0
4.67,0,1773.0,469.0,0,1,16,0.301,0
0.87,0,947.0,14038.0,0,0,14,0.132,0
2.9,1,237.0,4536.0,0,0,13,0.02,0
1.66,0,1903.0,9127.0,0,1,9,0.0,0
2.52,1,2512.0,1588.0,0,0,16,0.047,0
1.55,0,4645.0,12300.0,0,0,13,0.271,0
0.74,1,1290.0,2135.0,0,1,14,0.375,0
3.2,0,4718.0,156.0,0,1,18,0.088,0
10.25,0,314.0,2192.0,0,1,8,0.378,0
2.03,0,4678.0,13568.0,0,1,11,0.043,0
1.59,0,951.0,13563.0,0,0,10,0.0,0
0.11,0,246.0,2810.0,0,0,10,0.002,0
0.93,0,494.0,1104.0,0,1,5,0.081,0
0.1,0,135.0,3510.0,0,1,10,0.159,0
1.0,2,345.0,387.0,0,1,13,0.14,0
1.0,0,4506.0,673.0,0,1,8,0.012,0
0.42,0,2823.0,7664.0,0,1,7,0.099,0
0.03,2,2456.0,5404.0,0,1,13,0.061,0
3.03,0,6379.0,53.0,0,1,10,0.001,0
0.13,0,2340.0,5296.0,0,0,7,0.006,0
1.03,0,633.0,1987.0,0,0,14,0.032,0
0.4,0,2213.0,2395.0,0,0,11,0.001,0
2.19,0,560.0,1205.0,0,1,19,0.174,0
0.88,0,408.0,2196.0,0,1,21,0.549,0
0.29,2,1524.0,506.0,0,1,13,0.142,0
2.11,0,1636.0,1285.0,0,0,9,0.009,0
0.29,0,1831.0,5720.0,0,1,15,0.061,0
0.54,0,2940.0,5659.0,0,1,18,0.131,0
0.11,2,988.0,2962.0,0,1,11,0.011,0
0.83,0,1088.0,894.0,0,1,10,0.043,0
0.54,0,4781.0,4302.0,0,1,10,0.013,0
2.0,1,1133.0,1761.0,0,0,13,0.321,0
0.13,0,3597.0,1047.0,0,1,11,0.127,0
0.35,0,6369.0,396.0,0,1,12,0.001,0
3.28,1,893.0,341.0,0,0,14,0.106,0
0.23,1,1069.0,12519.0,0,1,9,0.028,0
0.84,1,226.0,5266.0,0,1,10,0.429,0
0.98,0,4762.0,6323.0,0,1,17,0.257,0
0.21,0,687.0,1753.0,0,1,16,0.049,0
1.89,0,3651.0,3343.0,0,1,10,0.044,0
0.28,1,6761.0,8088.0,0,0,21,0.19,0
0.34,2,1214.0,4767.0,0,1,11,0.041,0
0.43,1,5834.0,3258.0,0,1,11,0.192,0
0.77,0,12648.0,1609.0,0,1,10,0.138,0
5.67,0,3113.0,669.0,0,1,14,0.027,0
5.1,1,14086.0,2974.0,0,1,12,0.445,0
2.22,0,6290.0,9278.0,0,0,11,0.0,0
1.57,0,6047.0,10807.0,0,1,16,0.036,0
1.73,1,2199.0,6859.0,0,0,16,0.005,0
0.07,0,1548.0,901.0,0,0,13,0.001,0
1.63,2,831.0,6395.0,0,0,15,0.106,0
0.37,1,769.0,406.0,0,1,7,0.014,0
1.94,0,29.0,8257.0,0,0,11,0.298,0
2.96,2,744.0,126.0,0,0,14,0.108,0
2.23,0,1227.0,5537.0,0,0,7,0.419,0
0.79,0,2448.0,891.0,0,1,18,0.0,0
1.13,0,2721.0,1437.0,0,0,8,0.03,0
0.66,1,74.0,4548.0,0,1,10,0.19,0
0.52,0,3069.0,413.0,0,1,9,0.051,0
9.3,0,2977.0,1447.0,0,0,16,0.376,0
1.61,0,2366.0,1969.0,0,1,9,0.059,0
0.85,1,1289.0,3273.0,0,1,21,0.028,0
0.13,0,437.0,4837.0,1,0,4,0.008,1
1.68,0,1752.0,2183.0,0,1,17,0.01,0
1.17,0,634.0,1663.0,0,1,6,0.011,0
0.01,1,2217.0,10477.0,0,0,10,0.17,0
0.75,2,4643.0,3248.0,0,0,9,0.01,0
0.6,0,1603.0,3623.0,0,1,15,0.761,1
0.34,0,3046.0,6548.0,0,1,7,0.506,0
0.99,1,1233.0,7349.0,0,1,13,0.338,0
1.19,1,3110.0,11341.0,0,0,13,0.351,0
2.82,1,36.0,6439.0,0,1,9,0.655,1
0.38,0,499.0,2704.0,0,1,14,0.224,0
1.66,0,90.0,8002.0,0,1,13,0.001,0
5.16,2,5770.0,32.0,0,0,9,0.025,0
0.54,0,566.0,3448.0,0,1,14,0.007,0
0.99,0,1784.0,2779.0,0,0,6,0.047,0
2.59,0,3502.0,3436.0,2,0,13,0.233,1
0.67,0,10210.0,1495.0,0,1,7,0.144,0
1.49,0,3071.0,14468.0,0,1,9,0.011,0
0.17,1,2780.0,270.0,0,1,11,0.23,0
4.04,0,1062.0,774.0,0,1,14,0.001,0
0.87,2,2357.0,2266.0,0,1,12,0.001,0
0.11,1,1376.0,1344.0,0,0,14,0.005,0
5.59,0,1773.0,1649.0,0,1,14,0.053,0
3.36,2,738.0,199.0,0,1,17,0.265,0
0.37,0,400.0,5006.0,0,0,11,0.227,0
2.11,1,173.0,254.0,0,1,14,0.002,0
0.43,0,2241.0,1026.0,0,0,15,0.217,0
1.82,1,746.0,3742.0,0,0,17,0.008,0
0.34,1,2331.0,2782.0,0,1,13,0.004,0
1.58,0,629.0,108.0,0,1,11,0.187,0
2.21,2,145.0,2758.0,0,1,7,0.062,0
0.51,0,446.0,452.0,0,1,21,0.109,0
0.47,0,478.0,828.0,0,1,11,0.001,0
0.34,0,2381.0,2352.0,0,1,9,0.039,0
1.86,0,1210.0,5764.0,0,1,8,0.001,0
0.72,0,830.0,5537.0,0,1,13,0.072,0
1.47,0,1366.0,10296.0,0,1,8,0.106,0
2.19,0,1915.0,5808.0,0,1,9,0.004,0
0.56,0,1297.0,1275.0,0,0,15,0.046,0
1.01,1,1349.0,2052.0,0,0,17,0.103,0
4.94,1,1450.0,445.0,0,1,17,0.045,0
1.56,2,5310.0,11597.0,0,1,15,0.01,0
2.18,0,3331.0,2928.0,0,0,11,0.131,0
0.06,0,2413.0,2878.0,0,1,11,0.264,0
1.7,0,445.0,1987.0,0,1,15,0.004,0
0.85,0,2707.0,5876.0,0,1,14,0.047,0
0.73,1,3174.0,4254.0,0,1,14,0.013,0
2.22,0,940.0,4021.0,0,0,10,0.0,0
0.28,2,2060.0,3923.0,0,1,16,0.063,0
0.61,0,10.0,3292.0,0,1,5,0.144,0
2.03,1,17.0,457.0,0,0,7,0.016,0
4.2,0,1125.0,2486.0,0,1,12,0.089,0
3.18,0,316.0,2164.0,0,1,6,0.014,0
0.47,0,3165.0,850.0,0,0,9,0.007,0
3.99,0,148.0,390.0,0,1,7,0.035,0
0.35,0,1710.0,4492.0,0,0,13,0.287,0
0.03,0,3742.0,5169.0,0,1,10,0.018,0
0.62,1,6038.0,712.0,0,1,9,0.015,0
0.32,1,824.0,2834.0,0,1,8,0.113,0
1.96,1,285.0,1145.0,0,1,18,0.165,0
0.9,2,1729.0,1839.0,0,1,7,0.01,0
1.24,0,3625.0,3356.0,0,1,11,0.008,0
0.71,0,932.0,5202.0,0,1,13,0.011,0
3.2,0,2743.0,3601.0,0,0,12,0.123,0
1.88,2,24.0,6938.0,0,1,9,0.01,0
1.04,0,549.0,8641.0,0,1,15,0.219,0
0.81,2,1165.0,1792.0,0,1,13,0.004,0
1.62,0,1330.0,5769.0,0,1,15,0.214,0
1.73,0,2409.0,2707.0,0,1,7,0.001,0
2.34,0,1758.0,261.0,0,0,3,0.034,0
2.71,1,1165.0,418.0,0,1,14,0.002,0
2.59,1,132.0,12738.0,0,1,16,0.049,0
3.92,2,92.0,1487.0,3,0,13,0.138,1
2.16,2,3349.0,4335.0,0,1,16,0.155,0
0.18,0,2012.0,12790.0,0,1,13,0.01,0
0.12,1,1326.0,5300.0,0,0,9,0.03,0
1.27,1,2630.0,3319.0,0,0,15,0.253,0
3.78,2,3873.0,5455.0,0,1,14,0.013,0
1.75,1,1584.0,3237.0,0,1,12,0.074,0
0.12,0,3883.0,455.0,0,0,8,0.07,0
0.14,0,1691.0,7029.0,0,0,11,0.005,0
0.01,0,920.0,831.0,0,1,14,0.326,0
0.23,1,1783.0,735.0,0,0,13,0.005,0
0.48,0,515.0,2171.0,0,1,10,0.029,0
1.77,0,22.0,10692.0,0,1,23,0.11,0
2.04,0,84.0,1091.0,0,1,15,0.044,0
0.3,0,1212.0,337.0,1,0,10,0.007,1
1.19,1,301.0,7519.0,3,0,6,0.0,1
1.84,0,83.0,10990.0,0,0,11,0.0,0
1.0,0,2134.0,7787.0,0,0,14,0.105,0
0.65,0,804.0,5071.0,0,1,15,0.08,0
3.77,0,7088.0,3171.0,0,0,12,0.165,0
2.1,2,266.0,1517.0,0,1,10,0.015,0
0.21,2,13598.0,6454.0,0,1,12,0.343,0
0.58,1,2860.0,12190.0,0,1,20,0.068,0
2.26,0,3815.0,3881.0,0,0,13,0.03,0
3.73,0,590.0,6043.0,0,1,10,0.065,0
0.28,0,1710.0,16457.0,0,0,12,0.352,0
1.31,0,6298.0,4819.0,0,0,17,0.044,0
1.19,0,2949.0,3619.0,0,1,11,0.054,0
0.11,1,668.0,20557.0,0,1,15,0.417,0
1.82,0,1783.0,713.0,0,0,9,0.559,0
2.16,1,3772.0,1666.0,0,1,12,0.515,0
0.76,1,1567.0,5036.0,1,0,8,0.105,1
0.48,0,6794.0,7313.0,0,1,13,0.002,0
1.34,0,1454.0,7499.0,0,1,20,0.162,0
4.17,0,3190.0,441.0,0,0,9,0.042,0
6.83,0,151.0,3920.0,0,0,9,0.025,0
4.18,1,4838.0,1086.0,0,1,14,0.029,0
1.93,0,13722.0,657.0,0,0,11,0.004,0
0.89,2,2153.0,1615.0,0,1,14,0.374,0
2.76,2,1358.0,2374.0,0,1,15,0.0,0
1.09,0,1206.0,2208.0,0,1,10,0.0,0
1.71,2,4089.0,4392.0,0,1,14,0.025,0
1.6,0,1765.0,927.0,0,1,17,0.111,0
0.12,0,1997.0,20012.0,0,0,14,0.047,0
1.05,0,2620.0,1379.0,0,0,20,0.143,0
1.59,1,2082.0,6125.0,0,1,6,0.169,0
0.59,0,81.0,620.0,0,1,13,0.113,0
0.26,0,1240.0,2547.0,0,1,17,0.037,0
0.72,1,3205.0,6061.0,0,0,19,0.294,0
1.19,0,2556.0,1165.0,0,1,8,0.003,0
0.57,1,328.0,7346.0,0,1,10,0.152,0
1.02,2,2765.0,1307.0,0,1,11,0.007,0
0.39,0,293.0,5507.0,0,0,12,0.165,0
1.34,1,221.0,2187.0,0,0,13,0.008,0
0.46,0,1425.0,3623.0,0,1,15,0.0,0
0.61,2,4272.0,5438.0,0,1,10,0.092,0
0.47,0,753.0,944.0,0,1,11,0.094,0
0.5,0,4206.0,5794.0,0,1,10,0.013,0
2.26,1,1433.0,345.0,0,1,12,0.002,0
4.11,0,381.0,3710.0,0,0,12,0.106,0
0.4,1,874.0,1410.0,0,1,15,0.011,0
0.82,1,287.0,701.0,0,1,10,0.046,0
0.22,1,4641.0,7826.0,0,1,11,0.085,0
0.25,0,3906.0,244.0,0,1,11,0.264,0
2.66,0,7878.0,10684.0,0,1,16,0.092,0
0.09,0,1787.0,268.0,0,1,9,0.067,0
0.31,0,1332.0,15981.0,0,0,17,0.011,0
0.97,0,1399.0,1426.0,0,1,11,0.013,0
0.29,1,6903.0,1536.0,1,0,9,0.0,1
1.84,0,4050.0,2923.0,0,1,18,0.01,0
0.37,1,4679.0,5995.0,0,1,6,0.205,0
2.04,0,207.0,8646.0,0,1,9,0.049,0
4.57,0,604.0,7435.0,0,1,8,0.0,0
5.64,0,4707.0,1845.0,0,0,12,0.609,1
0.01,0,588.0,8493.0,0,1,14,0.266,0
0.69,0,8820.0,428.0,0,0,15,0.01,0
2.21,0,11245.0,2255.0,0,1,11,0.033,0
0.66,0,201.0,528.0,0,1,19,0.0,0
2.78,0,1034.0,8273.0,2,0,22,0.001,1
0.67,0,2511.0,783.0,0,1,15,0.123,0
3.39,0,4238.0,3134.0,0,1,13,0.129,0
0.47,0,1086.0,3343.0,0,1,10,0.05,0
3.73,0,1307.0,21.0,0,1,17,0.1,0
2.4,0,9620.0,3825.0,0,0,14,0.109,0
6.71,0,1115.0,2420.0,0,1,5,0.239,0
0.53,0,702.0,7798.0,0,0,12,0.071,0
1.24,2,3453.0,832.0,0,0,16,0.16,0
5.65,0,2868.0,1010.0,0,1,15,0.04,0
2.03,0,863.0,213.0,0,1,15,0.029,0
0.59,0,4465.0,1662.0,0,1,12,0.001,0
0.42,2,3019.0,3543.0,0,1,14,0.004,0
4.4,1,4423.0,4059.0,0,1,20,0.053,0
0.82,0,2463.0,778.0,0,1,17,0.023,0
3.65,0,1305.0,3884.0,0,1,11,0.002,0
1.89,0,2376.0,691.0,0,0,11,0.198,0
0.87,0,877.0,4069.0,0,0,11,0.007,0
0.21,0,1010.0,3369.0,0,1,9,0.328,0
2.95,0,47.0,3983.0,0,1,11,0.011,0
2.02,2,2735.0,4564.0,0,1,17,0.836,1
5.58,0,5950.0,6160.0,0,1,13,0.181,0
1.54,0,1.0,299.0,0,1,12,0.101,0
0.39,1,96.0,1406.0,0,1,11,0.057,0
0.66,0,1391.0,2248.0,0,0,9,0.163,0
0.02,1,1631.0,8500.0,0,1,15,0.088,0
6.56,0,2761.0,10392.0,0,1,17,0.172,0
3.15,1,5413.0,4770.0,0,1,7,0.059,0
1.57,0,1809.0,458.0,0,0,15,0.042,0
0.18,0,1143.0,530.0,0,1,13,0.482,0
2.5,1,2672.0,10875.0,0,0,10,0.186,0
0.65,0,557.0,3832.0,0,1,10,0.11,0
1.69,0,1000.0,3402.0,0,1,13,0.075,0
4.22,1,4106.0,4078.0,2,0,7,0.004,1
1.51,2,1703.0,3297.0,0,1,16,0.119,0
4.33,0,1276.0,10194.0,0,1,13,0.137,0
0.54,2,23.0,1334.0,0,1,11,0.009,0
2.21,0,496.0,3183.0,0,1,10,0.186,0
1.08,2,4109.0,436.0,2,0,13,0.008,1
0.97,0,730.0,2460.0,0,0,10,0.0,0
1.75,1,1446.0,6146.0,0,1,10,0.005,0
3.19,0,1436.0,647.0,0,1,11,0.184,0
0.06,1,6254.0,3533.0,0,1,10,0.006,0
1.08,0,256.0,2951.0,0,1,15,0.039,0
0.22,0,7224.0,1249.0,0,1,13,0.034,0
1.37,2,3114.0,3469.0,0,1,11,0.003,0
0.72,0,1887.0,1401.0,0,1,10,0.009,0
0.18,0,776.0,3614.0,0,1,7,0.008,0
1.25,0,9889.0,1413.0,1,0,12,0.207,1
0.64,1,120.0,9234.0,0,0,8,0.261,0
1.11,0,6399.0,1260.0,0,1,9,0.205,0
3.27,0,2189.0,47.0,0,1,13,0.128,0
1.03,0,322.0,2000.0,0,1,12,0.542,0
1.16,0,2887.0,8175.0,0,1,14,0.005,0
5.03,1,7707.0,358.0,0,1,14,0.021,0
0.34,0,5778.0,1748.0,0,1,7,0.0,0
0.36,0,1235.0,9315.0,0,1,13,0.526,0
0.79,0,3083.0,6307.0,0,1,12,0.221,0
0.55,0,2357.0,940.0,0,1,5,0.208,0
0.07,0,348.0,8305.0,0,1,12,0.0,0
0.81,2,28.0,38.0,0,0,13,0.015,0
0.52,0,1273.0,1784.0,0,1,15,0.291,0
0.91,0,2403.0,1328.0,0,1,9,0.079,0
0.1,0,753.0,2299.0,0,1,15,0.008,0
1.16,0,5032.0,80.0,0,1,13,0.176,0
0.21,1,305.0,2714.0,0,1,13,0.033,0
0.06,0,359.0,2487.0,0,1,21,0.022,0
3.62,0,752.0,2305.0,0,0,11,0.0,0
0.75,0,2479.0,8280.0,0,0,12,0.012,0
0.82,0,4076.0,13206.0,0,1,12,0.603,1
0.8,0,755.0,5497.0,0,1,7,0.018,0
0.76,0,6947.0,3115.0,0,1,9,0.002,0
0.39,0,3316.0,167.0,0,1,16,0.15,0
0.02,0,1156.0,1812.0,0,1,12,0.0,0
1.49,0,949.0,1586.0,0,1,13,0.004,0
3.04,0,1298.0,6680.0,0,0,11,0.0,0
1.81,0,1617.0,1508.0,0,1,19,0.152,0
2.9,0,4073.0,4502.0,0,0,10,0.083,0
1.08,1,3417.0,3712.0,0,1,10,0.026,0
1.62,0,827.0,467.0,0,1,12,0.008,0
0.23,0,1390.0,2117.0,0,1,13,0.058,0
1.11,0,10144.0,2718.0,0,0,7,0.228,0
6.19,0,1625.0,2402.0,2,0,15,0.024,1
1.27,2,881.0,1317.0,0,0,10,0.067,0
0.49,0,371.0,4840.0,0,0,7,0.042,0
2.3,0,2170.0,2279.0,0,0,15,0.038,0
1.43,0,2081.0,3172.0,0,0,11,0.067,0
0.33,0,1365.0,7242.0,0,1,13,0.173,0
1.02,0,3574.0,1718.0,0,1,11,0.256,0
5.77,0,3069.0,2844.0,0,1,18,0.094,0
0.75,1,420.0,6362.0,0,0,8,0.027,0
0.31,0,1819.0,326.0,0,1,7,0.018,0
4.21,2,2752.0,1233.0,0,0,16,0.575,0
0.43,0,1803.0,2060.0,0,1,11,0.225,0
0.96,1,660.0,4640.0,0,1,11,0.069,0
0.08,0,3121.0,10345.0,0,1,7,0.106,0
2.52,0,3661.0,71.0,0,1,10,0.091,0
1.08,0,1420.0,6561.0,0,1,11,0.254,0
3.03,1,1365.0,5252.0,1,0,16,0.343,1
2.09,2,1006.0,5206.0,0,1,16,0.008,0
1.79,0,2410.0,3255.0,0,0,14,0.014,0
1.3,1,3896.0,3295.0,0,1,12,0.17,0
0.04,0,1110.0,2306.0,0,0,16,0.007,0
2.07,0,4958.0,2163.0,0,1,10,0.306,0
2.62,1,871.0,618.0,0,0,9,0.037,0
0.79,0,371.0,210.0,0,1,12,0.0,0
0.05,0,1727.0,12756.0,0,0,10,0.449,0
0.23,0,4768.0,17606.0,0,0,8,0.072,0
1.87,0,1480.0,11405.0,0,1,16,0.018,0
0.26,0,2934.0,6784.0,0,1,19,0.003,0
0.32,0,621.0,283.0,0,1,12,0.059,0
1.23,1,628.0,5273.0,0,1,13,0.11,0
0.27,0,353.0,2117.0,0,1,17,0.244,0
0.16,1,7556.0,2874.0,0,1,9,0.013,0
0.08,1,1175.0,2572.0,0,0,9,0.027,0
3.48,0,165.0,651.0,0,1,10,0.002,0
0.41,0,1201.0,457.0,0,1,13,0.058,0
0.75,0,568.0,8269.0,0,1,14,0.501,0
0.71,0,1268.0,867.0,0,0,8,0.235,0
1.76,0,235.0,7383.0,0,1,9,0.136,0
1.1,0,914.0,4598.0,0,1,4,0.013,0
2.45,0,14958.0,20836.0,0,1,6,0.325,0
0.05,1,1194.0,1057.0,0,0,11,0.008,0
1.0,0,1877.0,4361.0,0,1,7,0.078,0
1.46,1,2359.0,3323.0,0,1,15,0.018,0
0.11,0,477.0,1919.0,1,0,11,0.115,1
0.4,1,3196.0,10597.0,0,1,13,0.155,0
0.49,0,691.0,623.0,0,1,11,0.245,0
1.4,0,8971.0,10915.0,0,1,8,0.313,0
0.65,0,4493.0,2637.0,0,1,8,0.503,0
0.04,0,6884.0,5025.0,0,1,11,0.319,0
3.85,0,2931.0,6872.0,0,0,13,0.001,0
1.09,0,492.0,1161.0,0,0,16,0.288,0
1.8,0,1025.0,3693.0,0,0,19,0.335,0
0.36,0,1295.0,2048.0,0,0,15,0.012,0
0.75,1,1363.0,3576.0,0,1,10,0.029,0
0.14,1,903.0,3443.0,0,0,13,0.091,0
0.25,1,558.0,2347.0,0,0,12,0.124,0
1.06,0,6423.0,1340.0,0,1,13,0.123,0
0.45,0,56.0,845.0,0,1,11,0.043,0
2.24,0,3960.0,195.0,0,1,16,0.027,0
1.1,0,23.0,1318.0,0,1,17,0.0,0
4.0,0,547.0,2785.0,0,1,12,0.009,0
2.04,0,181.0,3129.0,1,0,9,0.083,1
0.13,0,1028.0,10088.0,0,1,14,0.009,0
1.31,1,2871.0,16252.0,0,0,16,0.534,0
0.03,0,10392.0,10131.0,0,1,13,0.009,0
0.07,1,266.0,783.0,0,1,15,0.245,0
0.16,1,8356.0,1198.0,0,0,10,0.152,0
0.63,0,549.0,7189.0,0,1,10,0.067,0
0.86,0,4829.0,1671.0,0,1,15,0.036,0
1.21,0,4599.0,11428.0,0,0,12,0.016,0
1.87,1,13328.0,7393.0,0,1,9,0.073,0
0.22,2,1790.0,715.0,0,0,10,0.0,0
0.9,1,2681.0,1383.0,0,0,16,0.283,0
0.98,0,4660.0,435.0,1,0,10,0.017,1
0.89,0,1224.0,1002.0,0,0,12,0.023,0
1.77,1,3388.0,3878.0,3,0,16,0.212,1
0.52,0,270.0,3006.0,0,1,11,0.004,0
0.52,2,284.0,9294.0,0,1,14,0.002,0
0.12,1,269.0,2878.0,0,1,10,0.108,0
0.17,0,3593.0,3585.0,0,1,11,0.098,0
2.21,0,1296.0,3625.0,0,0,19,0.257,0
1.36,0,3210.0,3077.0,0,0,7,0.198,0
2.1,1,391.0,455.0,0,1,14,0.005,0
2.98,1,4614.0,5269.0,0,1,15,0.019,0
1.65,0,4114.0,5329.0,0,1,12,0.627,0
2.4,0,154.0,3848.0,0,1,8,0.195,0
0.72,1,1854.0,7544.0,0,1,14,0.004,0
0.11,0,4885.0,2573.0,1,0,10,0.558,1
0.15,0,1423.0,7186.0,0,1,10,0.012,0
0.55,0,2099.0,997.0,0,1,13,0.002,0
3.68,2,9801.0,2950.0,0,1,9,0.022,0
0.91,1,169.0,2268.0,0,0,13,0.194,0
1.1,0,3322.0,2894.0,0,1,9,0.139,0
1.52,1,631.0,497.0,0,1,12,0.018,0
1.7,1,472.0,10300.0,0,1,13,0.071,0
2.35,0,3062.0,2763.0,0,1,9,0.138,0
4.85,0,817.0,4682.0,0,0,13,0.006,0
1.9,1,195.0,9412.0,0,0,14,0.335,0
1.04,0,467.0,2740.0,0,1,10,0.0,0
1.1,1,4237.0,15585.0,0,1,10,0.001,0
0.78,0,1577.0,3678.0,0,0,11,0.008,0
0.18,0,1653.0,821.0,0,1,20,0.035,0
2.16,0,494.0,6305.0,0,1,9,0.061,0
4.5,0,2593.0,7198.0,0,0,13,0.003,0
3.6,0,489.0,3184.0,0,0,10,0.304,0
0.38,0,1684.0,1260.0,0,1,10,0.245,0
0.95,0,3305.0,2638.0,0,1,13,0.141,0
1.07,2,1391.0,5822.0,0,1,7,0.023,0
0.69,0,6966.0,9754.0,0,0,13,0.16,0
0.11,0,1305.0,570.0,0,0,7,0.0,0
1.75,0,2297.0,86.0,0,0,19,0.014,0
3.7,0,1338.0,1101.0,0,1,8,0.0,0
0.67,0,525.0,4542.0,0,1,9,0.308,0
1.39,0,862.0,1367.0,0,1,11,0.165,0
2.75,0,46.0,655.0,0,1,15,0.001,0
0.28,0,4587.0,8624.0,0,0,11,0.009,0
0.32,1,1343.0,435.0,0,0,5,0.157,0
0.98,0,1739.0,431.0,0,1,22,0.076,0
0.53,2,1995.0,17440.0,0,1,7,0.0,0
0.3,0,4707.0,6675.0,0,1,10,0.0,0
1.74,2,7885.0,13943.0,0,0,14,0.023,0
0.16,0,3949.0,5613.0,0,1,16,0.001,0
0.18,0,693.0,9307.0,0,0,7,0.231,0
4.1,1,1369.0,974.0,0,1,10,0.059,0
0.42,0,866.0,2394.0,0,0,15,0.037,0
0.24,1,375.0,1607.0,0,1,15,0.074,0
1.18,1,5979.0,10010.0,0,1,13,0.185,0
2.34,0,1971.0,3313.0,0,1,11,0.278,0
3.98,0,206.0,902.0,1,0,9,0.295,1
0.24,0,810.0,4536.0,0,1,12,0.261,0
0.33,1,268.0,994.0,0,0,13,0.291,0
0.07,0,5926.0,9215.0,0,1,17,0.029,0
0.58,0,829.0,2890.0,0,1,13,0.112,0
3.9,1,433.0,1067.0,0,1,7,0.206,0
2.7,0,1218.0,4907.0,0,1,16,0.003,0
0.56,1,2414.0,1858.0,0,1,11,0.012,0
3.43,0,2577.0,304.0,0,1,8,0.334,0
2.14,2,2628.0,359.0,0,1,16,0.0,0
1.6,0,3582.0,10141.0,0,1,20,0.124,0
0.36,2,1514.0,2963.0,0,1,10,0.007,0
0.53,1,11.0,281.0,0,1,14,0.1,0
0.72,1,1555.0,11907.0,0,1,15,0.179,0
0.05,2,2993.0,2454.0,0,1,14,0.697,1
1.37,1,330.0,5777.0,0,1,10,0.002,0
5.79,0,499.0,11831.0,1,0,12,0.006,1
1.73,0,245.0,767.0,0,0,6,0.168,0
2.82,1,1691.0,2528.0,0,1,10,0.038,0
0.45,0,2363.0,3122.0,0,1,11,0.08,0
0.12,0,351.0,7373.0,0,1,8,0.058,0
2.35,1,4709.0,8348.0,0,1,9,0.097,0
1.38,0,474.0,1280.0,0,1,8,0.034,0
1.5,1,578.0,2888.0,0,1,10,0.003,0
0.43,0,3606.0,15980.0,0,0,14,0.009,0
2.18,0,2995.0,5134.0,0,1,8,0.0,0
0.47,0,1667.0,7331.0,0,1,14,0.401,0
0.86,1,179.0,14531.0,0,1,11,0.155,0
3.5,0,1200.0,1556.0,0,0,11,0.098,0
3.47,0,378.0,3464.0,0,0,12,0.151,0
2.48,0,339.0,1755.0,0,1,10,0.262,0
3.03,0,1051.0,1236.0,0,1,7,0.114,0
0.26,0,3167.0,152.0,0,1,10,0.122,0
0.09,0,328.0,5012.0,0,0,19,0.01,0
1.36,1,4950.0,1286.0,0,1,10,0.002,0
1.42,0,402.0,8104.0,0,1,6,0.065,0
2.79,0,1207.0,1730.0,0,1,17,0.008,0
0.39,0,4324.0,640.0,0,1,13,0.103,0
3.63,0,5945.0,2017.0,0,0,12,0.053,0
5.31,0,4540.0,5066.0,0,0,12,0.085,0
2.12,2,847.0,2471.0,0,1,14,0.061,0
0.99,0,5044.0,12327.0,0,1,11,0.136,0
1.17,0,7656.0,3158.0,0,1,12,0.0,0
2.0,0,912.0,6135.0,0,1,15,0.042,0
1.74,0,464.0,4038.0,0,0,12,0.003,0
2.65,1,1288.0,9888.0,0,0,11,0.074,0
2.42,0,857.0,2582.0,0,0,11,0.002,0
5.71,1,2623.0,2801.0,0,1,9,0.014,0
0.15,1,3420.0,4979.0,0,1,14,0.164,0
2.77,0,936.0,1303.0,0,1,13,0.04,0
0.45,0,1617.0,3852.0,0,1,7,0.05,0
3.96,0,2650.0,3979.0,0,0,11,0.088,0
0.89,0,1211.0,334.0,0,1,12,0.057,0
3.18,0,5077.0,9430.0,0,1,8,0.069,0
0.49,2,2355.0,373.0,0,1,21,0.023,0
2.29,0,5332.0,24713.0,0,1,13,0.173,0
0.99,1,2410.0,4562.0,2,0,11,0.326,1
2.79,0,1161.0,912.0,0,1,20,0.032,0
1.6,0,1603.0,3214.0,0,1,10,0.03,0
0.11,0,667.0,9161.0,0,1,16,0.062,0
0.13,1,56.0,1672.0,0,1,7,0.033,0
0.06,2,2738.0,1526.0,0,1,9,0.038,0
0.51,1,4337.0,1885.0,0,1,14,0.009,0
0.21,0,892.0,2367.0,0,1,15,0.003,0
1.84,0,3780.0,10781.0,0,1,9,0.005,0
3.82,0,8905.0,3742.0,0,1,12,0.017,0
1.17,0,748.0,5451.0,0,0,8,0.087,0
1.63,2,1141.0,162.0,0,0,10,0.087,0
1.01,1,393.0,6393.0,0,1,11,0.118,0
0.63,0,2110.0,7785.0,0,1,9,0.018,0
0.92,0,6689.0,3856.0,0,0,10,0.009,0
0.32,0,24.0,768.0,0,1,10,0.132,0
2.59,0,2028.0,3849.0,0,1,8,0.045,0
0.16,2,17197.0,2535.0,0,0,12,0.018,0
0.85,0,134.0,2871.0,0,1,9,0.261,0
0.22,0,5876.0,3566.0,0,1,11,0.012,0
2.77,2,5648.0,4455.0,0,1,14,0.115,0
0.32,0,232.0,1623.0,0,1,12,0.083,0
1.85,1,8851.0,12687.0,0,0,15,0.0,0
0.61,0,1503.0,1514.0,0,1,11,0.003,0
1.35,0,889.0,1612.0,0,1,10,0.35,0
1.09,0,814.0,2397.0,0,1,11,0.0,0
0.81,0,1878.0,449.0,0,1,11,0.0,0
0.86,2,1319.0,4412.0,0,0,12,0.203,0
1.78,0,4332.0,4811.0,0,1,20,0.046,0
1.13,2,895.0,427.0,0,0,8,0.067,0
4.36,0,5760.0,139.0,0,1,16,0.0,0
1.16,0,1453.0,5529.0,0,1,12,0.111,0
3.25,1,2259.0,1772.0,0,0,6,0.091,0
4.17,0,1735.0,2773.0,0,0,11,0.004,0
3.84,0,848.0,2229.0,0,1,11,0.0,0
0.39,0,3820.0,547.0,0,1,15,0.139,0
1.28,0,1014.0,2025.0,0,0,15,0.014,0
0.3,0,7785.0,1994.0,0,1,16,0.014,0
0.0,1,4573.0,3756.0,0,0,14,0.273,0
2.25,0,2016.0,830.0,0,0,7,0.013,0
0.77,1,738.0,1923.0,0,0,13,0.033,0
0.25,1,2078.0,2538.0,0,1,15,0.004,0
3.86,1,1136.0,687.0,0,0,21,0.45,0
1.91,0,11334.0,1101.0,0,1,9,0.121,0
0.32,0,5136.0,1812.0,0,1,13,0.343,0
0.12,0,1750.0,3501.0,0,0,9,0.524,0
1.12,0,185.0,83.0,0,1,8,0.028,0
2.94,0,1915.0,82.0,0,0,15,0.168,0
0.29,1,4505.0,3788.0,0,0,10,0.041,0
0.19,0,4741.0,2742.0,0,1,12,0.002,0
0.15,0,10661.0,93.0,0,0,12,0.031,0
5.54,0,2711.0,1220.0,0,1,10,0.134,0
3.63,0,1015.0,5861.0,0,0,11,0.103,0
0.27,2,2054.0,585.0,0,1,12,0.009,0
0.42,1,115.0,4007.0,0,1,6,0.122,0
1.65,1,1340.0,3646.0,0,1,7,0.336,0
0.02,1,2406.0,196.0,0,0,14,0.01,0
2.07,1,3210.0,7328.0,0,1,11,0.059,0
2.5,0,1466.0,1122.0,1,0,11,0.292,1
2.83,1,5251.0,3546.0,0,1,12,0.028,0
1.99,0,5838.0,1454.0,0,1,12,0.01,0
2.92,0,4465.0,3001.0,0,1,11,0.023,0
0.3,0,93.0,8141.0,0,1,8,0.065,0
0.1,0,2834.0,1393.0,0,0,13,0.137,0
0.09,0,4497.0,4503.0,0,1,16,0.152,0
0.57,1,224.0,1118.0,1,0,10,0.401,1
1.51,0,742.0,393.0,0,1,12,0.029,0
1.46,1,1502.0,8049.0,0,0,9,0.109,0
4.3,1,843.0,4869.0,0,1,13,0.262,0
1.05,0,8884.0,1544.0,0,1,8,0.099,0
2.12,0,1183.0,3655.0,0,1,12,0.11,0
0.71,0,11651.0,8286.0,0,1,13,0.142,0
0.09,0,1148.0,840.0,0,0,9,0.033,0
2.07,0,1971.0,6028.0,0,0,9,0.251,0
1.81,0,3788.0,1623.0,0,1,5,0.056,0
2.65,0,1125.0,2195.0,0,1,15,0.229,0
0.7,0,561.0,11704.0,0,1,12,0.107,0
0.72,0,71.0,3905.0,0,0,12,0.056,0
1.88,1,240.0,2429.0,0,0,13,0.003,0
9.5,0,165.0,1056.0,0,1,11,0.02,0
0.09,0,2960.0,5164.0,0,0,11,0.076,0
4.86,0,2372.0,4941.0,0,1,12,0.089,0
1.27,1,1328.0,8963.0,0,1,10,0.032,0
6.58,1,1589.0,10255.0,0,1,20,0.294,0
2.69,1,1690.0,2197.0,0,1,12,0.372,0
2.12,0,3461.0,4518.0,0,1,17,0.156,0
0.06,1,3754.0,1348.0,0,0,14,0.019,0
0.11,0,1684.0,1709.0,0,0,13,0.047,0
0.04,2,2835.0,1771.0,0,1,8,0.017,0
5.66,0,305.0,304.0,0,0,15,0.021,0
2.0,1,1105.0,4305.0,0,1,9,0.19,0
0.99,2,10239.0,2245.0,0,1,18,0.0,0
0.52,1,1720.0,3890.0,0,0,14,0.018,0
2.61,1,181.0,1712.0,0,1,15,0.05,0
1.04,0,14859.0,748.0,0,1,11,0.43,0
1.11,0,2511.0,1195.0,2,0,20,0.072,1
0.26,0,3957.0,2690.0,0,0,14,0.218,0
0.7,0,477.0,3141.0,0,1,10,0.21,0
0.21,2,640.0,7285.0,0,0,21,0.027,0
2.17,1,1750.0,367.0,0,1,9,0.121,0
0.13,0,557.0,5174.0,0,1,12,0.105,0
1.01,0,6531.0,846.0,0,1,9,0.058,0
0.47,1,259.0,172.0,0,1,15,0.293,0
4.34,1,7965.0,19470.0,0,1,21,0.003,0
0.54,0,1332.0,5504.0,0,0,15,0.064,0
0.64,0,3616.0,3781.0,0,1,14,0.043,0
0.64,0,776.0,3527.0,0,1,15,0.0,0
0.69,0,4767.0,2891.0,0,1,15,0.004,0
2.69,0,4877.0,4229.0,0,1,11,0.003,0
3.32,0,3350.0,4421.0,0,1,17,0.009,0
1.66,0,871.0,2827.0,0,1,18,0.003,0
1.79,0,5486.0,1288.0,0,1,14,0.294,0
0.39,0,1001.0,5201.0,0,1,15,0.005,0
2.0,2,228.0,1080.0,0,1,11,0.319,0
5.09,1,93.0,11062.0,0,1,11,0.007,0
1.71,0,6869.0,129.0,0,1,15,0.01,0
1.36,0,1027.0,13800.0,0,1,9,0.129,0
1.61,0,547.0,1607.0,0,1,9,0.035,0
0.18,0,5042.0,3977.0,0,1,11,0.02,0
2.62,0,6149.0,1341.0,0,0,10,0.055,0
0.05,1,201.0,11174.0,0,1,15,0.174,0
1.02,0,117.0,6990.0,0,0,13,0.026,0
0.93,0,1409.0,10984.0,0,0,14,0.481,0
6.07,2,847.0,4345.0,0,1,12,0.003,0
0.44,0,3036.0,8374.0,0,1,15,0.18,0
0.15,0,233.0,50.0,0,1,15,0.001,0
1.03,1,826.0,9222.0,0,0,12,0.116,0
0.37,0,4454.0,2481.0,0,1,9,0.082,0
4.96,1,1659.0,1276.0,1,0,15,0.051,1
0.41,0,3199.0,342.0,0,1,7,0.005,0
2.84,0,2137.0,4108.0,0,0,9,0.02,0
0.63,0,3848.0,3083.0,0,1,11,0.027,0
1.13,0,2684.0,17839.0,0,1,8,0.106,0
0.48,0,514.0,2332.0,0,1,13,0.036,0
1.78,0,5070.0,1710.0,0,0,10,0.009,0
0.42,0,3990.0,10086.0,0,1,12,0.0,0
4.83,2,998.0,186.0,0,0,8,0.416,0
2.7,2,556.0,5674.0,0,1,11,0.001,0
1.68,2,1128.0,1813.0,0,1,12,0.001,0
0.15,0,797.0,911.0,0,1,12,0.572,0
0.51,1,3446.0,2927.0,0,1,15,0.016,0
0.0,0,9371.0,4121.0,0,0,13,0.025,0
5.69,2,11301.0,1576.0,1,0,4,0.243,1
0.81,0,9395.0,4613.0,0,1,15,0.323,0
0.06,2,474.0,3978.0,0,1,14,0.011,0
0.59,0,928.0,1537.0,0,1,10,0.049,0
2.13,1,432.0,3212.0,0,1,11,0.381,0
0.03,0,1056.0,1697.0,0,1,12,0.07,0
0.88,1,776.0,3416.0,0,1,8,0.365,0
0.77,1,9390.0,7769.0,0,0,6,0.007,0
3.8,0,809.0,387.0,0,1,15,0.039,0
0.78,1,1010.0,2404.0,0,1,16,0.012,0
1.2,0,1412.0,5547.0,2,0,12,0.682,1
0.95,0,3244.0,19134.0,0,0,9,0.084,0
1.11,1,241.0,7073.0,0,1,8,0.005,0
0.61,0,1362.0,10724.0,0,1,14,0.186,0
0.33,0,3493.0,16492.0,0,0,7,0.061,0
0.61,0,3569.0,4075.0,0,0,11,0.092,0
1.06,0,1080.0,2930.0,0,1,11,0.157,0
1.2,0,7992.0,2053.0,0,1,11,0.733,1
0.35,0,3023.0,5475.0,0,1,19,0.005,0
1.83,1,1105.0,747.0,0,0,11,0.002,0
0.06,0,1700.0,3949.0,0,0,11,0.263,0
0.49,0,2500.0,6598.0,0,1,9,0.115,0
0.25,0,931.0,2101.0,0,1,10,0.024,0
0.14,0,117.0,1828.0,0,1,13,0.161,0
0.9,0,2850.0,3113.0,0,1,15,0.168,0
0.59,0,3843.0,73.0,0,1,12,0.346,0
3.04,0,2861.0,2594.0,0,0,13,0.556,0
1.82,0,1061.0,3766.0,0,0,15,0.247,0
0.42,0,136.0,4699.0,0,1,14,0.007,0
5.7,1,6136.0,5125.0,0,1,13,0.0,0
4.05,1,5567.0,1305.0,0,0,8,0.182,0
0.34,0,759.0,1449.0,0,0,8,0.239,0
4.81,2,341.0,1379.0,0,0,7,0.041,0
0.22,0,3854.0,12561.0,0,1,6,0.005,0
1.48,1,1088.0,202.0,0,1,11,0.191,0
0.55,0,2661.0,5018.0,0,1,14,0.341,0
0.25,1,1096.0,4791.0,0,1,12,0.029,0
0.56,0,15.0,11547.0,0,0,9,0.001,0
1.27,2,353.0,13691.0,0,0,12,0.0,0
0.18,2,2441.0,7906.0,0,1,8,0.032,0
0.98,0,2036.0,229.0,0,0,15,0.052,0
0.93,0,1322.0,593.0,0,1,18,0.012,0
1.19,0,3300.0,722.0,0,0,13,0.002,0
0.11,0,798.0,3034.0,0,0,8,0.011,0
0.1,0,2300.0,1461.0,0,1,6,0.039,0
0.34,0,1520.0,5304.0,0,1,12,0.191,0
5.89,0,3636.0,506.0,0,1,14,0.029,0
1.02,0,11.0,2425.0,0,1,15,0.003,0
0.05,0,12127.0,520.0,0,0,4,0.213,0
1.24,1,1381.0,948.0,0,1,11,0.04,0
1.82,0,1030.0,1545.0,0,0,10,0.58,0
1.19,2,817.0,11473.0,0,0,7,0.0,0
1.11,2,502.0,6264.0,0,1,5,0.028,0
0.48,0,960.0,1312.0,0,0,13,0.457,0
4.51,0,505.0,2596.0,0,1,16,0.23,0
0.04,0,3078.0,23243.0,0,0,12,0.06,0
1.51,0,26.0,5242.0,0,1,13,0.083,0
0.32,1,2327.0,20467.0,0,1,17,0.004,0
0.85,0,614.0,2225.0,0,0,9,0.001,0
1.19,0,3702.0,9600.0,0,1,16,0.11,0
0.75,0,2599.0,4097.0,0,1,9,0.005,0
0.46,0,1795.0,532.0,0,0,14,0.001,0
1.45,1,1364.0,4447.0,0,1,17,0.159,0
2.21,0,1702.0,3255.0,0,0,7,0.298,0
2.15,1,113.0,684.0,0,1,9,0.05,0
0.61,0,1455.0,9084.0,0,1,15,0.005,0
2.49,0,497.0,5483.0,0,1,13,0.129,0
0.05,1,1046.0,5549.0,0,1,10,0.032,0
2.42,1,6921.0,249.0,0,1,11,0.009,0
0.53,1,1459.0,4765.0,0,1,8,0.002,0
2.29,2,1689.0,4925.0,0,0,19,0.007,0
0.79,0,1985.0,1143.0,0,0,12,0.151,0
0.28,0,1804.0,2257.0,0,1,16,0.083,0
2.74,0,1190.0,1817.0,0,0,5,0.102,0
0.29,1,1250.0,25.0,0,0,18,0.006,0
0.56,0,1340.0,1733.0,0,0,11,0.0,0
0.63,0,2550.0,5643.0,0,0,16,0.009,0
0.46,0,2382.0,115.0,0,1,6,0.337,0
0.25,0,2360.0,816.0,0,1,8,0.038,0
1.61,0,461.0,7063.0,0,0,7,0.178,0
0.52,0,938.0,8724.0,0,1,12,0.099,0
2.98,0,4721.0,1845.0,0,1,7,0.003,0
0.34,2,551.0,545.0,0,1,9,0.291,0
1.62,0,2093.0,1265.0,0,1,10,0.272,0
1.88,0,2506.0,2758.0,0,1,10,0.363,0
0.73,2,4225.0,1714.0,0,1,11,0.124,0
1.11,0,145.0,2377.0,2,0,14,0.111,1
0.67,0,7001.0,1033.0,0,1,16,0.036,0
1.01,1,6790.0,5677.0,0,0,7,0.01,0
0.22,1,6426.0,634.0,1,0,13,0.253,1
3.14,0,2307.0,8608.0,0,1,16,0.007,0
1.15,0,2654.0,784.0,0,0,11,0.02,0
1.0,0,156.0,3741.0,0,0,13,0.425,0
1.01,1,640.0,629.0,0,0,16,0.135,0
0.69,1,3111.0,1036.0,0,1,12,0.244,0
2.74,1,6151.0,1477.0,0,0,5,0.031,0
0.47,0,18.0,1170.0,0,1,6,0.09,0
0.47,0,1412.0,957.0,0,0,14,0.04,0
1.39,0,4280.0,785.0,0,1,20,0.003,0
0.36,1,2234.0,13655.0,0,1,13,0.147,0
4.92,0,2507.0,9986.0,0,1,15,0.002,0
0.23,2,4955.0,2923.0,0,0,12,0.088,0
1.38,0,52.0,506.0,0,0,9,0.04,0
0.19,0,783.0,2486.0,0,0,20,0.058,0
2.7,1,26.0,467.0,0,0,12,0.001,0
0.18,0,932.0,14168.0,0,1,14,0.121,0
0.18,1,6487.0,1680.0,0,1,6,0.0,0
2.06,2,7492.0,14321.0,0,1,14,0.047,0
1.71,0,6019.0,2320.0,0,0,12,0.227,0
1.58,0,315.0,1853.0,1,0,10,0.197,0
1.3,0,1621.0,1209.0,0,1,7,0.24,0
0.52,0,2781.0,2777.0,0,1,12,0.112,0
0.72,0,337.0,30.0,0,0,6,0.096,0
0.97,0,1762.0,4861.0,0,1,9,0.224,0
0.17,0,1127.0,891.0,0,0,16,0.047,0
3.1,0,4880.0,59.0,1,0,15,0.084,1
5.05,0,1170.0,1237.0,0,1,14,0.01,0
0.95,0,2053.0,3045.0,0,0,10,0.13,0
2.33,0,855.0,554.0,0,1,15,0.022,0
0.03,0,2713.0,3136.0,0,0,11,0.007,0
2.51,0,2183.0,981.0,0,0,13,0.0,0
0.44,1,872.0,50.0,0,1,11,0.092,0
2.75,0,430.0,2478.0,2,0,19,0.131,1
1.65,0,1496.0,7216.0,0,1,15,0.052,0
0.06,0,627.0,13155.0,0,1,11,0.284,0
4.81,0,236.0,3172.0,0,1,14,0.016,0
0.08,0,403.0,1269.0,0,1,10,0.052,0
0.02,0,1530.0,243.0,0,0,11,0.003,0
4.87,0,2400.0,483.0,0,0,9,0.219,0
5.51,2,5846.0,605.0,0,0,15,0.073,0
0.12,0,1898.0,441.0,0,0,18,0.035,0
0.55,0,5591.0,3099.0,0,1,12,0.011,0
9.98,0,1394.0,303.0,0,1,6,0.139,0
4.97,0,1278.0,6016.0,0,1,16,0.025,0
1.84,1,1333.0,2914.0,0,1,11,0.004,0
0.68,1,1170.0,862.0,0,0,18,0.184,0
1.47,0,3363.0,1720.0,0,1,14,0.017,0
1.24,0,696.0,5759.0,0,1,16,0.0,0
1.85,2,409.0,3085.0,0,0,13,0.022,0
2.18,0,5755.0,6591.0,0,1,11,0.0,0
0.35,1,836.0,176.0,0,0,9,0.235,0
2.74,1,2069.0,4275.0,0,1,6,0.093,0
1.02,0,1473.0,800.0,0,1,14,0.221,0
2.51,1,625.0,576.0,0,1,15,0.061,0
0.9,1,880.0,9043.0,0,1,10,0.001,0
4.77,0,244.0,372.0,0,0,14,0.144,0
1.28,1,5233.0,349.0,0,0,11,0.006,0
0.64,0,3543.0,356.0,0,1,13,0.028,0
0.09,1,4772.0,1199.0,0,1,10,0.193,0
1.4,1,1706.0,318.0,0,0,11,0.265,0
3.08,1,714.0,375.0,0,1,12,0.001,0
1.99,0,3372.0,833.0,0,1,13,0.056,0
0.25,2,598.0,4247.0,0,1,13,0.104,0
0.77,0,3256.0,12159.0,0,1,13,0.009,0
2.66,0,369.0,4823.0,0,1,15,0.065,0
1.31,0,3698.0,1163.0,0,1,10,0.045,0
0.35,0,8068.0,60.0,0,0,15,0.029,1
0.74,0,4946.0,10284.0,0,1,10,0.009,0
1.07,0,2356.0,7353.0,0,1,12,0.042,0
1.43,0,1280.0,5409.0,0,1,9,0.002,0
0.08,0,11520.0,10690.0,0,1,11,0.108,0
0.16,1,3894.0,16146.0,0,0,15,0.051,0
5.7,0,760.0,480.0,0,1,12,0.014,0
0.24,0,7190.0,757.0,0,1,15,0.156,0
3.55,0,1194.0,10109.0,0,0,5,0.004,0
1.43,2,409.0,1904.0,0,1,11,0.568,0
3.27,0,1002.0,388.0,0,1,16,0.0,0
5.31,2,1987.0,4905.0,0,1,8,0.054,0
3.49,0,517.0,1948.0,0,0,27,0.0,0
1.93,0,273.0,2394.0,0,1,13,0.02,0
0.32,0,4166.0,7633.0,0,0,10,0.042,0
1.16,0,613.0,7344.0,0,0,12,0.237,0
1.67,0,100.0,2013.0,0,0,12,0.039,0
1.8,0,3972.0,3184.0,0,1,8,0.027,0
0.2,1,588.0,9726.0,0,0,17,0.004,0
2.18,0,1867.0,6549.0,0,0,6,0.004,0
1.01,1,4723.0,7406.0,0,1,10,0.038,0
0.8,0,2475.0,597.0,0,1,7,0.013,0
1.11,0,946.0,562.0,0,1,15,0.012,0
0.62,0,328.0,259.0,0,0,12,0.035,0
2.6,0,3548.0,833.0,0,0,14,0.003,0
1.19,0,1879.0,4392.0,0,1,7,0.046,0
3.34,2,1223.0,12107.0,0,1,14,0.19,0
1.41,0,77.0,1691.0,0,1,13,0.342,0
0.2,1,310.0,552.0,0,1,15,0.004,0
0.02,0,128.0,8881.0,0,1,10,0.369,0
1.92,0,5346.0,11740.0,0,0,9,0.282,0
0.83,0,1016.0,6015.0,0,1,14,0.0,0
0.31,0,2578.0,1187.0,0,1,8,0.165,0
0.45,0,1681.0,94.0,0,1,9,0.001,0
1.11,1,6210.0,6499.0,0,1,11,0.67,1
0.73,0,2380.0,24052.0,1,0,9,0.002,1
1.63,0,2479.0,5595.0,0,0,11,0.019,0
1.48,0,4342.0,2444.0,0,1,11,0.008,0
3.47,0,9961.0,3680.0,0,1,8,0.023,0
0.45,0,145.0,3215.0,0,1,17,0.327,0
0.57,0,1526.0,2030.0,0,1,12,0.254,0
7.29,0,333.0,640.0,3,0,12,0.071,1
2.68,1,3273.0,2699.0,1,0,9,0.129,1
1.08,0,1343.0,457.0,0,0,18,0.13,0
1.89,1,3593.0,9029.0,0,1,6,0.124,0
1.37,0,92.0,17159.0,0,1,13,0.214,0
0.13,0,3082.0,2550.0,0,0,10,0.064,0
2.93,0,3045.0,2976.0,0,1,10,0.073,0
0.57,0,1641.0,4331.0,0,1,9,0.289,0
0.01,1,2250.0,2308.0,0,0,19,0.034,0
4.56,2,6.0,6413.0,0,1,10,0.077,0
6.14,0,1200.0,8100.0,0,1,16,0.403,0
0.09,0,2149.0,1460.0,0,0,15,0.059,0
1.08,0,1094.0,2196.0,0,0,15,0.03,0
0.41,0,3602.0,2768.0,0,1,11,0.05,0
0.45,1,1042.0,971.0,0,0,6,0.069,0
2.39,0,2239.0,9050.0,1,0,17,0.063,1
1.59,0,707.0,12759.0,0,0,12,0.22,0
0.52,1,1238.0,7842.0,0,1,11,0.03,0
0.63,0,1158.0,79.0,0,1,11,0.141,0
0.58,0,29.0,5565.0,0,1,17,0.054,0
0.39,0,1178.0,849.0,0,0,12,0.006,0
0.13,0,1169.0,260.0,0,1,20,0.525,0
0.58,1,1552.0,1197.0,0,0,8,0.038,0
0.01,0,587.0,3418.0,0,0,14,0.19,0
0.88,0,2910.0,499.0,0,1,8,0.007,0
1.19,0,1464.0,9698.0,0,1,9,0.037,0
0.54,0,2213.0,657.0,0,1,9,0.039,0
1.43,0,190.0,5759.0,0,0,20,0.012,0
1.1,0,1491.0,6098.0,0,1,16,0.006,0
2.9,1,3867.0,7816.0,0,1,11,0.006,0
0.54,2,331.0,359.0,0,1,20,0.001,0
0.74,0,249.0,3250.0,0,1,13,0.123,0
0.87,0,2928.0,633.0,0,0,10,0.01,0
1.53,0,3062.0,1687.0,0,1,11,0.008,0
0.93,0,1741.0,3164.0,2,0,12,0.468,0
3.89,0,361.0,1277.0,0,0,16,0.241,0
0.47,0,2842.0,155.0,0,1,15,0.174,0
0.84,0,246.0,99.0,0,0,10,0.074,0
0.39,0,713.0,1090.0,0,1,14,0.024,0
1.31,0,712.0,3773.0,2,0,6,0.19,1
1.07,0,18.0,3764.0,3,0,16,0.249,1
2.43,0,2205.0,3935.0,0,1,11,0.084,0
1.72,0,1186.0,2713.0,0,1,13,0.144,0
2.04,0,2837.0,923.0,0,0,10,0.0,0
7.95,0,3317.0,257.0,0,1,12,0.169,0
0.17,0,2819.0,3916.0,0,0,7,0.474,0
4.24,0,1532.0,355.0,0,1,12,0.124,0
1.62,0,4884.0,2740.0,1,0,14,0.091,1
0.62,0,3116.0,2521.0,0,0,14,0.024,0
1.32,0,2.0,1297.0,0,1,10,0.039,0
2.35,0,103.0,2511.0,0,1,8,0.036,0
1.07,0,117.0,806.0,0,1,9,0.076,0
0.52,0,3599.0,1714.0,0,0,12,0.035,0
2.27,1,4677.0,343.0,0,1,10,0.019,0
0.95,1,1414.0,2059.0,0,1,11,0.0,0
1.35,2,10044.0,6158.0,0,1,12,0.007,0
0.62,2,3310.0,3264.0,0,1,11,0.002,0
4.04,0,2661.0,1919.0,0,1,11,0.125,0
1.21,0,3295.0,290.0,0,0,11,0.001,0
0.73,0,846.0,1475.0,0,1,11,0.003,0
2.43,0,2783.0,12315.0,1,0,11,0.044,1
2.47,1,3904.0,1734.0,0,1,9,0.1,0
1.96,2,2572.0,15365.0,0,0,12,0.353,0
2.08,0,563.0,6249.0,0,1,12,0.122,0
0.21,0,4447.0,2930.0,0,0,16,0.023,0
0.64,1,961.0,1363.0,0,1,15,0.056,0
0.49,1,3596.0,3103.0,0,1,6,0.282,0
0.67,0,2211.0,928.0,0,0,14,0.308,0
1.57,0,3601.0,8.0,0,1,6,0.15,0
0.39,0,3175.0,1852.0,0,0,15,0.016,0
3.38,1,2621.0,3259.0,0,1,13,0.005,0
1.2,0,1490.0,142.0,0,1,18,0.232,0
2.43,0,3341.0,1719.0,0,1,13,0.005,0
0.46,0,1992.0,1693.0,0,0,22,0.287,0
0.59,0,752.0,59.0,0,1,8,0.188,0
0.44,2,94.0,594.0,2,0,13,0.086,1
4.35,0,2718.0,16384.0,0,1,9,0.448,0
3.23,0,7437.0,3243.0,0,1,10,0.0,0
1.82,1,296.0,116.0,0,1,11,0.008,0
0.3,0,373.0,4117.0,0,1,11,0.028,0
1.42,0,4518.0,1247.0,0,1,14,0.1,0
0.83,0,1345.0,4742.0,0,0,12,0.261,0
0.72,1,136.0,22942.0,1,0,11,0.147,1
5.93,0,4344.0,4731.0,0,1,15,0.057,0
1.1,2,2185.0,1538.0,0,1,11,0.221,0
0.43,0,1366.0,8245.0,0,1,13,0.061,0
0.62,0,6875.0,3023.0,1,0,12,0.111,1
3.36,0,6091.0,6909.0,0,1,9,0.325,0
2.97,0,139.0,4044.0,0,0,16,0.117,0
1.77,0,1343.0,2257.0,0,1,16,0.011,0
1.39,0,1644.0,295.0,0,0,10,0.061,0
0.81,0,9308.0,2822.0,0,1,14,0.099,0
1.04,0,643.0,5270.0,0,0,10,0.058,0
0.38,0,1169.0,1862.0,0,1,7,0.248,0
2.61,0,1779.0,4559.0,0,1,8,0.017,0
2.06,0,632.0,980.0,0,1,19,0.027,0
0.18,0,158.0,580.0,0,1,7,0.053,0
0.27,0,344.0,593.0,0,1,7,0.005,0
1.45,0,548.0,3138.0,0,1,11,0.167,0
3.15,0,1589.0,992.0,0,1,11,0.005,0
0.21,0,4025.0,287.0,0,1,5,0.037,0
0.17,0,668.0,7099.0,0,1,17,0.261,0
1.68,0,1219.0,1198.0,0,1,10,0.18,0
1.01,1,2691.0,22271.0,0,1,17,0.017,0
0.77,1,569.0,6638.0,0,1,14,0.023,0
1.13,0,2443.0,5640.0,0,1,9,0.305,0
0.62,1,6437.0,728.0,0,0,10,0.117,0
0.27,0,733.0,70.0,0,0,10,0.122,0
1.09,0,42.0,2451.0,0,1,11,0.085,0
0.22,1,1013.0,7399.0,0,1,10,0.058,0
1.46,0,1942.0,9401.0,0,0,14,0.007,0
2.06,2,5474.0,1945.0,0,1,11,0.013,0
1.14,0,5411.0,35.0,1,0,17,0.038,1
0.23,1,1192.0,6677.0,0,1,15,0.011,0
0.63,0,1281.0,299.0,0,1,8,0.056,0
0.45,0,6151.0,2379.0,0,1,6,0.211,0
5.53,0,599.0,2809.0,0,1,7,0.074,0
0.2,2,2757.0,17647.0,0,1,9,0.238,0
0.1,0,54.0,1544.0,0,0,14,0.001,0
4.39,0,3926.0,85.0,0,0,10,0.109,0
5.18,0,1605.0,768.0,0,1,7,0.038,0
1.25,0,226.0,4610.0,0,1,7,0.02,0
2.77,2,2325.0,4031.0,0,1,14,0.326,0
1.17,0,1186.0,3371.0,0,0,12,0.254,0
4.13,0,687.0,3235.0,0,1,14,0.023,0
0.77,0,102.0,2441.0,0,1,20,0.001,0
0.53,1,856.0,3864.0,0,1,9,0.053,0
0.45,0,3161.0,4937.0,0,1,5,0.068,0
1.22,1,78.0,3103.0,0,1,13,0.042,0
0.54,2,468.0,6672.0,0,1,10,0.015,0
0.24,1,6216.0,1091.0,0,0,11,0.195,0
4.37,0,203.0,2020.0,0,1,13,0.012,0
2.06,0,227.0,584.0,0,1,9,0.028,0
1.02,1,14344.0,1879.0,0,1,6,0.068,0
2.5,0,567.0,3277.0,0,1,15,0.154,0
1.79,0,4100.0,14252.0,0,0,11,0.016,0
3.09,0,932.0,1761.0,0,0,10,0.146,0
3.23,0,2097.0,12637.0,0,1,13,0.55,0
0.82,0,9936.0,2196.0,0,0,10,0.131,0
1.81,0,5082.0,820.0,0,0,17,0.101,0
0.22,0,45.0,14951.0,0,1,21,0.068,0
0.11,1,205.0,1541.0,0,1,16,0.027,0
0.82,0,635.0,2540.0,0,1,12,0.352,0
0.25,0,1035.0,435.0,0,1,10,0.132,0
1.39,0,1004.0,6194.0,0,0,13,0.731,1
2.29,0,1075.0,1056.0,0,1,10,0.237,0
1.29,0,1066.0,6471.0,0,1,13,0.073,0
0.13,0,737.0,8716.0,0,0,15,0.077,0
0.03,0,5794.0,3055.0,0,1,19,0.02,0
0.02,1,7076.0,17246.0,0,1,6,0.344,0
0.72,0,4927.0,1319.0,0,0,13,0.001,0
0.5,1,1320.0,4357.0,0,0,8,0.085,0
1.72,1,3510.0,6184.0,0,1,10,0.364,0
1.09,1,8569.0,1061.0,1,0,10,0.016,1
1.01,1,195.0,95.0,0,1,12,0.001,0
0.16,1,203.0,3917.0,0,0,12,0.001,0
0.31,0,2502.0,2711.0,0,1,16,0.003,0
1.84,0,1936.0,1440.0,0,0,14,0.054,0
0.12,2,273.0,3900.0,0,1,12,0.204,0
0.97,0,304.0,12646.0,0,1,14,0.002,0
2.01,1,7760.0,78.0,0,1,18,0.0,0
5.43,2,1893.0,692.0,0,1,20,0.106,0
0.95,0,526.0,1225.0,0,1,10,0.19,0
1.06,0,1977.0,7551.0,0,0,17,0.074,0
0.31,0,753.0,2709.0,0,1,17,0.018,0
0.5,0,5644.0,5823.0,0,1,10,0.016,0
2.34,1,301.0,3039.0,0,1,18,0.004,0
0.91,1,348.0,940.0,0,1,10,0.002,0
2.08,0,931.0,1880.0,0,1,15,0.003,0
0.35,0,7000.0,729.0,0,1,10,0.017,0
4.91,0,2614.0,7441.0,0,1,15,0.0,0
0.09,0,149.0,119.0,0,0,10,0.56,0
0.41,0,12307.0,2700.0,0,1,9,0.049,0
2.55,0,8897.0,2898.0,0,1,21,0.032,0
0.85,0,1674.0,289.0,0,0,13,0.217,0
3.7,0,1451.0,4169.0,0,0,12,0.256,0
0.53,0,374.0,1121.0,0,1,15,0.244,0
2.28,0,360.0,4369.0,0,1,14,0.103,0
5.06,0,116.0,1065.0,0,1,14,0.002,0
7.66,0,1203.0,685.0,0,1,11,0.001,0
2.59,0,1272.0,1554.0,0,0,11,0.0,0
2.32,0,6720.0,1407.0,0,1,14,0.024,0
1.43,1,1669.0,1958.0,0,1,9,0.013,0
0.59,1,2339.0,3198.0,0,1,11,0.151,0
1.17,1,1288.0,6150.0,0,1,12,0.001,0
0.68,0,1199.0,12899.0,2,0,13,0.105,1
1.63,0,1814.0,747.0,0,1,9,0.131,0
1.11,0,1391.0,3257.0,0,0,15,0.082,0
0.34,1,1888.0,1832.0,0,0,8,0.0,0
2.31,0,511.0,7379.0,0,1,18,0.2,0
0.24,0,1100.0,5855.0,0,1,11,0.048,0
2.89,0,3476.0,732.0,0,0,15,0.054,0
3.54,1,1441.0,4261.0,0,1,12,0.542,0
0.17,0,5880.0,4049.0,0,1,11,0.014,0
0.32,0,2987.0,9611.0,0,0,13,0.004,0
2.23,1,814.0,2225.0,0,1,9,0.039,0
1.23,1,3021.0,7658.0,0,0,17,0.004,0
0.42,0,967.0,2200.0,0,1,7,0.063,0
1.58,1,1742.0,610.0,0,0,17,0.007,0
0.98,0,394.0,661.0,0,1,13,0.019,0
3.8,0,713.0,2186.0,0,1,10,0.181,0
2.34,1,2647.0,198.0,0,0,10,0.105,0
0.01,0,38.0,5726.0,0,0,14,0.119,0
1.57,1,4067.0,1156.0,0,1,12,0.055,0
2.68,0,2261.0,1817.0,0,1,18,0.066,0
1.08,0,4532.0,3939.0,0,0,10,0.214,0
3.64,2,1529.0,583.0,0,1,9,0.043,0
2.61,1,3084.0,1133.0,0,1,11,0.056,0
0.19,0,897.0,3516.0,0,1,13,0.196,0
0.25,0,69.0,3818.0,0,0,10,0.061,0
4.01,0,5849.0,3170.0,0,1,14,0.057,0
2.92,0,619.0,16308.0,0,1,8,0.065,0
1.96,0,307.0,3528.0,0,1,11,0.016,0
1.21,0,591.0,6102.0,0,1,14,0.179,0
5.62,0,1665.0,131.0,0,1,8,0.269,0
0.37,1,329.0,5948.0,3,0,12,0.282,0
3.09,0,160.0,392.0,0,1,13,0.006,0
0.07,0,2712.0,4883.0,0,1,13,0.079,0
0.76,0,4644.0,654.0,0,1,9,0.068,0
3.96,0,5529.0,8342.0,1,0,6,0.271,1
0.51,2,1138.0,6227.0,0,1,12,0.038,0
0.84,0,1936.0,8132.0,0,0,13,0.021,0
1.12,0,665.0,1337.0,0,1,11,0.072,0
2.03,0,2440.0,10059.0,0,1,19,0.076,0
4.52,2,1732.0,6830.0,0,1,16,0.37,0
0.39,0,1442.0,6526.0,0,1,14,0.07,0
1.09,0,722.0,6402.0,0,1,14,0.407,0
1.17,1,2009.0,13853.0,0,1,14,0.197,0
1.03,0,2042.0,2151.0,0,1,24,0.074,0
2.48,0,3781.0,889.0,0,0,16,0.005,0
4.31,0,8606.0,5571.0,1,0,8,0.0,0
2.83,0,894.0,5231.0,0,0,11,0.208,0
1.94,0,7481.0,3429.0,0,1,13,0.302,0
0.17,0,5644.0,1863.0,0,1,17,0.214,0
1.07,0,272.0,5872.0,0,0,14,0.162,0
2.38,0,103.0,6174.0,0,1,17,0.01,0
1.8,0,1197.0,6664.0,0,1,10,0.007,0
2.25,0,742.0,483.0,0,0,10,0.001,0
0.26,2,2343.0,2255.0,0,1,8,0.01,0
0.17,2,4854.0,3320.0,0,0,9,0.007,0
0.03,0,160.0,1876.0,0,1,11,0.097,0
5.2,0,4105.0,281.0,0,1,11,0.006,0
3.64,1,1251.0,1144.0,0,1,12,0.038,0
0.28,0,1620.0,11518.0,0,1,9,0.039,0
1.42,1,13805.0,4235.0,0,0,12,0.204,0
2.18,0,825.0,3436.0,0,1,12,0.02,0
0.88,0,1044.0,5272.0,0,0,10,0.293,0
1.43,0,437.0,2814.0,0,1,10,0.018,0
0.08,0,622.0,1062.0,0,1,12,0.066,0
5.18,0,3377.0,10265.0,0,1,10,0.008,0
0.62,0,644.0,7396.0,0,1,12,0.005,0
0.22,0,1682.0,2958.0,0,0,17,0.051,0
0.01,0,1940.0,1932.0,0,0,8,0.057,0
1.59,0,3280.0,274.0,0,1,9,0.238,0
0.33,0,6652.0,826.0,0,1,12,0.635,0
1.33,0,3032.0,8159.0,0,0,9,0.082,0
3.41,0,3438.0,4535.0,0,1,14,0.012,0
1.79,0,2099.0,9596.0,0,1,12,0.354,0
0.14,0,2892.0,11468.0,0,1,15,0.075,0
0.15,0,638.0,1120.0,0,1,11,0.083,0
2.28,0,3583.0,4398.0,0,1,11,0.469,0
2.0,0,2358.0,2910.0,0,1,14,0.192,0
2.3,1,2177.0,6181.0,0,1,10,0.032,0
7.8,0,503.0,872.0,0,1,10,0.027,0
1.19,0,270.0,3370.0,0,1,8,0.028,0
3.22,0,627.0,838.0,0,1,11,0.082,0
2.55,0,834.0,1317.0,0,1,21,0.201,0
0.11,2,10709.0,741.0,0,1,9,0.033,0
1.96,2,1089.0,670.0,0,0,10,0.126,0
0.87,0,246.0,2103.0,0,1,12,0.05,0
1.05,0,5264.0,9663.0,0,1,10,0.0,0
0.68,0,1103.0,1651.0,0,1,12,0.09,0
1.86,2,1385.0,105.0,0,1,12,0.121,0
0.48,0,3920.0,2701.0,0,0,13,0.051,0
3.68,2,368.0,4963.0,0,0,8,0.111,0
1.1,1,5227.0,574.0,0,1,15,0.288,0
0.95,0,2068.0,1105.0,1,0,5,0.534,1
1.09,0,7580.0,1218.0,1,0,8,0.016,1
0.24,0,3115.0,4821.0,0,0,11,0.059,0
0.49,2,1111.0,3806.0,0,1,16,0.17,0
2.5,1,465.0,8576.0,0,1,19,0.351,0
0.05,0,2758.0,4917.0,0,1,15,0.0,0
1.24,1,2216.0,3467.0,0,0,15,0.0,0
0.11,0,5385.0,5047.0,0,0,15,0.042,0
0.08,0,8797.0,5525.0,1,0,15,0.01,1
0.04,1,347.0,9705.0,0,1,14,0.222,0
0.2,0,1926.0,7406.0,0,0,11,0.002,0
1.25,2,2800.0,165.0,0,1,9,0.212,0
0.3,0,2405.0,12285.0,0,1,12,0.003,0
0.88,0,2050.0,9405.0,0,1,11,0.021,0
0.17,0,236.0,3915.0,0,1,9,0.001,0
0.43,0,1412.0,9405.0,0,1,11,0.002,0
2.22,1,1019.0,1085.0,0,1,13,0.327,0
0.3,0,4492.0,2183.0,0,1,11,0.648,1
1.7,0,3113.0,5162.0,0,1,21,0.234,0
5.38,0,558.0,593.0,0,1,19,0.005,0
0.41,0,7167.0,4346.0,0,0,11,0.031,0
2.81,0,3393.0,95.0,0,0,14,0.002,0
0.92,1,1611.0,1215.0,0,1,16,0.026,0
0.42,2,2327.0,11561.0,0,1,14,0.02,0
1.38,0,1107.0,202.0,0,1,12,0.088,0
2.09,1,973.0,4485.0,0,0,15,0.052,0
0.28,0,3675.0,2293.0,0,1,14,0.024,0
0.91,0,2808.0,1784.0,0,1,12,0.171,0
1.42,0,1392.0,2935.0,0,1,15,0.207,0
0.36,0,1660.0,3671.0,0,1,13,0.003,0
3.63,0,1379.0,7226.0,0,1,14,0.054,0
1.46,1,6248.0,1655.0,0,1,15,0.074,0
0.06,0,2456.0,5498.0,0,1,12,0.019,0
1.57,0,656.0,3715.0,0,1,13,0.002,0
