temperature_c,humidity_pct,wind_speed_kmh,hour_of_day,is_weekend,lag_1h_load_mw,lag_24h_load_mw,industrial_activity_idx,grid_load_mw
23.4,53.3,2.5,9,0,3272.6,3540.1,0.95,3786.6
21.1,60.8,21.6,21,0,3361.6,2868.7,0.88,2972.2
26.3,61.7,16.6,12,1,4485.3,4595.9,0.41,4109.7
11.2,79.8,9.0,5,0,2349.3,2895.0,0.95,3104.5
22.8,55.9,14.5,10,1,3822.7,4110.3,0.31,3553.9
23.4,47.7,13.3,12,1,4441.2,4732.4,0.43,3820.9
15.6,69.0,25.7,1,1,2142.8,2330.2,0.4,2191.6
12.4,81.6,6.3,0,0,2584.3,2461.0,0.81,2607.4
28.0,48.3,6.3,11,0,3858.2,4209.8,1.0,4540.7
23.5,56.8,11.0,12,0,4215.2,4503.7,0.9,4238.4
26.9,45.6,20.0,15,0,4489.1,4491.9,0.86,4401.5
17.2,77.7,25.8,4,0,2960.9,2910.8,0.96,2713.1
28.9,60.9,14.8,12,0,4397.5,4723.6,0.88,4723.6
29.3,57.2,15.1,13,0,4586.3,4248.0,1.02,4662.1
21.3,62.2,11.3,10,1,3740.0,4031.4,0.34,3567.6
23.7,64.1,13.5,8,0,3246.8,3244.9,0.91,3705.7
17.9,85.1,12.6,6,0,2844.3,3268.4,1.01,3194.3
29.7,65.2,23.7,12,1,4123.9,4430.1,0.39,4474.5
26.5,57.5,10.9,19,1,3794.5,3441.6,0.24,3074.5
20.4,84.7,20.2,2,0,2162.1,2794.7,0.83,2439.0
22.9,50.9,18.1,19,1,3680.0,3355.1,0.35,2978.2
7.4,91.9,12.6,1,0,2428.6,2146.8,0.93,2962.4
29.9,48.7,9.6,17,0,4101.1,4108.1,0.93,4323.3
19.4,58.4,17.8,9,0,3314.7,3776.5,0.9,3778.0
16.2,72.5,13.7,7,0,3083.4,3303.8,0.9,3281.6
22.0,62.8,8.1,20,0,3804.6,3079.9,0.93,3117.1
27.8,69.9,16.7,18,0,4051.0,3908.0,0.94,3968.3
32.4,50.5,27.0,15,0,4735.9,4208.2,0.89,4860.9
23.1,68.4,26.3,7,1,2770.1,3008.6,0.37,3163.1
13.7,74.4,16.0,1,0,2604.9,2610.9,0.98,2568.8
17.2,73.7,22.1,6,0,2900.7,3300.2,0.88,3071.1
20.9,50.6,14.8,10,0,3405.5,4057.3,0.89,3957.3
26.9,53.3,13.1,16,1,4555.7,4104.5,0.31,3931.7
30.8,44.6,19.7,16,0,4849.6,4906.7,0.9,4462.1
19.1,77.1,4.5,23,0,2723.4,2520.6,0.87,2505.9
26.1,54.7,11.7,11,0,4200.8,4197.2,0.87,4360.4
25.6,61.1,15.8,20,0,3347.0,2765.3,0.81,3227.6
17.6,59.7,9.8,8,0,3091.6,3255.0,0.87,3635.9
16.4,62.6,13.1,8,0,3370.0,3477.8,0.94,3597.3
20.0,64.2,19.3,5,1,2685.9,2587.9,0.37,2555.5
23.5,59.0,14.1,22,0,2583.8,2763.4,0.99,2720.5
23.5,42.4,15.1,20,0,3178.9,3361.6,0.87,3053.4
25.3,46.2,18.1,11,0,4170.6,4241.9,0.93,4310.8
29.7,33.4,26.3,18,1,3802.6,3938.3,0.39,3754.0
19.2,70.9,15.5,0,0,2338.2,2164.6,0.95,2574.3
22.1,39.5,24.1,20,1,3856.8,2958.9,0.43,2765.3
17.4,87.8,2.3,2,0,2263.5,2506.8,0.89,2445.3
20.9,57.8,11.0,10,0,3897.1,3858.2,0.92,3978.6
24.8,44.5,12.1,12,1,4414.7,4646.6,0.4,3869.3
26.9,45.7,11.9,15,0,4301.8,4577.2,0.82,4330.8
15.8,75.8,9.7,0,0,2557.1,2468.6,0.83,2421.0
25.8,40.6,5.7,20,0,3548.6,3081.0,0.97,3316.7
27.2,55.9,16.4,20,0,3713.1,3090.8,0.86,3337.1
14.4,87.8,11.1,4,0,2611.6,2835.1,0.91,2725.5
16.1,72.5,12.0,7,1,2715.4,3006.2,0.41,3065.1
27.9,45.7,1.7,12,0,4056.7,4681.4,0.86,4503.8
19.7,80.8,11.8,1,0,2491.7,2536.5,0.95,2559.3
20.5,70.5,21.7,22,1,2917.3,2971.9,0.44,2369.7
23.0,49.5,10.0,18,0,3620.4,3828.8,0.87,3566.3
16.4,70.7,23.2,8,1,2976.0,3557.6,0.4,3188.5
10.9,69.2,23.7,5,1,3002.1,2895.7,0.4,2910.9
30.7,39.1,17.8,13,0,4592.6,4706.3,0.93,4824.6
15.2,71.2,16.2,23,0,2698.2,2563.4,0.91,2474.4
30.1,50.4,16.2,18,0,4625.3,3651.5,0.92,4082.4
35.1,59.4,15.4,11,0,3968.4,4043.9,0.88,5104.1
25.1,42.1,22.3,11,0,4027.9,4105.2,0.88,4230.2
13.2,69.0,20.5,0,0,2560.6,2428.6,0.84,2539.8
32.9,46.9,12.2,14,0,4324.4,4407.3,0.91,5005.4
25.0,40.4,13.4,18,0,4115.1,4101.6,0.84,3633.7
15.0,74.0,18.8,2,0,2610.9,2218.9,0.99,2506.9
14.0,73.4,8.8,4,0,2482.0,2282.4,0.82,2752.6
28.5,48.5,18.7,12,1,4092.6,3847.6,0.44,4233.0
25.4,56.8,20.7,12,1,4040.4,3820.9,0.46,4107.7
25.1,45.0,15.6,20,1,3542.3,3065.8,0.33,2899.2
30.3,44.3,15.3,17,0,4422.1,3855.6,0.88,4214.4
32.2,45.8,14.7,15,1,4394.1,4863.5,0.33,4396.9
16.8,50.8,2.6,22,1,2567.9,2677.9,0.41,2404.7
17.3,69.0,15.7,1,1,2689.8,2245.0,0.46,2181.1
28.2,63.0,10.3,14,0,4608.8,4460.8,0.9,4451.7
18.7,64.3,7.5,7,1,3073.0,3281.6,0.34,3067.4
27.3,57.1,18.5,12,0,4518.7,4197.4,0.94,4495.9
17.5,67.2,5.0,23,1,2772.2,2522.6,0.36,2160.7
20.1,61.5,10.7,9,0,3337.4,3815.7,0.86,3811.0
15.4,79.6,12.0,0,1,2560.9,2227.4,0.34,2177.1
30.6,53.0,21.1,14,1,4381.6,4245.3,0.39,4491.6
23.6,49.9,14.9,10,0,3476.2,3876.7,0.92,4063.3
14.8,69.2,19.7,22,1,2864.5,2342.9,0.39,2417.5
25.3,61.8,11.5,10,0,3739.5,3949.7,0.78,3980.0
27.5,31.6,10.3,15,0,4814.9,4066.0,0.86,4387.9
9.8,72.6,16.2,5,0,2706.2,2819.9,0.9,3206.6
28.8,48.9,5.5,17,0,4699.4,4672.0,0.94,4238.5
29.7,34.0,21.8,16,0,4404.9,4272.7,0.92,4473.7
15.7,75.0,3.4,6,0,2585.6,2959.0,0.82,2990.6
13.1,77.0,18.9,1,0,2392.6,2608.6,0.9,2592.4
28.1,46.3,7.3,13,0,4226.7,4697.4,0.94,4593.0
29.6,36.4,21.9,16,0,4749.6,4323.4,0.97,4438.3
16.6,53.8,9.0,9,0,3597.3,3481.7,0.87,3795.5
26.1,67.1,16.5,8,0,3063.0,3465.3,0.88,3803.3
28.0,43.9,11.1,17,0,4019.8,4168.3,1.0,4155.5
11.5,70.8,7.6,7,0,2730.5,2948.9,0.88,3508.3
24.8,54.5,15.1,10,0,3809.2,3679.2,0.87,4004.3
20.1,62.1,9.7,6,0,2800.1,3120.0,0.93,3130.5
8.9,63.6,26.3,2,1,2134.2,2309.5,0.4,2591.2
28.8,45.9,6.9,18,0,4357.7,4009.5,0.78,3787.9
30.2,41.1,14.4,15,0,4740.1,4611.0,0.89,4633.1
12.2,54.5,11.9,1,0,2455.8,2402.1,0.94,2616.6
16.5,93.5,8.8,1,0,2504.7,2091.8,0.89,2386.5
34.1,55.9,15.0,13,0,4516.0,3967.4,0.87,5153.8
19.6,71.1,22.3,23,0,2452.6,2443.7,0.9,2582.3
29.0,33.8,3.4,16,0,4862.0,3931.7,0.85,4401.9
29.7,56.5,14.0,20,1,3610.8,3163.9,0.44,3251.9
23.8,45.7,1.5,10,0,3942.2,3642.5,0.91,3894.8
14.8,54.2,13.4,6,0,3206.6,3121.5,1.03,3178.6
14.0,68.8,11.3,4,0,2748.2,2581.4,0.91,2807.3
24.6,40.9,14.3,13,0,4238.4,4756.0,0.91,4263.2
8.3,71.0,15.2,5,0,2462.1,2900.8,0.86,3336.3
22.1,57.8,19.5,1,0,2224.9,2570.4,0.96,2456.0
15.1,87.0,11.7,4,1,2623.0,2706.2,0.44,2483.0
26.0,37.5,2.1,18,1,3805.0,3273.2,0.34,3339.6
16.4,63.0,11.5,6,0,2892.3,3059.4,0.84,3025.7
18.8,67.5,16.3,5,0,2797.7,3212.0,0.75,2820.3
13.5,83.0,7.3,4,0,2578.1,2735.9,0.94,2836.5
23.9,53.5,19.1,20,1,3181.8,3279.7,0.36,2848.8
20.3,79.0,15.9,22,0,3026.7,2460.4,0.86,2729.0
18.4,72.3,10.0,0,0,2596.5,2421.0,0.88,2399.0
29.0,43.9,0.9,15,0,4753.6,5015.0,0.94,4611.7
27.2,47.2,14.8,15,1,4647.3,4301.3,0.38,4060.2
22.4,67.0,10.1,22,0,2902.3,2426.9,0.89,2660.6
18.4,66.0,18.7,23,1,2743.2,2581.4,0.35,2249.8
30.9,46.4,10.9,15,1,4792.7,4687.8,0.38,4431.2
11.7,81.9,3.6,3,0,2439.1,2724.3,0.96,2895.7
18.6,79.6,18.0,5,0,2438.3,2864.9,0.88,2936.7
25.0,53.9,9.4,22,0,2636.2,2767.3,0.93,2849.4
35.3,50.6,11.2,15,0,4589.7,4200.9,0.93,5057.3
18.1,74.4,5.7,7,1,3038.2,3332.4,0.36,3009.8
17.3,68.4,3.6,9,1,3548.4,3853.1,0.39,3489.7
16.3,73.1,8.5,1,0,2575.4,2576.5,0.89,2482.3
16.5,74.6,14.5,0,0,2307.9,2168.0,0.94,2527.1
17.1,73.7,13.4,5,0,2906.5,2791.4,0.93,2930.6
29.4,42.6,13.0,13,0,4280.1,4753.5,0.93,4668.3
11.7,92.2,17.1,0,0,2654.5,2498.7,0.9,2607.0
24.2,47.5,5.3,20,0,2941.8,3376.5,0.86,3133.0
25.6,74.2,22.1,20,0,3324.1,2935.3,0.77,3176.8
21.1,62.9,10.3,5,0,2304.0,2859.3,0.92,2892.7
21.4,65.1,17.6,10,0,3739.4,3792.5,0.89,3961.5
13.9,63.7,9.2,1,0,2461.0,2351.7,0.83,2437.1
22.1,63.7,4.5,9,0,3649.8,3836.7,0.84,3769.4
27.5,52.4,22.5,18,0,4460.2,3888.2,0.92,3980.3
30.8,49.9,15.3,11,0,3653.6,4404.9,0.93,4753.0
12.4,93.7,18.8,1,1,2161.1,2412.3,0.4,2309.8
28.4,46.1,1.3,16,0,4390.0,4483.3,0.92,4454.8
11.5,62.9,15.2,1,0,2607.4,2437.1,0.83,2650.8
24.0,60.2,17.3,20,1,3833.0,2886.9,0.37,2753.5
17.4,89.8,18.7,23,0,2473.1,2290.5,0.9,2587.1
21.5,55.3,16.1,12,1,3915.5,4169.0,0.45,3852.8
14.8,68.4,10.7,5,0,2311.5,2555.5,0.96,2927.2
14.5,75.0,4.4,0,0,2542.5,2515.6,0.89,2471.1
29.9,48.0,20.4,17,0,4462.6,3608.7,0.86,4314.4
27.9,41.0,20.5,20,0,3673.0,2828.1,0.88,3392.6
20.9,77.3,16.8,23,0,2409.9,2201.5,0.84,2459.0
15.6,63.4,19.1,21,1,3337.1,2914.6,0.36,2581.2
24.1,70.9,19.6,22,1,2882.4,2781.3,0.39,2380.5
20.5,71.1,0.5,8,0,3288.1,3611.1,0.89,3608.3
20.9,69.4,13.7,23,0,2302.0,2560.6,0.82,2495.1
28.1,50.2,20.4,16,0,4409.0,4438.3,0.96,4330.6
25.8,63.3,8.6,8,0,3299.1,3586.7,0.88,3795.1
24.4,46.3,12.2,19,0,3497.4,3296.0,0.89,3338.6
26.1,47.9,7.8,18,0,4157.1,3992.7,0.89,3649.0
20.7,49.4,5.2,8,0,3379.5,3339.3,0.93,3575.7
15.2,72.4,17.5,0,1,2505.7,2656.0,0.44,2179.7
8.4,61.2,0.9,3,0,2743.5,2675.9,0.96,2979.1
15.4,74.9,3.4,2,0,2688.3,2530.9,0.85,2433.4
21.2,67.3,13.4,10,1,3443.4,4017.1,0.41,3714.9
29.2,51.1,3.9,18,0,3747.7,3720.8,0.97,4099.3
9.5,77.4,17.3,2,0,2382.8,2538.8,0.97,2901.6
30.3,49.3,5.7,17,0,4635.4,4573.9,0.85,4279.3
21.4,61.3,21.2,22,1,2988.5,2302.0,0.45,2455.5
20.0,48.8,9.1,22,1,3216.1,2788.3,0.39,2349.3
20.0,78.4,7.8,6,1,2917.4,3080.1,0.4,2828.9
36.8,43.6,12.0,17,0,4330.6,3916.7,0.77,4813.6
28.0,45.3,23.6,13,0,4107.7,4243.7,0.93,4575.5
26.6,57.1,10.2,20,0,3296.0,3251.4,0.93,3373.9
23.9,61.1,9.8,18,0,4413.3,3792.6,0.93,3589.5
33.2,53.7,9.3,16,1,4863.5,4108.9,0.46,4499.6
16.8,79.9,19.3,1,0,2517.1,2428.3,0.84,2407.2
32.8,58.9,12.9,17,0,3968.1,3787.0,1.01,4619.7
24.9,39.5,19.8,19,0,3624.2,3501.2,0.85,3408.4
12.1,73.7,1.6,1,0,2724.8,2699.4,0.84,2500.8
29.8,56.9,2.1,13,1,4809.1,4860.2,0.35,4381.6
30.1,48.7,10.9,15,0,4766.0,4387.9,0.86,4574.4
11.1,90.9,17.6,3,1,2400.6,2393.3,0.35,2433.2
15.2,76.4,12.5,2,0,2423.7,2501.0,0.8,2462.2
27.8,40.1,23.4,16,0,4343.5,4291.2,0.93,4276.0
24.7,53.7,17.3,20,0,3118.7,3369.3,0.93,3270.8
23.1,49.5,16.8,10,0,3800.7,3980.9,0.9,3979.5
33.7,56.4,14.1,12,1,4301.2,4263.8,0.33,4688.2
24.3,50.7,15.9,10,1,3567.2,4074.0,0.35,3564.3
27.4,47.8,24.7,18,0,4226.4,4080.1,0.91,3838.2
13.7,61.0,9.2,0,1,2567.8,2524.8,0.38,2248.5
30.6,42.7,18.4,12,0,4309.7,4238.4,0.93,4838.3
14.2,90.1,15.4,2,0,2456.1,2280.0,0.84,2486.0
27.1,51.1,18.2,19,1,3359.0,3734.1,0.4,3201.9
24.0,58.6,17.4,20,1,3896.6,3124.7,0.37,2696.5
15.7,63.0,9.3,3,0,2734.2,2599.8,0.9,2598.3
26.8,55.3,8.2,14,1,4715.8,4630.9,0.41,4180.1
24.2,41.1,20.1,15,0,4920.6,4429.7,0.83,4116.0
21.8,53.2,11.3,8,0,3354.0,3697.9,0.85,3561.1
25.2,55.9,10.9,19,0,3631.2,3558.5,0.93,3497.7
25.5,60.2,8.6,19,1,3290.2,3619.3,0.4,3128.4
27.1,46.6,21.3,17,0,4142.1,4249.5,0.82,4062.2
24.8,50.4,23.2,17,1,4560.2,4179.2,0.44,3608.7
28.7,44.7,17.7,15,1,4491.6,4640.2,0.41,4255.2
20.2,59.2,24.4,9,0,3623.6,3841.4,0.93,3817.7
19.5,71.2,13.2,21,0,3512.5,3150.6,0.84,2948.8
27.0,52.2,9.3,18,0,4190.6,3833.4,0.83,3828.8
13.5,73.4,11.8,7,1,3103.9,3264.8,0.36,3106.9
29.2,56.2,17.2,16,0,4212.5,4251.3,0.8,4366.4
16.9,66.5,8.5,23,0,2697.0,2213.0,0.91,2488.3
14.6,78.8,10.9,5,0,2903.4,3123.2,0.89,2897.1
12.1,73.9,15.8,2,0,2245.0,2436.1,0.99,2629.4
26.9,38.6,11.3,10,0,3754.9,3957.1,0.86,4200.8
24.8,55.8,9.2,15,1,4458.5,4350.1,0.34,3864.5
15.0,82.0,20.3,2,1,2541.3,2443.5,0.43,2134.3
27.1,53.1,7.3,18,0,3823.9,4148.9,0.9,3771.6
28.4,59.5,22.5,20,0,3051.8,3363.5,0.87,3522.8
13.8,72.1,22.6,4,0,2265.8,3010.4,0.92,2835.4
25.0,55.7,19.0,20,0,3691.1,3175.4,0.91,3183.9
30.4,61.1,19.7,12,0,4118.9,4777.4,0.95,4837.6
28.8,41.9,13.0,16,0,4564.9,4130.7,0.9,4304.8
29.5,43.8,15.8,19,0,3792.6,3259.4,0.84,3856.8
24.1,60.3,18.0,18,1,4082.2,3771.6,0.4,3301.1
18.7,58.5,22.9,7,0,3256.3,3102.2,0.82,3271.1
18.9,62.3,9.2,21,0,3054.1,2911.3,0.89,2896.7
21.4,55.7,1.2,21,0,3081.8,3172.0,0.8,2813.3
11.5,59.5,14.4,4,1,2555.8,2806.6,0.47,2624.4
32.5,57.6,5.7,11,0,4023.3,4097.5,0.92,4834.9
28.2,50.0,7.8,21,0,3103.0,2739.6,0.8,3173.5
15.1,88.4,15.9,2,0,2500.8,2839.9,0.9,2441.5
16.7,60.8,10.0,1,1,2468.6,2643.8,0.38,2134.0
21.4,60.3,7.2,19,0,3980.3,3556.0,0.86,3287.6
21.5,45.9,19.6,20,1,3052.8,2838.8,0.37,2730.3
29.1,50.4,19.2,11,0,3946.4,4299.9,0.91,4465.7
25.4,45.6,13.4,19,0,3203.9,3268.3,0.91,3412.2
19.5,64.5,17.2,22,0,2588.6,2427.8,0.89,2743.6
21.7,66.9,7.8,7,0,3147.2,3006.8,1.01,3476.4
26.1,65.9,12.9,11,0,4003.5,4718.1,0.88,4244.9
25.1,51.3,17.4,19,0,3926.2,3464.7,0.96,3441.6
19.7,48.2,16.6,19,0,3720.8,3474.7,0.83,3333.2
18.4,59.8,16.4,23,0,2699.9,2587.2,0.89,2566.1
23.2,58.4,15.4,8,0,3426.3,3537.9,0.97,3697.9
28.1,47.9,14.8,17,1,4396.1,4416.9,0.47,3966.1
28.6,33.4,4.9,16,0,4667.3,4337.9,0.86,4328.0
15.0,73.7,2.4,6,1,3031.6,3216.6,0.43,2727.8
10.7,73.2,6.9,1,0,2426.4,2143.3,0.87,2688.3
30.1,47.8,13.3,16,1,4653.9,4422.9,0.39,4234.0
27.5,39.9,16.8,14,0,3939.9,4622.7,0.87,4519.0
15.2,85.1,20.1,5,0,3024.1,2859.9,0.9,2948.7
17.9,64.5,19.1,21,1,3091.6,3209.9,0.37,2581.0
24.1,56.2,13.5,18,0,4323.3,3526.8,0.95,3712.5
12.7,73.6,18.1,1,1,2244.8,2458.3,0.43,2301.5
31.0,53.5,28.4,13,0,4501.4,3918.2,0.99,4890.3
37.4,49.8,5.3,13,0,4126.4,4644.8,0.75,5263.8
29.6,39.4,1.4,12,0,3799.0,4565.8,0.81,4729.2
28.9,54.8,7.8,19,0,3542.0,3652.7,0.88,3804.6
13.0,71.0,15.5,0,1,2550.6,2148.1,0.41,2280.3
19.0,50.9,3.0,10,1,3778.5,4201.7,0.38,3602.5
10.5,64.9,22.4,4,0,2410.9,2483.0,0.88,2910.8
27.8,54.0,13.6,19,0,4060.3,3695.4,0.88,3555.8
11.2,52.5,12.8,8,0,3226.1,3535.4,0.98,3856.6
16.2,70.9,11.7,9,0,3332.6,3527.7,0.87,3762.4
31.8,44.4,12.4,17,0,4314.1,3966.1,0.82,4445.6
29.4,29.8,14.9,13,0,4499.1,4631.9,0.99,4753.1
34.7,49.0,16.7,14,1,4530.8,4925.3,0.43,4820.2
20.7,57.4,5.3,8,0,3343.3,3189.0,0.86,3502.5
16.5,84.8,16.4,4,1,2604.2,3001.1,0.36,2396.1
26.5,48.6,16.7,16,0,4377.6,4273.4,0.89,4311.0
12.9,68.7,23.1,5,0,2692.5,2586.7,0.91,3048.8
25.4,50.1,17.4,19,0,3828.8,3789.6,0.86,3472.7
31.9,43.6,26.9,17,0,4122.0,4520.3,0.88,4530.8
26.9,54.7,8.0,11,0,3892.0,3815.0,0.95,4381.8
13.7,80.1,6.3,4,0,2509.4,2809.3,0.91,2851.2
17.7,65.1,13.5,22,0,2906.5,2412.0,0.88,2669.1
13.1,65.4,10.0,4,1,2396.2,2713.1,0.33,2544.8
30.4,54.9,17.4,16,0,4296.6,4269.8,0.85,4525.5
28.2,55.2,19.9,10,1,3835.9,3957.3,0.36,3996.2
22.0,74.2,0.9,21,0,3072.0,2611.2,0.86,2847.7
11.1,57.9,20.3,2,0,2370.9,2632.3,0.8,2677.5
13.3,71.8,15.6,3,0,2290.3,2607.3,0.9,2655.4
26.7,67.7,14.6,19,0,3814.9,3657.8,0.92,3578.0
22.5,59.2,13.8,10,0,3815.7,4038.7,0.88,3874.9
33.5,41.8,7.4,16,0,4485.5,4177.1,0.94,4866.9
26.2,39.3,23.8,17,0,4273.4,4302.1,0.87,3968.4
19.0,70.3,11.6,7,0,2729.1,3087.4,0.9,3363.2
16.7,68.9,5.3,0,0,2679.9,2127.5,0.84,2426.4
15.3,74.7,17.0,22,0,2895.4,2674.8,0.97,2778.9
26.2,54.4,18.1,12,0,3997.0,4245.5,0.88,4358.7
15.5,79.9,25.0,4,0,2369.8,2657.3,0.9,2785.4
23.7,56.5,12.9,19,0,4032.9,3205.8,0.86,3341.4
29.8,38.2,15.3,14,1,4831.1,4771.6,0.36,4384.8
27.6,44.7,11.3,12,0,4181.2,4308.7,0.87,4525.4
26.1,64.9,20.3,16,0,4005.6,3912.1,0.88,4177.1
20.3,52.0,12.3,22,1,2593.6,2664.2,0.34,2476.7
19.8,69.8,14.1,1,1,2515.6,2423.7,0.33,2126.7
29.3,66.1,12.4,18,0,4060.1,4148.2,0.94,4113.6
25.4,58.3,3.1,12,0,4181.2,4729.3,0.88,4378.0
11.0,60.2,20.5,6,1,3133.2,3070.1,0.43,3099.4
26.0,43.7,9.1,17,0,4350.6,4527.9,1.01,4060.1
17.0,72.1,3.9,6,0,2819.9,3121.5,0.94,3121.5
21.3,51.8,10.7,20,1,3043.1,2730.3,0.34,2789.7
17.9,62.8,20.1,7,0,3214.1,3289.6,0.93,3417.4
24.3,62.1,14.2,21,0,3363.5,2663.2,0.9,2916.0
23.6,60.3,3.9,19,0,3651.9,3094.1,0.9,3304.2
14.6,69.2,13.8,23,0,2359.4,2612.9,0.88,2654.5
23.3,52.7,19.2,21,1,3160.4,2831.1,0.39,2573.3
10.6,71.2,5.4,2,0,2624.0,2684.9,0.92,2707.9
15.4,75.6,12.8,4,0,2592.0,2382.2,0.89,2692.5
18.8,74.4,16.8,7,0,3037.9,3355.1,0.99,3399.3
15.5,77.5,1.1,3,0,2901.6,2301.2,0.89,2539.0
17.3,79.9,9.0,23,0,2745.5,2550.6,0.85,2610.1
23.4,69.8,12.4,9,1,3625.2,3979.4,0.46,3493.4
20.5,51.5,14.8,9,0,3678.8,3835.7,0.92,3824.4
25.7,46.5,4.2,18,0,4119.9,4226.6,0.82,3631.2
14.6,65.1,8.0,2,0,2146.8,2440.0,0.98,2481.2
28.2,61.4,22.1,9,0,3587.6,3749.0,0.83,4164.7
21.0,56.3,10.7,9,1,3364.3,3711.5,0.41,3537.1
35.0,32.1,11.2,14,0,4753.5,4966.1,0.97,5186.6
11.8,66.9,9.6,3,0,2387.5,2876.1,0.97,2790.5
24.0,54.6,15.6,19,0,3807.9,3110.1,0.91,3334.9
20.4,59.8,0.6,7,1,3159.5,3594.4,0.38,2960.0
13.2,62.3,4.4,2,0,2456.0,2578.0,0.9,2528.6
13.7,71.6,1.1,5,1,2664.6,2997.9,0.4,2641.5
22.9,57.1,5.9,21,1,3238.6,3173.5,0.47,2714.9
13.7,81.5,8.4,6,0,3123.2,3109.0,0.87,3229.8
33.3,46.1,13.0,14,0,4459.3,4753.6,0.91,5024.5
25.9,40.0,11.1,19,0,3992.7,3392.3,0.82,3359.0
20.9,47.1,10.3,21,0,3217.1,2599.3,0.9,2827.2
24.6,53.8,29.4,15,0,4384.8,4494.9,0.9,4212.5
30.3,50.7,14.8,15,0,5131.0,4034.7,0.89,4695.8
23.7,57.1,10.1,10,0,3766.9,3981.5,0.93,4038.7
25.1,66.3,17.7,9,0,3648.9,3821.4,0.94,3989.2
18.1,68.9,13.1,0,1,2620.8,2479.8,0.42,2192.1
30.4,50.9,18.0,17,0,4454.8,4375.6,0.9,4338.8
17.4,75.7,6.3,7,1,3082.5,3288.5,0.35,3136.1
22.1,67.8,21.2,9,1,3560.9,3590.9,0.42,3504.4
26.2,58.8,9.7,19,0,3412.8,3664.7,0.86,3550.7
23.0,64.6,9.6,8,0,3309.7,3527.8,0.9,3475.5
31.3,51.2,15.3,17,1,4533.0,3893.5,0.43,4110.7
11.0,81.2,1.0,2,0,2509.3,2507.1,0.92,2748.5
32.2,50.8,22.9,18,0,4015.5,3982.4,0.87,4262.5
29.2,51.2,7.8,16,1,4428.9,4067.5,0.41,4108.9
9.2,85.4,16.8,4,0,2657.9,2677.8,0.94,3010.4
12.9,70.3,7.0,4,0,2471.7,2765.0,0.87,2942.4
31.3,42.9,16.5,19,0,4022.3,3388.6,0.9,3977.1
13.6,68.7,5.4,3,1,2620.0,2420.9,0.4,2388.2
28.5,42.3,9.3,17,0,5048.7,3874.9,0.91,4222.1
16.7,84.2,9.3,1,0,2464.3,2482.3,0.85,2426.1
23.8,44.6,14.8,11,0,3863.7,4198.0,0.88,4064.7
20.1,68.8,19.5,22,0,3115.5,2696.6,0.87,2716.9
17.7,79.6,11.3,23,0,2452.1,2277.0,0.85,2426.1
13.9,78.9,12.5,6,0,2929.5,3260.8,0.85,3185.6
19.6,53.5,5.2,21,1,3174.6,2716.9,0.44,2739.6
25.2,37.2,21.4,13,0,4021.1,4787.6,0.94,4336.4
26.1,40.1,13.4,11,0,3957.3,4078.4,0.93,4268.2
19.7,69.1,13.4,8,0,3091.7,3567.3,0.83,3559.8
17.1,88.5,15.1,3,0,2225.6,2788.7,0.86,2510.3
21.5,53.6,7.7,21,0,3416.3,2962.3,0.94,2922.4
25.0,61.2,10.6,20,0,3662.9,2881.0,0.91,3235.3
23.7,67.4,12.8,21,0,3150.4,2887.8,0.98,2945.6
22.8,41.4,24.8,10,0,3812.9,4328.9,0.89,4037.1
29.8,44.9,15.9,16,0,4854.5,4660.9,0.88,4410.7
13.7,75.6,18.3,3,0,2432.2,2433.2,0.77,2586.4
24.2,68.5,1.4,22,0,2854.9,2630.5,0.83,2691.2
21.5,67.3,16.7,22,0,2737.3,2626.3,0.98,2780.4
13.9,78.1,19.3,4,1,2724.3,2633.2,0.39,2367.9
12.4,64.2,6.8,5,0,2785.4,2841.8,0.96,3073.9
29.4,23.7,17.7,15,0,4793.6,4051.0,0.91,4569.7
14.0,72.1,17.5,0,0,2643.9,2428.3,1.01,2656.0
29.4,55.2,15.2,19,0,3633.7,3417.4,0.91,3855.3
29.6,40.9,12.6,16,0,4903.3,4203.8,0.88,4413.4
23.3,62.1,10.4,8,0,2966.2,3364.3,0.83,3510.9
13.4,78.9,26.8,6,0,2887.2,2823.5,0.93,3256.3
15.9,89.2,10.3,2,1,2642.6,2120.6,0.45,2192.0
29.2,38.5,8.2,15,0,4743.4,4405.5,0.97,4749.6
16.5,80.1,18.2,3,0,2203.6,2840.8,0.93,2569.9
28.4,49.2,9.3,17,0,4674.5,3932.5,0.92,4173.4
31.7,49.9,15.9,12,0,4753.0,5151.5,0.8,4822.7
19.2,70.4,13.4,6,0,2941.6,3267.5,0.89,3079.6
24.0,39.0,7.8,16,0,4280.6,4304.8,0.92,4050.2
15.1,68.8,5.8,23,1,2678.1,2560.0,0.31,2204.5
30.1,42.0,14.3,17,1,4025.7,3865.2,0.37,4027.5
14.0,74.4,16.4,3,0,2684.9,2552.6,0.9,2604.2
17.9,62.9,12.9,5,1,2917.8,3260.2,0.42,2583.8
26.4,43.9,19.5,13,0,4347.6,4701.7,0.88,4453.9
22.3,51.5,11.1,13,0,4881.6,4226.4,0.9,4277.0
28.6,37.7,6.9,13,1,3879.3,4378.0,0.44,4306.8
17.9,70.7,14.1,8,0,3069.8,3572.6,0.94,3563.5
22.1,52.0,6.3,8,0,2977.8,3608.3,0.86,3570.4
11.3,69.2,14.8,2,0,2559.3,2610.7,0.97,2792.3
30.1,48.8,13.4,13,1,4361.3,4967.8,0.41,4482.3
27.3,50.2,18.9,14,0,4866.9,4556.3,0.9,4501.5
16.4,74.9,15.3,0,0,2479.6,2526.8,0.89,2491.7
14.3,70.6,24.9,4,1,2299.0,2606.9,0.32,2445.7
15.9,47.7,7.1,21,0,2811.9,2588.6,0.98,2998.2
25.5,41.3,15.4,11,0,3961.5,4174.8,0.92,4215.2
28.5,47.1,17.4,19,0,3587.4,3281.3,0.91,3695.4
32.3,47.7,9.2,17,0,4881.4,4323.3,0.89,4492.2
26.2,73.7,21.5,20,0,3472.7,2829.7,0.91,3363.5
28.9,46.3,8.6,11,0,4000.1,4310.8,0.86,4558.5
22.1,55.0,8.8,0,0,2593.3,2424.6,0.94,2468.6
27.1,44.4,23.8,13,1,4642.3,4753.1,0.34,4179.7
18.9,57.1,11.7,22,0,2953.8,2746.8,0.87,2644.1
13.9,76.1,13.3,2,0,2141.9,2388.3,0.81,2567.8
13.4,64.9,26.5,7,0,2793.3,3269.0,0.9,3425.5
28.1,46.0,20.0,13,1,4669.6,4575.5,0.35,4248.0
13.8,56.6,22.4,7,0,3120.0,3304.9,0.79,3426.3
16.8,69.4,11.7,5,0,2689.5,2837.6,0.98,2953.4
21.4,53.3,10.7,9,0,3516.1,3833.4,0.87,3703.2
29.9,51.1,7.2,17,0,4406.9,4146.6,0.87,4358.3
18.3,72.0,11.5,6,0,2885.4,3121.8,0.89,3114.3
14.9,79.3,19.8,4,0,2519.9,2636.5,0.96,2666.0
13.2,76.5,8.5,7,0,3187.0,3110.4,0.82,3400.7
20.0,70.0,13.9,21,1,3227.6,2587.5,0.35,2545.5
12.3,95.0,6.5,2,0,2134.0,2591.2,0.9,2632.6
23.2,59.5,12.7,8,0,3328.3,3633.9,0.9,3534.0
15.9,55.5,17.9,7,0,3071.8,2990.8,0.93,3309.7
21.3,45.2,21.5,19,0,3813.7,3931.4,0.95,3417.2
15.6,59.2,18.4,22,0,2868.7,2716.8,0.92,2695.4
15.3,76.1,11.6,2,1,2106.6,2321.4,0.52,2274.5
25.8,60.4,21.9,9,0,3633.9,3844.2,0.82,3887.0
11.0,64.4,25.7,4,0,2569.9,2389.4,0.86,2923.4
29.6,49.5,4.0,12,0,3811.5,4589.3,0.95,4681.4
28.0,53.6,15.3,19,1,4019.0,3364.3,0.38,3376.1
16.6,72.4,14.3,4,0,2584.1,2750.4,0.87,2805.3
14.5,72.3,7.5,4,0,2618.4,3236.4,0.92,2745.6
19.3,68.3,6.5,6,0,2905.3,3450.9,0.9,3101.9
17.5,53.7,13.5,23,0,2595.0,2262.9,0.87,2574.9
26.9,60.3,20.7,10,0,3676.2,4160.4,1.02,4299.1
27.5,56.6,23.6,11,0,3784.3,4381.8,0.94,4466.9
14.4,60.3,5.9,3,0,2802.2,2312.2,0.91,2580.2
19.5,66.3,19.9,7,1,3123.7,3426.4,0.43,3037.0
12.4,67.2,15.8,2,1,2546.2,2567.8,0.4,2328.9
14.3,79.7,9.5,4,0,2686.6,2717.1,0.95,2777.3
28.4,46.3,13.4,14,0,4855.6,4690.9,0.84,4590.7
22.6,70.0,15.1,23,0,2489.9,2576.1,0.87,2545.0
28.6,46.4,9.9,15,1,4376.9,4116.0,0.49,4404.2
27.6,55.6,7.9,11,0,3947.7,4935.0,0.9,4426.0
26.1,56.1,8.4,10,0,3795.5,4012.6,0.9,4041.8
34.0,44.3,9.0,13,0,4243.8,4832.7,0.85,5064.9
14.1,72.1,8.4,23,1,2621.2,2459.0,0.39,2269.7
30.1,36.1,28.0,14,0,3918.2,4804.6,0.97,4786.7
34.8,41.7,25.0,15,0,4959.4,5000.1,0.84,5011.2
18.5,72.6,20.3,4,1,2861.4,2393.9,0.37,2349.3
21.3,43.3,23.3,21,1,2765.3,2605.0,0.4,2587.5
22.0,65.9,15.7,1,0,2172.2,2484.4,1.01,2504.7
22.6,62.2,11.6,10,0,3907.3,3741.6,0.86,4017.1
16.9,52.9,20.6,6,0,2999.0,3167.3,1.02,3168.3
16.3,68.1,9.9,4,1,2599.8,2692.2,0.4,2354.2
17.1,75.4,15.5,5,0,2858.1,2897.0,0.92,2844.3
21.2,52.7,7.9,20,0,3429.3,3476.3,0.89,3091.6
29.8,53.6,16.4,19,0,3922.7,3781.8,0.86,3826.7
15.7,74.9,20.8,6,0,3064.2,2981.7,0.93,3022.9
16.7,77.5,16.4,4,1,2757.9,2375.5,0.39,2282.4
22.7,61.8,1.9,8,1,3319.6,3282.3,0.38,3273.4
20.0,54.6,9.7,8,1,3346.9,3563.5,0.36,3251.0
14.2,54.6,4.5,23,0,2829.5,2257.9,0.87,2614.0
17.2,81.7,10.9,7,0,3182.6,3147.7,0.88,3340.2
13.2,58.7,15.8,1,0,2403.9,2461.2,0.9,2620.3
31.0,39.4,22.3,16,0,4247.8,4128.9,0.87,4539.3
25.6,59.2,5.4,10,0,3626.5,4247.1,0.85,4105.4
32.9,40.7,16.5,16,0,4546.8,4929.7,0.93,4799.8
31.3,62.3,18.6,13,0,4276.1,4553.2,0.85,4753.5
30.6,51.8,9.0,14,0,4224.4,4622.1,0.87,4717.7
15.1,75.9,16.7,3,0,2374.3,2666.0,0.85,2534.1
15.8,51.8,12.9,2,1,2301.5,2147.2,0.34,2173.7
29.5,57.5,10.1,15,0,5059.7,4633.1,0.95,4548.7
13.5,94.2,15.5,1,0,2630.5,2620.3,0.91,2518.1
28.5,47.8,18.5,15,0,5052.9,4227.3,0.86,4546.8
18.6,50.8,15.2,9,1,3567.3,3504.4,0.46,3480.4
17.8,71.4,18.1,4,0,2354.8,2664.6,0.89,2657.3
23.4,64.4,22.4,19,0,3888.2,3442.3,1.03,3556.0
31.1,48.8,12.1,19,0,3479.9,3497.6,1.03,4031.4
7.0,64.5,13.7,3,0,2218.9,2631.5,0.88,3129.8
27.1,50.6,3.9,18,0,4283.4,3307.5,0.93,3880.8
27.1,36.1,9.6,16,1,4816.5,4032.9,0.31,3805.2
24.8,42.3,14.4,9,1,3551.7,3826.6,0.48,3590.9
20.6,55.7,18.1,21,0,3351.8,2953.8,0.93,2804.2
12.3,79.5,12.4,6,1,2615.1,3065.4,0.46,3038.7
16.0,86.0,16.5,4,0,2506.2,2851.2,0.85,2689.5
26.4,52.4,13.4,11,0,3939.7,3911.2,0.91,4301.2
16.7,73.0,13.0,0,1,2605.2,2672.8,0.48,2212.7
26.8,44.8,3.8,19,0,3641.2,2941.8,0.95,3617.4
15.2,63.6,16.0,1,1,2127.5,2411.6,0.43,2143.3
10.4,77.0,13.1,5,0,2386.5,2871.0,0.88,3123.2
16.5,72.3,8.0,9,0,3631.3,3417.6,0.92,3811.1
21.0,67.5,14.9,7,1,3510.7,3442.1,0.47,3091.7
14.1,65.5,4.7,0,0,2496.1,2403.9,0.95,2630.5
16.2,70.2,19.7,6,0,2791.4,2831.0,0.87,3144.5
35.2,50.1,11.3,16,0,4628.0,4389.9,0.91,4928.0
33.7,50.5,8.6,15,1,4494.8,4329.8,0.39,4634.7
14.8,62.8,10.6,3,0,2525.7,2614.6,0.91,2553.8
20.5,61.6,0.2,11,0,4097.3,4536.8,0.91,4137.3
16.6,72.3,14.9,7,1,3177.5,3288.1,0.26,2977.8
18.5,73.4,17.0,23,0,2441.0,2496.4,0.86,2581.4
16.5,77.0,1.8,5,0,2411.5,2504.4,0.93,2956.6
26.8,50.2,20.3,10,0,4031.9,3745.8,0.93,4321.8
19.7,78.4,18.3,22,0,2854.8,2899.4,0.9,2695.7
16.8,55.6,9.2,9,0,3644.7,3449.2,1.01,3895.8
29.8,46.8,14.8,15,0,4410.4,4724.3,0.89,4625.7
27.1,56.9,34.0,13,0,4497.0,4628.0,0.9,4427.2
30.2,56.9,12.1,11,0,4021.2,4135.9,0.85,4595.3
19.9,61.6,8.7,22,0,2648.8,2391.2,0.88,2672.9
18.9,75.8,6.6,7,0,3042.5,3385.3,0.87,3339.7
21.5,61.4,14.0,22,1,2866.8,2689.3,0.42,2420.8
15.0,63.1,24.0,6,0,2932.5,3025.7,0.9,3256.9
26.4,48.6,8.4,13,1,4658.8,4748.8,0.39,4222.4
27.2,39.6,18.7,16,1,4928.4,4699.4,0.37,3878.0
16.3,77.5,11.9,5,0,2503.5,3031.6,0.81,2849.3
22.6,60.9,19.7,6,0,2896.6,3163.4,0.86,3059.4
29.3,63.5,25.9,16,0,4583.0,4275.0,0.81,4406.9
26.9,40.7,9.9,19,0,3885.8,3708.5,0.79,3464.7
25.0,53.6,12.9,19,1,4317.6,3555.2,0.41,3107.2
14.2,62.1,10.6,2,0,2477.9,2093.9,0.79,2374.3
22.1,66.9,12.6,10,1,3578.5,3875.0,0.51,3706.1
24.7,66.0,11.3,21,0,3079.9,2807.3,0.96,2976.2
25.9,44.3,5.4,19,0,4129.1,3429.3,0.88,3442.3
30.7,27.6,14.5,15,0,4576.7,4296.6,0.88,4673.8
29.6,63.1,22.0,13,1,3840.4,5016.6,0.41,4355.5
30.5,56.2,13.0,18,0,4358.3,3807.9,0.89,4174.5
19.7,66.7,11.5,4,0,2629.9,2703.3,0.92,2638.7
17.0,80.2,6.5,22,0,2948.8,2477.0,0.88,2707.7
27.4,45.7,10.9,15,0,4567.9,4786.3,0.96,4389.8
31.1,39.9,9.4,12,0,4082.1,4405.1,0.88,4769.8
28.6,39.0,13.2,17,0,4877.5,3911.9,0.92,4108.1
13.2,84.7,8.8,4,0,2617.7,2721.6,0.94,2880.0
19.6,69.9,22.8,23,1,2714.2,2479.6,0.29,2199.0
17.4,61.9,5.1,20,0,3650.7,3090.0,0.9,3154.6
20.4,78.1,10.1,23,0,2342.6,2565.3,0.91,2568.5
27.5,55.3,19.3,17,1,4633.6,4924.8,0.45,3911.9
18.0,62.2,16.4,21,1,2735.5,2861.5,0.32,2599.3
13.1,85.4,10.0,5,0,2498.9,2962.4,0.95,3109.1
16.0,55.4,3.6,4,1,2312.2,2645.5,0.37,2462.1
31.1,53.2,12.0,16,0,4913.3,4645.1,0.94,4581.9
23.1,56.3,9.3,22,1,2878.9,2304.7,0.38,2402.3
16.2,73.6,0.6,2,0,2962.4,2481.2,0.93,2470.3
32.3,36.0,23.7,17,1,4177.1,4136.6,0.35,4169.1
29.4,46.3,7.1,16,0,4407.8,4226.1,0.82,4342.8
25.4,61.2,9.6,10,0,3404.9,4200.8,0.85,4083.2
26.3,38.8,18.0,17,0,5100.9,4311.1,0.9,3966.0
17.3,46.9,10.6,7,0,3003.2,3041.7,0.94,3343.3
25.5,55.4,14.3,19,1,3774.0,4031.4,0.41,3205.8
23.3,51.6,3.6,9,0,3488.0,3728.8,0.89,3792.8
18.5,77.9,14.2,22,0,2599.3,2395.2,0.89,2669.7
18.9,64.1,1.2,8,1,3406.6,3402.8,0.46,3339.3
11.6,67.9,10.2,5,1,2928.8,2612.4,0.39,2738.7
32.3,46.4,13.2,17,1,4722.2,4394.5,0.34,4148.3
29.7,53.9,9.9,12,0,4304.8,4643.1,0.88,4613.4
15.7,72.1,10.9,3,1,2488.4,2617.7,0.48,2393.3
25.0,51.2,8.9,12,0,4267.9,4035.8,0.85,4310.5
17.2,90.8,4.2,4,1,2882.0,2624.4,0.4,2399.5
27.5,32.0,1.1,12,1,4216.6,4986.6,0.39,4243.8
31.0,48.1,13.8,15,1,4610.1,4506.3,0.33,4518.0
32.2,57.9,9.8,17,0,4185.5,4453.2,0.9,4483.3
30.0,24.2,26.2,14,0,4774.8,4959.4,0.83,4665.5
29.6,53.5,28.1,15,0,4854.1,4488.9,0.95,4649.2
35.9,44.8,3.7,15,1,4761.9,4678.0,0.4,4894.8
19.1,63.4,19.0,8,0,3304.9,3559.3,0.86,3537.9
29.7,37.4,18.1,14,1,4668.3,5186.6,0.41,4428.6
17.1,70.7,24.0,0,1,2128.9,2128.9,0.32,2128.9
20.3,60.3,2.7,10,0,4173.2,3965.7,0.85,3892.2
16.4,53.4,21.8,23,1,2692.7,2568.8,0.44,2215.3
14.8,75.6,13.8,0,0,2503.4,2594.8,0.85,2515.6
12.2,79.1,17.2,1,1,2544.8,2658.3,0.37,2326.4
33.7,46.7,10.3,13,1,4616.1,4553.8,0.39,4831.1
17.4,69.0,21.4,7,0,3097.1,2977.8,0.9,3317.7
26.3,58.6,14.5,10,1,3835.8,4266.8,0.42,3891.0
17.4,82.9,20.8,5,0,2638.1,2977.2,0.86,2831.8
31.8,40.2,27.4,15,0,4627.0,4420.9,0.94,4887.4
11.8,76.3,17.9,5,0,2354.2,3051.4,0.82,3095.7
17.9,76.3,5.6,6,0,2815.9,3084.1,0.89,3157.5
25.6,70.6,12.1,20,0,3416.3,2696.5,0.88,3361.6
28.3,40.8,21.1,16,0,4906.7,4141.7,0.83,4206.2
19.2,52.3,10.6,20,0,3664.7,2855.4,0.83,3034.7
26.8,53.4,13.4,13,0,4688.2,4717.8,0.83,4496.8
26.8,36.5,19.6,14,0,4521.0,4900.2,0.89,4466.7
16.3,66.5,15.0,0,0,2531.9,2184.6,0.95,2498.8
19.2,58.3,20.5,8,0,3435.6,3651.7,0.81,3506.6
26.4,41.9,19.9,18,0,3911.9,4149.5,0.93,3778.9
26.8,51.8,10.8,13,0,4212.6,4224.4,1.0,4500.8
29.7,46.5,13.7,14,0,4275.5,4692.1,0.9,4756.5
26.2,51.3,10.7,16,0,5181.6,4676.8,0.89,4128.9
18.1,72.1,7.6,22,0,2716.9,2693.8,0.94,2687.5
17.0,84.3,13.3,5,1,2723.1,2858.5,0.36,2639.8
24.1,49.1,17.3,9,0,3510.9,3537.1,0.9,3857.7
18.4,75.9,14.6,0,0,2563.4,2627.7,0.84,2404.8
31.8,33.7,7.6,13,0,4336.8,4872.3,0.9,4855.6
20.2,66.7,11.2,8,0,3008.6,3300.9,0.95,3648.9
14.7,69.3,15.1,1,1,2752.8,2483.5,0.47,2167.5
23.0,57.4,18.7,20,0,3078.7,3270.8,0.94,3088.7
20.1,65.7,11.0,23,1,2629.3,2493.6,0.43,2275.8
30.5,44.5,21.2,13,0,4884.4,4374.7,0.9,4860.6
17.4,53.4,1.9,8,0,3271.8,3586.5,0.9,3581.7
27.0,48.4,22.4,11,0,4012.6,4087.4,0.91,4414.7
15.6,74.2,16.0,2,0,2082.2,2525.7,0.85,2395.2
10.2,67.3,18.8,1,1,2138.8,2635.7,0.41,2406.8
14.8,77.0,15.1,4,1,2631.5,2700.6,0.43,2438.3
32.0,50.5,23.1,17,0,4645.1,4074.5,0.95,4446.9
13.7,67.3,14.2,4,1,2895.7,2367.9,0.37,2482.3
19.2,67.8,23.6,21,1,3099.1,3115.5,0.4,2614.7
11.5,87.5,13.8,3,1,2280.0,2762.4,0.29,2461.8
30.9,47.1,12.9,15,1,4472.7,5115.5,0.35,4300.0
24.5,65.1,4.4,10,0,3546.8,4000.1,0.88,4102.4
13.7,73.6,15.4,5,1,2739.1,2553.1,0.47,2719.5
24.7,67.4,6.6,10,1,3807.0,4004.3,0.4,3811.2
27.6,60.1,13.4,12,0,3889.7,3852.8,0.88,4557.1
12.6,66.3,4.8,6,0,2885.4,3147.2,0.84,3193.2
31.0,30.7,15.6,17,0,4328.0,4221.0,0.99,4527.9
25.6,56.0,7.7,18,0,4246.2,3712.2,0.89,3644.7
26.4,36.0,14.9,12,0,4578.9,4014.2,0.84,4405.1
26.7,43.6,11.4,17,0,4775.6,4413.3,0.83,3934.2
20.8,63.5,24.7,21,1,3409.8,2813.3,0.36,2579.5
11.9,76.3,0.6,3,1,2548.5,2334.5,0.41,2448.8
14.4,80.4,16.7,3,0,2418.4,2859.2,0.92,2686.6
28.6,41.4,8.4,17,0,4275.0,4142.9,0.95,4146.6
24.7,50.0,16.4,11,1,4134.0,4123.9,0.37,3912.9
6.5,86.4,11.7,4,0,2795.6,2482.2,0.95,3266.9
18.7,64.6,9.0,21,0,3190.8,2896.7,0.9,2918.2
28.6,54.8,14.9,20,1,3120.1,2808.1,0.39,3330.5
22.9,61.3,29.2,9,0,3597.3,3546.1,0.81,3723.1
32.2,39.4,1.7,13,0,4806.0,4434.1,0.92,4967.8
28.8,43.1,23.8,17,0,4676.8,4369.5,0.91,4192.7
23.2,55.6,8.2,10,1,3689.0,4021.2,0.52,3792.5
17.5,72.8,14.0,2,0,2665.0,2457.9,0.99,2535.6
36.0,47.6,8.6,15,1,4392.3,4849.6,0.43,4857.6
21.3,76.6,7.1,6,0,2897.1,3229.8,0.91,3097.1
27.2,56.6,10.8,12,0,3926.5,4525.4,0.9,4439.6
15.8,58.9,3.7,8,0,3333.0,3337.1,0.91,3586.5
25.0,53.7,7.5,11,0,3987.9,4492.4,0.9,4144.1
25.6,38.1,15.2,18,0,4136.5,3964.6,0.94,3664.1
23.4,81.6,18.6,9,1,3630.5,3526.7,0.39,3472.0
17.4,73.3,12.1,4,0,2604.2,2903.4,0.92,2803.8
26.5,51.6,9.3,21,0,3054.3,2787.7,0.9,3134.8
16.9,63.8,6.8,4,1,2617.1,2482.3,0.37,2314.2
33.4,44.7,14.2,13,0,4964.9,4222.4,0.88,5061.1
16.9,68.6,16.1,5,0,2788.5,2830.3,0.89,2955.2
20.7,53.1,7.4,21,1,3082.5,3015.8,0.38,2640.5
29.1,45.0,13.4,19,1,3770.0,3455.3,0.42,3479.6
23.7,62.1,0.5,9,0,3476.0,3979.1,0.94,3739.5
16.8,67.2,21.9,21,1,3099.8,2912.1,0.42,2611.2
18.8,69.7,22.4,0,0,2587.1,2548.4,0.86,2419.4
28.4,41.5,13.8,15,1,4745.0,4184.3,0.39,4208.2
9.3,72.6,13.4,0,0,2262.9,2381.1,0.94,2938.3
15.7,82.1,8.0,3,0,2619.9,2616.2,0.9,2524.3
14.5,73.1,11.7,2,0,2592.4,2491.4,0.8,2514.1
27.5,40.5,23.3,19,0,3307.1,3591.8,0.87,3555.2
27.7,54.1,14.4,21,1,2936.9,2895.4,0.47,2943.4
19.5,66.3,12.4,8,0,3345.5,3296.3,0.93,3538.9
34.2,37.2,14.1,15,0,4357.7,4431.2,0.8,4980.8
23.7,55.4,12.0,12,1,4331.0,4666.7,0.43,3840.4
17.5,61.2,7.9,7,0,3101.1,3542.7,0.81,3401.3
25.8,38.8,8.9,15,1,4180.1,4658.4,0.4,4066.0
19.4,48.6,1.4,21,0,2696.5,2947.9,0.81,2868.7
21.8,66.3,15.2,0,0,2736.7,2224.9,0.86,2428.3
17.4,68.8,28.2,3,0,2470.3,2552.2,0.95,2581.6
21.2,42.8,8.9,12,0,4540.7,4057.5,1.04,4276.1
13.8,61.7,22.5,5,0,2806.6,2923.0,0.89,2971.7
15.0,61.2,8.0,22,1,2922.4,2595.0,0.38,2458.9
11.3,80.0,20.2,3,0,2536.5,2549.4,0.87,2774.9
25.2,54.7,16.8,18,1,4338.8,3836.9,0.32,3307.1
30.4,56.0,18.2,18,0,4203.8,3861.6,0.95,4035.9
11.3,63.3,22.3,2,0,2578.9,2690.2,0.84,2644.8
19.9,59.0,18.9,7,1,3138.6,3443.4,0.32,2937.6
24.3,61.6,20.2,20,0,3652.7,2904.9,0.93,3162.9
14.2,74.9,12.9,1,0,2695.2,2502.9,0.86,2478.4
15.8,84.7,13.6,3,0,2491.9,2530.7,0.82,2440.0
27.9,36.4,15.5,13,0,4474.5,4324.4,0.94,4553.8
16.7,64.7,17.0,5,0,2828.3,2994.1,0.8,2858.5
28.2,56.1,11.4,14,0,5239.0,4992.2,0.87,4541.4
15.8,61.8,16.0,1,1,2164.6,2030.9,0.36,2141.9
20.5,56.5,7.4,9,1,3284.8,3958.3,0.37,3379.7
25.9,56.8,8.9,11,1,3958.2,3985.0,0.38,3986.5
25.5,54.4,5.6,13,0,4503.8,4874.4,0.94,4374.7
29.7,29.6,19.4,15,0,5024.5,4611.7,0.86,4519.9
30.6,47.6,2.0,18,0,4179.2,3359.0,0.83,4174.3
22.9,55.8,9.5,9,1,3538.9,3637.0,0.41,3493.2
33.5,54.0,21.1,15,0,4999.8,4574.4,0.86,4928.4
15.5,64.0,19.9,23,0,2672.5,2628.4,0.94,2560.0
19.1,72.1,11.5,6,1,2956.6,3111.3,0.38,2771.8
15.9,62.6,12.4,0,1,2581.8,2491.5,0.37,2128.9
28.4,52.3,15.8,14,1,4222.4,4962.2,0.39,4318.3
18.1,69.7,7.5,3,0,2418.9,2294.5,0.88,2555.8
14.3,66.1,15.0,7,0,3121.5,3401.4,0.92,3401.4
27.3,52.7,21.5,16,0,4673.8,4525.5,0.9,4315.3
16.9,61.4,14.5,7,1,2828.9,3037.8,0.43,3063.0
18.8,67.5,11.6,22,0,2765.0,2441.0,0.93,2743.2
25.3,53.1,13.9,19,1,3813.2,3845.8,0.37,3113.5
21.3,68.5,17.3,21,1,3229.2,3132.9,0.39,2527.1
23.7,59.1,12.7,10,1,3809.6,3968.4,0.55,3745.8
21.2,77.0,9.7,8,0,3433.4,3570.4,1.02,3672.6
22.9,43.3,15.9,18,1,4620.1,3783.1,0.43,3273.2
20.0,58.8,8.0,22,1,2923.1,2458.9,0.33,2411.3
32.3,57.0,21.6,17,0,4099.5,4088.7,0.95,4520.3
16.2,62.3,26.4,6,0,2720.2,3185.6,0.82,2996.9
15.3,64.1,17.6,5,0,2667.3,3504.4,0.89,2820.4
31.0,54.8,7.7,12,0,4082.5,4243.8,0.8,4758.3
15.7,78.3,6.1,3,0,2418.1,2624.2,0.93,2555.0
25.7,45.7,9.8,13,1,4837.6,4617.1,0.39,4085.7
17.8,68.7,24.6,5,1,2725.8,2560.9,0.34,2504.4
22.8,60.4,9.2,21,0,2855.4,2863.9,0.9,2917.3
23.2,59.8,16.2,21,0,3131.1,2902.3,0.99,2962.3
30.2,42.1,20.2,17,0,4389.9,4281.8,0.87,4206.6
27.3,63.3,8.0,10,0,3824.4,3629.8,0.94,4297.0
18.9,72.3,17.9,7,1,2843.2,3313.6,0.36,3008.2
28.0,53.7,7.6,16,1,4610.5,4593.1,0.37,3968.1
30.8,61.9,16.4,12,0,4016.6,4646.3,0.93,4777.4
15.3,72.0,13.6,7,0,2996.9,3266.5,0.84,3259.7
25.2,53.3,10.1,11,0,3826.0,3889.7,0.88,4156.2
34.1,39.7,18.3,14,1,4850.2,4665.5,0.43,4765.2
27.3,43.7,8.8,13,0,4609.3,4184.4,0.87,4524.3
15.7,66.3,16.0,2,0,2197.7,2275.2,0.84,2491.6
16.9,75.2,14.4,3,0,2506.8,2861.4,0.89,2566.1
22.4,69.9,10.1,8,1,3353.2,3532.1,0.42,3216.4
14.5,66.9,17.5,6,0,2741.3,3063.8,0.91,3237.3
28.4,46.7,18.0,16,0,4656.1,4581.9,0.91,4350.8
30.1,55.0,17.4,19,0,3632.2,3196.5,0.97,3896.6
23.5,60.3,11.3,21,0,2890.3,2700.5,0.86,2765.0
22.5,64.6,14.9,19,1,3878.4,3824.5,0.5,3060.0
27.6,48.4,3.9,11,1,3957.1,4480.0,0.47,4197.2
23.5,57.5,18.7,22,1,2998.2,2743.6,0.35,2352.8
23.6,58.2,26.8,8,0,3037.7,3584.0,0.93,3557.6
21.9,58.9,5.4,8,0,3371.5,3631.3,0.89,3543.2
27.4,58.1,21.2,12,0,4718.1,4219.8,0.96,4610.5
26.2,44.1,2.5,13,0,4113.2,4117.7,0.82,4419.5
17.8,42.9,25.1,7,0,3178.6,3401.4,0.83,3281.4
25.6,41.2,19.7,11,1,3650.5,3870.4,0.38,3926.5
14.2,74.3,14.1,3,1,2506.6,2758.4,0.35,2292.4
15.6,65.1,6.5,2,0,2463.3,2782.5,0.98,2517.8
25.2,50.7,10.8,10,0,4048.4,4271.2,0.87,4093.3
25.4,61.8,21.4,18,0,4342.7,4081.2,0.92,3702.3
27.2,50.0,22.4,11,0,3980.0,4277.7,0.79,4404.9
16.0,79.8,12.6,7,1,3022.9,3355.0,0.27,2933.0
12.4,57.4,14.4,0,1,2370.5,2527.2,0.38,2304.2
31.1,38.7,10.3,13,0,4109.7,4568.5,0.93,4913.1
24.2,59.7,10.4,20,0,3417.4,2890.3,0.91,3179.0
11.5,73.3,19.2,3,1,2498.7,2686.6,0.4,2412.4
10.4,77.3,11.5,5,0,2717.1,2737.4,0.97,3133.2
22.7,48.0,14.8,10,0,3706.5,3902.9,0.9,4026.7
14.6,80.6,18.4,2,0,2502.1,2620.0,0.89,2538.8
23.9,60.4,14.4,9,1,3530.0,3897.1,0.33,3417.6
18.2,75.3,12.4,2,0,2157.5,2162.0,0.86,2457.9
21.3,77.4,12.9,7,0,2801.4,3380.0,0.88,3269.0
28.5,41.8,13.9,14,0,4585.8,4667.6,0.87,4591.2
17.2,62.5,0.4,1,0,2425.8,2750.4,0.91,2430.7
22.0,59.5,4.8,8,0,3399.3,3328.4,0.97,3569.1
9.9,75.7,16.4,2,0,2262.4,2698.3,0.92,2795.3
12.6,79.1,11.1,1,0,2424.6,2559.3,0.9,2643.8
30.1,48.8,28.4,16,0,4407.3,4612.1,0.95,4552.4
23.0,46.7,25.3,18,0,4453.2,4045.9,0.94,3482.5
19.6,85.0,15.1,5,0,2721.6,2949.6,0.83,2837.2
16.3,76.4,0.6,5,1,2445.6,2649.0,0.42,2602.6
18.0,72.8,17.8,5,0,2441.8,2519.3,0.95,2951.4
28.4,29.4,10.7,16,0,4255.2,4318.9,0.86,4273.4
15.7,72.0,11.0,0,0,2227.2,2531.2,0.94,2431.9
19.0,72.7,22.4,8,0,3334.4,3495.2,0.9,3597.3
30.7,42.5,8.1,13,0,4154.7,4494.8,0.96,4862.5
31.5,46.9,17.9,14,1,3967.4,4578.0,0.45,4567.9
25.4,52.8,7.8,11,0,4110.3,4520.1,0.92,4256.3
16.0,79.6,15.0,7,1,3070.1,2988.3,0.4,3086.1
13.5,75.8,14.4,1,1,2445.6,2642.6,0.34,2293.3
26.4,67.7,7.3,9,1,3633.6,3770.3,0.31,3626.5
22.1,49.6,22.8,20,0,3362.1,2735.5,1.03,3217.1
30.7,51.4,25.9,13,0,4340.8,4784.6,0.93,4748.8
28.3,44.7,19.0,15,0,4833.5,4230.3,1.01,4610.5
11.9,75.7,7.4,0,0,2636.0,2499.5,0.93,2689.8
20.9,46.8,18.7,22,0,2990.9,2699.9,0.93,2763.4
30.2,67.4,14.6,14,1,4923.2,4765.2,0.45,4356.4
19.3,86.4,17.4,1,0,2498.8,2128.5,0.89,2382.7
15.5,55.6,9.0,8,0,3375.3,3531.5,0.89,3625.2
9.8,67.1,1.8,5,0,2786.0,2903.0,0.9,3227.2
23.0,63.8,15.6,19,0,3550.8,2979.0,0.94,3355.5
19.3,70.7,15.8,22,1,2847.4,2707.7,0.28,2398.2
23.8,56.2,13.0,8,0,2910.6,3635.9,0.9,3487.0
19.9,65.1,10.4,8,1,3281.6,3613.3,0.4,3242.8
19.0,69.7,17.9,8,0,3382.7,3606.4,0.78,3488.0
32.8,54.4,16.9,14,0,4644.8,4519.0,0.85,4998.6
17.4,78.7,17.5,23,0,2352.8,2397.9,0.89,2532.2
30.5,44.4,17.1,14,0,4844.0,5283.5,0.96,4753.0
26.4,45.4,15.6,10,1,3674.9,4299.1,0.34,3845.3
26.3,66.3,19.0,22,1,2869.6,2402.3,0.46,2629.3
25.2,75.8,17.8,21,1,3102.4,2923.7,0.43,2647.1
33.7,45.5,7.1,15,1,4335.3,4060.2,0.37,4610.6
15.6,67.7,12.8,5,1,2897.7,3023.5,0.42,2553.1
16.7,70.3,7.9,4,0,2504.8,2628.9,0.84,2628.6
12.3,72.3,16.9,1,0,2192.1,2166.2,0.81,2570.4
25.3,45.7,11.6,13,0,4557.1,4555.7,0.86,4342.6
18.5,52.6,6.9,11,0,3969.9,4153.7,0.9,4068.5
21.1,70.5,10.5,6,0,2900.8,3109.7,0.87,3087.0
14.6,63.9,9.5,4,0,2542.9,2638.7,0.88,2765.0
21.9,58.3,20.1,21,0,2793.0,3031.4,0.93,2802.4
22.9,50.6,12.6,11,0,4252.6,4567.9,0.83,3995.5
26.1,54.4,6.9,11,0,3926.5,4984.1,0.98,4296.0
33.0,46.1,9.9,14,0,4585.6,4585.1,0.86,4920.6
17.2,69.9,17.6,0,1,2651.2,2464.3,0.37,2195.3
14.4,66.8,23.4,6,0,2871.0,3194.3,1.0,3109.0
13.1,80.9,10.7,3,1,2684.8,2288.9,0.38,2458.7
9.4,71.8,14.8,3,0,2782.5,2600.8,0.87,2815.8
17.4,57.1,18.0,22,0,2624.1,2777.0,0.92,2693.8
27.6,52.1,10.0,19,1,4082.4,3427.2,0.36,3301.5
11.2,64.3,13.6,2,0,2429.2,2151.9,0.97,2898.6
19.7,62.9,19.0,7,1,2771.8,3382.7,0.34,3063.9
24.9,55.8,6.2,6,1,2886.1,3256.9,0.42,2834.7
20.7,66.7,21.2,6,0,2702.5,2912.6,0.97,3144.3
10.7,75.0,21.1,4,0,2655.4,2705.4,0.87,2933.7
13.2,74.9,12.1,2,0,2407.2,2273.8,0.92,2616.1
24.3,50.6,17.6,19,0,4262.5,3672.5,0.95,3429.3
15.6,79.2,15.2,3,0,2481.2,2585.0,0.96,2552.2
25.1,67.6,19.0,20,1,3671.3,2730.1,0.43,2936.9
22.4,49.9,9.8,11,0,3876.7,4137.3,0.86,4051.0
19.8,57.5,12.8,10,0,3865.2,3975.7,0.83,3875.0
27.9,44.8,12.9,14,0,4419.5,4392.3,0.93,4622.7
25.8,47.5,12.9,17,0,4173.2,4084.2,0.88,3927.6
10.1,75.7,11.9,2,1,2661.9,2527.4,0.39,2523.0
18.2,86.4,9.5,3,0,2679.2,2500.2,0.89,2535.2
16.0,73.8,8.2,3,0,2435.7,2696.3,0.86,2509.6
21.7,62.9,15.9,0,0,2199.0,2491.7,0.89,2424.6
28.6,53.0,19.8,18,0,3675.4,3497.4,0.95,3952.0
10.2,73.1,6.7,5,1,2393.9,3109.1,0.41,2895.0
14.4,69.9,12.5,5,0,2725.5,3012.6,0.9,2994.1
26.2,50.2,20.4,9,0,3516.9,3800.7,0.88,3890.6
16.0,42.6,10.7,8,0,2990.8,3359.1,0.81,3527.8
31.5,42.5,8.9,17,1,4634.9,4492.2,0.46,4246.0
30.9,39.2,23.0,17,0,4017.3,4155.5,0.93,4369.5
14.4,64.0,12.7,7,0,3260.8,3336.0,0.92,3426.5
28.3,55.1,19.1,14,0,4510.7,4466.7,0.82,4556.3
16.5,68.0,8.3,8,1,3034.2,3586.3,0.37,3244.9
28.6,55.2,17.7,18,0,3869.9,3515.7,0.91,3960.5
31.1,47.8,14.5,14,1,4560.3,5059.7,0.4,4492.6
16.1,70.3,19.5,1,1,2460.7,2526.8,0.36,2082.2
16.9,70.4,28.7,2,0,2417.3,2404.6,0.92,2488.4
21.1,61.8,15.1,9,0,3305.6,3792.8,0.91,3876.7
27.3,32.1,23.1,17,1,4317.5,3707.1,0.43,3802.6
17.1,58.1,25.9,8,1,3389.9,3253.1,0.41,3296.3
34.3,43.3,11.8,15,0,4407.3,4558.1,0.9,4956.0
30.6,55.9,11.3,13,0,4643.1,4577.7,0.87,4769.5
21.1,65.6,12.5,6,0,2564.1,2703.7,0.93,3187.0
27.0,63.8,14.9,19,0,4081.2,3124.5,0.9,3648.8
18.6,72.6,7.2,7,1,2837.0,3406.0,0.3,2882.4
27.0,48.5,13.5,10,0,3479.5,3539.0,0.83,4170.6
28.5,45.0,11.5,16,1,4611.7,4534.1,0.38,4025.7
17.0,69.2,11.0,6,0,2864.9,3101.1,0.95,3163.1
19.6,64.7,13.5,8,0,3442.1,3560.9,0.92,3567.3
23.9,61.5,10.9,21,0,2881.0,2847.4,0.89,2903.8
19.6,67.2,14.9,20,0,3845.8,3316.7,0.89,3026.9
20.0,70.4,4.0,22,0,2893.5,2409.9,0.8,2621.2
13.4,75.5,22.6,5,0,2727.1,2849.3,1.02,3057.0
25.8,63.4,2.8,10,0,3794.1,4030.0,0.84,4055.1
26.4,43.5,6.7,11,0,4093.3,4200.5,0.88,4331.0
29.0,32.0,10.7,16,0,4104.9,4037.8,0.92,4422.9
16.9,71.4,28.6,1,0,2470.1,2142.7,0.9,2467.4
27.3,61.5,15.5,16,0,4894.8,4317.5,0.82,4204.4
25.5,59.2,15.0,18,0,4192.7,3781.5,0.92,3593.2
9.4,65.2,23.5,23,0,2404.9,2275.8,0.83,2858.3
28.4,44.8,7.1,15,0,4538.1,4597.9,0.87,4351.7
24.0,69.4,13.5,22,0,3112.9,2706.3,0.8,2610.4
29.2,51.6,13.1,13,1,4686.1,4355.5,0.41,4328.2
17.9,62.0,12.5,22,0,2552.1,2729.0,0.86,2669.1
18.0,60.7,14.0,2,1,2126.7,2462.2,0.46,2144.8
18.2,64.6,9.6,22,1,2666.3,2342.6,0.4,2391.2
26.7,54.3,16.0,10,0,3766.1,4284.2,0.92,4228.9
29.0,57.3,8.4,22,0,2964.4,2772.2,0.89,3090.9
19.7,68.4,15.9,22,1,2844.0,2629.3,0.49,2404.9
29.5,52.3,6.9,17,1,3878.0,4238.5,0.43,3923.9
22.7,59.7,16.1,1,0,2487.5,2217.1,0.92,2458.3
16.0,68.9,26.4,0,0,2267.5,2172.2,0.88,2467.3
25.1,54.3,16.5,12,0,4019.4,4733.2,0.97,4388.8
16.5,63.4,22.0,7,0,3112.8,3333.0,0.92,3271.8
25.3,54.5,10.3,9,0,3582.7,3578.5,1.0,3897.7
24.2,55.5,13.3,20,0,3308.8,3276.8,0.93,3125.8
30.6,55.6,13.0,18,0,3879.6,3889.0,0.87,4081.2
13.7,68.3,17.4,2,0,2608.6,2748.5,0.81,2491.4
33.5,58.0,8.9,12,0,4427.0,4565.5,0.94,5033.1
13.6,80.3,2.2,5,0,2741.4,3000.6,0.83,2920.5
19.2,51.8,16.5,23,0,2504.3,2548.5,0.89,2541.2
25.1,42.1,11.6,17,0,4315.3,4255.5,1.03,4015.5
25.4,46.9,22.0,10,0,3781.6,3894.8,0.96,4110.3
10.8,62.4,14.2,23,0,2950.0,2215.3,0.94,2857.1
18.3,66.9,15.9,10,0,3890.6,3979.5,1.0,4023.3
26.6,33.0,12.9,14,0,4117.7,4433.4,0.83,4392.3
28.2,39.0,7.2,12,0,4299.9,4837.6,0.91,4580.0
33.6,43.6,13.5,17,1,4269.8,3765.2,0.43,4310.6
30.4,35.7,10.1,14,0,4623.7,4803.5,0.9,4740.1
30.6,56.4,11.9,19,0,3688.3,3460.4,0.93,3826.5
14.5,58.2,10.5,6,0,3088.4,3178.0,0.92,3159.5
24.4,52.6,13.8,20,1,3412.2,2820.4,0.47,2878.8
23.6,56.9,9.6,19,1,3566.3,3472.7,0.49,3051.8
27.6,68.8,22.2,11,0,3978.6,4540.7,0.9,4383.6
20.7,79.7,8.3,10,0,3722.5,4015.5,0.95,4057.5
27.3,46.7,20.9,13,0,4481.4,5026.7,0.85,4421.6
17.1,69.2,18.8,8,1,2882.4,3258.4,0.44,3273.0
20.9,68.8,8.6,22,0,2590.1,2672.5,0.97,2678.1
22.7,51.8,20.8,22,0,2902.5,2448.0,0.88,2664.2
19.6,65.6,7.2,23,0,2391.2,2568.5,0.92,2505.1
22.3,54.8,14.7,9,0,3606.4,3475.9,1.0,3728.8
29.8,51.7,25.5,14,0,4635.9,4814.9,1.03,4766.0
20.5,80.8,22.3,23,0,2516.4,2539.3,0.99,2682.7
24.4,62.5,6.3,10,0,3882.9,4170.6,0.94,4000.1
26.6,61.8,7.8,11,0,3593.5,4052.5,0.92,4401.7
13.9,55.8,24.4,3,1,2120.6,2790.5,0.36,2354.8
13.5,90.1,18.8,4,0,2676.5,2727.1,0.94,2832.3
21.5,70.0,12.9,9,0,3562.5,3472.8,0.96,3821.2
30.7,40.9,13.7,13,1,4308.7,4824.6,0.33,4487.5
9.4,56.0,15.2,6,0,3252.4,2792.2,0.9,3485.9
16.5,76.9,18.0,8,0,3086.1,3570.7,0.84,3537.3
22.5,79.2,12.3,6,0,3206.1,3021.4,0.98,3163.4
33.7,42.0,19.2,15,0,4318.3,4352.6,0.94,5000.1
16.6,53.4,17.0,8,0,3513.1,3332.6,0.89,3586.5
18.7,68.0,11.8,8,1,3257.1,3592.8,0.38,3255.0
20.5,69.6,16.8,7,0,2881.0,3392.5,0.92,3319.6
25.7,61.7,7.4,19,1,4099.3,3333.2,0.38,3181.8
10.7,76.6,14.0,4,0,2668.5,3075.2,0.85,3034.8
23.9,33.8,10.0,11,0,4031.4,4216.6,0.8,4082.5
16.5,80.5,12.0,0,1,2707.9,2607.0,0.41,2112.7
26.2,61.2,6.2,19,0,4226.6,3341.4,0.92,3558.5
15.1,67.2,15.0,6,0,2930.6,3144.5,0.88,3120.0
25.7,57.0,10.6,12,0,4158.4,4351.2,0.91,4481.4
19.4,82.7,19.8,5,0,2722.5,2896.6,0.9,2892.3
25.2,50.5,16.0,19,0,4185.4,3287.6,0.86,3455.3
16.1,68.0,18.9,5,0,2636.9,2831.8,0.95,2974.9
30.6,30.5,10.7,11,1,4266.8,4378.9,0.42,4368.8
21.7,75.2,15.3,10,1,3914.8,4005.6,0.38,3679.2
13.2,82.1,13.2,23,0,2417.5,2489.5,0.88,2679.9
13.0,75.0,19.5,3,0,2632.6,2865.8,0.9,2663.3
29.4,44.0,10.8,14,1,4769.5,4792.7,0.36,4357.7
12.4,88.7,5.4,5,0,2852.2,2920.5,0.92,3105.2
27.0,49.2,26.7,13,0,4694.3,4418.6,0.86,4433.2
26.9,33.2,11.2,17,0,4422.9,4186.5,1.0,4157.1
13.8,81.0,12.7,1,1,2483.1,2516.9,0.49,2342.1
24.1,44.4,2.8,19,0,4381.9,3434.2,0.96,3387.7
17.2,72.6,10.7,4,0,2598.9,2656.3,0.92,2715.0
17.8,75.3,14.0,4,0,2331.3,2503.5,0.89,2727.1
23.9,54.3,16.9,10,0,3773.2,3553.9,0.93,3967.9
24.4,39.9,16.7,18,0,3966.0,3750.1,0.92,3591.3
30.4,38.2,17.8,14,0,4942.3,4626.9,0.94,4753.6
32.8,57.0,10.0,16,0,5011.2,4461.4,0.87,4669.1
29.0,62.9,10.6,10,0,3749.0,3587.1,0.96,4437.1
32.8,58.5,12.0,11,0,3602.5,4328.7,0.83,4859.5
24.4,36.4,5.7,11,0,4030.6,4040.4,0.91,4172.5
19.4,69.2,14.9,2,1,2664.5,2491.9,0.46,2127.1
12.3,73.7,9.4,3,1,2591.2,2670.9,0.39,2500.2
28.2,58.6,9.6,16,1,4907.4,4635.4,0.38,4003.8
14.4,64.3,16.5,0,0,2857.1,2507.4,0.96,2527.2
12.6,67.8,24.9,1,1,2132.6,2369.0,0.37,2334.2
24.7,51.3,21.3,21,1,3404.9,3112.9,0.4,2661.7
32.4,48.8,18.6,15,0,4591.2,4685.8,0.91,4855.6
30.7,52.7,30.5,16,1,4330.2,4966.8,0.44,4337.9
13.2,67.8,8.3,22,0,2864.0,2723.4,0.92,2805.2
14.8,75.1,7.8,3,1,2321.4,2774.9,0.36,2243.0
28.4,61.6,21.2,20,0,3470.7,3099.7,0.92,3535.8
18.0,63.2,14.6,6,0,3039.3,3003.2,0.93,3092.6
19.0,88.0,14.3,23,0,2708.3,2679.9,0.97,2539.3
16.8,88.8,11.6,2,0,2430.7,2743.5,0.86,2490.2
13.5,74.3,27.0,2,1,2364.5,2509.0,0.35,2160.2
23.3,43.1,2.5,20,0,3078.2,3337.1,0.85,3065.8
14.4,62.5,8.6,7,0,2858.3,3317.6,0.95,3341.2
12.7,84.7,14.5,6,1,2895.0,3210.3,0.41,2987.3
26.9,48.1,11.5,15,0,4286.9,4546.8,0.85,4410.1
18.1,71.1,4.8,2,0,2708.9,2173.7,0.87,2387.5
24.3,40.8,10.8,12,1,4256.3,4724.5,0.5,3991.1
10.2,74.3,10.1,4,0,2401.8,3074.3,0.96,3043.9
18.4,64.4,12.4,0,0,2523.8,2215.7,0.9,2479.8
28.1,48.9,22.7,19,0,3750.1,3271.6,0.88,3686.7
34.8,64.4,18.6,12,0,3627.5,4262.0,0.92,5134.7
16.7,70.2,6.8,5,1,3043.9,2580.0,0.32,2519.3
12.6,74.1,11.8,4,0,2494.5,2832.3,0.93,2917.8
17.8,68.0,8.8,23,1,2724.9,2529.4,0.35,2264.4
28.6,51.0,17.6,11,0,3936.1,4151.7,0.95,4598.0
25.0,67.9,18.4,11,0,4055.6,3926.5,0.94,4265.1
16.1,66.9,16.8,3,0,2395.2,2553.8,0.93,2558.1
12.8,78.1,12.7,3,0,2163.4,2626.1,0.94,2748.8
29.8,41.0,4.2,13,0,4499.4,4263.2,0.93,4784.6
14.5,86.4,21.3,5,0,2817.0,2899.9,0.88,2949.6
27.5,50.2,7.7,12,0,4994.1,4758.3,0.89,4499.1
25.7,51.7,16.7,10,0,3780.0,4042.6,0.84,4197.1
21.0,52.8,7.2,21,0,3179.0,2765.0,0.78,2835.3
19.1,66.7,2.4,7,0,3099.8,3345.7,0.9,3368.7
19.6,95.0,11.5,2,1,2169.6,2236.0,0.33,2157.8
12.5,77.6,2.8,0,0,2670.8,2219.2,0.8,2589.8
31.3,44.8,18.1,12,0,4043.9,4009.8,0.93,4806.0
21.5,49.4,18.8,9,1,3803.3,3760.0,0.32,3364.3
21.4,68.0,18.2,22,1,2839.4,2711.2,0.35,2373.2
14.1,71.4,9.0,1,0,2667.0,2795.0,0.82,2409.6
22.1,54.0,20.7,20,0,3355.3,3438.5,0.94,3034.3
23.2,63.7,20.3,8,0,3284.2,3573.8,0.9,3508.9
22.1,59.7,10.8,22,1,2791.9,2382.4,0.37,2363.3
27.0,53.3,9.9,21,1,3023.2,2866.8,0.43,2891.6
22.8,65.9,15.8,20,0,3442.3,3091.6,0.89,3070.3
21.9,71.0,17.8,6,0,2970.0,3015.4,0.94,3097.2
12.2,80.8,16.0,2,1,2309.8,2402.9,0.46,2436.3
27.0,56.4,18.4,10,0,3813.0,3958.6,0.9,4271.2
6.7,79.9,10.5,2,0,2617.8,2452.4,0.86,2935.7
16.3,74.6,10.4,8,1,3403.4,3633.6,0.42,3402.8
13.3,61.9,8.9,2,0,2502.9,2470.4,0.84,2503.2
24.4,49.3,15.5,11,1,3892.2,4267.9,0.43,3860.9
16.9,64.5,14.2,0,0,2505.1,2515.1,0.88,2536.4
14.8,82.7,15.6,5,0,2681.9,2928.4,0.92,2930.8
37.2,33.5,9.6,16,0,4255.7,4239.3,0.94,5100.9
25.5,56.6,2.4,22,0,2489.5,2418.5,0.89,2799.4
25.2,44.7,15.3,13,0,4892.5,3922.6,0.9,4427.7
20.8,64.8,10.5,1,0,2551.5,2181.1,0.91,2445.9
15.2,59.3,29.2,1,1,2539.3,2546.2,0.38,2165.2
31.2,46.3,12.1,17,0,4483.3,3966.0,0.82,4375.6
29.4,47.1,9.7,11,1,3553.9,4256.3,0.36,4196.4
20.9,58.2,9.5,19,1,3593.2,3052.8,0.45,3043.1
16.2,63.7,7.7,6,0,2569.2,3114.3,0.94,3080.7
22.5,61.3,13.3,21,1,3443.5,3026.7,0.39,2552.1
22.7,90.1,2.3,4,0,2971.9,2693.4,0.79,2681.9
29.2,56.5,8.6,15,0,4745.1,4628.0,0.9,4521.1
17.7,69.2,21.8,5,0,2482.3,2815.9,0.92,2904.9
28.0,60.5,21.7,9,1,3251.0,3859.9,0.4,3825.3
17.6,70.6,20.4,6,0,2475.7,3352.2,0.95,3038.2
15.0,67.4,15.3,2,0,2412.3,2433.4,0.99,2402.9
32.5,41.5,13.9,14,1,4329.9,5230.8,0.38,4614.3
26.8,55.0,12.8,13,0,4595.9,4585.8,0.93,4568.5
19.1,80.3,8.3,23,0,2720.5,2651.2,0.98,2594.7
36.0,59.9,9.9,12,1,4241.9,4611.1,0.44,4940.8
15.9,57.4,18.3,1,0,2190.7,2481.2,0.97,2488.3
29.4,49.9,20.2,16,0,4599.7,5048.7,0.88,4408.3
9.7,80.4,3.7,2,0,2750.4,2707.9,0.94,2743.5
16.7,48.7,15.5,5,0,2748.6,2702.5,0.92,2943.4
31.3,38.7,14.4,15,0,4245.8,4407.8,0.87,4597.9
7.3,67.2,14.2,4,0,2322.0,2928.8,0.97,3236.4
31.3,47.7,10.4,17,0,4765.6,3904.9,0.89,4394.5
25.8,47.6,16.0,18,0,4169.5,3290.2,0.89,3728.4
19.9,60.3,9.9,23,0,2623.8,2620.8,0.94,2585.2
15.1,66.4,5.1,3,0,2346.1,2610.4,0.95,2533.6
19.8,63.9,19.8,8,1,3008.2,3342.2,0.4,3332.6
27.9,48.5,19.3,13,0,4243.5,4596.9,0.94,4582.7
14.6,70.4,14.0,5,1,2700.3,2820.3,0.43,2560.9
18.8,64.3,32.4,8,0,2960.0,3626.5,0.86,3543.3
26.0,49.4,20.0,18,0,4335.5,3963.8,0.82,3680.0
16.3,72.4,19.1,6,1,3568.7,3038.2,0.35,2703.7
25.3,44.2,24.1,17,1,4370.6,4190.6,0.36,3620.4
20.3,63.7,12.1,23,0,2711.2,2477.9,0.88,2517.1
10.3,75.9,15.8,1,0,2554.9,2323.8,0.98,2791.5
23.2,63.2,17.2,15,0,4457.5,4521.1,0.87,4052.3
20.0,66.1,23.2,6,1,2587.9,3101.9,0.5,2801.4
21.6,72.2,18.5,23,0,3090.9,2160.7,0.93,2542.3
12.5,64.1,18.0,23,0,2665.8,2585.2,0.94,2736.7
19.3,91.1,4.6,1,0,2387.2,2083.1,0.84,2450.6
30.2,57.2,20.7,19,0,3815.0,3890.1,0.91,3833.0
19.1,76.6,19.6,2,0,2509.3,2700.7,0.87,2527.4
22.2,79.4,12.7,6,0,2597.7,3083.4,0.92,3073.0
24.7,62.1,17.4,21,0,3176.8,2792.6,0.97,2903.6
12.6,88.8,11.1,2,0,2174.3,2498.7,0.93,2604.6
20.8,70.6,8.4,22,0,2540.1,2685.4,0.95,2685.4
23.0,59.6,16.9,9,0,3562.5,3405.5,0.92,3835.9
23.1,46.9,7.8,21,0,2848.8,2880.5,0.93,2967.7
12.7,65.1,14.5,2,1,2356.8,2486.0,0.38,2336.3
22.6,35.8,17.3,11,0,4055.1,4267.2,0.83,4038.4
21.3,76.2,8.9,23,0,2718.2,2835.9,0.85,2577.6
19.6,62.4,20.6,23,0,2617.4,2487.3,0.82,2389.7
12.5,70.6,12.0,4,1,2491.5,2725.9,0.38,2503.5
25.2,46.5,23.5,12,1,4193.3,4497.0,0.39,4077.6
24.0,45.7,5.7,16,0,4324.8,3968.1,0.96,3988.1
16.2,65.4,8.0,5,0,2494.1,2719.5,0.85,2791.4
15.2,74.1,16.8,4,0,2343.0,2836.5,0.9,2752.6
28.7,48.4,16.0,11,0,3738.6,4358.9,0.95,4480.0
30.1,42.6,15.2,15,0,4163.8,3864.5,0.88,4628.0
16.1,74.7,8.5,2,0,2461.2,2431.6,0.92,2451.0
22.6,67.1,6.8,22,0,2916.0,2359.4,0.85,2689.3
32.7,55.7,0.1,14,1,5170.3,4302.4,0.38,4622.1
17.4,72.0,19.9,7,1,3154.6,3004.4,0.29,2948.9
32.6,42.4,14.3,18,0,4434.7,3307.1,0.87,4317.6
15.5,69.4,17.3,7,0,3126.0,3362.2,0.89,3413.2
14.6,70.8,20.1,6,1,2923.0,3214.1,0.44,2795.1
20.5,54.2,12.3,20,0,3497.5,3475.5,0.87,3077.0
27.0,60.3,5.4,12,1,4300.5,4354.5,0.45,4198.1
32.5,39.4,3.2,15,0,4415.4,4082.4,0.93,4903.3
14.6,69.7,16.8,23,0,2666.7,2287.5,0.86,2580.1
17.0,63.4,23.4,8,0,3332.4,3506.6,0.93,3562.7
32.1,47.7,12.2,20,0,3158.8,3021.8,0.85,3820.1
30.0,50.1,8.3,19,0,3302.3,3412.2,0.95,3824.5
14.1,65.4,21.0,5,0,2399.5,3333.3,0.93,2962.4
13.8,71.5,17.7,0,0,2277.0,2210.9,0.88,2477.5
32.7,59.8,16.7,14,1,4179.7,5029.5,0.44,4647.3
18.5,77.5,7.8,4,0,2362.1,2566.0,0.95,2723.8
20.4,70.5,22.3,21,0,3130.2,2827.2,0.93,2871.0
16.6,68.8,14.9,22,1,2527.1,2623.2,0.49,2400.9
32.3,39.3,17.2,16,1,4117.8,4297.2,0.41,4333.4
20.3,54.6,22.6,23,0,2631.1,2581.5,0.9,2531.9
10.3,95.0,15.8,2,0,2747.7,2901.6,0.87,2647.8
29.0,56.2,22.5,14,0,4387.4,4761.9,0.88,4641.1
12.7,71.4,1.9,2,0,2609.3,2538.5,0.9,2698.3
36.0,35.4,17.9,16,0,4519.9,4025.7,0.93,5023.5
21.1,75.2,10.1,6,1,2888.8,3181.3,0.42,2792.2
17.4,76.5,8.2,3,0,2476.1,2420.8,0.82,2543.4
19.9,69.6,21.2,23,0,2767.3,2326.0,0.9,2594.6
18.0,61.9,14.5,8,0,3381.9,3566.1,0.88,3476.0
25.8,57.1,12.0,12,0,4397.5,4686.1,0.97,4399.9
13.0,85.7,13.5,5,0,3034.8,2845.4,0.89,3051.7
15.7,69.7,24.1,4,1,2717.4,2708.8,0.36,2366.8
14.5,79.9,8.0,3,1,2431.2,2457.8,0.33,2299.0
23.0,37.8,17.8,17,0,4410.7,4310.8,0.91,3823.9
12.9,68.5,7.4,6,0,2519.3,3105.2,0.87,3193.6
12.9,70.9,14.4,4,1,2688.5,2445.7,0.36,2581.4
26.7,58.7,7.9,11,1,4220.6,4427.0,0.41,4028.4
13.3,72.1,18.6,4,0,2662.9,3126.2,0.87,2879.3
26.1,43.6,14.2,13,1,4838.3,5170.3,0.46,4224.4
17.4,70.4,10.1,0,0,2560.0,2695.2,0.79,2411.1
21.5,40.8,10.4,20,0,3882.5,3241.5,0.85,3063.2
18.0,80.3,15.6,5,0,2662.9,2510.1,0.86,2931.0
20.6,79.3,18.0,1,0,2253.8,2137.1,0.93,2443.3
15.6,61.8,16.0,0,0,2542.3,2711.7,0.9,2445.6
18.6,49.6,13.2,23,0,2412.0,2593.3,0.86,2557.1
33.1,33.1,14.8,17,0,5023.5,4027.5,0.87,4534.9
33.8,34.0,12.1,13,0,4181.8,4387.4,0.84,5091.8
18.8,68.2,7.4,0,0,2230.8,2239.7,0.89,2414.7
13.4,66.6,17.2,1,0,2450.3,2747.7,0.84,2555.2
23.6,69.1,5.4,6,0,2904.9,3157.5,0.86,3124.3
16.7,69.2,16.3,7,1,2990.6,3647.8,0.43,3008.6
29.4,51.0,14.5,12,0,4458.1,4471.8,0.88,4646.3
13.3,85.5,18.6,5,0,2735.9,3018.0,0.82,2959.0
22.1,64.5,5.0,21,0,3048.2,2661.7,0.89,2929.6
23.7,41.1,11.1,17,0,4141.7,3662.1,0.87,3747.7
13.5,69.1,15.6,6,1,2894.9,3100.8,0.43,2912.6
19.2,60.4,4.1,6,0,2837.6,3485.9,0.94,3126.0
31.6,39.1,17.7,16,0,4570.2,4130.9,0.9,4604.5
14.4,80.9,13.7,2,1,2482.3,2608.8,0.4,2237.4
21.0,58.3,23.6,19,1,3413.9,3392.5,0.33,2981.0
16.1,79.9,8.2,8,1,3284.1,3223.0,0.41,3270.5
18.4,65.8,12.8,0,1,2459.0,2142.8,0.35,2178.7
17.0,69.4,33.1,23,0,2398.2,2560.9,0.85,2443.7
20.8,70.3,14.5,9,0,3339.3,3990.5,0.85,3714.3
21.5,58.8,22.8,10,1,3537.1,4046.4,0.35,3635.5
26.6,51.6,15.3,8,1,3288.5,3311.9,0.39,3511.2
27.5,50.7,8.1,14,0,4524.3,4394.1,0.87,4512.2
28.8,37.2,15.9,17,0,4326.7,4226.4,0.93,4180.1
28.5,50.4,14.9,18,0,4180.1,3838.2,0.81,3889.0
16.1,66.4,14.8,23,1,2687.1,2531.3,0.4,2287.5
15.9,76.2,12.5,4,0,2790.5,2761.8,0.94,2664.6
17.5,72.7,14.4,2,0,2293.3,2192.0,0.8,2407.9
14.5,75.1,13.0,8,0,3482.6,3538.9,0.94,3651.7
20.5,42.2,15.4,18,0,3765.2,3980.5,0.86,3587.4
25.7,42.9,16.2,14,0,4281.8,4261.4,0.85,4421.3
26.1,50.7,15.1,16,0,4406.0,4722.2,0.88,4207.1
26.3,57.3,9.7,21,0,3122.9,2678.3,0.83,2941.1
17.1,63.9,16.7,7,0,3157.5,3282.6,0.91,3374.1
33.8,37.0,11.0,13,1,4688.9,4066.3,0.33,4787.6
34.0,47.8,17.1,17,0,4001.1,3662.7,0.86,4573.9
18.8,56.9,11.2,23,0,2674.8,2488.3,0.85,2563.4
23.6,78.0,14.7,10,0,3832.4,3784.3,0.98,4129.4
12.9,89.2,12.6,3,0,2445.3,2566.1,0.8,2575.6
14.8,72.7,11.4,5,1,2786.8,2852.0,0.4,2612.4
26.5,53.4,9.9,9,1,3856.6,3676.2,0.41,3674.9
28.2,42.2,11.1,17,0,4130.9,3730.4,0.96,4119.9
18.0,79.9,8.3,22,0,3031.4,2698.2,0.85,2738.2
20.3,60.3,6.6,5,0,3075.2,2800.1,0.87,2845.4
25.8,43.1,20.5,15,1,4900.2,4410.1,0.37,4005.6
16.4,67.3,19.7,23,0,2630.5,2503.4,0.95,2542.5
17.4,72.0,21.8,5,1,3249.2,2936.7,0.45,2597.5
30.3,50.8,15.2,17,0,4530.0,4357.7,0.91,4318.5
17.6,89.3,10.0,2,0,2635.7,2933.6,0.93,2485.1
26.6,49.2,17.1,18,0,4573.9,3873.5,0.87,3813.7
31.3,48.7,22.4,12,0,3954.7,4566.9,0.86,4723.8
12.8,74.6,2.7,4,0,2546.6,2786.8,0.91,2928.8
23.4,55.3,22.3,16,0,4491.9,4533.0,0.91,3985.5
21.9,66.7,3.7,9,0,3573.8,3476.2,0.91,3807.3
14.1,79.1,8.5,4,0,2541.6,2807.3,0.91,2748.6
23.7,62.4,9.0,21,0,3361.5,2893.5,0.89,2891.9
17.1,68.4,11.1,4,0,2628.7,2666.0,0.89,2667.3
29.0,46.2,16.2,12,0,4401.7,4380.8,0.94,4698.5
25.5,55.0,28.7,21,0,3114.4,2662.2,0.9,3003.4
19.9,56.0,16.2,22,1,2587.5,2452.1,0.36,2399.8
20.6,47.7,11.0,10,0,3379.7,4030.6,0.94,4017.5
26.1,47.2,8.5,18,0,4050.5,3907.4,0.95,3833.4
20.1,64.8,18.0,3,0,2585.6,2510.3,0.94,2578.1
30.6,43.0,10.2,18,0,4924.8,4099.3,0.86,4149.5
14.8,74.0,16.9,5,1,2584.3,3064.2,0.33,2494.7
14.6,81.6,23.1,3,0,2514.1,2947.6,0.85,2582.0
30.3,38.4,13.6,15,0,4614.3,4255.7,0.76,4568.7
35.6,40.8,18.2,16,0,4741.6,4737.4,0.95,4914.3
17.6,68.9,13.6,2,1,2202.0,2547.9,0.4,2203.6
18.1,60.2,13.2,23,1,2626.3,2532.2,0.38,2272.6
27.7,39.9,15.1,14,1,4709.5,4458.5,0.45,4163.8
9.6,64.8,11.8,4,0,2865.8,2820.0,0.96,3071.0
19.1,65.8,11.9,8,1,3332.3,3273.4,0.45,3262.7
17.9,53.1,16.5,6,0,2979.5,3092.6,0.98,3154.6
28.3,41.6,18.9,15,1,3928.4,4330.8,0.37,4121.0
16.6,64.9,19.1,6,1,2647.3,3140.1,0.38,2823.5
23.6,53.0,14.4,20,0,3578.0,3238.6,0.93,3049.3
26.9,60.2,14.8,18,0,4229.4,3646.6,0.86,3864.1
28.8,50.4,9.6,14,0,4787.6,4849.6,0.84,4489.1
31.4,52.4,6.6,13,0,4310.5,4510.7,0.95,4866.9
25.1,47.3,14.6,17,0,4548.4,4039.9,0.9,3880.2
15.6,94.0,9.7,2,0,2620.3,2451.0,0.92,2416.2
18.5,85.4,12.5,6,0,3051.4,2855.5,0.89,3116.4
13.8,65.2,13.8,2,0,2450.5,2207.6,0.9,2620.0
31.3,50.2,10.7,16,0,4389.8,4469.9,0.89,4620.5
22.9,75.6,8.0,8,1,2957.5,3856.6,0.36,3157.5
27.7,56.7,26.1,13,0,4611.1,4336.4,0.83,4543.4
20.8,46.6,17.9,8,0,3271.1,3316.4,0.83,3567.6
12.4,76.5,11.7,1,0,2551.5,2293.3,0.91,2699.5
10.8,69.3,19.6,4,0,2549.4,2628.3,0.87,2925.4
27.5,61.8,16.5,19,0,4153.2,3347.0,0.9,3619.3
7.1,68.2,6.4,4,0,2809.3,2752.6,0.94,3206.9
15.6,65.5,11.1,4,0,2614.6,2723.8,0.87,2798.2
24.9,68.7,11.4,21,0,3049.3,2714.9,0.93,2966.2
31.1,58.8,11.6,18,0,4007.3,3980.3,0.92,4185.4
15.5,72.9,15.3,3,0,2134.3,2292.0,0.85,2631.5
25.7,57.8,5.8,21,0,3163.9,2599.1,0.79,2989.4
17.6,74.2,19.0,3,0,2433.4,2589.5,0.91,2629.9
23.5,61.1,13.1,11,1,4057.5,4019.4,0.46,3902.9
29.8,43.8,12.7,16,1,4706.3,4185.5,0.43,4115.4
27.2,57.8,14.4,15,0,4962.2,4755.8,0.84,4352.6
25.0,58.0,15.8,20,0,3983.0,3280.5,0.96,3175.4
16.9,73.2,9.6,6,0,2805.4,2996.9,0.88,3100.1
25.0,56.5,10.2,20,1,3239.6,3181.0,0.36,2862.2
33.3,37.0,15.0,16,1,4075.9,4408.3,0.38,4427.8
20.7,56.5,7.5,8,1,3354.3,3269.9,0.42,3337.4
5.3,85.7,19.2,5,0,2415.8,2475.7,1.01,3568.7
17.6,81.9,9.6,6,0,3012.6,3250.6,0.91,3071.8
18.6,72.8,9.6,7,0,3114.3,3439.7,0.94,3371.5
11.1,73.1,19.8,0,0,2160.7,2058.9,0.93,2711.7
19.9,68.7,5.6,8,1,3508.3,3289.4,0.48,3364.3
30.5,55.1,23.3,13,1,4405.1,4877.3,0.4,4472.5
12.8,74.5,23.5,0,0,2443.7,2177.1,0.9,2674.2
27.4,42.4,24.9,12,0,4492.4,4226.7,0.93,4540.9
17.6,68.0,11.9,6,1,2850.4,2834.7,0.45,2823.2
15.8,75.0,12.0,1,0,2462.9,2742.4,0.91,2483.5
26.2,66.0,8.2,21,0,3088.6,2948.3,0.95,3112.9
15.8,76.9,13.6,2,0,2474.7,2336.3,0.9,2465.0
17.9,72.1,19.0,6,0,2689.5,3099.4,0.98,3188.9
19.3,75.1,14.9,6,0,2903.3,2929.6,0.95,3175.2
8.1,75.6,12.6,5,0,2624.4,2971.7,0.89,3333.3
23.7,50.6,18.3,19,0,3794.4,3376.1,1.0,3423.4
19.1,72.5,15.4,3,0,2535.6,2362.1,0.96,2614.6
13.0,70.7,9.6,4,0,2670.9,2356.4,0.85,2741.4
13.0,73.1,15.1,4,0,2762.4,2735.7,0.88,2797.7
18.0,65.0,5.2,23,1,2662.1,2605.1,0.46,2263.4
29.3,59.8,9.3,19,0,4120.2,3826.5,0.9,3786.7
27.7,49.3,17.1,18,0,3977.5,3801.6,0.85,3861.6
25.5,69.9,6.8,13,1,4077.6,4427.2,0.35,3967.4
12.6,74.5,16.1,3,1,2061.4,2960.9,0.33,2396.2
15.3,72.5,9.1,5,1,2589.7,3048.8,0.34,2475.7
17.7,61.3,20.3,8,1,3355.1,3305.6,0.45,3328.4
16.5,78.6,17.1,3,1,2792.3,2884.1,0.38,2272.3
23.1,67.8,9.6,11,0,3977.2,3955.8,0.84,4043.9
30.7,37.4,10.7,14,1,4434.1,4435.9,0.53,4503.0
29.3,40.0,8.9,15,1,4310.8,4854.5,0.38,4238.2
11.7,49.4,17.0,6,0,2575.2,3510.7,0.86,3300.2
29.8,59.4,23.3,19,0,3880.6,3500.2,0.88,3867.5
28.6,38.6,13.3,17,0,4914.3,3977.5,0.96,4203.8
31.4,40.0,13.8,15,0,4578.0,4259.5,0.87,4786.3
31.5,36.5,18.6,16,0,4230.3,4758.3,0.94,4593.1
30.9,42.5,12.4,14,0,5064.9,4676.2,0.88,4891.8
16.2,83.1,24.5,3,1,2362.6,2558.1,0.39,2288.9
22.5,48.3,7.1,8,0,3323.7,3535.3,0.89,3640.7
16.0,70.1,13.3,8,1,3334.1,3520.6,0.33,3247.0
24.4,61.0,10.8,9,1,3537.9,3882.9,0.43,3546.8
31.4,49.9,14.9,18,0,3730.4,4032.9,0.85,4226.6
22.1,52.2,7.9,22,0,2614.7,2716.9,0.91,2664.2
11.1,68.7,15.0,0,1,2257.9,2559.8,0.39,2435.3
32.9,57.0,13.2,14,1,4706.3,4897.0,0.38,4721.1
14.8,69.3,8.5,23,1,2803.4,2204.5,0.41,2287.5
15.9,69.7,26.0,6,0,2877.4,3149.4,0.93,3063.8
22.5,54.9,9.7,10,1,4020.0,3597.5,0.5,3769.4
34.0,62.5,17.9,12,0,4913.1,4807.8,0.98,5139.8
29.5,57.5,15.8,17,0,4204.4,3802.6,0.86,4249.5
13.8,57.2,19.2,9,0,3426.5,3778.0,0.99,3914.8
28.6,50.4,20.4,13,0,4646.3,4585.6,0.88,4660.5
22.2,73.0,11.0,7,1,3216.6,3091.6,0.36,2910.6
26.1,54.0,17.2,21,0,3018.8,3003.4,0.89,3094.0
13.1,66.7,27.8,4,0,2458.7,2649.3,0.81,2750.4
26.0,47.7,18.2,12,0,4153.7,4349.4,0.93,4349.0
17.6,66.0,5.6,1,0,2201.2,2326.4,1.0,2528.2
26.3,61.5,17.3,11,0,3965.7,4183.8,0.97,4267.9
20.9,53.5,13.3,20,0,3786.7,3106.8,0.79,3035.6
15.9,74.6,10.2,5,1,3071.0,2835.2,0.45,2607.4
31.0,51.6,13.5,14,0,3922.6,4475.8,0.93,4745.0
24.2,57.5,11.6,19,1,3262.3,3617.4,0.38,3015.9
14.8,58.3,8.0,6,1,2859.9,2990.6,0.41,2770.1
25.2,51.8,13.2,11,0,4004.3,4122.6,0.94,4253.3
22.7,67.3,17.8,10,1,3783.6,4139.4,0.35,3587.1
23.3,50.1,9.5,19,0,4192.0,3720.5,0.9,3239.6
27.0,51.1,17.7,16,1,4410.1,4799.8,0.4,3912.1
21.0,67.1,17.0,0,0,2477.9,2589.8,0.93,2517.1
28.0,40.2,20.6,16,0,4387.9,4442.7,0.89,4322.9
31.5,49.2,26.5,16,1,4034.7,4328.0,0.4,4350.6
21.4,67.0,12.7,21,0,3301.8,2950.4,0.93,2949.8
18.7,67.9,11.5,6,0,3070.8,3078.9,0.91,3103.9
20.2,62.9,7.4,5,1,2715.0,2905.3,0.37,2587.9
13.0,70.3,14.8,5,0,2751.7,2918.6,0.82,3067.3
25.0,55.7,24.9,20,1,3428.0,2960.1,0.31,2817.8
26.8,51.0,14.7,19,1,3960.5,3320.6,0.37,3271.6
16.8,72.3,13.6,5,1,2745.6,2811.6,0.39,2660.7
16.9,63.9,15.4,6,1,3251.3,3168.3,0.38,2810.2
25.2,47.6,23.0,19,1,3858.7,3882.5,0.27,2979.0
15.7,67.5,13.3,6,0,2586.7,3077.3,0.82,3023.1
12.4,64.5,20.8,0,0,2634.2,2752.8,0.89,2655.0
29.5,58.4,22.1,11,0,4034.3,4301.2,0.87,4638.8
21.1,54.6,13.8,11,1,4010.1,4012.2,0.39,3815.0
27.4,54.5,16.8,10,1,3472.8,3564.3,0.36,3942.0
22.6,59.8,9.9,19,0,3980.5,3459.0,0.87,3281.3
22.7,57.1,11.8,19,0,3719.4,3833.0,0.89,3268.3
27.0,42.9,18.3,15,0,4436.5,4610.5,0.94,4324.8
28.3,57.1,24.0,18,1,4339.8,3828.7,0.44,3651.9
12.9,74.3,9.4,4,0,2500.2,2741.4,0.89,2852.2
24.2,25.9,16.7,13,1,4195.8,4560.3,0.41,4066.3
26.9,52.3,16.8,15,1,4955.9,4420.2,0.46,4051.0
26.7,38.2,12.9,12,0,4173.1,4361.3,0.91,4430.1
26.1,45.4,12.5,17,1,4408.7,4342.7,0.39,3707.1
33.8,33.0,21.1,17,1,3738.0,4108.9,0.44,4281.8
20.3,47.9,15.8,8,0,3192.2,3351.6,0.87,3522.4
19.7,58.1,20.9,8,0,3264.8,3534.7,0.89,3629.1
34.9,24.4,8.9,14,1,4659.0,4543.4,0.39,4854.1
9.3,75.0,17.6,3,0,2436.1,2581.6,0.96,3025.2
27.9,54.6,13.6,19,0,3649.0,3359.0,0.89,3673.0
26.2,39.5,10.9,11,1,4139.4,4458.1,0.45,4016.6
16.9,73.6,29.0,2,1,2458.3,2684.8,0.39,2147.2
18.8,71.6,7.5,5,1,2879.3,2897.5,0.35,2666.4
15.5,86.7,11.3,2,0,2435.4,2382.9,0.9,2492.8
28.3,57.8,13.4,21,0,3122.2,2949.8,0.87,3267.6
16.8,80.2,8.9,0,0,2487.3,2112.7,0.92,2561.4
21.4,72.7,27.4,9,0,3270.5,3529.6,0.85,3744.5
16.6,55.8,11.6,21,0,2681.8,2710.3,0.93,2864.5
9.1,81.5,16.6,1,0,2574.3,2382.7,1.0,2840.9
20.8,61.8,11.1,18,1,4246.1,4199.6,0.35,3203.9
24.8,53.1,9.9,18,0,4120.1,3644.7,0.9,3624.2
25.5,52.6,20.3,18,1,3457.9,3568.2,0.41,3412.8
18.1,78.6,10.8,4,0,2354.0,2972.2,0.87,2655.0
27.6,59.2,23.7,17,0,4552.4,4082.2,0.95,4143.3
29.0,48.5,21.5,13,0,4665.8,4562.3,0.9,4675.0
14.2,62.0,15.4,6,0,2949.6,3123.7,0.82,3192.5
13.0,66.3,9.0,0,0,2614.0,2435.3,0.85,2512.2
35.3,42.1,16.2,14,0,4717.8,4610.1,0.9,5250.6
9.9,61.5,12.9,2,0,2351.7,2935.7,0.9,2855.0
15.5,85.3,9.5,1,0,2058.9,2708.9,0.95,2476.4
34.2,39.6,15.9,16,1,5026.2,4462.6,0.41,4563.8
37.9,45.3,22.8,14,0,4784.6,4472.7,1.0,5466.2
19.7,64.7,12.1,23,1,2460.4,2661.8,0.38,2243.4
31.2,41.1,1.2,15,1,4501.5,4485.9,0.46,4352.5
21.7,61.6,18.9,9,0,3505.6,3812.9,0.93,3824.3
23.2,64.9,20.9,21,0,2753.5,2889.5,0.81,2831.1
23.3,59.1,11.0,10,0,3682.9,3891.0,0.92,4015.5
16.9,63.0,11.9,23,0,2404.7,2583.2,0.8,2550.6
13.7,76.9,21.9,3,1,2192.0,2354.8,0.43,2369.8
31.0,39.5,5.6,16,0,4401.5,3985.5,0.96,4559.1
25.0,33.7,17.5,12,0,4558.5,4592.6,0.85,4308.7
27.1,55.1,22.4,11,1,4299.1,3997.0,0.29,4059.8
15.1,57.2,17.4,6,0,2943.4,3144.3,0.95,3250.6
29.0,36.4,11.1,13,0,5139.8,4896.8,0.88,4560.3
18.9,68.9,7.2,7,0,3485.9,3444.1,0.94,3362.2
17.7,74.5,13.9,7,0,2834.7,3403.4,0.91,3406.6
18.3,69.0,14.9,8,0,3266.5,3261.8,0.95,3690.3
31.9,44.9,7.5,14,0,4890.3,4786.7,0.92,4937.6
19.4,82.5,7.3,8,1,3426.5,3585.8,0.41,3261.8
16.0,64.8,9.9,9,0,3475.5,3765.0,0.89,3777.4
24.6,52.1,16.2,19,1,3789.6,3118.7,0.36,3078.7
18.8,72.7,13.3,22,0,2835.3,2743.2,0.81,2613.5
29.7,54.5,11.8,17,0,4207.1,4148.3,0.93,4283.4
20.7,59.1,5.4,1,0,2461.1,2435.4,0.91,2401.2
12.7,70.6,10.9,1,0,2212.7,2665.0,0.87,2526.8
25.7,39.6,11.2,19,1,3710.2,3015.9,0.32,3070.4
17.9,57.6,19.2,21,0,2845.9,2839.4,0.78,2812.4
18.4,66.1,19.6,6,1,2649.0,3002.4,0.35,2774.7
20.8,56.3,24.4,8,1,3060.0,3470.7,0.39,3284.8
27.6,44.8,12.3,20,0,3113.5,3026.9,0.81,3351.8
12.4,63.6,8.0,1,1,2428.3,2456.0,0.39,2330.0
17.5,54.8,20.7,23,0,2725.7,2595.1,0.88,2531.1
22.3,61.4,7.3,9,0,3795.1,4218.2,0.91,3778.5
14.4,66.2,17.0,5,0,2445.7,2569.3,1.0,2977.7
21.6,67.0,15.1,8,0,3594.4,3380.9,0.93,3626.5
19.8,70.6,13.1,7,1,3015.4,3312.1,0.35,3034.2
24.5,55.4,18.4,12,0,4196.4,3991.1,0.89,4262.0
12.4,76.5,13.2,1,0,2304.2,2132.3,0.89,2609.3
22.4,50.6,10.5,19,1,4466.1,3178.9,0.36,3084.7
23.7,38.4,13.0,10,0,3821.4,4026.7,0.84,3921.7
26.2,44.9,10.7,11,0,3995.3,4698.9,0.92,4286.7
31.8,42.4,22.3,13,0,4564.0,4635.9,0.87,4922.7
21.5,50.8,19.9,22,0,2945.6,2666.7,0.93,2746.9
19.1,62.8,19.5,8,0,3074.8,3640.7,0.88,3633.6
15.7,67.7,9.5,0,0,2563.4,2467.3,0.94,2504.7
12.5,68.0,10.7,2,1,2344.4,2157.8,0.39,2346.1
16.2,67.6,15.1,6,0,2875.6,3435.4,0.85,3003.2
30.2,51.0,16.5,12,1,4137.0,4238.4,0.46,4499.4
14.6,67.5,14.8,23,0,2610.4,2534.4,0.98,2605.1
22.2,52.5,3.9,13,0,4169.0,4887.3,0.91,4260.2
22.8,66.5,3.6,21,1,3102.7,2614.7,0.44,2593.6
33.1,36.0,8.5,14,1,4575.5,4974.9,0.38,4717.3
24.8,71.7,19.9,21,1,3034.3,2782.4,0.38,2526.7
31.3,58.1,14.0,17,0,4323.4,4218.0,0.93,4460.4
28.6,45.2,19.1,10,0,3394.0,3947.7,0.82,4284.2
21.3,43.6,25.0,18,0,3883.3,4466.1,0.83,3469.7
31.8,38.8,13.8,14,1,4433.2,4770.2,0.47,4630.9
27.4,40.8,7.6,17,0,4612.1,3823.9,0.9,4082.2
29.0,54.5,26.1,17,1,4737.4,4379.3,0.44,3977.5
13.8,92.3,16.7,2,0,2576.5,2483.7,0.84,2608.8
28.1,53.3,7.7,19,1,3964.6,3322.2,0.43,3428.0
12.4,78.8,16.8,1,1,2510.2,2609.3,0.33,2262.4
24.3,44.0,6.2,20,0,3556.0,3070.3,0.87,3141.2
20.5,65.3,12.3,8,1,3417.4,3293.6,0.4,3269.9
28.3,45.0,8.3,20,0,3387.7,3117.7,0.89,3438.5
25.0,66.2,14.8,9,1,3636.1,3739.5,0.44,3699.4
18.9,73.6,3.9,1,0,2419.4,2479.8,0.81,2263.5
25.3,43.8,11.2,10,0,3590.9,3783.9,0.92,4055.1
23.5,54.9,8.9,20,0,3962.1,3528.5,1.06,3196.1
27.5,43.6,8.1,17,0,4389.8,4173.4,0.95,4072.9
9.5,61.2,23.1,6,1,2765.1,3130.3,0.53,3260.8
15.4,78.6,11.2,0,1,2835.9,2419.4,0.41,2179.3
15.5,56.9,9.6,1,0,2148.1,2429.2,0.87,2336.9
13.5,71.4,16.9,2,0,2611.5,2651.1,0.87,2567.3
16.1,74.9,11.6,0,1,2606.7,2501.6,0.4,2165.6
30.2,39.6,13.8,16,0,4315.8,4098.3,0.96,4533.0
33.4,44.7,15.7,15,0,4764.5,4352.5,0.9,5035.7
22.5,61.2,21.5,22,1,3172.0,2748.5,0.37,2381.0
31.3,59.6,11.4,16,0,4329.8,4115.4,0.83,4560.2
25.0,52.4,5.9,14,0,4531.6,4590.7,0.8,4181.3
15.5,71.6,21.3,1,1,2467.3,2504.7,0.38,2091.8
18.7,61.8,13.4,7,0,3100.8,3339.7,0.94,3284.2
18.7,64.9,9.2,8,0,3360.0,3476.0,0.9,3636.1
23.4,52.0,27.4,18,1,4168.3,3203.9,0.42,3302.3
33.4,44.3,14.9,16,0,4574.4,4322.9,0.87,4699.4
21.0,66.0,9.7,23,0,2706.3,2577.6,0.84,2534.4
33.0,58.4,5.5,18,0,4173.4,3959.5,0.89,4353.0
12.5,77.5,14.1,4,0,2524.3,2436.9,0.99,2939.1
11.6,76.9,10.0,0,0,2313.9,2447.6,0.77,2604.9
15.4,67.6,12.7,6,0,3026.2,3124.3,0.91,3155.2
18.8,69.2,19.1,0,0,2550.9,2481.3,0.85,2450.3
26.1,37.5,11.5,12,0,4105.2,4179.0,0.9,4498.1
16.0,80.0,7.2,0,0,2700.5,2172.4,0.88,2477.3
18.1,73.9,30.7,4,0,2535.2,2852.2,0.93,2784.5
19.9,56.4,8.7,8,0,3282.5,3502.3,0.86,3562.5
24.1,54.1,11.7,10,0,3818.0,4252.6,0.85,3897.3
25.7,39.5,15.5,17,1,4479.1,4319.4,0.41,3651.0
28.5,46.8,11.3,11,0,3921.7,3813.6,0.95,4543.9
14.8,69.4,12.8,7,0,3256.9,3074.8,0.9,3403.4
22.0,51.3,19.1,19,0,3770.8,3301.5,0.98,3375.5
25.6,52.5,7.9,16,0,4558.1,4479.1,0.85,4115.0
19.1,71.5,11.6,0,0,2215.3,2491.5,0.93,2507.4
21.2,67.9,11.1,22,0,2516.3,2516.4,1.06,2781.3
24.0,58.8,15.2,11,0,4321.8,4173.1,0.93,4123.9
35.2,50.8,16.6,17,0,4364.1,4072.9,0.84,4744.2
26.5,52.4,17.5,11,0,4201.7,4397.5,0.91,4328.7
24.5,63.3,16.1,20,0,3459.0,3403.2,0.89,3152.1
22.4,59.9,2.3,10,0,3835.4,3892.2,0.87,4030.0
18.8,63.6,4.4,22,1,2663.2,2656.4,0.43,2359.4
17.1,63.4,13.3,5,0,3126.2,2955.2,0.91,2897.5
31.2,56.2,21.9,14,0,4789.0,4743.4,0.88,4910.8
25.0,58.9,12.9,13,0,4467.3,4700.7,0.91,4281.8
28.0,60.2,15.9,16,0,4520.9,4719.4,0.91,4278.7
12.0,63.9,8.4,3,1,2517.1,2299.7,0.35,2420.8
15.4,71.3,22.6,1,0,2477.0,2568.8,0.87,2411.6
16.9,67.8,18.1,3,0,2492.8,2717.4,0.89,2552.6
28.6,53.0,22.2,18,0,4139.0,3394.4,0.9,3963.8
33.8,39.9,5.5,15,0,4393.9,4887.4,0.82,4906.7
28.2,45.1,8.6,14,0,4455.3,4854.1,0.94,4693.2
16.3,87.5,15.2,3,1,2677.5,2691.4,0.46,2296.4
20.2,40.9,20.7,10,0,3511.8,4420.2,0.85,3858.2
20.3,59.4,15.0,9,0,3262.7,3511.8,0.91,3897.1
29.5,39.8,9.0,18,0,4292.5,3770.0,0.87,4082.7
26.9,54.5,8.2,20,0,4066.0,3235.3,0.87,3280.5
25.1,54.2,15.5,13,0,4378.0,4530.8,0.91,4255.0
11.5,59.1,13.6,1,0,2462.9,2173.7,0.85,2576.5
25.5,63.9,11.0,18,0,4445.6,4093.9,0.97,3676.2
27.7,41.9,2.3,13,1,4225.8,5153.8,0.42,4302.6
22.4,56.1,12.1,20,1,3320.6,2819.3,0.39,2793.0
23.6,59.9,24.6,20,0,3011.5,3404.9,0.87,3048.2
27.6,58.0,14.1,11,1,4160.4,4244.9,0.31,3997.0
14.6,82.0,16.7,23,0,2668.5,2610.3,0.9,2665.6
35.2,50.4,0.7,18,0,3966.5,3968.3,0.98,4616.9
15.0,75.7,17.2,23,0,2729.0,2243.4,0.93,2670.8
31.3,38.9,21.1,15,0,4460.8,4666.1,0.96,4741.6
24.9,61.5,7.9,20,0,3287.6,3141.2,0.95,3229.2
30.8,54.4,18.3,12,0,3995.5,3875.5,0.93,4807.8
15.1,71.6,12.0,23,1,2418.5,2858.3,0.34,2221.1
21.6,55.1,5.0,22,0,2606.1,2352.8,0.81,2626.3
35.6,54.3,8.1,13,0,4466.4,5155.2,0.93,5239.0
24.6,66.9,12.7,20,0,3441.6,3099.1,0.83,3102.7
11.5,74.3,20.2,2,0,2130.4,2632.6,0.89,2738.3
14.3,84.1,25.8,7,0,3130.5,3426.3,0.82,3354.0
12.1,61.9,21.1,0,0,2785.0,2464.7,1.0,2777.5
28.1,39.8,10.8,12,0,4310.8,4940.8,0.93,4592.6
15.9,82.9,14.1,1,0,2477.3,2162.1,0.93,2538.5
27.2,31.8,26.4,15,0,4766.5,5156.6,0.94,4418.8
34.3,73.9,9.2,18,0,3826.4,3284.2,0.96,4609.8
22.4,73.4,4.2,11,0,3984.2,4518.7,0.91,4116.1
26.1,36.3,10.4,16,0,4601.1,4204.4,0.87,4142.1
12.2,86.0,9.6,1,1,2656.0,2330.0,0.51,2370.9
16.6,75.3,8.6,3,0,2635.6,2533.6,0.87,2549.4
16.0,75.9,9.2,6,0,2994.1,3071.8,0.81,2980.8
12.3,75.6,10.7,5,0,2683.2,3051.7,0.93,3088.4
18.0,55.7,22.7,20,0,3558.5,3048.9,0.83,3093.5
32.0,42.3,12.3,14,1,4624.9,4425.6,0.4,4558.8
13.2,64.4,30.4,1,0,2526.4,2191.6,0.98,2635.7
24.9,44.6,7.3,17,1,4457.8,4179.0,0.46,3457.9
32.4,39.1,16.7,13,1,4724.5,4663.2,0.38,4676.7
22.8,65.0,7.3,10,1,3449.2,4215.2,0.4,3650.5
26.3,55.7,8.9,10,1,4164.7,4437.1,0.42,3946.4
17.1,72.8,14.3,5,1,2382.2,2583.8,0.29,2586.7
29.5,29.8,18.0,16,1,4418.8,4207.7,0.4,4040.6
16.5,55.7,16.0,0,0,2318.5,2452.0,0.91,2462.4
20.2,61.1,19.3,8,1,3358.0,3706.6,0.41,3192.0
9.3,74.5,22.1,4,0,2859.2,2404.4,0.86,3074.3
23.3,53.6,14.5,19,1,3469.7,3084.7,0.44,3020.8
31.7,46.3,26.7,17,1,4401.2,4209.9,0.38,4142.9
30.2,30.2,5.1,16,1,4420.9,4552.4,0.36,4248.2
33.4,52.5,6.6,13,0,4351.2,5263.8,1.01,5026.7
14.6,67.9,5.7,5,0,2820.0,2460.5,0.88,2835.2
11.5,68.1,14.0,7,0,2959.0,3149.9,0.97,3647.8
26.2,56.5,9.4,10,0,3770.3,3954.5,0.96,4247.1
30.2,50.4,5.6,13,0,4274.1,4844.0,0.89,4797.7
23.6,70.0,12.8,20,0,3071.8,3062.2,0.94,3121.4
30.1,43.8,18.6,16,0,4658.4,4539.3,0.89,4436.2
25.8,62.6,6.5,18,1,4108.9,3406.0,0.36,3406.0
14.7,54.4,25.9,5,1,2436.9,2597.5,0.32,2575.2
25.2,62.6,22.1,11,0,3682.8,4834.9,0.9,4135.9
30.1,44.3,11.1,13,1,4320.9,4302.6,0.42,4432.9
26.4,69.3,20.4,7,0,2912.6,3284.2,0.95,3560.9
18.7,59.6,19.9,22,0,2640.5,2733.7,0.9,2762.1
32.1,52.4,5.1,15,0,4779.8,4601.1,0.85,4693.7
19.1,73.0,22.7,0,1,2589.6,2392.6,0.44,2239.7
17.6,71.7,15.7,0,0,2584.4,2165.6,0.98,2515.2
23.4,60.8,12.4,21,1,2862.2,2671.1,0.39,2678.3
29.4,49.3,22.8,15,0,4998.6,4971.9,0.83,4583.0
15.1,77.4,16.7,1,0,2521.0,2406.8,0.94,2481.2
18.8,74.7,10.6,8,0,3106.9,3629.1,0.88,3649.3
28.4,40.0,18.0,12,0,4197.2,4591.3,0.94,4564.0
20.7,63.0,20.9,7,0,3163.4,3378.5,0.8,3242.5
24.1,57.8,5.9,21,0,2853.6,2967.7,0.79,2914.7
19.1,66.6,18.1,7,0,2929.1,3205.8,0.98,3406.0
33.6,47.3,16.0,14,0,4468.0,4910.8,0.93,4925.3
27.8,51.2,12.0,19,0,3568.2,3023.7,0.89,3664.7
33.8,55.4,7.6,15,0,4626.9,4351.7,0.9,5015.0
20.5,63.6,6.5,8,0,2933.0,3548.4,0.88,3535.4
28.4,49.7,14.5,20,1,2981.0,3174.6,0.41,3103.0
12.2,80.4,19.9,2,0,2406.8,2485.1,0.87,2641.9
16.1,68.8,0.0,1,1,2777.2,2463.9,0.45,2127.4
21.3,67.3,12.2,7,0,3144.3,3560.9,0.9,3331.3
18.6,68.5,19.3,23,0,2634.7,2553.0,0.89,2581.5
27.3,49.6,22.6,13,0,4035.8,4521.0,0.9,4510.7
26.5,58.0,11.4,14,0,4838.3,4734.8,0.92,4410.4
17.8,88.5,22.3,6,1,2809.4,2860.5,0.33,2715.4
20.3,66.1,19.6,22,0,2914.6,2631.5,0.81,2623.8
34.7,42.1,14.0,13,1,4565.8,4488.7,0.36,4709.5
14.4,62.3,14.2,6,1,2602.6,2774.7,0.5,2811.3
28.9,54.2,12.6,17,0,4342.8,4687.7,0.89,4136.5
26.4,56.3,15.6,13,0,4009.8,4255.0,0.9,4434.1
18.8,58.9,14.3,7,1,3080.1,3360.0,0.36,3037.8
21.0,74.6,7.8,6,0,2928.4,3103.1,0.93,3062.7
22.5,69.4,16.0,8,0,3260.7,3567.6,0.82,3472.2
28.7,50.7,9.1,20,1,3241.2,3392.6,0.31,3217.6
34.8,47.0,16.6,16,0,4516.8,4207.1,0.93,4906.7
34.4,45.6,25.8,16,1,4352.5,4376.6,0.37,4592.9
14.4,75.6,20.6,3,0,2738.3,2663.3,0.92,2634.9
11.8,75.5,12.4,1,0,2481.3,2382.8,0.96,2747.7
30.8,44.0,12.6,15,0,4435.9,4104.9,0.92,4653.9
28.1,47.8,11.1,19,0,3753.4,3107.2,0.91,3781.8
13.6,74.2,21.1,5,0,2939.1,2575.2,0.83,2900.7
18.6,68.9,12.4,7,0,3163.0,3106.9,0.89,3238.7
27.5,48.0,6.9,19,0,4020.0,3477.9,0.9,3652.7
17.0,55.5,14.2,21,0,2828.1,2855.0,0.89,2838.5
15.8,58.6,20.1,23,0,2349.3,2600.7,0.89,2591.5
22.6,66.6,11.2,8,0,3001.6,3537.3,0.84,3530.5
20.4,61.6,15.4,8,0,3303.0,3630.5,0.84,3470.7
23.8,50.7,5.9,19,0,3861.6,3934.1,0.8,3232.7
25.9,54.4,19.9,14,0,4500.8,4717.7,0.97,4425.6
18.4,60.0,14.4,20,0,4049.7,3088.7,0.95,3114.4
27.2,54.0,19.5,15,0,4758.3,4862.0,0.88,4405.5
24.0,49.8,15.5,9,0,3586.5,3616.8,0.93,3783.6
31.1,37.9,13.3,11,0,4001.8,4232.7,0.88,4718.1
22.6,66.8,19.3,9,1,3614.8,3811.0,0.41,3429.8
29.0,41.6,15.2,18,1,4418.2,4185.4,0.45,3770.0
14.4,65.8,12.1,5,0,2763.6,2903.3,0.86,2859.3
27.5,66.2,16.3,13,1,3837.0,4306.8,0.51,4352.1
20.9,61.4,0.0,22,1,2671.1,2631.1,0.42,2476.3
12.3,66.7,29.8,6,1,2639.8,3021.7,0.44,3033.9
28.3,63.5,15.4,20,0,3376.1,3131.1,0.89,3416.3
12.9,64.4,8.2,2,0,2438.6,2577.4,0.96,2760.8
16.4,60.6,12.1,6,0,2721.7,3231.0,0.94,3037.9
34.7,44.7,6.0,17,1,4207.7,4338.8,0.47,4434.7
25.9,33.0,13.2,19,0,3307.5,3962.1,0.94,3528.3
21.3,62.8,9.0,20,1,3359.0,2936.2,0.43,2828.1
19.1,69.5,15.1,8,1,3115.1,3561.1,0.4,3360.9
19.0,59.6,27.4,9,1,3635.9,3924.4,0.43,3505.5
16.7,58.9,23.0,23,0,2456.1,2341.0,0.93,2584.3
13.7,54.3,31.1,7,0,3253.2,3354.0,0.9,3377.1
22.4,69.1,4.3,4,0,2408.3,2745.6,0.92,2633.2
25.4,54.0,29.6,19,1,3754.0,3169.9,0.33,3112.5
25.6,62.9,7.0,21,1,3035.6,2624.1,0.41,2716.9
27.5,47.4,11.2,14,0,4263.2,4726.7,0.91,4472.7
33.7,52.3,20.9,18,0,4084.2,4609.8,0.91,4365.9
30.7,49.6,15.9,15,1,4576.0,4727.7,0.45,4513.1
19.3,64.4,13.6,23,0,2416.5,2445.3,0.93,2587.2
25.5,58.3,2.4,19,0,3301.1,3671.3,0.92,3563.0
15.4,85.2,21.7,23,1,2722.6,2660.9,0.44,2313.9
11.8,67.8,24.3,0,0,2510.5,2460.7,0.94,2713.0
14.0,76.2,4.9,4,0,2292.4,2382.2,0.95,2786.0
14.7,72.9,15.3,4,0,2381.0,2363.9,0.85,2735.7
22.9,59.3,11.1,12,0,4122.6,4557.4,0.97,4243.5
25.3,56.3,8.7,11,1,3836.8,4401.7,0.45,3895.3
22.9,39.0,16.0,11,1,3811.2,4253.3,0.43,3811.5
14.6,56.6,16.6,23,1,2725.4,2498.6,0.37,2338.2
17.7,58.7,12.8,0,0,2610.3,2574.3,0.8,2386.2
20.6,66.8,21.2,2,0,2143.3,2371.3,0.95,2530.9
26.0,61.8,6.8,9,0,3672.6,3722.5,1.01,4071.9
22.7,51.7,14.7,11,0,4041.9,3954.7,0.86,4086.0
31.2,39.6,31.3,14,0,4877.3,4558.8,0.91,4833.5
20.9,57.0,3.9,21,0,3177.7,2972.8,0.93,2905.6
14.3,62.9,12.6,1,1,2477.1,2309.8,0.37,2173.7
26.1,54.9,10.1,20,0,3333.2,3023.2,0.81,3279.7
16.8,89.1,1.4,1,0,2178.7,2256.0,0.9,2494.7
13.4,70.7,10.8,5,0,2803.8,2897.1,0.89,2895.7
17.8,75.0,11.8,5,0,2820.9,3104.5,0.85,2765.1
18.5,62.9,14.1,6,1,2974.9,3112.8,0.43,2860.5
28.3,47.2,2.7,12,1,4244.9,4610.5,0.29,4245.5
21.2,52.1,12.3,3,1,2651.1,2578.1,0.38,2343.0
14.2,45.1,1.6,7,0,2823.2,3406.6,0.92,3379.5
25.2,51.6,15.6,8,0,3354.7,3575.7,0.92,3706.6
18.3,68.9,22.6,6,1,2820.3,2837.0,0.42,2832.8
20.5,66.3,8.0,23,0,2695.4,2535.7,0.88,2550.9
9.8,63.7,12.5,0,0,2526.9,2455.8,0.91,2781.5
15.3,78.7,19.6,1,0,2674.2,2456.1,0.83,2356.8
11.5,81.3,8.7,1,0,2187.5,2704.7,0.92,2699.4
27.4,51.3,21.2,15,0,4571.2,4416.1,0.9,4506.3
25.4,37.8,26.6,21,0,2878.8,3252.9,0.84,2972.8
15.2,68.2,6.4,5,0,2404.6,2666.4,0.94,2903.8
29.8,45.4,15.9,16,0,4636.8,4646.2,0.85,4457.8
13.8,65.5,10.2,1,0,2507.4,2412.8,0.9,2463.3
19.5,61.9,13.1,23,0,2462.4,2614.0,0.9,2582.6
18.6,67.4,6.5,8,1,3004.4,3502.5,0.44,3265.5
14.6,75.3,6.7,4,0,2543.4,2817.0,0.84,2721.6
23.0,60.7,11.5,20,1,3681.7,3052.4,0.38,2811.9
18.2,74.2,14.2,6,0,2977.7,3042.5,0.92,3100.8
29.7,51.2,13.3,13,1,4429.0,4831.1,0.42,4486.3
18.9,75.7,14.9,3,0,2647.8,2539.0,0.91,2504.8
18.2,76.8,15.1,0,0,2214.5,2630.5,0.98,2515.3
23.9,49.9,18.5,12,0,4465.7,4580.0,0.91,4169.0
31.0,63.3,2.8,14,0,4628.0,4421.3,0.84,4814.9
18.9,65.9,21.3,6,1,2510.1,3154.6,0.39,2730.5
17.2,77.0,10.1,5,0,2750.4,2809.4,0.93,2905.9
27.9,66.9,19.6,14,0,4824.6,4721.1,0.83,4557.5
13.1,80.5,17.7,3,1,2933.6,2859.2,0.43,2401.8
28.6,47.5,11.0,13,1,4262.0,4619.8,0.39,4385.1
21.3,65.9,10.5,8,1,3009.8,3562.7,0.43,3295.9
28.0,53.5,11.9,11,0,3894.8,4654.1,0.9,4520.1
11.1,72.4,8.3,1,0,2209.4,2450.6,0.88,2658.3
16.7,80.0,22.9,4,0,2461.8,2797.7,0.93,2700.3
17.9,72.5,8.2,1,1,2431.9,2216.3,0.34,2030.9
20.5,66.3,19.0,9,0,3300.9,3706.5,0.9,3821.4
29.2,66.8,27.2,12,0,4119.1,3840.4,0.95,4686.1
18.4,66.2,17.1,21,1,2899.2,3172.1,0.32,2567.9
30.4,55.5,25.4,17,0,4239.3,3869.9,0.85,4311.1
15.7,71.7,20.5,23,0,2766.3,2682.8,0.98,2595.1
27.4,42.7,14.2,12,1,4267.2,4194.1,0.38,4151.9
20.8,63.3,16.0,20,0,2979.0,3063.2,0.86,3099.8
20.4,64.1,15.0,21,1,3021.8,2981.9,0.37,2516.3
15.2,72.1,25.4,1,0,2462.4,2384.6,0.89,2435.4
20.2,55.2,12.9,21,0,3063.2,2923.5,0.94,2912.1
18.1,61.6,13.5,23,1,2778.9,2563.4,0.41,2288.4
16.6,74.8,18.3,1,0,2280.3,2336.9,0.87,2407.0
28.3,47.8,26.2,17,0,4179.5,3768.1,0.98,4151.2
18.2,74.7,16.2,7,0,3130.3,3306.2,0.86,3336.0
19.4,66.2,17.3,8,0,3312.1,3270.5,0.95,3586.3
31.3,48.7,4.6,15,1,4585.1,4570.2,0.37,4429.7
28.2,63.5,16.7,19,0,4050.2,3043.1,0.94,3708.5
30.4,54.1,9.1,18,0,3608.7,4174.3,0.83,4020.0
21.8,78.7,5.8,6,0,2852.0,2810.2,0.98,3074.6
28.8,57.5,5.9,19,1,3339.6,3681.7,0.47,3450.0
19.9,75.5,16.9,7,1,2782.9,3113.3,0.39,3084.5
28.7,46.7,11.5,11,1,3539.0,4614.9,0.44,4241.9
18.6,70.5,19.3,9,0,3559.9,3914.8,0.92,3809.2
27.7,38.3,0.7,14,0,4825.4,4457.5,1.03,4508.4
23.4,56.9,17.3,20,0,3491.7,2681.8,0.95,3093.5
14.5,70.2,19.9,2,1,2528.2,2179.8,0.41,2208.1
30.3,42.3,15.6,14,0,4577.7,4441.6,0.89,4792.7
27.9,43.0,7.1,16,0,4669.9,4331.6,0.94,4422.1
19.9,88.3,24.5,6,1,2859.3,3175.2,0.31,2736.6
21.3,63.2,16.8,8,0,3037.0,3714.0,0.9,3625.6
14.6,82.6,15.2,4,1,2475.3,2411.5,0.36,2329.9
27.2,55.0,17.7,12,0,3810.5,4077.6,0.93,4516.0
25.5,63.1,14.3,11,0,4328.9,4384.8,0.93,4323.4
20.4,52.3,8.3,10,0,4051.2,3866.4,0.91,4058.7
23.5,59.5,0.4,9,0,3244.9,3689.0,0.88,3739.4
25.6,50.3,20.3,17,0,4413.4,4419.3,0.9,3857.7
19.1,72.1,17.9,23,0,2758.4,2636.0,0.85,2476.5
21.6,51.1,21.1,20,1,3648.8,2856.4,0.27,2735.5
30.0,45.0,15.3,15,1,4996.5,4513.1,0.46,4320.0
26.9,30.5,7.6,17,0,3915.8,4203.8,0.93,4088.7
28.4,40.8,7.2,18,1,4023.3,4317.6,0.42,3753.4
18.0,69.9,11.0,7,1,2860.5,3271.8,0.41,3006.2
15.2,66.9,4.5,22,0,2571.9,2689.4,0.8,2718.2
15.5,73.8,16.3,4,0,2288.9,2636.9,0.88,2649.3
20.9,70.6,24.6,7,0,3149.4,2976.0,0.93,3315.8
22.4,69.5,17.0,11,0,4648.7,4116.1,0.92,4151.7
6.4,76.1,14.5,5,0,2666.0,2855.1,0.92,3504.4
27.9,47.8,9.4,17,1,4304.6,4118.0,0.52,3883.3
25.9,42.3,15.2,18,0,3916.7,3864.9,0.87,3697.0
22.3,42.7,23.5,18,0,4209.9,3864.1,0.89,3599.8
28.7,57.2,18.1,11,0,3719.0,4029.5,0.93,4540.9
19.8,53.7,5.1,11,0,3668.4,4638.8,0.89,4084.1
27.1,39.7,8.7,10,1,3955.1,4022.2,0.42,3941.0
29.5,48.6,13.9,13,0,4723.6,4719.0,0.86,4719.0
21.4,64.6,14.6,9,0,3420.6,3526.0,0.97,3865.2
32.4,43.8,21.8,16,0,4577.2,4314.1,0.88,4683.4
16.1,60.0,19.8,10,0,3795.7,3926.5,0.84,3995.9
17.9,56.0,19.7,21,0,3103.8,2665.6,0.95,2837.2
13.8,81.9,21.0,1,1,2485.5,2578.9,0.43,2159.1
14.2,66.5,14.7,4,0,2550.6,2835.4,0.95,2786.8
32.2,54.3,17.1,16,0,4551.9,3988.1,0.91,4660.4
29.9,47.3,10.8,15,1,5230.8,5057.3,0.35,4255.7
16.6,76.9,16.0,4,0,2859.2,2700.0,0.93,2717.1
12.5,77.2,10.5,2,0,2058.0,2585.6,0.88,2651.1
24.5,33.8,23.3,12,0,4086.0,4723.8,0.91,4333.1
16.0,61.8,5.9,6,0,2997.9,3103.9,0.85,3163.0
22.3,40.1,15.2,19,0,3864.1,3039.7,0.96,3324.7
12.9,65.7,15.8,23,0,2672.9,2505.1,0.86,2628.4
29.2,46.3,19.5,12,0,4453.1,4113.2,0.9,4647.8
26.6,53.4,20.6,10,0,3519.4,3667.5,0.94,4211.7
22.2,47.9,21.1,11,0,4129.4,4466.9,0.89,4153.7
20.8,70.3,10.8,9,0,3586.3,3744.5,0.9,3689.0
18.8,81.1,5.7,23,0,2687.5,2307.5,0.92,2568.8
21.5,54.6,16.4,21,0,3241.5,2834.7,0.85,2923.5
17.9,76.8,18.8,0,1,2498.6,2431.9,0.39,2164.6
18.8,74.2,15.6,23,1,2748.5,2542.6,0.43,2318.5
30.0,52.9,18.4,14,0,4617.1,4376.9,0.86,4730.6
21.2,64.6,25.6,9,1,3528.2,3821.2,0.39,3479.5
18.2,67.9,16.9,5,0,2628.3,3044.8,0.84,2855.5
23.7,62.0,21.0,10,1,3807.4,4093.3,0.41,3741.6
20.2,72.1,21.6,7,0,2831.0,3302.9,0.83,3272.8
11.5,77.2,17.2,4,0,2578.5,3002.1,0.98,2972.2
22.3,66.2,17.9,9,0,3513.1,3394.0,0.88,3766.1
28.2,48.2,12.4,11,0,3564.3,3804.1,0.95,4542.3
18.5,68.0,22.6,8,0,3242.5,3513.5,0.93,3535.3
22.0,55.3,6.6,19,0,3925.0,3450.0,0.97,3427.4
18.3,70.6,0.6,2,0,2571.9,2604.6,0.9,2452.4
18.6,48.1,16.7,9,0,3567.6,3776.1,0.83,3709.1
18.5,62.8,13.3,22,0,2802.4,2738.2,0.85,2727.6
19.0,58.8,13.5,9,0,3569.1,3942.2,0.9,3781.6
29.3,46.7,10.3,16,0,4700.9,4050.2,0.97,4489.3
19.6,76.8,23.1,4,1,2598.3,2354.2,0.4,2356.4
20.7,55.6,8.7,9,0,3247.0,3773.2,0.88,3757.1
15.1,78.4,11.5,4,1,2528.9,2408.6,0.37,2298.9
16.5,80.9,14.9,3,1,2517.4,2475.3,0.34,2218.3
29.7,66.8,12.4,20,0,3355.1,3317.2,0.87,3517.2
15.6,74.9,6.1,5,0,2925.4,2855.5,0.83,2877.4
34.4,48.4,15.9,16,0,4755.8,4101.1,0.87,4881.4
29.3,41.1,12.9,16,0,4420.2,4370.6,0.93,4427.1
16.5,68.3,21.5,1,0,2128.9,2484.4,0.9,2484.4
14.2,76.9,18.9,1,1,2172.4,2158.6,0.46,2162.1
24.8,54.3,15.6,20,0,3657.8,3103.0,0.95,3238.6
20.3,74.9,18.1,7,0,3063.8,3315.8,0.84,3217.6
21.5,76.7,8.8,7,0,3112.1,3389.9,0.91,3345.5
20.0,65.8,12.4,21,0,3047.3,2648.8,0.93,2893.3
14.7,66.8,17.9,1,0,2594.8,2433.2,0.87,2423.7
14.6,76.4,16.3,5,0,2656.3,3076.8,0.96,2905.3
26.9,62.2,11.1,11,0,3699.3,3933.1,0.87,4378.9
32.4,43.6,18.6,15,1,4639.3,4860.9,0.42,4549.5
27.8,51.9,12.7,15,0,4138.2,4906.7,0.91,4458.5
20.9,57.5,8.6,20,0,3196.5,3101.2,0.87,3124.7
20.8,74.8,16.0,7,0,3174.8,3336.0,0.83,3305.9
31.6,41.9,14.1,16,0,4238.2,4410.7,0.93,4612.1
27.0,53.7,9.8,14,0,4226.4,4888.8,0.94,4494.8
25.0,62.2,21.1,21,0,3077.0,2993.0,0.84,2950.4
27.3,53.1,26.3,10,0,3836.7,4058.7,0.84,4220.6
14.1,69.4,14.4,7,0,3193.2,3476.4,0.92,3375.3
21.0,83.9,12.3,23,1,2700.9,2589.6,0.34,2230.8
11.2,78.4,1.0,3,0,2253.8,2381.0,0.89,2762.4
31.2,56.5,15.9,15,0,4033.2,4610.6,0.83,4686.2
18.6,63.6,12.7,22,0,2831.1,2719.8,0.9,2719.0
19.8,81.1,3.7,0,1,2545.0,2201.2,0.4,2168.0
16.0,61.0,10.6,7,1,3163.1,3401.3,0.5,3119.2
17.7,76.6,12.8,6,0,2858.5,2980.8,0.9,3021.7
18.2,72.4,20.0,2,0,2157.0,2517.1,0.88,2476.1
16.5,72.3,0.9,22,0,2696.3,2762.1,0.93,2700.9
30.3,53.0,0.2,16,0,4359.6,4122.0,0.91,4507.3
14.8,76.5,15.4,23,0,2601.9,2581.8,0.98,2547.2
21.1,72.5,9.8,21,0,2748.7,2882.0,0.93,2893.5
24.5,60.3,14.5,9,0,3511.2,3906.9,0.99,3858.5
14.9,71.8,16.2,23,0,2728.6,2267.5,0.91,2563.4
14.0,74.8,14.0,7,0,3450.9,3069.8,0.87,3346.9
22.2,58.7,5.0,10,0,3874.0,3845.3,0.89,3981.5
21.7,63.7,20.2,7,0,2987.3,3192.2,0.88,3306.2
18.6,63.0,18.9,23,1,2692.7,2547.2,0.49,2277.0
14.5,67.4,19.6,23,0,2617.1,2370.5,0.93,2588.0
16.5,63.7,15.7,23,0,2433.0,2527.6,0.87,2610.3
11.3,63.2,15.0,4,0,2440.0,2451.1,0.84,2861.4
11.8,64.9,23.5,0,0,2665.6,2386.2,0.82,2682.9
29.9,47.4,20.0,15,0,4557.5,4816.5,0.97,4666.1
20.8,69.8,6.9,22,0,2976.2,2679.6,0.89,2634.7
35.5,37.6,9.3,13,0,4238.4,4579.3,0.86,5170.3
20.9,48.4,26.4,11,0,4419.1,4215.2,0.97,4137.0
24.6,60.2,19.2,11,0,3629.8,4082.1,0.88,4166.9
23.1,71.1,19.2,11,0,3747.4,3883.8,0.79,4052.5
14.4,60.8,20.5,2,0,2402.1,2516.4,0.91,2418.4
24.7,64.1,14.1,21,0,3522.8,2916.0,0.9,2866.8
19.2,69.7,21.8,22,1,2861.5,2462.4,0.37,2395.2
34.0,41.3,17.1,17,0,4229.1,4214.4,0.91,4620.1
18.1,67.7,7.1,23,1,2448.0,2288.4,0.42,2180.3
22.9,50.9,12.3,12,0,4247.3,4642.3,0.91,4171.7
23.7,51.9,5.1,19,1,4113.6,3983.0,0.35,3023.7
31.1,44.5,15.9,17,1,4032.9,4151.2,0.44,4098.3
26.0,45.4,9.0,12,0,4059.8,4358.7,0.98,4467.3
28.7,40.3,12.5,17,0,4275.0,4292.5,0.88,4116.9
28.2,62.4,12.9,14,1,4660.5,4920.6,0.44,4376.9
24.1,48.9,11.8,9,0,3295.9,3510.0,0.88,3802.4
13.4,69.4,9.7,5,0,2703.3,2991.6,0.78,2891.7
28.3,48.4,10.2,18,1,4672.0,3794.5,0.34,3566.2
30.9,42.3,19.8,14,0,5016.6,4735.9,0.85,4639.3
26.0,52.1,14.0,15,0,4475.8,4075.9,0.88,4184.3
15.6,76.4,15.3,5,1,2749.6,2885.4,0.42,2569.2
17.2,75.4,16.3,23,1,2623.2,2591.5,0.25,2207.3
11.7,71.2,13.8,5,1,2657.3,2641.5,0.45,2841.8
16.1,85.4,11.3,3,0,2580.5,2675.2,0.92,2523.0
26.2,51.3,8.5,12,0,4378.9,4513.7,0.89,4336.8
13.6,66.7,16.6,6,0,2553.1,3178.2,0.89,3117.8
22.5,68.8,1.2,8,0,3317.6,3625.6,0.88,3528.9
17.9,68.8,21.9,22,0,2855.0,2404.7,0.95,2745.5
24.3,55.1,17.2,9,0,3242.8,3688.6,0.91,3833.4
22.9,70.5,8.2,23,0,2717.6,2263.4,0.86,2523.7
14.9,63.0,5.5,0,0,2523.7,2510.9,0.9,2526.8
29.7,47.0,4.6,14,0,4848.5,4538.1,0.88,4626.9
28.8,49.6,9.9,12,0,4253.3,4243.5,0.88,4589.3
25.4,65.0,23.3,21,0,2904.9,2885.6,0.87,2953.8
23.0,52.8,9.3,18,0,3787.0,4131.9,0.94,3540.4
31.1,51.3,18.9,18,0,4310.8,3728.4,0.94,4148.9
26.2,57.3,13.8,18,0,4230.8,3551.2,0.92,3792.6
29.3,44.8,15.1,19,0,4131.9,3020.8,0.84,3814.8
20.6,65.9,8.8,22,0,3094.0,2626.8,0.88,2724.9
28.0,63.8,20.5,11,0,3984.3,4859.5,0.89,4422.4
24.5,68.3,18.2,21,1,3171.8,2527.1,0.41,2680.2
20.5,69.1,7.5,22,1,2887.9,2383.5,0.3,2304.7
26.3,37.8,15.7,20,0,3398.8,3376.5,0.95,3376.5
25.1,62.0,13.6,18,0,4393.1,3651.9,0.88,3638.6
14.2,72.9,14.7,2,0,2427.7,2490.2,0.89,2443.5
26.5,50.5,13.3,13,0,4102.2,4364.4,0.84,4418.6
14.3,67.0,11.7,6,0,2891.7,2757.9,0.96,3174.3
25.4,67.7,6.2,9,0,3487.0,3505.5,0.86,3860.0
33.4,39.3,10.3,18,0,3923.9,4277.0,0.81,4381.9
12.9,85.3,20.8,4,1,2232.5,2692.5,0.45,2589.7
16.8,63.6,14.6,22,1,3002.1,2765.5,0.45,2412.0
23.5,76.7,7.0,9,0,3608.3,3835.8,0.85,3682.9
13.8,52.2,12.0,22,0,2889.5,2695.7,0.85,2719.8
12.5,61.4,14.7,7,0,2855.5,3008.2,1.0,3513.1
27.0,56.2,7.8,11,0,3995.9,4296.0,0.93,4426.4
30.8,42.9,6.6,17,0,4499.6,3966.5,0.83,4416.9
29.3,49.4,1.1,13,1,4430.1,4482.3,0.38,4324.4
15.0,70.7,10.0,1,0,2375.1,2450.5,0.96,2502.1
26.2,48.4,11.8,12,1,4542.3,4688.9,0.37,4021.1
21.9,53.7,17.4,10,0,3760.0,3653.6,0.94,3943.9
30.5,34.4,23.5,14,0,4663.2,4937.6,0.91,4725.5
26.3,48.6,9.2,18,0,4369.5,3878.4,0.93,3781.5
31.1,57.3,10.4,12,0,3871.2,4510.0,0.91,4733.2
29.1,52.5,10.2,15,1,4558.8,4528.1,0.42,4230.3
28.3,48.7,6.5,11,1,3943.9,4753.0,0.4,4183.8
17.1,92.6,13.8,4,0,2876.1,2805.3,0.93,2761.8
25.6,44.4,13.5,11,0,4022.2,4144.1,0.96,4304.8
26.5,62.6,25.0,12,1,3813.6,4489.5,0.31,4126.4
17.7,74.1,22.2,7,0,3298.7,3337.8,0.84,3389.9
26.3,61.7,15.4,19,0,4616.9,3637.1,0.93,3572.5
29.2,45.2,16.3,17,0,4333.4,4418.2,0.91,4292.5
31.2,38.4,18.6,14,0,5091.8,4641.1,0.92,4779.8
14.8,69.4,9.5,7,1,3100.1,3259.7,0.41,3147.7
15.1,62.2,27.4,1,0,2713.0,2082.2,0.96,2594.4
17.1,72.0,19.0,1,1,2561.4,2383.4,0.46,2157.5
7.7,82.9,16.4,2,0,2699.4,2290.0,0.87,2839.9
23.9,67.2,9.0,21,1,3376.5,2540.1,0.38,2540.1
28.1,52.0,24.2,16,0,4563.3,5064.9,0.79,4272.7
24.6,59.4,16.7,21,0,2838.8,2905.6,0.98,3002.1
18.3,48.8,14.8,8,1,3313.6,3678.8,0.38,3342.2
13.5,68.5,12.5,5,1,3074.3,2872.2,0.32,2580.0
14.6,67.8,9.2,3,0,2488.0,2467.8,0.73,2491.0
31.8,45.0,11.3,16,1,4307.8,4153.3,0.44,4364.5
20.5,64.5,12.9,7,0,3079.6,3301.3,0.98,3334.1
24.2,59.6,18.2,20,0,3734.1,3118.4,0.82,3087.9
25.3,30.1,15.2,17,0,4438.3,4460.4,1.02,3916.7
15.6,75.0,13.5,3,1,2567.3,2343.0,0.43,2294.5
22.1,59.1,9.6,10,0,3777.4,3686.4,0.87,4081.4
28.5,54.0,12.2,19,0,4092.7,3375.5,0.95,3713.1
22.3,47.9,12.1,13,0,4610.5,4706.2,0.9,4275.5
13.6,74.9,8.3,4,0,2624.2,2441.8,0.88,2758.3
28.7,64.1,14.9,20,0,3205.8,3077.5,0.87,3512.5
27.7,69.6,8.3,21,0,3065.8,2581.2,0.88,3172.1
18.0,67.7,10.2,6,0,2905.9,2715.4,0.85,3078.9
24.4,60.8,10.5,19,0,3702.3,3648.8,0.91,3362.1
23.1,50.4,22.6,19,0,3589.5,3856.8,0.88,3347.0
18.6,40.2,22.1,9,0,3744.9,3955.1,0.87,3841.4
29.2,38.7,10.8,18,0,4687.7,3758.1,0.88,3964.6
28.9,41.9,22.7,14,0,5161.8,4784.2,0.94,4543.4
20.6,53.0,25.1,9,0,3547.8,3433.6,0.88,3813.0
25.3,64.4,16.7,17,0,4405.2,4464.9,0.79,3826.4
29.5,42.8,10.4,18,0,4022.1,3713.1,0.87,4022.3
18.5,76.7,23.6,5,0,2642.3,3206.1,0.96,2896.6
15.5,71.5,15.6,23,1,2476.7,2471.5,0.34,2273.2
15.3,75.0,13.9,2,0,2795.0,2445.3,0.91,2530.7
31.7,48.8,19.0,12,0,4156.2,4557.1,0.94,4905.5
26.7,55.4,13.5,15,0,4307.0,4389.8,0.96,4431.6
29.3,30.1,16.4,13,0,4333.1,5161.8,0.88,4659.0
29.0,54.3,13.2,15,0,4233.0,4324.8,0.95,4551.9
15.5,71.1,11.8,0,1,2521.4,2469.6,0.44,2227.4
17.7,81.3,5.1,6,0,2920.5,3346.2,0.91,3096.6
22.3,53.1,9.6,21,0,3286.6,2895.5,0.87,2807.3
25.4,51.5,19.5,10,0,3744.5,3682.8,0.87,4021.2
14.8,83.0,17.8,2,0,2616.6,2418.4,0.86,2498.7
19.9,55.6,24.1,23,0,2677.9,2583.0,0.89,2583.2
28.6,50.5,12.5,17,0,4646.2,4060.1,0.96,4179.0
22.1,61.8,16.1,6,0,2910.9,3263.1,0.9,3082.5
28.4,47.0,15.7,11,0,4055.1,4185.7,0.92,4476.9
24.3,43.3,8.9,20,1,3550.7,3034.7,0.35,2748.7
29.0,48.3,12.8,12,0,4200.5,4892.5,0.95,4666.7
15.1,89.2,15.5,3,0,2147.2,2458.7,0.9,2584.1
26.5,54.6,25.9,17,1,4355.8,4017.8,0.37,3730.4
15.7,76.8,6.1,0,0,2600.7,2473.0,0.84,2387.2
16.6,61.4,17.4,22,0,2923.2,2746.9,0.89,2732.9
20.1,79.6,7.1,0,1,2661.8,2527.1,0.46,2288.1
23.2,38.2,24.0,17,0,4620.5,3805.0,0.94,3874.9
29.6,35.7,9.8,14,0,4651.9,4764.5,0.94,4667.6
23.3,55.1,3.7,22,0,2903.6,2727.0,0.92,2723.4
22.2,68.7,19.3,22,0,2931.6,2634.7,0.88,2631.1
15.2,67.9,21.1,5,0,2761.3,2636.7,0.91,2888.8
12.6,79.0,18.5,4,1,2479.5,2399.5,0.4,2498.9
24.8,54.5,8.9,20,0,3555.8,3150.4,0.84,3139.1
29.9,72.3,20.1,10,0,3798.1,3936.1,0.88,4420.2
19.6,74.9,9.3,0,0,2330.6,2607.4,0.95,2437.5
22.4,68.9,3.8,8,0,3341.2,3528.9,0.82,3502.3
15.5,67.1,12.5,22,0,2662.2,2456.1,0.92,2841.1
27.5,68.4,11.2,11,1,3919.5,4146.4,0.38,4135.9
31.3,47.8,20.2,17,1,3931.7,4625.3,0.42,4064.7
27.5,48.5,19.7,12,0,4174.8,4754.5,0.85,4503.7
28.8,33.7,22.7,12,0,4038.4,4151.9,0.98,4588.4
17.4,63.4,15.4,23,0,2426.9,2665.6,0.86,2499.6
21.5,52.4,19.3,20,0,3355.5,3099.8,0.85,3072.0
17.5,81.1,13.7,0,1,2489.5,2477.0,0.33,2127.5
17.5,64.7,18.6,2,0,2334.2,2564.9,0.9,2420.9
15.9,61.7,11.7,0,0,2275.8,2522.0,0.9,2487.5
15.5,71.8,12.6,3,0,2465.0,2742.1,0.93,2475.3
24.2,53.4,17.4,7,0,3078.9,3065.1,0.87,3264.8
27.2,54.8,4.3,11,0,4228.7,3902.9,0.96,4453.1
30.8,24.7,22.8,13,0,4698.5,4591.2,0.83,4789.0
12.8,69.9,16.7,3,0,2523.0,2276.0,0.89,2662.9
32.4,46.5,18.4,16,1,4506.3,4452.2,0.27,4277.2
29.3,60.4,15.3,19,0,4283.8,3071.8,0.91,3818.6
15.6,58.5,13.2,23,0,2707.7,2521.4,0.89,2560.9
28.7,23.8,3.3,17,0,4966.8,4120.1,0.98,4109.8
20.4,60.2,13.5,7,0,3126.9,3119.2,0.89,3442.1
15.6,69.4,12.3,2,1,2636.5,2580.7,0.4,2099.4
13.9,70.9,32.1,3,0,2698.3,2668.5,0.88,2536.5
21.1,68.2,2.8,2,0,2491.3,2465.0,0.94,2517.4
22.6,44.3,9.6,20,0,3704.6,3535.8,0.92,3175.4
17.5,68.2,19.2,5,0,2700.0,2569.2,0.93,2737.4
31.1,40.5,13.3,15,1,4730.6,4404.2,0.4,4420.2
13.7,80.5,23.6,1,0,2589.8,2895.8,0.91,2428.3
24.3,63.8,7.2,9,1,3629.8,3754.9,0.35,3404.9
25.5,68.1,20.9,10,0,3878.4,3856.8,0.86,3971.0
27.1,51.6,10.2,12,1,4292.6,4613.4,0.36,4102.2
10.5,59.2,11.6,3,0,2610.7,2628.7,0.92,2884.1
15.2,71.8,22.3,7,0,3174.3,3284.1,0.78,3312.1
18.2,69.6,15.5,6,0,2636.7,3188.9,0.99,3181.3
23.0,69.2,12.3,21,0,3052.8,2737.3,1.01,3053.2
12.0,57.9,5.0,1,1,2399.0,2130.4,0.4,2330.2
31.4,43.5,13.9,18,0,3880.2,3319.9,0.87,4192.0
22.7,71.8,19.4,23,0,2623.8,2643.9,0.83,2505.7
15.8,85.3,9.6,2,1,2407.0,2435.7,0.38,2093.9
19.2,58.8,18.4,23,0,2402.3,2510.5,0.84,2493.6
32.6,58.3,3.8,13,0,4288.1,4719.0,0.85,4866.0
30.4,50.3,21.6,14,0,4418.6,4656.4,0.94,4770.2
13.0,67.7,7.9,23,1,2664.2,2317.7,0.44,2471.5
25.4,58.9,13.1,9,1,3296.3,3519.4,0.38,3637.0
19.8,62.6,17.1,2,0,2384.6,2548.5,0.84,2382.9
19.6,76.9,7.4,0,0,2180.3,2425.8,0.9,2501.6
26.1,40.0,7.1,15,0,4787.2,4918.4,0.93,4350.1
20.5,75.9,13.9,22,0,2813.3,2381.0,0.84,2697.0
18.2,66.8,6.4,21,0,2886.9,2854.8,0.88,2889.5
14.6,62.7,9.7,1,0,2388.8,2586.2,0.88,2397.1
28.3,45.1,8.1,11,1,4247.1,4211.4,0.33,4181.2
32.8,59.6,7.6,18,1,4255.5,4060.3,0.38,3982.4
17.5,62.9,20.7,23,0,2679.4,2541.2,0.98,2634.2
13.6,69.7,3.8,5,0,2880.0,2837.2,0.83,3023.5
17.3,74.9,18.2,1,1,2184.6,2502.1,0.44,2128.5
30.2,54.5,18.9,18,0,3918.4,3680.0,0.93,4101.6
23.8,39.7,14.6,18,0,4137.1,3722.3,0.87,3542.0
17.7,88.2,22.7,8,0,3297.0,3559.8,0.89,3516.9
28.8,41.2,12.0,18,1,4813.6,3697.0,0.36,3608.0
24.9,50.9,13.8,12,1,3955.8,4378.0,0.49,4009.8
27.7,43.3,16.4,13,0,4557.4,4923.2,0.93,4596.9
10.8,69.5,7.9,3,1,2328.9,2479.5,0.33,2557.1
29.4,42.7,17.8,12,0,4536.8,4233.0,0.95,4653.5
26.1,47.5,13.5,14,0,4374.7,4709.6,0.95,4367.5
19.4,78.8,12.3,4,1,2634.9,2835.6,0.49,2404.4
28.8,57.1,22.0,12,0,4028.4,5033.1,0.92,4609.3
29.4,49.0,20.1,15,1,4508.4,4052.3,0.4,4200.9
11.6,79.4,15.5,2,0,2484.4,2632.5,0.86,2632.5
11.9,70.4,12.1,6,0,3048.8,3023.1,0.81,3352.2
31.9,47.1,7.6,18,0,3927.6,4365.9,0.91,4283.8
22.2,64.0,7.5,9,1,3207.8,3831.2,0.44,3526.0
16.7,75.4,7.8,1,0,2481.4,2364.5,0.85,2419.2
25.5,56.8,13.0,18,0,4169.1,3864.2,0.88,3721.0
25.0,52.2,8.5,10,0,3824.3,4037.1,0.81,4027.9
31.0,57.4,7.5,12,0,4504.9,4737.8,0.99,4796.3
17.1,69.2,18.4,0,1,2682.7,2516.0,0.44,2161.1
29.5,49.7,2.9,17,0,4337.9,4109.8,0.95,4221.0
27.9,53.7,8.4,11,0,4063.9,4181.6,0.9,4358.9
22.5,60.2,7.9,8,0,3401.3,3327.9,0.86,3551.7
24.5,85.1,12.7,0,0,2233.7,2465.6,0.91,2481.4
9.5,72.1,13.9,23,1,2698.8,2230.8,0.43,2682.8
16.8,80.1,9.0,5,0,2483.0,3206.6,0.89,2753.1
25.8,65.1,5.8,20,1,3867.5,2904.6,0.44,3021.8
27.3,52.8,14.8,15,0,4356.4,4996.4,0.85,4330.2
17.0,70.1,15.3,4,1,2840.8,2628.6,0.38,2389.4
28.9,70.8,24.0,9,0,3189.0,3364.3,0.93,4173.2
30.1,41.1,11.3,16,1,4488.9,4473.7,0.44,4117.3
18.3,59.3,23.9,22,1,2678.3,2476.3,0.4,2433.0
25.3,66.0,10.4,21,1,2960.1,2941.1,0.36,2693.8
19.9,54.5,20.3,8,0,3443.4,3649.8,0.87,3645.3
28.7,54.8,21.5,18,0,4098.3,3789.6,0.91,3896.6
24.4,60.1,20.1,21,1,2958.9,3015.7,0.46,2605.0
33.8,51.7,13.8,16,0,4610.6,4405.2,0.89,4803.3
20.7,58.1,8.9,11,1,4026.7,4076.5,0.42,3813.6
20.2,81.5,19.0,23,0,2838.9,2606.7,0.98,2584.4
24.3,60.7,19.3,10,0,3480.4,4032.6,0.94,3980.9
13.9,63.1,9.1,3,0,2435.7,2519.9,0.92,2628.7
22.1,54.7,11.9,19,0,3394.4,3113.5,0.88,3361.2
26.6,33.4,19.5,17,1,4427.1,3620.4,0.31,3662.7
22.5,46.2,8.1,20,1,3408.4,3179.5,0.42,2881.0
11.7,64.8,6.9,5,0,2889.9,2862.8,0.88,3076.8
25.7,43.6,13.0,10,0,3773.0,3919.5,0.84,4043.3
10.4,62.4,10.3,5,0,2837.9,2861.2,0.9,3206.1
19.5,67.8,20.2,23,1,2381.0,2318.5,0.34,2213.0
28.4,53.2,15.1,14,0,4428.1,4512.2,0.88,4565.9
18.7,81.5,13.4,3,1,2700.7,2582.0,0.45,2299.5
14.9,82.5,18.3,4,0,2580.2,2462.1,0.89,2725.9
19.2,60.8,6.8,20,0,3341.4,3512.5,0.82,3048.9
25.9,56.7,18.2,9,0,3531.5,3766.1,0.89,3979.4
27.6,50.6,15.8,19,0,3982.4,2981.0,0.92,3657.8
19.5,78.3,18.9,2,1,2383.4,2506.6,0.38,2162.0
13.7,88.0,16.5,3,0,2485.1,2401.8,0.88,2664.1
28.3,59.9,10.6,18,0,4146.6,4408.4,0.82,3807.9
28.1,35.2,17.4,14,0,4427.2,4814.9,0.88,4578.0
27.2,29.7,16.5,16,0,4808.4,4364.1,0.85,4130.7
13.3,76.6,13.0,1,1,2418.7,2467.4,0.43,2307.2
22.9,63.4,12.2,8,1,3147.7,3645.1,0.22,3153.8
17.9,73.9,13.6,23,0,2780.4,2272.6,0.85,2578.0
11.0,87.5,11.6,4,0,2424.9,2803.8,0.88,3002.1
36.2,42.1,26.1,14,0,4860.4,4451.7,0.97,5283.5
13.3,81.3,13.6,1,0,2122.6,2443.3,0.88,2586.2
15.6,53.6,22.2,23,1,2660.6,2499.6,0.45,2262.9
27.4,50.9,20.6,17,0,4211.0,3457.9,0.88,4074.5
16.9,50.9,17.2,22,0,2947.9,2411.3,0.86,2716.8
27.1,50.5,15.3,13,1,3820.9,4838.3,0.43,4243.7
21.3,51.4,13.2,10,0,3475.9,3952.1,0.82,3903.4
22.3,75.5,23.3,8,1,2948.9,3265.5,0.46,3289.4
19.7,64.6,8.3,12,0,4116.1,4495.9,0.89,4132.9
15.7,73.6,20.6,3,1,2538.5,2578.5,0.43,2354.0
20.6,66.1,9.7,22,0,2523.1,2669.1,0.93,2711.2
15.2,62.0,27.6,1,1,2499.5,2431.5,0.45,2245.0
13.8,66.7,15.1,0,1,2858.3,2487.5,0.48,2244.8
22.7,77.1,20.4,2,0,2132.3,2517.8,0.94,2538.5
25.6,41.2,7.8,19,0,3555.6,3491.7,0.81,3500.2
21.2,70.3,7.7,7,0,3263.1,3317.7,0.91,3288.5
16.7,73.5,7.6,0,0,2577.6,2179.3,1.03,2667.0
12.0,75.9,25.6,3,1,2717.7,2578.0,0.39,2519.9
11.6,84.8,22.4,4,0,3025.2,2386.5,0.85,2903.4
8.9,72.2,22.8,5,0,2972.2,2910.9,0.89,3256.6
21.4,45.6,17.7,20,0,3171.1,3052.8,0.89,3090.0
26.0,46.1,17.8,16,0,4706.4,4457.8,0.85,4211.0
26.5,65.5,4.6,21,0,3199.7,2872.7,0.94,3115.5
24.3,59.6,15.8,21,0,3118.4,3006.0,0.92,2829.9
28.4,70.7,17.0,21,0,2820.4,2929.6,0.87,3252.9
27.8,61.1,26.4,18,0,4221.0,3895.2,0.9,3825.1
16.8,75.5,18.3,6,0,2899.9,2853.9,0.89,3123.7
16.3,83.3,9.8,1,0,2491.5,2407.0,0.91,2477.9
14.5,68.8,15.7,4,0,2542.3,2942.4,0.86,2751.7
24.5,51.1,17.6,11,1,4063.3,4051.0,0.4,3836.2
24.1,54.0,21.0,10,0,3906.9,4197.1,0.84,3926.6
32.1,51.9,16.8,13,1,5151.5,4675.0,0.36,4543.2
28.3,58.7,14.6,17,1,4074.3,4180.1,0.38,3879.6
27.4,50.3,13.0,18,1,4416.9,4616.9,0.37,3593.2
22.1,70.7,25.5,22,0,2922.5,2455.5,0.87,2758.4
27.9,50.8,1.8,13,0,4510.0,4855.6,0.84,4531.6
14.1,68.6,3.0,3,0,2528.6,2688.5,0.91,2598.9
15.1,55.0,21.1,9,0,3575.7,3714.3,0.87,3809.6
27.5,60.3,3.9,11,0,4023.7,4265.1,0.94,4384.8
33.5,29.0,13.7,15,0,4380.9,4918.4,0.86,4918.4
18.9,66.1,20.4,9,1,3476.3,3774.4,0.37,3405.5
20.8,55.3,0.8,8,0,3356.9,3257.8,0.93,3582.7
30.6,51.3,7.1,13,0,4233.0,4015.6,0.91,4848.5
13.6,80.9,7.3,0,0,2524.1,2445.6,0.9,2551.5
20.1,55.2,8.4,10,0,3732.2,4064.4,0.96,4031.4
11.5,72.1,6.4,3,0,2690.2,2354.0,0.89,2702.2
27.9,50.0,1.5,14,0,4463.2,4508.4,0.96,4589.7
16.2,62.2,18.4,7,0,3073.0,3338.6,0.91,3288.1
28.8,45.2,16.0,18,1,4064.7,4082.4,0.41,3770.8
29.7,63.0,20.8,20,0,3783.3,3072.0,0.84,3528.5
9.6,66.0,12.2,4,0,2276.0,2788.5,1.0,3126.2
31.6,41.9,4.7,17,0,4718.4,3923.9,0.86,4365.1
14.3,74.4,12.3,3,0,2162.0,2292.4,0.87,2592.4
16.5,81.3,14.7,3,0,2439.0,2809.3,0.87,2536.9
13.5,71.9,15.9,6,1,2927.2,2793.3,0.37,2929.6
10.9,62.4,12.5,3,1,2208.1,2546.5,0.44,2599.8
32.7,43.7,7.3,14,0,4355.5,4639.3,0.82,4911.0
12.2,62.5,20.6,2,0,2401.2,2492.8,0.91,2684.9
27.5,32.8,10.9,17,1,4469.9,4620.1,0.41,3805.0
18.7,67.7,20.3,22,0,2872.7,2669.1,0.77,2696.6
28.1,53.5,13.8,19,0,3599.3,3704.6,0.97,3691.1
18.4,64.9,7.5,8,0,3537.5,3541.0,0.89,3518.5
16.2,79.1,26.0,1,1,2483.6,2334.2,0.43,2158.6
29.5,41.9,13.9,12,0,3835.6,4881.6,0.87,4603.6
12.7,74.9,12.4,6,0,2855.1,3100.1,0.89,3182.6
28.1,67.4,8.1,10,0,3831.2,4106.6,0.87,4330.4
24.7,74.0,6.6,9,0,3327.9,3858.0,0.83,3826.6
13.9,86.9,18.8,3,0,2404.6,2543.4,0.88,2617.7
21.7,61.4,10.9,9,1,3528.9,3582.6,0.47,3567.2
30.1,42.6,17.4,16,0,4052.3,4114.8,0.85,4439.2
13.9,76.3,15.7,4,0,2566.1,2349.3,0.93,2820.9
16.2,60.6,10.9,22,1,2914.4,2758.4,0.34,2427.8
12.7,68.2,22.9,6,1,3018.0,3172.8,0.4,2978.8
26.1,60.7,16.6,22,0,2581.0,2699.7,0.83,2788.3
32.8,53.8,9.8,17,1,4461.4,4246.0,0.44,4351.2
28.8,65.1,14.2,16,0,4786.3,4229.1,0.95,4469.9
25.8,44.6,15.7,14,0,4384.3,4779.8,0.97,4345.9
17.7,68.4,16.4,7,1,3125.2,3459.2,0.4,3056.7
36.7,29.1,17.3,15,1,4434.0,4634.7,0.49,5026.2
19.2,72.1,12.0,22,1,2572.5,2685.4,0.31,2399.2
14.2,63.8,7.5,1,0,2501.6,2430.7,0.93,2427.7
15.5,76.7,15.5,1,1,2180.2,2417.3,0.38,2142.7
18.3,48.2,11.9,18,0,4088.7,4035.9,0.98,3688.3
17.4,49.2,20.2,8,1,3380.0,3251.0,0.44,3300.7
27.2,44.1,8.6,17,0,4376.6,4123.3,0.86,4022.1
20.0,61.2,24.2,23,0,2695.8,2505.7,0.83,2583.0
14.5,73.9,10.2,0,0,2527.6,2498.8,0.93,2574.3
19.5,63.0,17.6,23,0,2762.1,2601.9,0.93,2589.6
17.9,62.6,15.3,21,0,3183.9,2869.6,0.98,2844.0
28.4,48.4,5.3,20,0,3608.3,3081.8,0.83,3409.8
17.1,70.1,17.8,22,0,2937.3,2417.5,0.84,2708.3
10.7,83.1,12.1,5,0,2832.3,3057.0,0.97,3260.2
13.2,66.7,12.4,23,1,2781.3,2682.7,0.35,2417.0
17.4,81.4,7.3,2,0,2323.8,2564.6,0.96,2538.5
15.4,67.7,9.6,23,1,2696.9,2239.4,0.45,2297.0
23.7,69.8,14.1,21,0,3392.6,2838.5,1.0,2927.6
26.7,71.7,7.7,11,0,3954.8,4397.5,0.95,4397.5
22.7,70.2,1.1,8,1,3542.7,3192.0,0.49,3327.9
22.8,42.4,6.6,21,0,3162.9,2953.8,0.94,2895.5
29.3,43.0,15.8,13,0,4489.5,3939.9,0.86,4644.8
17.4,82.8,14.7,4,1,2582.0,2624.4,0.39,2384.4
20.8,68.8,18.5,8,0,3282.6,3216.4,0.91,3609.0
27.8,47.8,18.6,17,0,4153.3,3880.2,0.78,3990.8
32.8,56.8,9.1,18,1,4279.3,3813.7,0.4,4009.5
11.7,72.1,21.2,3,0,2127.1,2440.0,0.86,2696.4
19.7,55.2,7.6,9,1,3477.8,3550.6,0.45,3546.1
22.3,79.6,5.0,5,0,2713.1,2647.3,0.93,2887.2
16.3,76.7,17.7,5,0,2923.4,2849.6,0.89,2885.4
19.6,69.6,13.8,3,0,2440.0,2513.7,0.93,2585.0
23.9,36.2,20.1,11,1,3753.2,4422.4,0.42,3799.0
23.2,45.5,22.1,11,0,4284.2,4426.0,0.89,4092.6
12.0,66.7,9.2,3,0,2795.3,2536.5,0.96,2781.6
27.1,67.6,8.0,20,1,3814.8,2845.6,0.41,3047.3
13.6,78.5,18.5,3,1,2491.6,2491.5,0.41,2331.3
21.3,64.5,25.7,10,0,3989.2,3921.7,0.87,3856.8
30.5,53.6,22.4,15,1,4541.4,3836.1,0.36,4307.8
23.1,63.8,4.5,10,0,3637.0,4211.7,1.03,4062.2
13.1,73.3,14.8,4,0,2784.4,2748.6,0.86,2835.1
26.3,59.2,7.8,21,0,3141.2,3216.1,0.96,3132.9
14.3,67.4,4.6,1,0,2477.0,2617.8,0.87,2351.7
22.1,60.3,7.5,8,0,3056.7,3623.6,0.91,3572.6
32.3,55.7,29.6,17,0,4020.9,4645.7,0.93,4543.2
23.1,53.9,20.6,0,1,2587.8,2481.4,0.33,2076.3
21.1,72.1,16.5,8,1,3063.9,3488.0,0.42,3305.6
26.8,53.0,8.7,12,0,4185.7,4616.1,0.95,4429.0
22.8,71.1,10.4,9,1,3495.2,3493.6,0.37,3481.7
29.1,37.0,14.4,16,0,4404.2,5006.8,0.9,4370.6
13.2,89.7,20.3,1,0,2512.2,2058.0,0.99,2611.5
16.0,71.2,14.7,5,0,2389.4,2559.4,0.9,2849.6
21.2,50.0,19.0,20,0,3392.5,3035.6,0.89,3174.6
21.4,45.4,15.2,19,0,3758.1,3206.2,0.9,3322.2
29.2,49.6,24.1,10,0,3775.7,3961.5,0.83,4419.1
24.1,51.5,12.5,11,0,4183.9,4994.1,0.94,4202.7
20.1,81.1,15.4,9,0,3613.3,3775.7,0.87,3688.6
22.1,57.6,8.3,10,1,3802.4,3958.2,0.37,3659.2
30.0,51.2,18.3,12,0,3985.0,4466.4,0.97,4817.8
20.2,61.9,18.9,21,1,3417.5,2998.2,0.37,2606.1
27.6,41.2,20.1,13,1,5033.1,4640.7,0.4,4184.4
13.1,69.3,16.2,23,1,2849.8,2700.5,0.4,2445.9
19.2,67.9,25.0,6,0,2931.0,2730.5,0.91,3167.3
22.0,57.5,15.3,10,1,3860.0,4034.3,0.43,3668.4
15.9,72.0,11.4,1,1,2620.7,2386.5,0.36,2137.1
32.4,46.7,6.1,13,1,4729.3,4468.0,0.37,4530.8
33.0,51.4,7.6,12,0,4190.7,4280.1,0.91,4986.6
21.1,69.6,24.3,7,1,3112.2,3305.9,0.34,3087.4
21.6,42.7,17.9,22,0,2656.0,2889.9,0.92,2651.4
26.0,57.9,24.1,18,0,4311.1,3960.5,0.88,3750.1
19.4,70.6,25.7,0,1,2581.5,2375.1,0.38,2184.6
13.1,63.1,1.7,5,0,2356.4,3095.7,0.92,3000.6
22.5,59.1,8.6,18,0,4446.9,3816.3,0.88,3479.9
20.5,75.6,22.4,8,0,3328.5,3262.7,0.81,3530.0
11.7,67.5,1.8,4,1,2513.7,2544.8,0.4,2708.0
13.9,78.4,17.2,4,0,2566.1,2681.7,0.88,2706.2
32.0,44.8,16.0,15,0,5011.3,4307.8,0.89,4855.7
13.0,70.9,8.3,5,0,2725.9,3336.3,0.91,3031.6
19.5,56.1,10.0,20,0,3637.1,3054.3,0.94,3128.3
24.2,47.9,16.2,10,1,3847.2,3751.5,0.46,3719.0
27.7,48.0,12.5,18,1,3651.0,3595.0,0.36,3551.2
22.0,43.8,11.6,21,0,3179.5,2882.4,0.85,2847.4
28.3,35.6,4.5,16,1,4664.5,4179.5,0.36,4032.9
18.4,71.5,7.2,21,0,2817.8,2693.8,0.92,2902.3
28.6,44.6,7.9,15,0,4952.5,4238.2,0.81,4407.3
11.4,71.3,5.6,3,0,2524.0,2541.6,0.93,2784.4
11.4,62.4,1.9,5,1,3266.9,2720.2,0.38,2805.4
13.5,79.4,13.9,4,0,2299.5,2384.4,0.89,2788.5
29.0,44.2,12.0,17,0,4462.1,4039.4,0.9,4229.4
15.7,71.8,19.2,4,0,2589.5,2508.8,0.89,2703.3
9.2,73.8,15.5,1,1,2655.0,2167.5,0.38,2509.3
27.3,62.1,9.6,22,1,3053.2,2780.4,0.44,2683.6
26.0,51.5,18.7,12,0,4540.9,4642.0,0.94,4501.7
14.3,61.5,8.2,0,0,2522.7,2651.3,0.9,2469.6
23.7,60.6,15.2,21,0,3101.2,2922.4,0.9,2923.1
26.8,46.9,9.8,11,0,4437.1,4118.9,0.82,4299.9
26.7,55.9,18.3,9,0,3585.8,3813.0,0.92,4048.4
21.8,72.4,13.8,23,1,2705.0,2684.2,0.31,2161.5
22.4,65.9,8.5,10,0,3887.0,3995.3,0.87,3866.4
26.0,53.4,16.1,19,1,4088.7,3416.3,0.39,3178.9
31.3,50.9,7.2,10,0,3728.8,3903.4,0.91,4574.5
18.0,60.4,15.9,7,0,2918.8,3446.0,0.88,3337.8
30.5,43.2,17.9,14,0,4862.5,4952.5,0.88,4760.0
21.7,50.6,8.1,11,0,4271.2,4150.7,0.87,4200.5
26.6,64.5,11.7,9,0,3402.8,3626.5,0.96,3990.5
26.2,59.9,15.1,21,1,3225.1,2640.5,0.51,2696.3
27.0,56.6,12.8,20,0,3317.4,2853.6,0.82,3286.2
33.0,47.7,16.3,16,1,4416.1,4406.9,0.37,4452.2
23.2,51.6,8.6,21,1,2845.6,2666.3,0.42,2648.8
14.5,76.9,14.0,5,1,2624.4,2616.3,0.44,2583.8
22.4,55.2,22.5,9,0,3380.9,3723.0,0.76,3590.8
26.7,65.6,9.2,11,1,4105.4,4181.2,0.33,3955.8
15.9,73.4,17.9,1,0,2177.1,2176.9,0.91,2456.1
29.4,29.9,25.0,15,0,4198.9,4880.8,0.89,4570.2
29.1,53.3,17.3,18,0,4280.9,3802.9,0.95,3980.5
16.5,60.7,5.0,22,1,2928.3,2791.8,0.3,2342.6
18.1,78.4,11.5,22,0,2953.8,2400.0,0.86,2687.1
31.0,55.7,4.9,17,0,4304.8,4139.0,0.88,4335.5
30.9,41.5,10.4,15,1,5029.5,4481.9,0.41,4301.3
18.0,57.6,15.3,9,0,3269.9,3766.9,0.92,3815.7
31.3,53.0,12.0,16,1,4513.1,4505.0,0.37,4286.4
22.7,54.0,22.0,11,0,3903.4,4056.7,0.91,4142.0
16.4,56.8,7.0,21,0,3316.7,2964.4,0.89,2862.0
10.3,87.0,11.8,5,1,2378.3,2615.1,0.39,2861.2
19.2,76.7,14.2,5,0,2942.4,2970.0,0.93,2918.6
22.7,69.9,14.4,8,0,3378.5,3541.1,0.89,3513.5
25.6,50.6,1.2,20,0,3591.8,3077.0,0.92,3301.8
17.4,71.3,18.1,7,1,3092.6,3343.3,0.39,3004.4
29.0,53.9,19.6,16,0,4184.3,4427.8,0.88,4326.7
14.5,73.8,18.2,5,0,2375.5,2729.8,0.87,2875.6
16.7,68.2,18.2,8,0,3305.9,3343.8,0.86,3476.3
31.3,45.7,8.6,15,0,4342.7,4428.9,0.98,4863.5
33.7,32.5,14.5,15,1,4801.1,4401.5,0.4,4601.8
31.8,47.1,15.3,18,1,4017.8,3774.0,0.43,4032.9
29.1,50.8,11.3,15,1,4800.2,4564.9,0.47,4280.6
11.6,70.7,22.3,1,0,2076.3,2419.2,0.89,2632.2
29.2,36.3,19.3,16,0,4549.5,4443.5,0.94,4408.7
20.6,72.6,16.9,7,0,3021.4,3107.0,0.96,3378.5
23.4,57.4,4.3,19,0,3551.2,3241.2,0.9,3259.4
17.0,75.9,11.1,7,0,3192.5,3037.0,0.94,3317.6
18.8,73.4,8.6,7,1,3087.0,3257.1,0.42,3091.6
27.3,56.3,19.5,11,0,3769.4,3785.8,0.91,4381.1
24.7,49.6,6.2,11,1,4015.5,3871.2,0.61,4019.4
29.0,47.9,7.0,14,0,4797.7,4753.0,0.9,4656.6
28.6,38.5,12.4,16,1,4431.2,4019.8,0.34,4017.3
21.3,67.7,21.1,0,0,2210.3,2480.1,0.92,2546.8
14.5,60.8,18.2,7,1,3038.7,3392.9,0.44,3107.0
17.3,71.2,13.1,6,0,3105.2,3096.6,0.94,3121.8
26.9,47.6,9.5,19,1,3688.3,3786.7,0.41,3392.5
11.8,63.7,7.5,4,1,2553.8,2798.2,0.36,2638.1
22.3,50.6,9.7,10,0,3417.6,3978.6,0.83,3903.6
21.0,69.2,15.5,9,0,3303.0,3786.6,0.85,3818.0
25.0,72.4,4.0,20,0,3479.6,3171.8,0.99,3251.4
17.6,64.2,3.6,10,0,3844.2,3714.9,0.94,3995.3
13.8,78.6,3.5,2,0,2650.8,2629.4,0.86,2517.1
20.2,74.4,9.6,22,0,3006.0,2700.9,0.94,2698.8
11.6,68.8,15.2,1,1,2503.1,2684.1,0.38,2333.6
33.2,43.4,9.3,19,0,4148.2,4066.0,0.81,3983.0
14.3,74.9,17.5,6,1,2691.9,2843.2,0.34,2855.5
18.3,63.2,17.4,6,0,2709.6,3037.9,0.92,3084.1
28.3,60.8,11.9,19,0,3722.3,3958.3,0.89,3652.7
22.8,78.1,16.6,9,0,3337.5,3429.8,0.89,3795.7
22.4,38.7,11.6,9,0,3316.4,3778.5,0.92,3776.1
30.2,49.2,7.4,14,1,4582.9,4137.5,0.36,4415.4
29.4,46.7,19.0,12,0,3895.3,4698.5,0.94,4565.1
28.9,44.5,3.0,15,0,4803.5,4686.2,0.95,4611.0
19.0,84.5,16.8,2,0,2330.2,2738.3,0.94,2538.7
14.9,54.8,1.5,6,1,2719.5,3117.8,0.4,2831.0
31.1,41.3,7.4,17,0,4318.9,4015.5,0.92,4302.1
28.0,46.6,19.7,14,0,4716.9,4198.9,0.9,4585.1
12.5,63.8,19.3,6,0,2820.4,3050.4,0.93,3218.2
24.2,43.3,20.4,17,0,4331.6,4023.3,0.93,3855.6
31.0,37.0,6.1,14,0,4860.6,4367.5,0.93,4804.6
22.8,74.1,12.1,9,0,3258.4,3809.2,0.89,3807.0
25.0,60.0,6.9,7,0,3193.6,3356.9,0.92,3471.8
14.9,78.3,16.9,6,0,2835.2,3091.8,0.89,3041.0
16.4,60.2,16.8,23,0,2373.2,2517.1,0.97,2601.7
17.0,66.2,10.9,21,0,2730.3,3002.1,0.9,2906.5
20.8,52.6,20.8,20,0,3977.1,3050.0,0.94,3081.0
26.7,64.0,16.0,13,0,4224.2,4825.4,0.85,4463.2
26.7,57.7,17.9,20,1,3271.6,2793.0,0.29,2950.5
24.0,51.5,13.1,11,0,3783.9,3912.9,0.92,4185.7
26.0,50.5,9.4,19,0,3518.6,3427.4,0.87,3479.4
27.2,53.1,10.5,18,0,3932.5,4022.3,0.96,3959.5
19.0,55.7,13.7,22,1,2991.1,2489.9,0.32,2476.1
12.9,72.1,26.7,4,0,2393.3,2880.0,0.9,2897.7
34.5,41.2,12.1,15,0,4925.3,4409.0,0.93,5093.3
31.0,51.1,17.4,16,1,4640.2,4315.3,0.38,4318.9
22.1,76.1,12.9,7,0,3101.9,3346.9,0.9,3380.0
24.9,46.0,15.8,11,0,4015.3,4406.5,0.97,4267.4
27.0,33.1,13.9,15,0,4910.8,4749.6,0.96,4409.0
13.4,76.3,18.6,3,1,2538.8,2232.5,0.35,2301.2
15.5,80.3,16.1,2,0,2562.6,2441.5,0.97,2524.0
30.1,54.1,13.0,18,0,4645.7,3664.1,0.93,4019.0
19.0,62.9,21.6,23,0,2695.7,2370.4,0.84,2526.9
19.5,67.5,13.5,5,1,2408.6,2903.8,0.44,2585.6
33.8,33.8,7.7,15,1,4261.4,4418.8,0.41,4711.6
33.2,39.4,12.9,14,0,4748.8,5466.2,0.85,4962.2
25.5,51.7,21.5,18,0,4123.3,3721.0,0.89,3713.1
30.7,27.8,15.6,14,0,4874.4,5131.0,0.87,4709.6
31.0,36.4,17.1,15,0,4709.6,4695.8,0.81,4636.8
26.0,70.7,9.7,10,1,3834.6,3892.0,0.34,3784.3
18.0,57.2,12.5,22,1,2944.6,2363.3,0.4,2456.1
14.6,60.4,1.3,0,0,2476.5,2689.8,0.98,2551.5
32.3,32.4,21.0,16,0,4330.8,4683.4,0.84,4630.7
22.9,88.2,17.1,7,1,3155.8,3029.2,0.42,3149.9
10.9,62.2,10.0,1,0,2179.7,2370.9,0.96,2712.2
12.6,67.1,12.9,5,1,2705.4,2639.8,0.38,2701.2
26.9,55.4,25.1,17,0,4563.8,4314.4,0.95,4000.6
17.3,65.7,18.1,22,1,2911.3,2398.2,0.41,2452.6
9.5,71.4,19.7,1,0,2607.0,2158.1,0.96,2837.7
21.1,48.1,14.4,14,0,4860.2,4576.7,0.88,4245.3
29.8,38.3,4.6,17,0,4251.3,3934.2,0.91,4296.8
20.2,59.4,5.3,9,0,3266.2,4051.2,0.89,3836.7
24.2,67.8,17.6,7,1,3091.8,3514.5,0.38,3033.6
15.5,73.6,21.1,6,0,2753.1,3178.6,0.94,3140.1
20.2,59.3,11.3,20,0,3324.7,2776.9,0.84,3163.9
17.5,70.7,14.6,0,0,2594.7,2195.3,0.88,2559.3
26.5,46.1,9.5,10,1,3843.6,3897.3,0.46,3935.9
28.4,45.5,2.1,13,0,4500.5,4459.3,0.89,4579.3
24.9,54.7,24.2,21,1,3286.2,2914.7,0.37,2710.3
14.0,68.0,15.5,1,0,2643.0,2474.7,0.94,2491.3
21.9,60.1,12.9,8,0,3269.0,3300.7,0.91,3629.8
13.2,75.7,20.3,3,0,2641.9,2664.1,0.82,2624.2
29.0,52.1,24.4,16,0,4411.5,4311.0,1.0,4409.1
22.2,55.5,11.9,10,0,3493.4,4097.3,0.76,3876.7
25.1,44.6,18.2,9,0,3476.5,4071.9,1.0,3950.9
13.6,57.2,12.2,2,0,2307.7,2580.0,0.88,2548.5
24.2,58.9,26.6,21,1,3517.2,2636.2,0.51,2700.5
16.0,74.4,16.4,0,0,2263.4,2503.1,0.99,2510.9
32.1,37.7,13.1,14,0,4336.4,4489.1,0.86,4801.1
26.4,65.0,29.7,14,0,4487.5,4557.5,0.89,4460.8
18.6,66.9,12.1,23,0,2679.6,2785.0,0.86,2553.0
20.4,55.8,15.1,21,0,3081.6,3267.6,0.88,2988.5
18.1,67.0,21.9,1,1,2527.2,2463.3,0.37,2132.3
24.7,54.2,8.2,20,0,3427.4,3417.5,0.87,3119.8
17.3,75.2,9.6,4,0,2558.1,2638.1,0.87,2636.9
11.0,80.2,17.4,5,0,3010.4,2999.0,0.92,3251.3
32.7,46.6,18.5,15,0,4786.7,5182.0,0.94,4913.3
11.7,82.6,9.7,2,0,2684.1,2728.7,0.98,2675.1
36.1,42.7,24.4,15,0,4656.4,4980.8,0.88,5181.6
28.1,58.0,14.6,11,0,4297.0,4166.9,0.94,4518.7
12.0,66.9,2.7,6,0,2606.5,3079.6,0.94,3335.6
13.6,69.6,16.0,5,1,2758.3,2951.4,0.43,2722.5
26.2,65.1,12.7,20,0,3958.3,3162.9,1.0,3286.6
12.1,71.6,8.2,7,1,3097.2,3034.2,0.4,3246.8
26.1,56.3,10.3,19,1,3753.7,3239.6,0.46,3206.2
25.0,42.7,0.3,14,0,4700.7,4766.5,0.94,4261.4
28.8,37.9,16.2,16,0,4855.6,4389.8,0.94,4364.1
33.0,48.3,21.9,15,0,4503.0,4653.9,0.84,4888.4
18.9,50.0,12.8,20,1,3325.6,3286.2,0.36,2681.8
10.6,75.1,8.4,6,0,3076.8,3074.8,0.94,3450.9
15.7,70.6,20.5,0,1,2243.4,2288.1,0.44,2219.2
12.7,55.9,21.3,5,0,2655.0,3256.6,1.01,3064.2
16.9,79.1,12.4,3,0,2430.3,2396.2,0.91,2513.7
27.3,41.7,17.6,18,0,3968.4,4129.1,0.97,3888.2
12.6,61.6,18.0,3,0,2578.0,2523.0,0.88,2688.5
21.7,60.0,18.7,8,1,2937.6,3645.3,0.38,3207.8
17.3,73.9,20.9,6,1,2951.4,3193.6,0.46,2842.7
32.0,48.7,21.1,14,0,4543.4,4801.1,0.83,4897.0
25.0,59.8,8.9,9,0,3530.5,3788.4,0.93,3908.1
29.3,45.1,18.1,19,0,3833.4,3664.0,0.84,3789.6
30.8,66.0,14.9,18,1,4619.7,3540.4,0.35,3802.9
28.8,45.7,17.0,13,1,4399.9,4328.2,0.49,4387.4
27.5,29.7,10.6,18,0,4267.6,3885.8,0.93,3926.2
17.0,49.9,8.5,22,0,3132.9,2349.3,0.79,2623.2
21.7,51.3,16.3,20,0,3107.2,3122.2,0.9,3081.6
15.4,76.7,10.4,2,1,2326.4,2290.3,0.38,2179.8
26.4,59.4,13.3,18,0,4151.2,4101.1,0.85,3789.6
16.3,72.0,10.3,7,1,3075.5,3073.5,0.39,3037.7
12.7,69.1,12.2,4,0,2600.8,2494.1,0.92,2906.5
12.2,62.9,13.1,3,0,2151.9,2296.4,0.94,2734.7
19.3,64.6,12.3,22,1,2882.0,2369.7,0.41,2409.9
19.7,75.9,10.2,0,1,2451.9,2128.9,0.43,2172.2
19.1,73.5,8.7,2,0,2307.2,2432.2,0.85,2472.5
33.1,45.7,13.7,14,0,5155.2,4996.5,0.98,4992.2
29.6,44.7,22.5,16,0,4597.9,4342.8,0.89,4359.1
21.1,44.9,20.6,10,0,3527.7,4297.0,0.91,3984.2
28.9,56.6,17.9,11,0,3875.0,5064.0,0.97,4551.9
16.1,64.5,17.8,2,0,2445.2,2476.1,0.92,2404.6
9.5,83.0,14.1,2,0,2191.6,2538.7,0.92,2933.6
14.4,60.0,15.9,23,0,2613.5,2249.8,0.89,2700.5
28.3,51.4,17.5,18,0,4042.2,3255.0,0.95,3924.5
26.0,64.7,16.2,10,1,3540.1,4015.3,0.31,3758.6
27.8,57.4,10.8,18,0,3857.7,3982.4,0.92,3814.9
21.1,61.1,14.4,20,1,3890.1,3036.7,0.43,2886.9
12.4,70.5,6.6,1,0,2539.9,2791.5,0.88,2578.9
20.6,54.0,11.1,23,0,2699.7,2674.4,0.95,2570.6
20.7,50.7,17.8,12,1,4567.9,3837.0,0.41,3875.5
22.5,43.9,9.8,12,0,4117.3,4838.3,0.95,4212.6
28.1,58.1,4.2,11,1,3587.1,4016.6,0.36,4118.9
18.2,60.1,16.1,9,0,3579.8,3802.4,0.82,3754.5
17.7,64.2,27.7,0,1,2275.0,2399.0,0.41,2142.8
18.3,79.1,11.5,6,1,2953.4,3126.0,0.35,2853.9
21.0,65.4,18.7,8,0,3065.1,3587.6,0.87,3534.7
20.3,54.7,16.8,9,0,3668.1,3795.5,0.86,3707.0
28.2,51.4,7.0,16,0,4634.7,4560.2,1.0,4462.6
30.4,54.7,19.1,12,0,4211.4,4565.1,0.85,4729.3
30.3,55.3,29.6,16,0,4456.1,5302.9,0.8,4401.2
23.9,42.3,6.7,20,0,3855.3,3179.0,0.89,3123.9
31.7,46.0,12.8,14,1,4596.9,4356.4,0.38,4593.3
14.4,82.8,13.4,23,1,2696.6,2596.5,0.34,2275.0
29.5,57.0,14.0,18,1,4324.3,3924.5,0.32,3599.3
31.2,51.0,13.6,14,0,4427.7,4745.0,0.84,4735.9
17.2,60.3,9.3,6,1,3107.8,3073.0,0.48,2933.6
19.4,33.2,9.1,18,0,4116.9,4082.7,0.87,3497.4
34.3,38.4,17.4,16,0,4663.8,4276.0,0.8,4765.6
15.6,73.7,11.5,6,0,2955.2,3177.5,0.96,3197.5
31.3,46.1,7.5,16,0,4481.9,4275.0,0.95,4628.9
32.5,49.9,19.5,19,0,3721.0,3772.6,0.95,4198.9
30.3,36.9,18.6,13,0,4643.0,4862.5,0.92,4774.5
18.5,60.6,19.0,1,0,2686.3,2407.2,0.9,2448.4
19.3,85.9,18.1,5,1,2633.2,2660.7,0.43,2709.6
31.9,50.0,23.0,16,0,4352.6,4881.4,0.84,4634.9
26.3,53.9,17.3,14,0,4482.3,3976.9,0.82,4407.3
28.0,36.2,15.7,18,1,4027.1,3858.7,0.41,3550.8
20.5,63.0,17.6,4,1,2467.8,2879.3,0.4,2404.6
21.5,34.4,13.0,12,0,4151.7,4132.9,0.99,4167.7
16.4,66.2,4.8,5,0,2693.4,2722.5,0.87,2928.4
21.8,68.7,4.8,8,1,3315.8,3188.5,0.45,3314.7
20.2,56.6,16.5,22,0,2887.8,2803.4,0.91,2666.7
20.8,71.9,3.9,8,0,3029.2,3672.6,0.87,3476.5
24.6,57.6,10.3,23,1,2693.8,2556.2,0.42,2307.5
15.5,80.6,5.5,6,1,3000.3,3256.3,0.44,2916.6
12.2,72.4,17.8,4,1,2457.8,2745.1,0.44,2606.9
16.7,68.0,14.1,7,0,3155.2,3337.4,0.87,3370.0
23.2,55.2,13.4,12,0,4638.8,4688.2,0.91,4264.9
11.6,75.6,22.9,3,1,2099.4,2563.1,0.43,2513.0
17.0,85.9,12.4,7,1,3144.7,3433.4,0.31,3029.2
22.9,51.6,21.9,19,0,3783.1,3826.7,0.86,3334.1
26.6,48.3,3.0,19,0,3734.2,3268.3,0.94,3592.7
28.0,38.3,10.3,18,0,4145.0,3633.7,0.86,3828.7
26.9,57.1,20.7,11,0,4330.4,4048.7,0.94,4343.2
16.9,59.8,17.4,7,0,3300.2,3091.7,0.82,3297.0
28.0,44.1,22.3,16,0,4971.9,4401.2,0.87,4275.0
16.1,83.7,7.1,0,1,2471.5,2526.4,0.37,2138.8
30.4,46.3,16.9,17,1,4286.4,4137.1,0.4,4039.9
20.5,59.0,17.3,9,0,3543.3,3786.9,0.95,3812.9
19.1,87.3,11.8,4,1,2758.4,2911.8,0.38,2382.2
9.4,79.5,25.4,3,1,2935.7,2623.1,0.32,2509.4
28.7,46.1,18.5,19,0,3864.2,3691.1,0.86,3772.6
11.2,79.2,23.9,2,0,2791.5,2538.5,0.83,2690.2
20.2,61.8,14.3,21,0,3099.7,2647.1,0.97,2887.9
24.1,72.0,9.1,9,0,3535.4,3489.7,0.8,3676.2
19.4,83.3,14.7,1,1,2515.1,2202.0,0.34,2080.3
15.3,71.3,0.7,23,1,2719.0,2515.7,0.36,2210.3
26.9,55.9,19.0,15,0,4345.9,4693.7,0.91,4428.9
27.3,43.4,11.9,13,1,4264.9,4496.8,0.42,4226.4
15.4,72.6,9.4,3,1,2416.2,2592.0,0.39,2232.5
18.6,48.0,7.6,21,1,3094.2,3094.0,0.38,2587.8
26.5,54.9,16.0,15,0,4528.7,4855.7,0.86,4407.8
35.8,52.6,15.1,13,0,4410.6,4572.6,0.92,5155.2
14.9,71.8,6.9,10,0,4069.3,3954.8,0.88,3954.8
9.6,72.5,11.8,1,0,2219.2,2134.2,0.89,2895.8
15.2,74.5,2.0,4,1,2742.1,2725.8,0.37,2411.5
32.0,36.9,22.7,19,0,3896.6,3078.7,0.93,4049.7
22.7,51.2,16.5,10,0,3703.2,4010.1,0.97,3892.0
16.0,77.0,18.7,1,0,2526.8,2180.2,0.96,2536.5
7.4,68.7,19.8,3,1,2431.6,2494.5,0.46,2834.1
21.8,61.5,23.0,9,0,3626.5,3590.8,0.97,3786.9
26.6,40.4,0.8,18,0,3789.1,3638.6,0.97,3858.7
25.6,60.7,16.3,10,0,3857.7,3635.5,0.89,4215.2
18.4,72.4,21.4,22,0,2984.5,2728.6,0.86,2698.2
22.4,57.2,15.5,9,1,3472.2,3709.1,0.44,3493.6
21.4,49.1,15.8,11,1,3975.4,4540.9,0.5,3933.1
26.5,51.5,11.6,19,0,3255.0,3556.7,0.79,3470.7
22.5,49.6,15.4,9,0,3714.0,3818.0,0.99,3843.6
14.9,76.4,14.1,1,0,2168.0,2528.2,0.82,2322.1
17.5,62.2,12.0,20,0,3206.2,2862.2,0.87,3122.9
31.9,60.3,16.7,12,0,4084.1,4264.9,0.9,4881.6
19.6,66.5,19.2,7,0,3177.9,2960.0,0.91,3310.4
24.2,44.2,21.2,11,0,4018.9,4202.7,0.89,4247.3
15.6,68.3,16.9,7,0,3335.6,3334.1,0.81,3281.5
14.7,69.8,13.3,4,0,2610.4,3448.0,0.9,2738.4
13.0,68.7,15.1,0,0,2628.4,2536.4,0.96,2695.2
22.9,61.0,18.3,21,1,3373.9,2991.1,0.41,2665.6
27.3,44.0,22.5,14,0,4277.0,4494.8,0.77,4434.0
28.1,49.0,15.3,12,0,4134.2,4479.0,0.97,4557.4
16.4,76.6,10.9,5,0,2581.4,2977.7,0.86,2894.9
16.7,76.5,19.4,23,0,2791.8,2550.9,0.96,2565.3
21.0,73.3,19.8,8,0,3337.4,3536.2,0.87,3477.8
27.3,52.3,13.2,17,0,4110.0,4246.2,0.94,4120.1
11.8,86.2,11.0,2,0,2568.8,2506.9,0.83,2619.9
25.6,54.7,17.1,12,0,4426.4,4320.9,0.87,4354.5
20.6,56.7,24.6,9,0,3584.0,3703.2,0.88,3834.6
18.8,71.2,1.2,5,1,3206.9,2979.5,0.27,2510.1
28.0,58.0,9.3,11,0,4635.8,4278.8,0.84,4458.1
19.7,62.2,14.7,5,1,2720.7,2892.7,0.39,2615.1
23.2,36.3,14.5,8,0,3006.2,3581.7,0.92,3587.6
29.3,37.0,20.2,14,0,4364.4,4357.7,0.97,4656.4
18.4,68.1,7.8,0,1,2591.5,2387.2,0.39,2209.4
25.6,52.6,21.9,20,0,3582.4,3225.1,0.92,3278.1
35.0,39.8,20.8,16,1,4724.3,3878.0,0.49,4718.4
13.4,59.4,18.0,5,0,2282.4,2875.6,0.95,3039.3
24.3,67.7,15.8,20,1,3789.6,3190.8,0.42,2829.7
24.7,52.2,12.4,11,0,4038.7,4938.9,0.94,4193.3
22.1,49.5,5.8,10,0,3897.7,3706.1,0.89,3987.9
28.9,42.4,13.9,17,0,4758.3,3883.3,0.92,4204.3
20.6,48.3,20.3,21,1,3090.0,3053.2,0.5,2609.7
26.0,56.8,17.4,19,0,3816.3,3550.7,0.91,3497.6
24.4,47.1,27.6,12,0,4166.9,4769.8,0.93,4197.4
30.0,57.5,4.7,12,0,4595.3,4500.2,0.98,4754.5
18.5,67.5,28.6,23,1,2476.1,2545.0,0.43,2307.9
12.9,74.0,13.5,2,1,2704.7,2431.2,0.43,2290.0
18.7,76.1,17.5,7,0,3002.4,3379.5,0.86,3354.7
20.6,64.0,11.4,9,0,3265.5,3835.4,0.89,3794.1
19.6,79.7,10.6,2,1,2712.2,2677.5,0.34,2151.9
25.1,46.9,19.9,14,0,4675.0,5052.9,0.88,4286.9
20.7,49.3,16.3,10,0,3711.5,4055.1,0.94,4046.4
26.6,55.7,24.6,13,0,4500.2,4774.5,0.9,4400.8
23.6,53.3,5.2,20,0,3460.4,3094.2,0.89,3057.1
17.1,62.6,16.4,2,0,2256.0,2635.6,0.89,2536.5
28.6,53.6,11.4,14,0,5026.7,4366.8,0.86,4571.2
35.7,40.8,11.7,15,1,4703.3,4605.2,0.5,4880.8
13.4,76.4,11.9,4,0,2272.3,3043.6,0.88,2820.0
17.0,80.4,10.8,5,1,2363.9,2741.3,0.33,2528.3
28.4,50.6,17.6,12,0,4265.1,4439.6,0.83,4631.5
21.9,68.6,15.7,6,0,2897.5,3197.5,0.9,3144.7
17.0,66.0,8.7,0,1,2583.2,2109.8,0.29,2148.1
24.2,68.3,6.4,11,0,3905.6,4309.7,1.01,4117.3
15.9,63.1,16.8,0,0,2445.9,2477.3,0.82,2465.6
21.6,58.7,17.2,8,0,3077.0,3360.9,0.97,3744.9
20.4,74.6,12.4,6,0,2903.0,3037.9,0.96,3071.1
15.4,74.7,18.6,3,1,2629.4,2506.2,0.39,2299.7
31.3,31.8,5.3,14,0,4193.9,4180.1,0.89,4814.9
36.2,36.9,6.5,16,0,4996.4,4110.0,0.86,4966.8
22.8,69.7,16.1,21,1,3547.1,2690.8,0.36,2489.5
26.1,45.2,21.9,15,0,4693.2,4649.2,0.99,4343.5
30.2,41.3,31.8,15,0,4911.0,4549.5,0.98,4678.0
16.3,76.7,3.1,22,0,2838.5,2745.5,0.97,2760.9
30.4,41.4,12.0,15,0,4665.5,5011.2,0.88,4627.3
33.3,37.7,10.6,15,0,4756.8,4569.7,0.83,4907.4
9.2,69.3,13.8,1,0,2282.6,2301.5,0.83,2708.9
16.1,77.2,21.1,0,1,2582.3,2674.2,0.46,2143.9
11.9,66.5,13.3,0,0,2517.1,2517.1,0.93,2686.3
23.1,53.5,3.4,20,1,3500.2,3093.5,0.49,2904.6
12.5,67.3,11.6,23,1,2576.9,2857.1,0.38,2370.5
23.7,48.0,9.1,11,0,3921.1,3799.0,0.88,4087.4
27.6,38.8,10.1,12,0,4051.0,4688.2,0.86,4500.5
17.8,68.7,13.2,5,1,2910.8,2753.1,0.51,2647.3
26.1,43.5,23.7,18,0,4543.2,4019.0,0.87,3794.4
25.2,31.9,6.2,18,1,4148.3,4263.5,0.4,3307.5
30.8,41.6,4.6,12,0,4142.0,4503.8,0.89,4884.4
33.0,32.1,20.4,14,0,4753.1,4873.1,1.01,5029.5
15.3,69.5,28.1,4,0,2578.0,3266.9,0.84,2636.5
32.3,51.9,2.4,18,1,4186.5,3608.0,0.38,3992.7
30.4,50.8,12.7,14,1,5011.6,4984.8,0.4,4405.0
12.6,63.1,11.5,3,1,2237.4,2141.1,0.41,2391.5
35.8,46.2,6.1,13,1,4580.0,4085.7,0.35,4887.3
16.0,76.2,15.8,2,1,2083.1,2533.5,0.38,2163.4
25.9,54.9,12.6,22,0,2812.4,2373.2,0.97,2899.4
10.3,73.9,13.8,4,1,2334.5,2642.3,0.37,2722.5
18.9,61.3,14.6,7,1,2933.6,3067.4,0.37,3073.5
28.6,55.7,21.5,13,0,4733.2,4531.6,0.91,4584.9
26.9,53.3,16.3,11,0,4086.2,3836.2,0.89,4309.7
16.6,65.6,12.5,23,0,2760.9,2610.1,0.88,2581.8
30.9,39.3,11.1,16,0,5035.7,4592.9,0.97,4674.5
25.3,50.2,18.2,16,0,4441.0,4099.5,0.99,4122.0
29.6,42.2,19.0,10,1,3788.4,3567.6,0.46,4183.9
28.7,49.2,16.8,12,1,3836.2,4500.5,0.35,4238.4
26.1,45.8,18.6,15,0,4814.9,4669.9,0.84,4259.5
24.9,41.1,10.5,12,0,4068.5,4349.0,0.97,4479.0
20.9,56.9,16.2,21,0,3221.9,2922.5,0.94,2914.4
13.5,68.1,13.3,5,0,2835.1,2943.4,0.91,3012.6
27.9,37.6,24.9,13,0,4132.9,5011.6,0.81,4500.2
28.4,34.9,9.7,13,0,3852.8,4260.2,0.88,4555.7
22.1,45.3,15.1,20,0,3474.7,3211.1,0.8,3023.2
32.0,40.2,5.1,14,1,4891.3,4999.8,0.43,4734.8
25.3,62.5,7.3,11,1,4043.1,4181.2,0.36,3926.5
13.6,62.6,8.3,23,0,2971.9,2594.7,0.88,2599.0
20.1,67.9,9.4,6,0,2616.3,3155.2,0.94,3083.6
22.1,47.5,18.8,20,0,3695.4,2988.2,1.0,3150.4
29.2,47.0,23.9,18,0,4419.3,3413.9,0.85,3982.4
33.2,52.1,13.2,13,0,4197.4,4466.4,0.92,5086.1
15.3,75.3,16.2,0,0,2493.6,2713.0,0.98,2522.0
28.5,57.5,12.2,15,1,4451.7,4741.6,0.38,4212.0
15.6,70.0,12.3,22,0,2927.6,2760.9,0.78,2601.9
21.3,66.3,10.4,8,0,3355.0,3605.1,0.81,3548.4
19.9,58.1,10.4,11,0,3979.5,4504.9,0.96,4097.5
19.0,72.2,11.8,23,0,2669.1,2670.8,0.97,2477.9
22.8,66.8,20.4,20,0,4031.4,3361.5,0.83,3077.5
27.1,44.3,20.5,17,0,4906.7,4283.4,0.9,4039.4
25.9,61.1,9.6,11,0,3967.9,4196.4,0.95,4278.8
38.3,53.9,14.9,17,0,4206.2,3747.7,0.84,4924.8
26.6,73.2,16.4,22,0,2863.9,2720.5,0.93,2971.9
18.5,65.4,12.3,20,0,3555.2,3301.8,0.89,3122.2
32.7,60.2,6.9,17,0,4311.0,3968.4,0.87,4460.2
19.2,85.5,4.3,23,0,2649.4,2269.7,1.0,2522.7
31.1,46.4,2.0,17,1,4067.5,4062.2,0.38,4051.0
26.7,43.6,16.7,13,0,4540.9,4593.0,0.96,4577.7
16.6,62.8,26.0,2,0,2526.8,2535.6,0.9,2525.7
22.5,44.3,18.1,10,0,4026.2,3811.2,0.86,3952.1
28.8,49.5,9.4,12,0,3933.1,4501.7,0.86,4513.7
27.0,70.0,21.0,18,1,4399.1,3710.2,0.37,3515.7
19.8,54.7,22.9,21,1,3280.5,2990.9,0.37,2583.8
14.3,75.9,12.5,4,0,2141.1,2751.7,0.86,2686.6
31.3,54.7,15.5,13,0,4737.8,4622.0,0.82,4815.4
20.9,71.1,14.8,7,0,2981.7,3136.1,0.86,3355.0
16.5,68.6,21.3,5,0,2462.3,2765.1,0.84,2929.5
16.8,69.1,16.1,1,0,2143.9,2356.8,0.82,2474.7
32.4,41.8,10.7,13,0,4167.7,4500.2,0.89,4860.2
13.2,76.9,25.4,6,0,3109.1,3099.8,0.87,3210.3
10.5,78.4,12.0,3,0,2572.6,2218.3,0.89,2758.4
25.9,34.2,17.2,16,0,4521.1,4928.0,0.88,4114.8
11.0,76.2,13.4,3,0,2388.3,2555.8,0.91,2882.0
20.8,57.8,12.5,8,0,2977.8,3668.1,0.87,3526.3
18.8,70.0,13.7,3,0,2675.1,2795.6,0.93,2578.0
27.2,52.8,19.5,19,0,3952.0,3338.6,0.92,3635.3
11.8,81.6,12.6,3,0,2423.4,2408.3,0.92,2724.3
31.3,49.4,23.0,13,0,4732.4,4891.3,0.97,4838.3
31.2,48.5,21.7,17,0,4236.5,4230.8,0.89,4413.3
23.5,71.5,18.2,21,0,3535.8,2887.9,0.84,2878.9
13.5,84.9,3.9,5,1,2933.7,2701.2,0.44,2691.9
26.9,62.5,15.3,11,1,4043.3,4135.9,0.41,3985.0
19.9,53.1,11.3,23,0,2675.8,2307.9,0.9,2661.8
30.4,61.3,11.8,18,0,3934.2,3589.5,0.92,4153.2
14.9,64.8,17.5,1,0,2756.4,2661.9,0.89,2463.9
20.0,73.4,8.7,23,0,2399.8,2426.1,0.86,2542.6
17.3,74.5,17.1,2,1,2632.2,2705.6,0.45,2215.9
15.2,70.6,16.0,6,0,2607.4,3041.0,0.89,3138.6
18.6,77.7,18.8,1,1,2438.1,2397.1,0.45,2146.8
17.2,61.2,13.0,0,0,2213.0,2462.4,0.92,2461.1
12.5,66.9,18.3,5,0,2752.6,3039.3,0.9,2979.5
23.9,65.3,12.6,10,0,4141.3,3987.9,0.93,4022.2
8.2,66.6,15.6,5,0,2735.7,2528.3,0.82,3212.0
17.8,71.6,11.2,7,1,3435.4,3063.0,0.38,3041.7
17.8,60.4,10.2,21,0,3279.7,2583.4,0.88,2880.5
12.0,67.8,15.3,0,0,2541.2,2462.9,0.97,2752.8
28.7,72.5,9.6,21,1,2819.3,2984.5,0.36,3031.4
18.5,63.4,18.9,21,0,3330.5,2885.8,0.86,2787.7
15.7,63.1,14.3,22,0,2903.8,2416.5,0.8,2699.9
13.7,68.9,18.4,3,1,2632.5,2210.5,0.3,2210.5
12.8,74.6,13.2,2,0,2386.5,2513.2,0.94,2589.3
16.2,81.5,1.3,3,0,2402.9,2629.9,0.93,2542.9
34.8,47.0,8.1,11,0,3992.0,3810.5,0.83,4984.1
24.6,72.8,17.9,9,1,3562.7,3773.0,0.32,3510.0
15.8,59.7,4.5,5,0,2681.7,2819.9,0.83,2819.9
19.1,70.8,20.6,22,0,3172.1,2695.8,0.91,2677.9
17.5,63.7,12.5,7,0,3105.2,3292.0,0.93,3356.9
13.3,74.6,0.2,3,0,2564.9,2696.4,0.89,2757.9
29.5,51.6,14.2,12,0,4030.1,4500.3,0.93,4730.8
17.7,67.6,6.9,7,1,3074.8,3056.7,0.44,3069.8
20.1,56.4,22.3,22,0,2804.2,2644.1,0.91,2767.3
15.3,80.5,8.3,2,0,2431.5,2470.3,0.89,2436.1
27.5,52.1,19.8,18,1,4039.4,3880.8,0.48,3646.6
16.1,64.1,23.4,0,0,2674.4,2248.5,0.89,2483.1
15.6,66.7,22.5,8,0,3425.5,3629.8,0.96,3524.3
23.0,54.6,16.0,10,0,3768.4,4648.7,0.87,3936.1
14.3,68.3,12.3,22,1,2880.5,2838.9,0.43,2500.0
23.3,69.0,14.9,22,0,2865.4,2678.1,0.92,2803.4
29.9,44.9,11.3,13,1,4688.2,4942.3,0.4,4459.3
24.3,56.9,9.3,10,0,3550.6,3719.0,0.91,3975.4
26.4,58.8,17.1,13,1,4440.0,4275.2,0.46,4266.8
30.4,48.6,15.3,19,0,4353.0,3548.6,0.92,3845.8
14.7,67.5,24.1,7,1,3167.3,3508.3,0.31,2966.2
28.0,49.8,18.4,14,0,4486.3,4384.8,0.94,4513.7
20.8,53.5,31.1,21,1,3023.2,2902.5,0.34,2583.4
17.3,93.1,3.8,4,1,2586.4,2739.1,0.47,2494.1
22.9,54.1,20.6,20,0,3236.2,2716.5,0.93,3102.4
20.5,57.2,15.4,21,0,3123.9,2835.3,0.82,2866.1
14.2,66.9,18.6,2,1,2658.3,2503.1,0.45,2290.3
26.2,45.8,19.4,16,0,5093.3,4330.6,0.82,4037.8
25.6,48.7,15.1,16,0,4351.7,4359.1,0.87,4020.9
21.3,68.1,1.3,21,0,3034.7,2917.3,0.91,2882.0
25.1,45.0,15.8,12,1,4209.8,4809.1,0.42,4057.5
27.9,48.7,8.1,10,0,3792.4,3946.4,0.92,4314.8
21.6,65.2,10.8,7,0,3237.3,3217.6,0.88,3205.8
23.2,53.3,21.4,10,0,3979.4,4228.9,0.97,4097.3
21.4,55.0,8.5,9,0,3705.7,3739.4,0.91,3775.7
19.5,71.2,15.3,7,0,3352.2,3435.6,0.93,3332.4
24.6,64.3,11.9,9,0,3513.5,3693.1,0.82,3747.1
16.5,67.2,19.5,3,1,2705.6,2657.9,0.39,2265.8
11.8,85.8,5.2,5,0,2752.9,2602.6,0.87,3045.6
25.3,55.5,21.0,21,1,3369.3,2573.3,0.45,2791.9
15.2,59.8,8.7,0,1,2522.6,2282.6,0.46,2058.9
9.7,66.5,15.1,2,0,2158.6,2420.9,0.89,2794.7
24.1,61.5,21.0,11,1,3996.2,4268.2,0.47,3954.7
24.3,46.6,17.9,10,0,3811.1,3903.6,0.99,4064.4
13.5,59.1,14.1,22,1,2885.8,2770.2,0.41,2528.0
16.3,89.9,9.8,4,0,2607.3,2723.1,1.05,2705.4
17.3,70.9,9.8,5,1,2748.1,2848.3,0.45,2649.0
30.9,56.4,20.5,14,0,4541.5,4163.8,0.88,4745.1
29.1,61.6,15.8,19,0,3873.5,3051.8,0.95,3931.4
12.4,74.2,15.8,1,0,2248.5,2562.6,0.86,2516.9
34.2,58.6,22.3,17,0,4104.5,3894.7,0.9,4625.3
14.9,73.5,8.8,2,0,2448.4,2616.1,0.91,2516.4
29.9,47.7,16.0,16,0,4568.7,5100.9,0.94,4483.3
28.6,44.5,8.1,18,1,4206.6,4271.4,0.41,3641.2
17.3,80.3,17.1,21,0,3036.7,2812.4,0.94,2854.8
24.5,61.1,2.8,19,0,4166.6,3563.0,1.02,3474.7
21.1,71.4,7.6,8,0,3084.5,3618.2,0.94,3606.4
29.2,49.3,31.9,19,0,3319.9,3804.6,0.83,3720.5
23.0,61.7,12.6,20,1,3020.8,2883.2,0.44,2845.6
19.5,71.3,17.8,8,0,3002.2,3569.1,0.98,3538.1
21.1,70.5,17.3,8,1,3368.7,3337.5,0.48,3351.6
16.6,84.3,16.7,3,1,2144.8,2618.4,0.39,2408.3
16.8,73.3,1.7,5,0,2544.8,2887.2,0.99,3000.3
28.1,45.2,2.9,17,1,4719.4,4534.9,0.4,3848.4
23.1,57.9,7.8,21,0,3093.5,2847.4,0.92,2911.3
16.8,76.4,6.7,6,0,2892.7,2736.6,0.9,3065.4
24.8,53.0,3.9,20,1,3818.6,3121.4,0.36,2845.9
22.6,52.8,8.3,8,0,3205.8,3426.5,0.89,3559.9
10.1,75.2,17.5,3,0,2516.4,2759.3,0.89,2859.2
28.2,57.9,2.6,21,0,3070.3,2581.0,0.88,3216.1
22.1,45.7,17.1,11,0,4574.5,4142.0,0.91,4198.0
14.3,77.4,21.4,4,0,2294.5,2752.6,0.94,2806.6
17.3,64.7,15.5,22,0,2967.7,2500.0,0.95,2722.6
33.1,53.5,8.9,15,0,5150.0,4555.7,0.84,4862.0
28.5,33.3,18.7,14,1,5263.8,4998.6,0.39,4366.8
13.3,73.1,14.0,2,0,2516.9,2524.0,0.91,2580.0
21.9,39.0,12.5,18,0,4287.8,4283.8,0.88,3580.1
32.4,58.2,22.1,17,1,4525.5,4310.6,0.38,4255.5
17.4,58.7,8.2,19,1,4365.9,3940.2,0.5,3071.8
21.6,64.8,10.6,9,0,3651.7,3493.2,0.92,3844.1
25.7,57.1,16.8,11,0,4064.4,4190.7,0.84,4216.6
25.6,57.9,4.9,22,1,2981.9,2708.3,0.32,2516.4
26.2,57.8,12.9,10,1,3458.9,4063.3,0.32,3826.0
35.0,45.9,15.8,13,0,4723.8,3992.8,0.83,5161.8
17.7,82.6,13.8,6,0,2580.0,3232.1,0.83,3105.2
29.4,37.4,16.0,14,0,4774.5,4760.0,0.85,4627.0
26.6,46.2,9.8,18,0,4163.0,3926.2,0.96,3794.5
14.6,61.1,9.2,22,0,2792.6,2476.7,0.88,2727.0
27.1,44.3,8.1,18,0,4155.5,3302.3,0.9,3878.4
27.9,52.8,18.2,15,1,4820.2,5093.3,0.34,4104.9
22.0,52.2,19.0,10,0,3774.4,3645.2,1.03,4057.3
12.0,79.2,15.4,3,0,2839.9,2688.5,0.87,2748.2
14.7,83.3,14.6,1,0,2465.6,2538.5,0.87,2364.5
20.7,67.5,15.9,4,0,2702.2,2655.0,0.88,2584.3
26.4,53.5,15.5,16,1,4212.0,4914.3,0.35,3915.8
14.8,61.0,19.3,23,0,2476.3,2531.9,0.8,2527.6
30.2,40.2,13.4,13,0,4371.8,4890.3,0.81,4663.2
14.2,78.2,20.7,3,0,2290.7,2210.5,0.92,2566.1
30.7,57.8,13.6,17,1,4408.3,4222.1,0.4,4036.9
22.1,64.1,25.1,21,0,2856.4,2608.7,0.86,2861.5
12.0,68.8,12.7,5,1,2636.5,2805.4,0.48,2855.1
18.2,60.3,22.5,7,0,3140.1,3281.4,0.88,3299.1
31.2,40.0,27.4,14,0,4328.2,4911.0,0.84,4761.9
30.7,36.0,12.9,14,0,4478.1,4756.5,0.85,4766.5
19.7,73.7,24.2,6,0,2612.4,3074.6,0.93,3174.8
16.9,70.2,9.7,0,0,2341.0,2477.0,0.85,2461.0
16.3,83.4,16.5,4,0,2666.0,2304.0,0.9,2720.7
27.8,59.8,8.3,18,0,4109.8,3624.2,0.88,3895.2
20.5,81.2,16.1,0,0,2290.5,2539.3,0.93,2548.4
35.8,45.8,20.4,15,0,4804.6,4706.4,0.96,5182.0
21.5,66.9,7.7,8,0,3107.0,3655.9,0.87,3541.1
29.9,46.1,17.5,19,0,3769.1,3355.5,0.84,3783.3
34.9,50.7,6.5,17,0,4322.9,4163.0,0.86,4672.0
18.6,68.6,7.9,0,1,2571.9,2551.5,0.46,2227.1
28.7,51.4,13.6,20,0,3768.3,3047.3,0.87,3403.2
16.2,66.5,9.8,23,1,2399.2,2451.9,0.49,2267.5
23.5,66.0,2.6,22,0,2952.1,2651.4,0.87,2630.5
24.0,46.2,12.1,10,1,3709.1,3984.3,0.42,3753.2
23.2,61.7,2.6,21,0,3175.4,2878.9,0.91,2869.6
15.1,74.2,12.2,23,0,2805.2,2505.9,0.85,2523.8
13.9,56.7,14.8,6,0,2977.2,3335.6,0.88,3172.5
19.2,80.2,2.1,5,1,2723.8,2941.6,0.39,2606.5
30.0,49.2,16.5,16,0,4625.7,4718.4,0.89,4547.0
16.4,68.7,17.7,7,0,3096.6,3332.3,0.93,3328.5
27.0,48.6,14.7,16,1,4051.0,4427.1,0.42,4001.1
18.6,60.9,18.4,9,0,3216.4,3876.4,0.85,3726.8
16.0,69.7,0.6,0,0,2531.3,2777.2,0.78,2431.4
31.8,50.0,11.0,12,0,4381.8,4658.8,1.01,4964.9
17.8,63.6,19.1,1,0,2516.0,2688.3,0.9,2412.3
26.6,51.6,20.6,21,1,3438.5,2864.0,0.41,2782.4
16.6,93.3,11.5,0,1,2201.5,2547.4,0.43,2142.8
21.0,64.8,18.9,8,1,3365.0,3475.5,0.42,3348.7
20.9,48.6,8.6,21,0,3087.9,2829.9,0.92,2841.7
29.2,52.6,12.9,17,1,4929.7,4318.5,0.48,4042.2
24.8,66.0,10.8,19,1,3889.0,3650.7,0.36,3124.5
12.4,70.9,10.9,0,0,2389.7,2561.4,0.99,2672.8
18.7,91.0,20.1,4,0,2594.6,2662.9,0.85,2677.8
14.9,72.8,22.9,0,0,2515.7,2781.5,0.86,2480.1
14.7,74.2,9.5,5,0,2367.9,2709.6,0.84,2815.9
26.1,62.2,14.8,12,0,5104.1,4806.0,0.85,4361.3
31.0,51.8,11.4,13,1,4151.9,4607.8,0.44,4651.9
18.6,57.4,4.1,9,1,3645.1,3907.3,0.35,3443.4
10.8,73.7,18.2,3,0,2575.5,2557.1,0.9,2861.4
12.7,68.1,15.0,1,0,2627.7,2401.2,0.96,2624.0
16.0,80.5,23.8,5,1,2499.2,2689.5,0.47,2636.7
17.0,57.3,9.4,7,0,3144.5,3272.8,0.92,3304.9
14.5,81.5,11.8,2,0,2127.4,2468.4,0.88,2488.0
24.5,46.2,22.5,18,1,4464.9,3952.0,0.46,3284.2
28.0,53.3,17.0,12,0,4859.5,4288.1,0.88,4606.3
14.1,66.6,16.6,1,1,2142.8,2153.4,0.4,2256.0
10.9,66.3,22.3,23,0,2689.4,2587.1,0.84,2835.9
20.6,63.2,6.7,20,0,3015.9,2796.2,0.92,3100.3
28.3,60.2,10.2,18,0,4062.2,4051.0,0.86,3908.0
22.1,44.9,12.5,11,0,4081.4,4578.9,0.85,4082.1
33.7,62.6,12.3,15,0,4765.2,4627.3,0.93,4996.4
13.9,68.5,9.7,2,0,2382.7,2802.2,0.9,2600.6
27.3,54.2,18.1,16,0,5156.6,4454.8,0.81,4207.7
35.4,34.3,18.7,15,0,4726.7,4458.5,0.93,5115.5
29.1,50.5,14.8,18,0,4310.6,3587.4,0.93,4060.3
21.9,65.9,15.5,23,1,2743.6,2571.9,0.53,2397.9
27.7,58.3,16.9,11,0,3706.1,4551.9,0.94,4492.4
33.0,51.4,15.9,15,0,4717.7,4520.9,0.92,4856.3
33.6,37.2,18.8,15,1,4593.3,4330.2,0.43,4667.3
16.4,66.9,8.6,0,0,2307.5,2470.1,0.82,2418.7
20.1,74.7,11.8,2,0,2494.7,2536.5,0.83,2321.4
15.9,62.3,13.1,2,0,2450.6,2163.4,0.96,2503.1
28.2,41.6,23.9,15,0,4690.9,4663.8,0.97,4521.3
35.3,39.4,17.7,14,1,4619.8,4434.0,0.48,4942.5
28.5,46.4,2.6,16,0,4396.9,4499.6,0.91,4396.1
15.4,62.9,18.0,22,0,2896.7,2452.6,0.93,2769.1
20.3,39.6,10.2,10,0,3776.5,4129.4,0.92,3969.9
35.9,60.4,7.6,18,1,4281.8,3406.0,0.43,4271.4
25.7,41.0,9.0,13,1,3991.1,4676.7,0.45,4127.8
27.5,51.0,18.9,12,0,3846.3,4224.2,0.91,4500.3
27.2,61.1,6.9,9,0,3706.6,3809.6,0.9,4031.9
27.1,45.6,23.7,12,0,4064.7,4321.6,0.91,4501.4
16.5,63.2,13.5,1,0,2801.0,2664.5,0.91,2369.0
24.5,45.1,15.8,20,1,3617.4,3133.0,0.37,2796.2
14.0,68.3,7.4,3,0,2472.5,2586.4,0.86,2600.8
15.9,66.5,16.0,3,0,2236.0,2391.5,0.93,2576.5
10.5,84.7,8.7,3,1,2503.2,2514.3,0.39,2457.8
16.6,61.3,4.3,0,0,2651.6,2286.3,0.97,2594.8
31.2,64.9,14.3,17,0,4297.2,4007.3,0.89,4418.2
31.6,33.9,14.0,16,0,5015.0,4020.9,0.86,4534.1
12.2,69.1,10.4,23,0,2689.3,2654.5,0.81,2707.9
31.3,48.7,11.4,17,0,4439.2,4020.6,0.87,4399.1
24.6,65.9,16.2,19,1,3646.6,3308.8,0.41,3039.7
10.8,73.5,13.4,4,0,2884.1,2667.3,0.94,3043.6
25.4,43.2,5.2,20,0,3664.0,3054.1,0.86,3190.8
29.7,48.3,16.6,16,0,4605.2,4350.8,0.87,4355.8
22.7,56.0,8.2,10,1,3732.3,3905.6,0.34,3597.5
25.1,54.2,9.1,9,0,3255.0,3878.4,0.84,3924.4
26.6,36.1,16.3,14,0,4184.4,4342.7,0.85,4394.1
22.4,40.2,24.5,13,1,4198.1,4549.6,0.39,3922.6
23.2,60.8,7.9,11,0,3916.1,3818.5,0.92,4181.6
32.3,47.7,15.2,13,0,4495.9,5086.1,0.97,5011.6
16.2,69.9,5.4,7,0,3197.5,2977.8,0.89,3433.4
13.4,78.5,10.8,0,0,2568.5,2443.8,0.88,2515.1
24.2,62.6,12.5,21,0,2950.5,2802.4,0.88,2846.3
19.3,76.3,11.0,8,1,3317.7,3526.3,0.45,3311.9
26.9,64.4,19.2,11,0,3954.5,3895.3,0.93,4211.4
15.2,65.2,26.7,1,1,2651.3,2494.7,0.37,2106.6
28.9,47.9,10.0,14,1,5153.8,4567.9,0.39,4307.0
23.1,59.5,6.9,10,1,3699.4,3980.0,0.33,3653.6
17.5,65.4,7.0,2,0,2483.5,2423.4,1.0,2439.1
26.1,39.1,20.4,14,0,4255.0,4820.2,0.88,4435.9
26.0,64.2,19.2,13,0,4642.0,4659.0,0.9,4455.3
26.4,66.2,15.2,9,0,3328.4,3876.7,0.88,3942.2
18.1,59.8,14.8,9,0,3535.3,3747.1,0.9,3823.1
23.0,59.2,11.1,21,1,3528.5,2847.7,0.42,2656.0
11.2,73.5,10.1,1,0,2128.9,2632.2,0.9,2749.7
24.7,58.9,15.7,19,0,4093.9,3016.4,0.97,3459.9
33.0,68.6,2.0,13,0,4653.5,4848.5,0.92,4942.3
29.1,61.9,12.6,14,0,4676.7,4725.5,0.94,4703.3
15.2,65.7,19.7,2,0,2279.6,2225.6,0.97,2585.6
23.3,59.0,16.1,10,1,3876.7,3863.7,0.44,3642.5
12.1,80.7,15.1,1,0,2574.3,2141.9,0.83,2546.2
26.1,67.9,8.2,20,0,3528.3,3196.1,0.88,3276.8
32.3,43.8,10.4,14,1,4832.7,4428.6,0.44,4676.2
29.2,48.8,17.0,14,0,4385.1,4942.5,0.91,4576.0
27.4,49.6,19.5,14,0,4584.9,4181.3,0.9,4433.4
32.3,49.2,8.2,14,0,4374.8,4541.4,0.96,5011.3
21.6,72.4,11.0,6,1,2811.6,3112.2,0.3,2729.1
33.9,55.6,8.3,16,0,4666.1,3805.2,0.9,4737.4
13.3,56.7,18.1,0,1,2221.1,2244.8,0.47,2282.6
14.0,67.6,9.9,0,0,2587.2,2462.9,0.9,2575.4
32.5,58.8,7.8,18,1,3966.1,3593.2,0.4,4093.9
24.8,56.0,9.9,13,1,4647.8,4419.5,0.34,3939.9
16.3,65.8,12.4,4,1,2788.7,2584.3,0.46,2511.7
27.2,69.0,23.5,19,0,3836.9,3497.5,0.93,3591.8
21.6,48.3,11.4,21,0,3117.7,2903.6,0.94,2864.0
30.7,46.9,15.3,16,0,4695.8,4350.6,1.02,4646.2
15.3,78.6,11.7,3,0,2629.4,3025.2,0.9,2604.2
33.6,36.0,22.9,17,0,4226.1,4302.8,0.93,4687.7
17.9,80.8,8.9,2,0,2180.2,2717.7,0.94,2435.7
13.7,67.2,19.9,5,1,2911.8,2783.2,0.46,2721.7
13.7,69.6,8.7,5,1,2836.5,2959.0,0.39,2706.1
10.1,64.7,12.8,1,0,2179.3,2263.5,0.93,2795.0
27.0,60.7,14.3,9,0,3311.9,3780.0,0.88,3906.9
27.2,43.3,18.8,17,0,4069.9,4394.6,0.84,4050.5
28.4,43.9,20.6,14,1,4815.4,5391.7,0.43,4310.8
17.8,62.6,12.4,23,0,2400.0,2531.1,0.88,2531.3
13.0,82.1,5.7,6,0,2783.2,2771.8,0.93,3231.0
33.7,49.0,12.0,11,0,3659.2,3986.5,0.99,4935.0
33.1,53.2,10.4,17,1,4581.9,4446.9,0.43,4253.9
14.7,75.8,15.7,23,0,2380.5,2417.0,0.81,2445.3
24.3,89.6,16.2,7,1,2868.3,3354.3,0.39,3099.0
24.2,54.6,12.6,16,0,4687.8,4420.8,0.87,4019.8
40.8,40.2,5.3,16,1,4431.6,4620.5,0.35,5048.7
19.0,75.3,20.9,5,0,2396.1,2850.4,0.86,2848.3
26.3,69.1,18.2,20,0,3572.5,3128.3,0.94,3271.6
15.0,81.5,17.6,1,1,2288.1,2403.2,0.42,2134.2
9.7,59.3,15.7,2,1,2091.8,2290.7,0.48,2513.2
19.4,72.2,19.8,8,0,3113.3,3273.0,0.89,3618.2
12.6,85.5,24.4,5,0,2738.4,2456.4,0.93,3044.8
22.7,60.2,18.9,20,0,3100.0,2845.9,0.88,3036.7
14.9,70.0,8.3,5,0,2298.9,2585.6,0.96,2859.9
24.5,45.7,13.6,12,0,3911.2,4481.4,0.9,4263.8
24.9,48.6,13.1,16,0,4249.3,4547.0,0.9,4104.5
20.0,63.2,5.0,10,0,3776.1,3602.5,0.95,3984.3
17.9,61.3,16.3,1,1,2443.8,2555.2,0.44,2202.0
29.2,38.6,13.0,13,0,4758.3,5064.9,0.87,4631.9
26.2,48.7,15.1,12,0,4644.9,4427.1,0.92,4406.3
22.2,74.2,5.6,7,1,3099.4,3086.1,0.41,3001.6
24.9,57.4,14.7,20,0,3334.9,3082.5,0.9,3225.1
21.0,73.1,9.0,22,0,2829.9,2698.8,0.91,2766.3
18.7,53.7,24.7,20,0,3619.3,3227.6,0.97,3088.4
24.6,69.2,9.0,10,0,3876.4,3996.2,0.89,4041.9
21.7,58.8,6.5,21,0,3235.3,2903.8,1.01,2990.9
27.1,45.4,13.5,12,0,4135.9,4643.0,0.82,4500.2
28.7,57.1,17.0,20,1,3304.2,3109.1,0.42,3241.5
17.1,56.8,14.8,8,1,3406.0,3559.9,0.4,3258.4
26.3,55.6,16.5,19,1,4080.1,3479.4,0.42,3171.1
27.9,58.8,8.1,13,0,4354.5,4432.9,0.87,4549.6
30.3,43.9,10.7,14,1,4475.3,4693.2,0.4,4473.3
27.5,49.8,11.4,20,0,3450.0,2811.9,0.89,3417.5
14.9,83.1,12.7,0,0,2532.2,2554.9,0.92,2539.9
10.6,79.7,18.3,4,1,2594.1,2784.5,0.43,2749.6
28.9,49.1,19.4,14,1,4378.0,4647.3,0.4,4335.3
30.2,43.3,17.1,16,1,4880.8,4355.8,0.35,4130.9
11.9,71.4,28.0,1,0,2447.6,2435.3,0.85,2610.9
21.0,51.7,18.7,9,0,3561.1,3726.2,0.87,3723.0
25.1,33.0,20.6,16,0,4693.7,4142.1,0.88,4067.5
30.8,62.4,5.0,19,0,3284.2,3635.3,0.94,3920.0
35.4,50.8,17.6,18,1,4394.5,3769.1,0.48,4263.5
28.8,48.8,8.7,16,0,4405.5,4401.9,0.85,4323.4
28.2,41.4,17.4,14,0,4488.7,4787.2,0.83,4458.5
30.1,30.9,10.8,17,0,4364.5,3990.8,0.87,4302.8
28.4,63.1,18.6,12,1,5064.0,4903.8,0.48,4374.5
23.9,63.3,11.7,20,0,3232.7,3018.8,0.98,3094.2
21.9,42.3,6.6,10,0,3488.5,4018.9,0.85,3893.6
29.7,53.9,14.9,14,0,4591.2,4758.3,0.92,4743.4
18.8,77.8,16.4,7,1,3229.8,3296.1,0.34,2977.8
25.1,54.0,8.6,9,0,3538.1,3781.6,0.88,3822.7
27.0,44.7,11.0,16,0,4518.0,4277.2,0.95,4185.5
26.8,46.5,0.3,13,0,4615.0,4281.8,1.01,4628.0
22.9,82.4,13.2,0,0,2445.3,2477.1,0.8,2462.9
29.4,50.4,1.0,16,1,4548.7,4259.9,0.38,4098.3
18.8,47.8,17.5,22,0,2895.5,2687.1,0.9,2736.0
31.2,47.2,12.2,13,0,4631.5,4860.4,0.92,4844.0
30.0,44.6,29.2,17,0,3985.5,4110.7,0.87,4318.3
31.0,65.2,10.7,10,0,3493.2,4062.2,0.84,4446.7
13.2,73.5,18.8,1,0,2386.2,2840.9,0.93,2489.2
15.3,73.8,14.6,5,1,3043.6,2820.4,0.35,2460.5
30.0,48.2,19.5,15,0,4473.3,4343.5,0.96,4663.8
27.0,56.4,25.5,9,0,3542.1,4069.3,0.95,4069.3
11.9,68.5,27.3,1,0,2711.7,2476.4,0.84,2642.6
20.1,70.3,11.2,0,0,2599.0,2559.3,0.98,2547.4
32.7,25.5,15.5,14,0,5061.1,4318.3,0.9,4959.4
28.5,54.4,15.7,12,0,4286.7,4181.8,0.83,4476.0
31.4,45.7,11.9,15,1,4692.1,4568.7,0.31,4390.0
15.5,77.1,16.5,2,0,2167.5,2439.1,0.97,2507.1
24.6,57.7,9.4,9,0,3559.8,3480.4,0.9,3800.7
11.5,48.5,11.7,5,0,2511.7,2494.7,0.94,3018.0
15.0,89.3,12.1,4,0,2759.3,2749.6,0.89,2700.0
30.3,54.9,16.7,18,0,4204.3,3469.7,0.94,4131.9
18.4,49.0,19.8,21,0,3211.1,2943.4,0.87,2902.5
13.5,74.3,8.8,4,1,2692.7,2314.2,0.55,2720.3
28.2,47.8,14.5,12,0,4144.1,4540.9,0.89,4643.1
28.0,32.0,15.5,15,0,4543.4,4404.9,0.93,4488.9
13.5,74.6,18.2,22,1,2680.2,2400.9,0.42,2489.9
25.0,41.4,14.8,12,1,4183.8,4822.7,0.32,4035.8
17.6,83.3,17.2,3,0,2503.1,2748.8,0.9,2607.3
27.3,61.6,6.2,20,0,3497.6,2748.7,0.85,3361.5
11.8,52.2,15.6,7,0,3178.0,3377.1,0.9,3594.4
20.9,82.7,10.2,0,1,2583.0,2179.7,0.47,2109.8
12.4,75.0,17.4,0,1,2553.0,2777.5,0.49,2375.1
12.8,60.0,17.0,6,0,2830.3,3073.0,0.87,3177.5
19.6,66.1,13.6,5,1,2861.4,2917.4,0.4,2729.8
13.1,81.8,26.8,2,0,2153.4,2346.1,0.89,2635.6
19.2,61.8,12.8,7,0,3033.9,3095.7,0.89,3313.6
25.0,39.2,3.6,19,1,3593.2,3572.5,0.42,3016.4
24.8,51.4,14.4,16,1,4350.1,4775.9,0.38,3738.0
12.5,77.2,16.1,4,0,2663.3,3071.0,0.87,2835.6
29.7,52.4,13.2,19,0,3638.6,3304.2,0.9,3882.5
25.8,51.1,20.9,11,0,4219.4,4426.4,0.88,4300.5
24.9,53.6,13.1,9,0,3549.8,3860.0,0.86,3886.7
19.0,75.1,17.2,3,0,2451.0,2834.1,0.91,2592.0
24.7,61.9,16.0,9,0,3343.8,3895.8,0.89,3774.4
33.0,58.6,15.8,11,0,3567.6,4082.5,0.89,4994.1
29.6,58.4,11.0,17,0,4928.0,4206.6,0.89,4241.9
28.9,51.6,11.0,11,0,3645.2,3926.5,0.94,4644.9
13.2,70.4,7.9,3,1,2580.0,2513.0,0.41,2334.5
28.8,53.1,21.8,17,1,4547.0,4365.1,0.39,3894.7
20.2,74.2,9.9,23,0,2727.0,2273.2,0.86,2520.6
29.0,36.8,10.7,12,0,4307.3,4467.3,0.92,4615.0
26.4,50.1,7.9,19,0,3908.0,3120.1,0.84,3486.8
18.3,58.9,17.9,23,0,2716.8,2214.5,0.87,2535.7
23.8,47.5,28.7,19,1,4408.4,3610.8,0.32,3110.1
21.2,64.4,18.9,21,1,3052.4,2914.4,0.37,2588.6
24.0,79.9,17.2,7,1,2842.7,3471.8,0.43,3115.1
14.0,68.4,4.5,23,0,2889.9,2514.3,0.87,2651.6
9.2,48.2,12.2,23,0,2688.8,2587.8,0.88,3018.8
27.3,67.3,7.8,9,1,3640.7,3823.1,0.45,3770.3
7.7,71.3,14.7,3,0,2577.4,2555.0,0.84,2971.9
35.7,60.1,16.3,18,0,4142.9,3599.8,0.82,4408.4
31.5,51.5,17.5,14,0,4302.6,4307.0,0.84,4834.7
31.5,57.5,12.0,15,0,4660.8,4280.6,0.9,4700.9
29.8,53.2,13.6,18,1,3990.8,4192.0,0.42,3753.7
27.4,49.6,14.7,13,0,4376.0,4500.8,0.94,4624.9
18.2,74.9,19.0,4,0,2448.8,2722.5,0.93,2708.8
22.9,51.8,8.7,8,0,3339.7,3710.8,0.85,3573.8
20.7,56.7,13.9,20,0,3635.3,3103.8,0.88,3104.3
23.1,59.6,8.0,10,0,3582.6,3935.9,1.06,4074.0
32.7,59.3,20.0,13,1,4437.7,4486.3,0.33,4622.0
29.8,46.6,10.5,16,1,4855.7,4364.5,0.36,4226.1
21.5,52.2,4.2,8,0,3392.9,3284.8,0.88,3655.9
15.2,59.8,8.6,6,0,2504.4,2782.9,0.86,3111.3
29.9,53.5,6.0,17,1,4534.1,4543.2,0.42,3865.2
19.1,59.9,18.5,8,0,3476.4,3513.1,0.89,3531.5
28.0,46.5,1.7,19,0,3771.6,3605.3,0.86,3671.3
27.7,63.0,14.3,12,1,4617.5,5139.8,0.49,4195.8
18.7,68.6,20.0,2,0,2336.9,2898.6,0.91,2435.7
27.6,49.1,12.3,19,1,3778.9,3354.9,0.36,3317.4
16.0,75.2,5.3,4,1,2509.6,2763.6,0.33,2304.0
21.9,52.0,20.1,9,0,3559.3,3479.5,0.98,3882.9
11.5,70.2,4.3,2,1,2467.4,2400.6,0.4,2432.2
25.0,67.3,20.9,20,0,3720.5,3117.1,0.89,3181.0
11.3,68.7,11.1,5,0,2314.2,2904.9,0.82,3026.2
14.4,58.5,5.0,7,1,2823.5,3299.1,0.43,3102.2
25.6,54.3,15.6,20,0,3301.5,3174.3,0.96,3277.4
20.3,62.7,10.1,22,0,3252.9,2717.6,0.86,2662.2
9.4,64.0,18.3,4,0,2391.5,2686.6,0.83,2937.5
26.8,42.7,20.6,12,0,4278.8,4262.0,0.96,4471.8
13.8,76.8,11.6,7,0,2810.2,3242.8,0.93,3312.5
26.4,56.4,14.8,12,1,4698.9,4399.9,0.46,4181.8
29.4,45.6,10.3,16,1,4640.8,3915.8,0.41,4099.5
25.9,56.7,3.2,17,0,4350.8,4253.9,0.94,4017.8
26.8,49.2,15.0,13,0,4646.6,4541.5,0.86,4482.6
29.0,38.1,17.6,12,0,4080.4,4646.1,0.97,4732.4
22.0,71.7,16.0,21,0,2789.7,2906.5,0.87,2872.7
31.7,45.2,29.6,16,0,4980.8,4017.3,0.91,4676.8
15.7,68.8,13.0,7,0,3041.0,3033.6,1.01,3443.4
14.0,70.3,20.6,0,0,2535.7,2515.3,0.93,2481.3
14.0,63.4,10.0,4,1,2412.4,2777.3,0.5,2499.2
28.9,59.1,14.0,19,0,4148.9,3608.3,0.79,3605.3
34.7,42.4,14.8,14,0,4248.0,4717.3,0.9,5150.0
18.4,70.2,14.4,0,0,2582.6,2512.2,0.91,2531.2
24.0,49.1,9.6,11,0,4037.1,4323.4,0.85,4105.2
31.4,42.8,9.6,19,1,3924.5,3470.7,0.42,3704.6
17.8,90.8,16.2,4,1,2243.0,2780.0,0.41,2363.9
24.3,58.4,12.3,10,0,3979.1,3826.0,0.83,3949.7
14.8,63.0,26.9,0,0,2682.8,2414.7,0.82,2486.5
27.6,43.8,13.0,14,1,4582.7,4593.3,0.46,4261.0
28.8,38.1,12.5,16,0,4888.4,4234.0,0.93,4479.1
13.8,68.0,10.9,6,0,2872.2,3119.0,0.9,3232.1
32.9,47.9,13.8,12,0,4343.2,4626.7,0.84,4903.8
17.2,77.3,15.5,23,1,2683.6,2578.0,0.42,2257.9
15.5,72.3,19.5,3,0,2407.9,2369.8,0.94,2530.7
15.2,59.5,21.1,3,0,2371.3,2524.3,0.85,2494.7
14.5,78.9,14.3,0,0,2557.6,2546.8,0.87,2477.0
29.8,44.1,13.7,13,1,4769.8,4472.5,0.42,4466.4
23.5,67.2,8.3,8,1,3413.2,3272.6,0.42,3303.0
33.3,39.5,10.8,17,0,4259.9,4287.8,0.87,4496.0
21.4,83.9,15.5,4,1,2575.6,2820.9,0.48,2462.3
14.0,79.7,11.0,4,0,2585.0,2708.0,0.95,2858.1
29.5,41.9,1.0,18,1,4534.9,3632.2,0.39,3671.1
14.6,69.3,17.9,5,0,2645.5,2948.7,0.93,2900.8
31.2,47.6,5.9,14,0,4866.0,4380.9,0.9,4787.2
9.5,76.5,11.7,2,1,2478.4,2503.2,0.34,2431.2
19.1,75.9,14.9,9,0,3557.6,3834.6,0.9,3832.4
26.3,41.6,11.0,17,0,4108.9,4051.0,0.97,3966.5
24.7,43.2,16.9,18,1,4241.9,3641.2,0.36,3262.3
12.1,70.2,10.1,6,0,3227.2,3071.1,0.89,3267.5
14.6,75.2,7.9,5,0,2392.1,2927.2,0.92,2903.3
24.5,47.0,12.5,19,0,3880.8,3528.3,0.89,3308.8
21.8,71.5,17.8,7,1,3188.9,3001.6,0.32,2904.3
24.5,59.0,9.4,10,0,3833.4,4151.5,0.92,4010.1
14.9,66.1,2.1,6,0,2559.4,3187.0,0.97,3113.5
23.7,61.7,14.1,11,0,4446.7,3627.5,0.78,4146.4
20.5,56.2,9.0,21,0,2680.4,2841.7,0.96,2885.6
14.8,73.7,10.9,3,1,2608.8,2542.3,0.34,2141.1
13.3,65.7,10.0,3,0,2632.3,2598.9,0.85,2691.4
11.5,70.7,7.0,4,0,2563.1,2378.3,0.84,2837.9
14.8,72.5,0.9,0,0,2297.0,2438.1,0.91,2428.6
27.6,39.6,12.5,14,0,4275.2,5011.3,0.91,4528.7
21.2,66.3,13.9,6,0,3333.3,2868.3,0.9,3101.4
15.2,80.8,25.2,0,0,2235.0,2604.9,0.84,2477.0
27.3,69.8,23.6,19,0,3838.2,3171.1,0.87,3650.7
21.7,44.3,12.7,12,1,4267.4,3879.3,0.44,3837.0
16.6,76.3,11.9,8,0,3073.5,3516.1,0.92,3584.0
26.3,66.0,9.4,20,1,3259.4,3217.6,0.39,2958.9
20.4,63.5,19.5,7,0,2811.3,3358.0,0.98,3542.7
14.4,65.9,12.2,23,0,2746.9,2580.1,0.91,2567.8
19.1,59.3,4.9,10,0,3505.7,4314.8,0.9,4063.3
13.4,74.2,29.7,0,0,2264.4,2463.6,0.88,2647.2
22.9,49.5,23.8,20,0,3652.7,3286.6,0.91,3079.9
29.0,56.1,22.4,12,1,4198.0,4884.4,0.41,4321.6
13.3,64.2,11.5,4,0,2776.2,2445.6,0.85,2752.9
32.6,49.0,27.6,17,1,4401.9,4064.7,0.4,4218.0
25.3,54.5,19.7,17,0,4050.2,4335.5,0.85,3918.4
21.7,67.5,9.2,10,1,3726.8,4041.9,0.44,3751.5
30.5,46.2,24.3,17,0,5302.9,4229.4,0.93,4209.9
14.5,69.0,9.7,0,0,2542.6,2642.9,0.96,2452.0
18.9,59.4,18.8,9,0,3520.6,3822.7,0.85,3773.2
28.9,44.3,27.9,15,0,4717.3,4249.3,0.88,4555.7
20.4,42.5,18.1,20,1,3354.9,2848.8,0.4,2853.6
18.4,46.5,16.1,21,0,3090.8,2864.7,1.01,2914.6
22.6,64.9,16.3,6,0,3045.6,2811.3,0.94,3101.1
27.5,54.5,21.1,13,0,5134.7,4385.1,0.94,4572.6
29.7,68.0,14.9,12,1,4146.4,5134.7,0.42,4410.6
19.7,60.2,12.2,8,0,3338.6,3597.3,0.9,3611.1
26.5,48.1,18.5,19,0,3959.5,3977.1,0.84,3548.6
26.9,55.0,9.7,17,0,4128.9,4192.7,0.82,3991.3
12.5,79.8,17.9,1,0,2431.4,2127.4,0.9,2635.6
22.8,69.6,9.8,8,1,3149.9,3476.5,0.42,3310.9
24.2,39.7,8.6,19,0,3963.8,3361.2,0.93,3355.1
15.1,75.1,19.2,6,0,3504.4,3182.6,0.82,3050.4
31.3,61.2,2.3,17,1,4489.3,3918.4,0.41,4115.1
13.1,81.3,22.5,2,1,2403.2,2734.2,0.38,2309.5
27.8,35.3,21.4,18,0,4375.6,3591.3,0.83,3836.9
27.8,38.7,24.5,12,0,4686.2,4476.0,0.93,4565.5
30.3,37.1,15.9,14,0,4662.1,5150.0,0.9,4758.3
28.7,40.0,19.1,13,0,4940.8,4543.4,0.91,4706.3
14.4,83.3,18.8,4,0,2691.4,2715.0,0.91,2685.9
18.1,57.2,16.9,9,0,3261.8,4048.4,0.87,3807.4
12.5,68.5,2.3,6,0,3057.0,2918.8,0.9,3298.7
25.0,56.3,14.5,21,1,3213.0,2844.0,0.48,2690.8
17.1,72.9,15.9,6,0,2583.8,3083.6,0.84,3073.0
25.7,58.4,7.8,9,0,3470.7,3472.0,0.96,3958.3
16.9,65.6,18.4,9,0,3563.5,3528.5,0.91,3859.9
28.2,44.8,23.7,20,0,3672.5,3139.1,0.85,3476.3
23.2,58.8,16.1,20,0,3497.7,3093.5,0.85,3054.1
14.0,73.9,7.9,6,0,2862.8,3125.2,0.79,3074.8
17.2,67.0,19.1,0,1,2496.4,2801.0,0.31,2132.6
25.9,33.3,20.2,15,0,4974.9,4625.7,0.87,4249.3
14.9,75.8,2.2,6,0,3336.3,3087.0,1.0,3216.6
26.2,50.9,13.8,12,0,3785.8,4212.6,0.9,4376.0
15.8,76.2,15.1,3,0,2470.4,2569.9,0.97,2514.3
17.2,72.9,15.7,4,0,2675.9,2396.1,0.92,2748.1
28.1,69.0,21.5,10,0,3723.1,3699.3,0.91,4266.8
26.6,71.4,9.8,19,0,3599.8,3324.7,0.94,3610.8
10.7,75.5,10.4,0,0,2595.1,2486.5,0.9,2756.4
19.6,68.2,7.9,8,0,2904.3,3530.5,0.92,3541.0
19.0,59.4,18.5,1,1,2437.5,2650.8,0.37,2157.0
21.7,52.7,16.7,20,1,3201.9,3087.9,0.34,2680.4
20.6,48.3,10.7,20,1,3060.0,3177.7,0.35,2838.8
16.8,75.6,13.1,23,0,2727.6,2218.0,0.96,2684.2
19.3,59.9,29.0,22,1,2605.0,2692.7,0.43,2452.1
14.0,69.5,22.0,1,0,2536.4,2080.3,0.84,2502.9
22.0,69.3,16.3,10,0,3526.0,4330.4,0.9,3975.7
24.5,38.3,11.9,11,1,3597.5,4117.3,0.42,3785.8
17.6,59.6,5.9,23,1,2411.3,2496.1,0.44,2214.5
17.5,64.9,8.7,22,0,2912.1,2368.4,0.93,2688.8
21.3,61.4,9.5,21,0,3271.6,2571.9,0.93,2948.3
26.0,46.5,17.2,19,1,3712.2,3867.5,0.4,3158.8
18.3,60.9,1.7,6,0,3073.9,3128.0,0.84,3080.1
20.3,76.3,11.8,0,0,2495.1,2539.8,0.97,2499.5
14.1,95.0,13.3,3,0,2589.3,2623.0,0.87,2410.9
13.6,62.1,11.8,2,1,2428.3,2679.2,0.38,2273.8
20.9,60.1,13.5,21,1,3106.8,2824.9,0.38,2624.1
20.7,58.4,15.5,20,0,3388.6,3547.1,0.88,3050.0
33.1,67.5,18.3,11,0,3981.5,4307.3,0.93,4938.9
13.4,63.4,12.3,1,0,2546.8,2571.9,1.0,2617.8
36.3,44.3,15.5,16,0,4116.0,4069.9,0.86,5006.8
29.4,53.1,10.8,18,0,4106.1,4174.5,0.87,4045.9
25.1,58.0,2.3,11,0,4102.4,4558.5,0.86,4181.2
26.0,48.5,0.5,12,0,4938.9,4615.0,0.94,4497.0
24.9,59.1,4.9,21,0,3217.6,2927.6,0.91,3015.7
15.0,74.7,10.5,1,1,2781.5,2616.6,0.4,2174.3
18.7,63.3,6.7,7,1,2840.0,3037.7,0.37,2976.0
24.9,34.3,14.7,19,1,3938.3,3362.1,0.37,3169.9
23.5,57.4,21.4,21,0,3048.9,2948.8,0.85,2847.4
27.5,52.2,18.6,16,0,4624.8,4333.4,0.93,4275.0
17.3,59.1,9.1,0,0,2610.1,2280.3,0.93,2491.5
20.6,56.0,17.8,21,0,3820.1,2516.3,0.88,2882.4
15.3,76.1,9.8,8,1,3048.4,3207.8,0.5,3420.6
20.2,56.9,8.5,10,1,3546.1,3975.4,0.37,3699.3
22.2,60.7,26.4,8,1,3281.5,3247.0,0.53,3337.1
22.9,56.5,16.6,22,1,2647.1,2822.1,0.4,2383.5
27.6,52.2,16.6,12,0,4476.9,4429.0,0.87,4437.7
19.0,54.5,14.8,22,0,3209.9,2732.9,1.0,2699.7
16.0,63.2,17.5,8,0,3110.4,3295.9,0.86,3579.8
25.9,55.3,14.7,11,0,4420.2,4598.0,0.82,4209.8
23.5,33.7,16.4,12,0,4328.7,4723.6,0.95,4288.1
29.3,43.8,11.1,15,0,4245.3,4673.8,0.88,4640.2
13.5,87.5,21.0,2,0,2437.1,2855.0,0.9,2629.4
22.6,55.2,14.0,22,0,2866.1,2613.5,0.91,2849.8
21.7,62.7,23.4,8,1,3362.2,3546.4,0.43,3272.6
21.8,78.3,22.7,7,0,3231.0,3063.9,0.93,3355.1
25.3,49.7,24.4,18,0,4110.7,3815.0,0.87,3719.4
18.2,76.9,12.4,0,0,2273.2,2138.8,0.9,2521.0
20.0,52.5,24.7,17,0,4539.3,3991.3,0.95,3802.2
24.0,49.6,15.0,11,1,4032.6,4476.9,0.42,3839.7
21.3,81.6,21.3,23,1,2899.4,2601.7,0.43,2370.4
28.6,49.2,9.7,18,0,4365.1,4381.9,0.92,3955.9
18.1,78.4,23.5,2,0,2749.7,2215.9,0.96,2456.1
31.8,54.8,17.6,15,0,4433.4,4516.8,1.02,4849.6
16.7,69.4,2.8,8,0,3037.8,3636.1,0.85,3465.3
24.0,43.8,17.4,9,1,3615.7,3754.5,0.4,3394.0
12.6,74.6,15.6,3,0,2530.7,2575.6,0.91,2661.0
13.2,61.1,10.5,0,1,2514.3,2128.9,0.41,2286.3
25.9,46.6,25.2,12,0,4135.9,4410.6,0.9,4466.4
22.8,71.3,16.0,8,0,3340.2,3153.8,0.89,3633.9
16.6,79.0,14.6,4,0,2510.3,2511.7,0.93,2735.9
11.4,86.9,15.3,2,1,2635.6,2488.0,0.48,2473.6
16.2,70.7,10.0,4,1,2979.1,2748.1,0.37,2445.6
22.0,63.2,16.6,9,0,3645.3,3769.4,0.92,3831.2
12.0,85.7,13.6,3,1,2600.6,2580.2,0.43,2491.5
30.6,47.9,6.7,14,0,4631.9,4891.8,0.91,4873.1
28.8,44.4,10.4,16,0,4678.0,4408.7,0.91,4317.5
26.1,55.3,7.4,18,0,4020.6,3262.3,0.89,3710.2
20.4,62.2,20.0,9,0,3293.6,3874.0,0.88,3766.9
25.7,52.4,21.1,21,0,3278.1,2696.3,0.84,3006.0
26.7,58.9,12.5,17,1,4248.2,4143.3,0.4,3662.1
26.5,62.6,19.8,13,0,4179.0,4797.7,1.06,4520.4
33.6,52.1,18.5,16,0,4521.3,4765.6,0.89,4722.2
23.5,59.0,17.0,9,1,3625.6,3843.6,0.47,3582.6
30.7,39.6,13.9,18,1,4253.9,3479.9,0.37,3774.0
26.3,63.2,18.1,9,0,3534.0,3887.0,0.93,4051.2
16.7,74.8,16.0,2,0,2699.5,2407.9,0.81,2491.9
21.4,63.9,10.0,9,0,3543.2,3811.1,0.86,3732.2
24.8,57.7,5.7,13,0,4817.8,5239.0,0.88,4374.8
13.8,70.1,9.9,3,0,2604.6,2412.4,0.86,2711.6
25.7,60.0,15.1,20,0,3772.6,3183.9,0.82,3213.0
24.6,53.0,21.4,10,1,3859.9,4063.9,0.39,3738.6
9.5,66.4,15.1,1,1,2527.1,2322.1,0.41,2403.2
22.5,42.9,17.5,18,0,4027.5,3897.8,0.87,3632.2
11.8,74.1,5.7,2,0,2419.2,2160.2,0.95,2705.6
28.4,53.5,6.3,16,0,4301.3,4628.9,0.91,4387.6
24.9,70.3,17.4,8,0,3119.2,3551.7,0.82,3560.9
9.9,75.8,5.4,3,0,2173.7,2584.1,0.83,2876.1
17.8,83.5,24.3,2,0,2342.1,2580.0,0.97,2533.5
11.9,80.8,7.6,3,1,2855.0,2509.4,0.42,2506.2
15.8,67.1,14.3,7,0,2757.9,3427.1,0.88,3284.1
34.7,44.8,12.4,11,0,3975.7,4343.2,0.85,5064.0
29.1,42.6,11.5,18,0,3848.4,3671.1,0.86,4088.7
18.1,73.1,14.1,7,0,3232.1,3048.4,0.93,3292.0
19.5,60.9,15.5,23,0,2427.8,2476.5,0.89,2571.9
15.3,55.2,15.6,7,0,3037.9,3363.2,0.92,3353.2
30.0,45.5,11.3,15,1,4366.8,4583.0,0.45,4416.1
12.7,86.2,24.5,4,1,2513.0,2837.9,0.4,2642.3
14.0,79.7,8.4,7,0,3062.7,3077.0,1.04,3459.2
23.3,69.2,14.4,8,0,3363.2,3562.5,0.86,3532.1
18.5,50.9,12.4,23,0,2500.0,2584.4,0.94,2660.9
27.4,52.8,13.1,17,0,4866.9,4169.1,0.97,4123.3
23.1,66.8,6.3,10,1,3835.7,4081.4,0.34,3629.8
21.3,26.3,6.3,11,1,3667.5,4084.1,0.45,3835.6
17.2,58.8,6.0,22,1,2573.3,2719.0,0.46,2382.4
20.0,81.4,17.4,6,1,2560.9,2832.8,0.39,2782.9
9.6,89.6,18.3,4,0,2815.8,2906.5,0.87,2960.3
14.1,72.2,15.3,3,0,2506.9,3129.8,0.8,2616.2
20.6,69.5,31.5,7,0,3128.0,3381.9,0.9,3360.0
25.7,59.9,10.2,9,1,3337.1,3757.1,0.35,3616.8
16.1,72.9,12.8,7,0,3083.6,3370.0,0.88,3338.6
23.4,40.7,6.4,11,0,3902.9,4453.1,0.92,4076.5
15.0,65.4,16.8,5,0,2329.9,2956.6,0.86,2783.2
16.1,69.5,8.9,22,0,2841.7,2766.3,0.95,2725.7
28.6,51.3,17.9,12,0,4614.9,4021.1,0.89,4611.1
28.4,34.9,13.7,13,1,4171.7,4179.7,0.47,4378.0
24.8,53.3,12.9,20,1,3322.2,3122.9,0.47,2960.1
22.3,75.2,14.3,8,1,3336.0,3644.7,0.43,3343.8
14.4,74.3,17.2,2,0,2555.2,2647.8,0.88,2547.9
14.1,67.0,9.6,23,1,2741.0,2313.9,0.4,2235.0
10.8,65.4,12.3,3,1,2473.6,2491.0,0.35,2528.9
33.2,52.3,18.8,14,0,4085.7,4730.6,0.89,4955.9
15.4,85.5,15.0,4,1,2557.1,2498.9,0.39,2393.9
15.4,75.8,15.7,6,0,2848.3,2823.2,0.89,3002.4
25.5,42.6,20.8,14,1,4306.8,4335.3,0.35,4033.2
18.9,62.2,10.5,7,0,3077.3,3345.5,0.94,3482.6
11.5,69.3,7.2,0,0,2287.5,2187.5,0.9,2724.8
21.3,86.7,17.8,7,1,3210.3,3368.7,0.49,3192.2
25.9,47.3,14.6,17,0,4276.0,4027.1,0.9,3904.9
16.2,70.1,11.1,8,1,3345.7,3614.8,0.36,3337.5
14.2,84.2,9.4,1,1,2479.8,2438.6,0.46,2166.2
21.6,64.2,10.2,8,1,3427.1,3516.9,0.38,3223.0
15.6,82.1,13.0,4,0,2555.0,2758.3,0.88,2693.4
20.7,57.6,4.6,11,0,4005.6,4068.5,0.94,4134.2
22.7,61.3,13.0,22,0,2889.5,2623.8,0.87,2665.8
14.8,63.8,16.1,6,0,2660.7,2729.1,0.89,3037.9
13.9,54.8,25.6,20,1,3070.4,3100.3,0.34,2819.3
27.7,49.4,16.5,20,1,3016.4,3271.6,0.38,3088.6
19.0,60.8,20.7,8,0,3272.8,3528.2,0.94,3559.3
16.1,81.6,20.0,3,0,2441.5,2748.2,0.91,2541.6
28.4,46.1,14.5,14,1,4812.7,4565.9,0.41,4301.8
18.1,57.6,22.3,23,1,2738.2,2474.4,0.47,2218.0
14.8,58.6,7.8,7,0,3117.8,3282.5,0.88,3302.9
23.2,57.6,13.3,23,0,2626.8,2330.6,0.86,2529.4
27.0,47.8,17.0,11,1,3741.6,4331.0,0.33,4119.1
33.5,51.5,16.2,14,0,4896.8,4740.1,0.82,5059.7
20.6,60.4,17.2,7,1,3103.1,3115.1,0.49,3077.0
22.8,50.5,9.2,12,0,4551.9,4374.5,0.91,4226.7
18.9,74.1,8.3,4,0,2210.5,2681.7,0.8,2681.7
14.2,58.6,6.4,3,1,2527.4,2299.5,0.38,2276.0
15.8,73.0,12.7,4,1,2491.0,2404.6,0.34,2408.6
20.9,55.9,0.4,20,1,2978.2,3517.2,0.46,2890.3
22.6,54.3,5.6,19,0,3713.1,4198.9,0.87,3388.6
33.1,48.1,9.0,14,0,4553.2,4491.6,0.92,4966.1
28.0,40.6,10.7,11,1,3792.5,4595.3,0.45,4174.8
24.9,58.4,15.4,20,0,3427.2,3034.3,0.95,3174.3
24.0,64.2,11.1,21,0,3117.1,2976.2,0.99,2931.6
18.2,62.1,19.9,22,0,2827.2,2669.7,0.95,2725.4
19.5,74.8,11.5,1,1,2473.0,2342.1,0.4,2083.1
27.3,41.8,14.5,16,0,4439.9,4660.4,0.87,4269.8
27.6,45.0,17.2,18,0,3893.5,3654.1,0.85,3815.0
29.0,44.3,15.2,13,0,4374.5,4812.7,0.94,4697.4
34.3,30.8,7.6,14,0,5319.4,4261.0,0.84,5131.0
30.6,39.9,8.8,14,0,3992.8,4594.1,0.87,4784.2
31.7,47.1,3.6,14,0,4243.7,4410.4,0.91,4974.9
19.2,54.0,20.1,11,0,3941.0,4304.8,1.03,4292.6
30.9,50.4,23.2,13,0,4427.1,4687.4,0.9,4895.8
18.0,67.1,12.2,7,0,3116.4,3513.1,0.9,3392.5
34.1,50.9,6.7,16,1,4288.2,4003.8,0.35,4530.0
28.8,50.0,14.1,11,0,3758.6,4267.4,0.9,4567.9
17.6,76.0,6.5,3,0,2452.4,2711.6,0.96,2623.1
19.1,54.4,19.1,22,0,2599.1,2504.3,0.89,2679.4
23.8,47.6,14.9,20,1,3124.5,3154.6,0.55,2856.4
16.6,56.0,11.6,7,0,3106.4,3238.7,0.94,3381.9
30.6,56.6,27.2,17,0,4669.1,4351.2,0.94,4246.2
22.9,37.3,14.8,9,0,3351.6,3795.7,0.84,3686.5
19.3,63.7,7.8,22,0,2611.2,2688.8,0.88,2700.5
18.2,69.0,29.0,7,0,3109.7,3163.1,0.92,3257.1
27.1,28.1,11.3,16,0,4825.4,4396.1,0.9,4314.1
21.7,63.9,13.7,1,0,2388.3,2448.4,0.88,2402.1
28.8,50.0,9.8,17,0,4115.0,3651.0,0.92,4230.8
26.5,59.9,16.6,17,0,4592.9,4022.1,0.86,3932.5
20.4,54.3,15.3,10,0,3481.7,3921.1,0.97,4012.6
22.2,55.0,18.0,9,0,3570.4,3682.9,0.79,3722.5
17.0,66.5,16.8,6,1,2991.6,3071.1,0.42,2757.9
18.7,53.7,21.8,21,0,3276.8,2952.1,0.91,2854.9
24.6,49.4,17.3,12,0,4323.4,4274.1,0.91,4179.0
17.5,60.9,2.6,23,0,2400.9,2207.3,0.94,2576.1
19.6,55.3,22.5,21,0,3109.1,2866.1,0.96,2834.7
18.8,71.8,16.0,23,0,2763.4,2566.1,0.89,2651.2
29.2,37.9,13.4,17,0,4443.5,3879.6,0.85,4342.7
29.6,57.3,16.4,16,0,5000.1,4634.9,0.93,4461.4
19.6,77.5,17.9,1,1,2227.4,2453.9,0.47,2176.9
19.4,71.6,8.0,7,0,2916.6,3271.1,0.94,3260.7
21.2,46.9,9.3,10,0,3510.0,4043.3,0.9,3958.2
23.2,48.8,11.7,15,1,4992.2,4320.0,0.46,3836.1
20.0,70.5,16.4,22,0,2966.2,2576.9,0.83,2617.1
11.8,53.0,13.2,23,1,2665.4,2634.2,0.31,2430.5
22.1,53.6,19.2,20,0,3464.7,3199.7,0.92,3099.1
18.6,55.9,13.6,20,1,3417.2,3023.2,0.35,2716.5
20.0,76.5,14.1,22,0,2993.0,2705.0,0.89,2744.6
25.4,52.7,12.9,11,0,4083.2,4360.4,0.82,4080.4
12.3,82.9,10.0,3,0,2728.7,2661.0,0.94,2795.6
19.0,57.3,7.1,8,0,3302.9,3562.5,0.89,3528.2
17.3,68.1,8.4,6,0,3104.5,2987.3,0.84,3130.3
31.3,47.0,16.6,13,1,4245.5,4275.5,0.38,4478.1
26.9,62.2,17.0,12,0,4935.0,4244.2,0.84,4440.0
22.0,55.1,8.0,22,0,2824.9,2624.5,0.89,2777.0
11.6,91.8,1.2,4,0,2675.2,2681.9,0.82,2813.6
25.5,65.3,25.7,21,0,3026.9,2862.0,0.89,2953.8
8.3,70.2,15.9,6,1,2680.1,3159.5,0.41,3177.9
29.8,57.4,10.6,13,0,4591.3,4193.9,0.91,4635.9
12.6,72.3,10.4,4,1,2530.7,2785.4,0.33,2451.1
25.0,65.5,24.3,21,1,2829.7,2918.2,0.35,2663.2
23.6,51.8,9.7,19,1,3864.9,3713.1,0.42,3078.2
33.6,46.9,12.7,16,0,4918.4,4775.9,0.9,4775.9
11.2,61.8,21.6,0,0,2531.1,2756.4,0.89,2777.2
20.4,63.2,13.8,23,0,2662.2,2523.7,0.86,2479.6
26.9,57.9,16.6,19,0,4174.5,3334.9,0.84,3582.4
17.0,71.9,11.4,23,1,2716.9,2275.0,0.45,2317.7
21.8,63.3,17.3,9,0,3526.3,3707.0,0.9,3780.0
30.2,61.6,13.7,18,1,4302.8,3753.7,0.34,3758.1
28.2,34.9,11.5,13,0,4822.7,4543.2,0.9,4521.0
22.3,54.2,8.3,10,0,3433.6,4219.4,0.93,3958.6
18.0,79.0,6.1,4,1,2301.2,2589.7,0.48,2415.8
30.5,36.1,12.5,13,0,4754.5,4400.8,0.94,4855.6
27.0,45.6,25.1,13,1,4636.8,4715.8,0.51,4193.9
27.4,41.3,14.8,14,0,4015.6,4245.8,0.95,4538.1
29.3,39.6,5.8,18,0,3991.3,3593.2,0.86,4050.2
19.6,68.9,10.3,23,1,2386.9,2445.9,0.39,2233.7
23.3,53.4,16.1,22,0,2739.6,2687.5,0.91,2692.7
29.4,55.9,13.1,18,0,4218.0,3770.8,0.95,4092.7
29.6,40.3,1.4,15,0,4513.7,4212.5,0.87,4523.0
10.1,57.0,13.7,3,1,2273.8,2535.2,0.41,2594.1
16.6,65.1,10.2,4,1,2534.1,2720.7,0.41,2378.3
36.6,49.7,19.1,16,0,4200.9,4439.2,0.83,4998.9
26.8,59.9,19.3,11,0,3893.6,4247.3,0.99,4406.5
24.8,45.7,17.9,20,0,3708.5,2789.7,0.98,3199.7
17.5,71.3,13.2,23,0,2788.3,2570.6,0.87,2600.7
25.7,52.4,15.7,18,0,4000.6,3843.6,0.96,3722.3
26.7,42.5,20.3,13,0,4501.7,4455.3,0.91,4475.3
22.0,55.8,2.7,9,1,3342.2,3824.4,0.37,3527.7
21.6,41.1,5.2,9,0,3611.1,3723.1,0.92,3835.8
24.8,49.6,22.5,16,0,4429.7,4604.5,0.91,4069.9
17.8,68.2,8.8,2,0,2137.1,2589.3,0.83,2429.3
28.0,43.6,13.2,13,0,4194.1,4866.9,0.97,4607.8
25.6,47.7,8.9,15,0,4888.8,4706.3,0.92,4329.8
30.2,49.8,8.5,13,0,4219.8,4329.9,0.91,4706.2
23.0,55.1,30.4,11,0,3903.6,4383.6,0.92,4190.7
16.3,55.6,15.6,23,1,2363.3,2557.6,0.48,2341.0
15.4,63.1,12.1,5,0,3001.1,2886.1,0.89,2850.4
29.7,59.2,24.0,16,1,4887.4,4248.2,0.39,4141.7
16.3,76.2,9.2,7,1,3080.7,3371.5,0.35,2988.3
35.8,42.6,16.8,16,1,4458.5,4206.2,0.36,4633.6
26.8,54.2,19.1,23,0,2736.0,2287.5,0.93,2785.0
12.7,78.5,18.9,2,0,2330.0,2528.6,0.92,2632.3
21.6,60.2,14.6,23,0,2420.8,2707.9,0.87,2487.3
17.4,76.8,20.5,2,0,2411.6,2619.9,0.9,2371.3
13.4,69.7,13.6,2,1,2164.7,2473.6,0.38,2207.6
35.8,45.1,19.1,16,1,5182.0,4211.0,0.38,4645.1
25.3,68.1,8.5,10,0,3802.0,3893.6,0.78,4015.3
25.7,46.0,15.5,12,0,4543.9,4126.4,0.86,4351.2
17.9,73.1,12.0,3,0,2580.0,2784.4,0.86,2611.6
21.5,64.7,16.1,9,1,3618.2,4026.2,0.45,3475.9
28.4,52.1,17.3,19,0,3540.4,3814.8,1.0,3768.3
31.6,39.9,13.6,17,0,4507.3,4530.8,0.82,4436.3
14.9,72.0,14.8,23,1,2528.0,2516.4,0.41,2290.5
23.5,60.9,11.7,22,1,3267.6,2659.1,0.41,2302.0
19.4,45.5,13.2,9,0,3506.6,3844.1,0.88,3773.0
14.0,77.6,19.7,5,1,2777.3,3133.2,0.47,2689.5
15.2,75.4,25.2,2,0,2173.7,2436.3,0.86,2483.7
10.8,89.3,6.8,4,0,2781.6,2683.2,0.93,2995.7
23.2,71.8,9.8,9,1,3629.1,3792.4,0.42,3505.7
25.8,44.5,2.4,15,1,4261.0,4667.3,0.38,4034.7
15.3,72.4,10.9,0,0,2430.5,2655.0,0.9,2454.7
22.0,72.2,14.4,8,0,3099.0,3337.4,0.88,3614.8
25.5,50.8,14.2,19,0,3644.7,3158.8,0.92,3501.2
16.6,80.3,10.6,6,0,2816.4,3174.3,0.89,3015.4
16.3,66.0,23.7,7,0,3124.3,3374.1,0.89,3337.4
14.1,84.0,12.1,3,1,2538.8,2388.2,0.35,2312.2
15.9,71.7,20.2,2,0,2586.2,2061.4,0.9,2430.3
24.9,55.7,7.1,18,0,4179.0,4113.6,0.87,3568.2
17.2,76.0,23.8,1,1,2477.5,2636.5,0.35,2158.2
16.0,69.0,20.3,3,1,2501.0,2546.6,0.43,2322.0
27.2,60.3,14.6,11,0,4017.1,4119.1,0.86,4397.5
31.1,46.2,20.1,18,1,4246.0,3555.6,0.45,3880.6
27.4,43.4,24.4,15,0,4556.3,4485.5,0.84,4485.9
28.1,62.2,3.2,13,1,4244.2,4374.8,0.37,4275.2
22.0,48.8,2.2,10,1,3821.2,3942.0,0.4,3539.0
25.3,51.4,7.2,19,0,3651.5,3355.3,0.92,3427.2
19.8,68.7,15.0,8,1,3337.8,3549.8,0.4,3253.1
17.0,74.3,13.8,8,0,3336.0,3547.8,0.86,3585.8
11.5,88.4,3.5,6,1,2569.3,3066.1,0.37,3042.5
23.0,58.0,13.8,10,0,3778.0,3969.9,0.86,4005.6
19.7,58.6,19.9,5,0,2722.1,2844.3,0.95,2871.0
9.2,82.9,2.6,3,1,2507.1,2895.7,0.37,2617.1
17.5,74.5,16.3,23,1,2383.5,2605.2,0.31,2276.4
19.4,79.2,1.6,22,0,2661.7,2610.4,0.94,2662.1
30.5,55.5,2.2,18,0,3768.1,3734.2,0.88,4101.1
31.8,51.7,8.0,15,0,4942.5,5026.2,0.82,4727.7
19.8,64.0,2.3,10,0,3707.0,4041.8,0.94,4042.6
17.5,68.7,16.6,6,0,2849.6,3113.5,0.87,3147.2
16.0,77.2,17.5,5,0,2638.7,2891.7,0.87,2816.4
34.7,48.6,16.7,17,1,4473.7,4339.8,0.33,4393.1
12.6,71.0,15.3,3,0,2530.9,2494.7,0.83,2589.5
27.9,45.3,12.1,18,0,3865.2,3794.4,0.9,3897.8
21.8,59.0,16.5,14,1,4697.4,4301.8,0.36,3928.4
30.4,39.5,19.7,17,0,4493.6,3927.6,0.9,4287.8
14.7,64.5,15.0,0,0,2573.2,2143.9,0.94,2643.0
12.3,66.6,14.7,2,0,2409.6,2530.7,0.92,2728.7
28.8,41.4,18.2,10,0,3786.9,4023.7,0.9,4328.9
19.0,70.3,15.2,23,0,2733.7,2430.5,0.94,2601.9
18.7,74.6,14.1,0,0,2580.1,2724.8,0.92,2524.8
15.0,67.6,24.8,4,1,2616.2,3249.2,0.39,2436.9
17.5,76.2,23.1,1,0,2515.3,2518.1,0.91,2382.8
15.4,68.0,8.2,5,1,2606.9,2891.9,0.36,2569.3
23.3,48.2,14.4,19,0,3608.0,3542.3,0.91,3392.3
13.2,70.8,4.4,5,0,2937.5,2597.7,0.95,3107.8
27.9,49.1,12.9,19,0,3982.4,3555.8,0.84,3672.5
30.7,44.6,19.2,16,0,4320.0,4286.4,0.96,4548.4
9.7,73.6,14.6,4,0,2557.7,2960.3,0.87,3075.2
13.6,71.5,15.8,23,0,2732.9,2567.8,0.92,2674.4
22.8,33.4,6.5,13,1,3847.6,4266.8,0.42,4015.6
13.3,69.9,21.2,6,1,2528.3,3237.3,0.44,2929.1
33.9,45.4,12.8,15,1,4641.1,4894.8,0.37,4601.1
13.4,86.6,19.4,4,0,2626.1,2725.5,0.81,2828.3
30.2,51.1,19.6,13,1,4476.0,5091.8,0.38,4384.3
22.6,56.5,14.6,10,1,3693.1,3747.4,0.39,3593.5
23.6,37.3,14.9,11,1,4215.2,4485.3,0.37,3870.4
22.4,68.6,11.9,21,1,3062.2,2552.1,0.38,2523.1
24.6,61.7,21.0,10,1,3747.1,3593.5,0.46,3836.8
13.4,67.4,8.6,5,0,2566.0,3227.2,0.88,2941.6
34.0,41.5,18.3,14,0,4572.6,4576.0,0.95,4996.5
18.5,58.2,9.4,22,0,2891.9,2621.2,0.88,2649.4
30.4,53.7,9.3,17,0,4660.9,4169.5,0.9,4310.8
21.4,89.0,17.7,7,0,3071.1,3297.0,0.96,3427.1
31.1,70.9,5.6,22,1,3173.5,2692.7,0.42,2950.0
26.4,32.1,12.6,16,0,4082.4,4507.3,0.91,4203.8
13.4,74.3,12.8,3,0,2290.0,2299.0,0.88,2688.5
17.9,73.5,21.9,5,0,2677.8,2931.0,0.88,2999.0
32.1,50.2,10.0,12,1,4076.5,4647.8,0.32,4489.5
27.0,40.2,11.7,13,0,4796.3,4815.4,0.87,4494.8
32.0,46.0,5.0,17,1,5064.9,4115.1,0.32,4145.0
17.2,58.5,7.3,9,0,3289.4,3794.1,0.91,3711.5
28.7,44.6,10.6,13,0,4263.8,4421.6,0.91,4717.8
18.5,85.5,16.4,2,1,2489.2,2491.6,0.48,2275.2
23.0,38.7,24.2,18,0,4108.1,3778.9,0.79,3526.8
13.6,62.4,22.8,3,0,2760.8,2971.9,0.92,2675.2
10.8,72.0,18.9,2,0,2128.5,2538.8,0.99,2802.2
22.3,69.0,22.8,22,0,2914.7,2722.6,0.86,2741.0
13.1,76.7,12.0,5,0,2765.0,2816.4,0.92,2970.0
27.5,34.8,4.1,15,0,4849.6,4315.8,0.92,4491.9
19.6,45.0,31.9,11,0,3958.6,4300.5,0.95,4150.7
15.4,63.3,15.0,6,0,2738.7,3174.8,0.9,3112.2
19.4,56.2,18.2,23,0,2765.5,2199.0,0.91,2593.3
22.0,55.6,18.5,20,0,3128.4,3088.4,0.95,3081.8
35.4,34.2,21.6,14,0,4199.8,4589.7,0.89,5230.8
18.9,66.0,7.5,6,0,3052.4,3138.6,0.88,3119.0
23.9,49.1,12.1,22,1,2608.7,2829.5,0.47,2462.4
25.9,58.5,10.2,20,1,3074.5,3102.7,0.39,2935.3
16.5,56.8,17.8,0,0,2207.3,2209.4,0.94,2544.8
17.1,67.0,10.5,2,0,2538.5,2439.0,0.93,2509.0
22.4,71.7,26.8,10,0,3504.4,4055.1,0.97,4032.6
24.5,39.3,18.4,13,1,4566.9,4453.9,0.4,3992.8
16.8,61.7,14.2,19,1,3828.7,3855.3,0.45,3094.1
29.4,49.0,6.3,12,0,4048.7,4609.3,0.93,4626.7
22.0,55.3,2.9,21,1,3403.2,2893.3,0.39,2590.1
16.9,73.3,12.8,6,0,2641.5,3163.0,0.86,3106.4
18.6,78.6,10.1,8,1,3647.8,3310.9,0.45,3300.9
23.2,69.0,11.3,8,0,3296.1,3597.3,0.86,3668.1
11.9,72.4,10.3,3,1,2468.4,2662.9,0.44,2467.8
22.2,60.0,19.5,22,0,2891.6,2420.8,0.81,2617.4
16.7,68.8,19.6,9,1,3710.8,3493.4,0.4,3476.2
16.1,64.0,11.3,7,1,2978.8,3226.1,0.36,2957.5
18.5,76.1,6.8,7,0,2774.7,3354.7,0.95,3358.0
15.0,75.5,9.9,7,0,3168.3,2966.2,0.91,3242.8
23.6,56.0,13.1,11,0,3952.1,3811.5,0.83,4056.7
19.0,64.2,20.1,0,1,2326.0,2551.5,0.38,2141.0
28.1,54.8,10.6,16,0,3864.5,3738.0,0.89,4389.9
24.4,62.2,6.5,20,0,3455.3,3229.2,0.93,3171.8
15.7,73.7,19.6,22,1,3150.6,2649.4,0.42,2477.0
25.2,48.6,27.1,12,0,4296.0,4225.8,0.89,4320.9
27.5,53.9,5.6,19,0,3273.2,3334.1,0.94,3681.7
24.3,68.2,12.0,9,0,3570.7,3732.2,0.85,3740.0
22.5,55.7,14.7,20,0,3434.2,3176.8,0.82,3117.7
30.3,35.6,15.5,14,1,4593.0,3928.4,0.44,4441.6
19.6,83.9,9.7,1,0,2227.1,2445.9,0.86,2323.8
24.0,57.5,9.2,8,0,3459.2,3744.9,0.99,3623.6
8.3,84.2,12.5,3,1,2093.9,2509.6,0.45,2666.0
14.5,66.7,12.9,6,1,2701.2,3033.9,0.39,2843.2
17.4,80.0,19.2,6,0,2583.8,3112.1,0.86,3077.3
25.1,53.0,7.3,11,1,3965.5,4292.6,0.33,3818.5
34.9,42.2,16.1,13,0,4589.3,4582.7,0.95,5319.4
15.3,67.2,9.6,1,0,2647.2,2445.2,0.9,2417.3
28.4,55.0,11.3,17,1,4998.9,4399.1,0.39,3869.9
28.9,60.7,8.2,12,0,3912.9,4474.5,0.96,4616.1
17.7,86.6,24.4,3,0,2179.8,2655.4,0.94,2546.5
21.3,45.7,14.0,21,1,3317.2,2804.2,0.38,2636.2
16.6,68.0,16.0,5,1,2628.9,3568.7,0.28,2564.1
29.8,53.7,2.9,13,0,4360.0,4433.2,0.87,4715.8
11.8,71.6,9.0,1,0,2486.5,2509.3,0.9,2661.9
12.5,67.3,7.4,7,0,3121.8,3328.5,0.93,3439.7
14.6,71.4,12.9,1,0,2165.6,2427.7,0.93,2541.3
16.0,58.2,12.7,11,0,3679.2,4134.2,0.95,4122.6
19.7,66.4,12.2,8,0,3163.1,3648.9,0.91,3592.8
26.2,64.0,3.8,10,0,4218.2,3954.8,0.9,4201.7
19.6,80.6,12.1,6,0,2737.4,3080.7,0.86,3070.1
14.7,80.7,17.1,7,0,3218.2,3328.3,1.01,3514.5
23.8,48.2,11.9,12,0,3860.9,4310.5,0.92,4194.1
30.6,39.5,16.3,14,0,4553.8,5005.4,0.88,4771.6
22.9,41.0,8.1,19,0,3595.0,3673.0,0.81,3241.2
26.4,64.7,18.6,20,0,3361.2,3351.8,0.91,3317.2
30.8,53.2,21.5,16,1,4649.2,4117.3,0.41,4291.2
18.4,90.0,18.4,1,0,2469.6,2106.6,0.98,2453.9
18.1,79.8,16.4,1,0,2539.8,2962.4,0.87,2431.5
27.4,73.3,25.3,21,0,3077.5,2891.9,0.9,3150.6
25.4,45.8,28.4,11,1,4314.8,4465.7,0.44,3915.5
16.5,68.9,11.2,0,0,2516.4,2574.3,0.94,2539.3
25.8,52.7,13.6,11,0,3949.7,4156.2,0.91,4277.7
17.9,54.9,7.3,8,0,3374.1,3609.0,0.91,3536.2
18.8,64.4,3.0,22,1,2787.7,2528.0,0.44,2473.1
11.7,61.2,20.7,2,0,2322.1,2208.1,0.87,2734.2
14.2,82.5,6.0,4,0,2514.3,2923.4,0.9,2745.1
23.2,57.0,17.2,10,0,3505.5,3939.7,0.81,4034.3
31.5,36.2,6.5,16,0,4523.0,4366.4,0.89,4660.9
27.2,44.7,7.5,19,0,3697.0,3078.2,0.89,3542.3
13.2,71.6,19.9,3,0,2157.8,2576.5,0.88,2610.4
16.4,70.9,6.9,5,0,2384.4,2583.8,0.85,2830.3
22.1,68.6,21.0,22,1,2834.7,2849.8,0.47,2386.9
18.2,57.4,12.7,21,0,3475.5,2846.3,0.98,2993.0
17.1,72.4,17.7,6,0,3067.3,2815.1,0.84,3083.4
28.6,43.2,11.4,15,1,4770.2,5181.6,0.39,4247.8
26.6,54.7,24.9,11,1,4057.3,4644.9,0.42,4078.4
19.8,65.2,19.5,7,1,2832.8,2882.4,0.42,3113.3
30.1,48.0,9.4,14,0,4607.8,4501.5,0.93,4764.5
16.1,55.7,15.8,2,0,2166.2,2760.8,0.98,2580.5
30.3,62.2,17.8,18,0,4036.9,3518.6,0.88,4080.1
14.4,66.4,9.4,0,0,2548.5,2471.1,0.88,2462.9
28.2,50.4,22.8,13,0,3875.5,4352.1,0.95,4623.7
13.8,65.9,16.1,1,0,2938.3,2537.7,0.89,2461.2
23.7,57.7,12.2,8,0,3089.5,3524.3,0.91,3630.5
26.8,61.1,20.0,9,0,3566.1,3458.9,0.88,3979.1
24.9,54.7,33.8,15,0,4577.1,4288.2,0.96,4227.3
13.9,73.5,20.1,1,1,2510.9,2333.6,0.35,2180.2
13.7,81.8,11.3,5,0,2508.8,2900.7,0.83,2991.6
23.9,55.2,28.5,10,0,3493.6,3753.2,0.79,3921.1
31.4,54.3,12.9,15,1,4590.7,4521.3,0.35,4406.0
15.2,73.1,22.9,3,0,2207.6,2528.9,0.85,2420.9
22.9,49.9,6.4,12,1,4426.0,4440.0,0.42,3847.6
23.0,54.2,20.3,10,0,3590.8,4055.6,0.89,4023.7
22.9,62.6,11.0,10,0,3811.0,3874.9,0.89,3992.0
22.3,56.9,16.1,20,0,3718.2,3278.1,0.78,3118.4
15.9,82.4,20.9,4,0,2748.8,2828.3,1.01,2723.1
21.0,58.0,15.9,20,0,3824.5,2878.8,1.05,3177.7
