transaction_amount,distance_from_home_km,distance_from_last_tx_km,ratio_to_median_price,repeat_retailer,used_chip,used_pin,online_order,is_fraud
24.15,5.5,0.2,0.54,1,0,1,1,0
125.36,9.1,2.0,2.79,1,1,1,1,0
71.15,45.0,1.6,1.58,1,0,0,1,0
65.85,35.7,9.4,1.46,1,1,0,1,0
156.51,5.7,5.5,3.48,1,0,0,1,0
95.75,0.3,4.5,2.13,1,1,0,1,0
315.03,5.5,2.2,7.0,1,1,0,1,0
172.21,51.0,0.2,3.83,1,1,0,1,0
2.38,32.9,17.6,0.05,1,1,0,1,0
23.72,0.6,0.3,0.53,1,0,0,1,0
114.59,41.3,0.7,2.55,1,0,0,1,0
51.7,1.1,6.7,1.15,1,1,0,1,0
65.24,1.7,15.7,1.45,0,1,0,1,0
21.6,3.7,12.7,0.48,1,1,0,0,0
42.21,5.2,11.8,0.94,1,1,1,1,0
32.55,0.5,1.3,0.72,1,1,0,0,0
75.99,17.0,4.4,1.69,1,0,0,0,0
160.13,1.1,3.9,3.56,1,0,0,1,0
24.85,23.7,1.6,0.55,0,1,0,1,0
21.36,31.9,5.0,0.47,1,0,0,1,0
68.03,15.0,0.5,1.51,1,1,0,0,0
25.39,9.7,12.0,0.56,0,1,0,0,0
257.8,2.1,2.3,5.73,1,0,0,1,0
271.44,12.6,30.0,6.03,1,1,0,1,0
39.82,34.8,6.8,0.88,1,0,0,1,0
62.68,1.0,6.9,1.39,1,1,0,1,0
18.34,16.5,5.7,0.41,1,1,0,1,0
141.79,9.9,1.0,3.15,1,1,0,0,0
54.34,5.6,1.5,1.21,1,1,1,1,0
46.29,12.8,5.9,1.03,1,1,0,1,0
33.26,4.7,2.8,0.74,1,1,1,1,0
44.77,23.0,26.1,0.99,1,1,0,1,0
64.22,22.9,17.9,1.43,0,1,0,0,0
35.22,19.1,15.4,0.78,1,1,0,0,0
44.26,2.7,15.4,0.98,1,0,0,1,0
87.65,1.4,10.7,1.95,1,1,0,0,0
135.42,8.9,1.3,3.01,1,1,0,1,0
119.32,13.7,5.3,2.65,0,1,0,1,0
21.12,2.8,13.8,0.47,1,1,0,1,0
126.56,1.9,9.4,2.81,1,1,0,1,0
20.51,30.2,7.2,0.46,1,0,1,1,0
118.13,4.7,0.3,2.63,1,1,0,0,0
244.87,67.8,0.5,5.44,1,0,0,1,0
201.76,1.9,20.9,4.48,1,0,0,0,0
167.43,6.0,13.8,3.72,1,1,0,1,0
20.86,4.9,1.0,0.46,1,1,0,1,0
135.54,2.9,8.1,3.01,1,1,0,0,0
70.09,25.8,38.9,1.56,0,0,0,1,0
24.5,9.6,5.5,0.54,1,1,0,0,0
14.59,17.3,0.0,0.32,1,1,1,1,0
116.14,0.4,6.3,2.58,1,1,0,0,0
388.95,21.1,3.4,8.64,1,1,0,0,0
16.97,1.5,16.2,0.38,1,1,0,0,0
92.59,20.7,0.6,2.06,1,0,0,0,0
5.08,11.3,8.3,0.11,1,1,0,0,0
79.82,5.8,6.8,1.77,1,1,0,0,0
251.03,18.8,3.3,5.58,1,1,0,1,0
87.31,12.3,12.2,1.94,1,1,0,1,0
136.93,21.7,18.3,3.04,1,0,0,1,0
56.19,37.4,26.3,1.25,1,1,0,1,0
28.84,8.2,2.0,0.64,1,0,0,1,0
111.81,2.2,13.5,2.48,1,1,0,1,0
52.19,4.5,1.4,1.16,1,1,0,1,0
137.78,0.7,1.4,3.06,0,1,0,0,0
88.71,10.4,1.6,1.97,0,0,0,1,0
104.79,12.3,28.6,2.33,1,1,0,1,0
5.21,6.4,23.9,0.12,1,1,1,1,0
124.84,1.1,5.6,2.77,1,1,0,1,0
40.01,3.0,5.1,0.89,1,1,0,1,0
173.6,13.3,7.6,3.86,1,1,0,0,0
18.8,5.0,3.5,0.42,1,1,0,1,0
62.37,4.6,0.7,1.39,1,1,0,1,0
125.16,4.2,0.0,2.78,1,1,0,1,0
36.86,12.0,4.4,0.82,0,1,0,0,0
194.63,15.3,8.8,4.33,0,1,0,0,0
53.23,11.6,6.5,1.18,1,0,1,1,0
77.12,6.0,2.1,1.71,1,0,1,0,0
65.16,10.2,2.8,1.45,1,0,0,1,0
8.47,18.4,12.4,0.19,1,1,0,1,0
329.48,29.3,7.9,7.32,1,1,1,1,0
41.97,9.5,8.3,0.93,1,0,0,1,0
2.44,7.2,1.3,0.05,1,1,0,1,0
72.73,31.4,8.0,1.62,1,1,0,1,0
28.18,9.3,8.1,0.63,1,1,0,1,0
104.93,23.9,0.8,2.33,1,1,1,0,0
120.53,9.8,1.3,2.68,1,1,0,1,0
34.31,34.1,2.0,0.76,1,1,0,0,0
61.38,0.1,5.2,1.36,1,1,0,0,0
184.54,18.8,15.8,4.1,1,1,0,0,0
55.12,39.9,3.1,1.22,1,1,1,0,0
62.34,4.1,2.6,1.39,0,1,0,0,0
13.64,0.8,4.4,0.3,0,1,0,0,0
43.9,2.3,21.6,0.98,1,1,0,1,0
261.04,0.8,8.6,5.8,1,0,0,1,1
49.98,7.0,2.8,1.11,1,1,0,0,0
169.64,21.4,1.1,3.77,1,1,1,1,0
19.2,6.6,1.6,0.43,1,1,0,0,0
233.1,5.8,11.2,5.18,1,1,0,1,0
55.49,1.3,9.0,1.23,1,1,0,1,0
53.0,21.2,3.9,1.18,0,1,0,1,0
140.74,4.1,8.9,3.13,1,0,0,1,0
244.22,0.2,4.6,5.43,1,1,0,0,0
64.38,2.1,13.4,1.43,1,1,0,0,0
55.77,17.5,3.6,1.24,1,1,1,1,0
18.68,20.6,2.6,0.42,1,1,0,1,0
98.16,1.3,10.1,2.18,1,0,0,0,0
89.7,18.8,1.6,1.99,1,1,1,1,0
128.8,9.2,3.6,2.86,0,1,0,0,0
79.46,11.7,1.7,1.77,1,1,0,0,0
156.93,0.9,0.9,3.49,1,1,0,0,0
107.44,18.3,0.1,2.39,1,1,0,1,0
3.98,3.1,8.7,0.09,1,1,0,0,0
136.66,32.2,2.1,3.04,1,1,0,0,0
48.38,1.3,3.2,1.08,0,1,0,1,0
58.67,12.6,4.0,1.3,1,1,0,1,0
54.69,9.1,6.8,1.22,1,1,0,0,0
225.14,16.6,4.1,5.0,1,0,0,1,1
99.4,9.2,3.6,2.21,1,1,1,0,0
66.74,11.0,5.9,1.48,1,0,0,0,0
23.9,21.9,8.2,0.53,1,1,0,1,0
59.28,25.6,0.1,1.32,0,1,1,1,0
71.27,19.6,1.5,1.58,1,0,0,0,0
174.27,2.1,2.1,3.87,1,1,0,1,0
15.72,3.1,21.5,0.35,1,1,1,0,0
9.54,18.8,22.9,0.21,1,1,0,0,0
124.05,9.7,6.0,2.76,1,0,0,1,0
22.83,4.0,6.4,0.51,1,1,0,1,0
8.89,25.2,7.0,0.2,1,0,0,0,0
92.82,9.0,9.7,2.06,1,1,0,1,0
281.47,12.4,23.3,6.25,1,1,0,1,0
114.35,19.5,4.0,2.54,1,1,0,1,0
19.98,2.7,2.9,0.44,1,1,0,1,0
228.68,6.1,1.9,5.08,1,1,0,1,0
22.27,2.7,3.8,0.49,1,1,0,1,0
20.97,1.8,5.0,0.47,1,1,0,1,0
31.63,9.2,12.6,0.7,1,1,0,1,0
109.96,4.3,5.8,2.44,1,1,1,1,0
112.66,2.1,3.5,2.5,1,1,0,0,0
265.75,17.3,4.3,5.91,1,1,0,1,0
6.31,27.2,7.3,0.14,1,0,0,1,0
77.84,2.3,11.1,1.73,1,1,0,0,0
101.41,20.3,18.8,2.25,1,1,0,1,0
118.94,12.0,3.4,2.64,0,1,0,1,0
78.83,5.2,1.0,1.75,1,1,1,0,0
144.29,6.8,13.5,3.21,0,0,0,0,0
57.16,5.5,9.6,1.27,1,1,0,1,0
84.48,9.2,27.7,1.88,0,1,0,0,0
51.35,36.1,5.8,1.14,1,0,0,1,0
100.42,6.7,21.6,2.23,1,1,0,1,0
120.47,21.0,3.5,2.68,1,1,0,1,0
38.33,14.8,6.6,0.85,0,1,0,0,0
40.57,46.0,8.9,0.9,0,1,0,0,0
25.27,7.0,12.7,0.56,1,1,0,1,0
18.24,4.9,7.8,0.41,1,1,1,0,0
136.49,8.2,2.7,3.03,1,1,0,1,0
28.79,0.9,7.9,0.64,1,1,0,1,0
60.31,1.7,1.1,1.34,1,0,0,1,0
90.88,30.5,3.5,2.02,1,1,0,1,0
171.52,26.3,1.8,3.81,1,1,1,1,0
50.79,7.1,10.5,1.13,1,1,0,1,0
14.05,12.6,13.1,0.31,1,1,0,1,0
176.64,13.5,1.1,3.93,1,1,0,1,0
32.97,3.5,1.3,0.73,1,1,0,0,0
61.88,14.3,0.0,1.38,1,0,0,0,0
5.29,1.2,11.5,0.12,1,1,1,1,0
21.32,3.2,11.4,0.47,1,1,0,1,0
99.25,12.3,0.6,2.21,1,0,0,1,0
389.99,0.1,2.2,8.67,1,1,0,1,0
34.84,4.3,21.2,0.77,0,1,1,1,0
22.64,0.3,1.9,0.5,1,1,1,0,0
46.86,12.0,11.1,1.04,1,0,0,0,0
75.38,4.8,1.5,1.68,1,1,0,0,0
46.99,20.8,26.4,1.04,1,0,0,0,0
14.81,1.2,16.8,0.33,0,1,0,1,0
31.63,40.4,14.5,0.7,1,0,0,1,0
21.57,17.3,1.5,0.48,1,1,0,0,0
10.7,13.1,3.7,0.24,1,1,0,1,0
43.37,1.1,4.9,0.96,1,1,1,1,0
43.4,14.3,4.7,0.96,1,1,0,1,0
106.0,55.7,5.3,2.36,1,1,0,1,0
70.29,3.6,12.5,1.56,1,1,0,1,0
99.88,2.8,9.5,2.22,1,1,0,1,0
23.01,8.6,13.6,0.51,1,0,0,1,0
11.64,48.0,8.6,0.26,1,0,0,1,0
243.82,18.8,2.9,5.42,1,1,0,1,0
52.82,3.0,6.2,1.17,0,1,0,0,0
96.94,2.7,4.4,2.15,1,1,0,1,0
80.38,7.0,1.3,1.79,1,1,0,1,0
134.57,17.8,6.4,2.99,1,1,0,0,0
49.71,61.3,0.6,1.1,1,1,1,1,0
190.51,37.4,12.9,4.23,1,1,0,1,0
277.13,26.0,2.9,6.16,0,1,0,1,0
12.99,11.9,5.1,0.29,1,1,0,0,0
3.37,11.9,7.5,0.07,1,1,0,1,0
37.54,6.3,3.8,0.83,0,0,0,0,0
98.98,35.2,1.6,2.2,1,0,0,1,0
47.71,22.4,8.1,1.06,1,0,0,1,0
36.88,14.4,1.4,0.82,1,1,0,0,0
489.64,10.1,18.4,10.88,1,1,1,0,0
9.48,36.6,10.0,0.21,1,1,0,1,0
3.71,12.9,3.2,0.08,1,1,0,1,0
39.87,9.7,6.4,0.89,0,0,0,1,0
22.83,0.0,8.9,0.51,1,1,0,1,0
96.35,4.6,5.0,2.14,1,1,0,0,0
32.58,10.0,1.4,0.72,1,0,0,1,0
11.72,5.9,7.0,0.26,1,1,1,1,0
5.02,0.7,0.3,0.11,1,1,0,1,0
1.15,17.3,2.1,0.03,1,0,0,1,0
212.5,20.9,13.0,4.72,1,1,0,1,0
13.18,14.8,11.7,0.29,1,0,0,1,0
343.24,4.8,9.7,7.63,0,1,0,1,0
218.18,3.7,7.3,4.85,0,1,0,1,0
19.82,29.0,4.7,0.44,1,1,0,1,0
67.84,13.2,4.0,1.51,1,1,0,0,0
112.78,1.5,15.2,2.51,1,0,0,1,0
247.45,0.1,8.2,5.5,1,0,0,0,0
442.2,0.1,23.1,9.83,1,1,0,0,0
103.33,8.6,1.7,2.3,1,1,0,1,0
15.55,30.6,11.4,0.35,1,0,0,1,0
34.58,9.0,4.4,0.77,1,1,0,0,0
60.25,6.5,0.5,1.34,1,1,0,0,0
1.55,21.7,3.1,0.03,0,1,0,0,0
106.37,2.1,3.9,2.36,0,1,0,1,0
13.69,45.2,6.2,0.3,1,0,1,0,0
10.26,34.1,4.3,0.23,0,1,0,1,0
55.65,5.7,0.1,1.24,1,1,0,0,0
168.27,23.5,21.6,3.74,1,0,0,1,0
209.8,7.1,13.0,4.66,1,0,0,1,1
1.27,2.8,4.7,0.03,1,1,0,1,0
29.94,6.1,8.0,0.67,1,1,0,1,0
26.44,3.2,1.3,0.59,1,1,0,1,0
5.79,11.3,4.7,0.13,1,1,0,0,0
51.6,9.3,4.3,1.15,1,1,0,1,0
18.98,36.0,10.7,0.42,1,1,0,1,0
182.28,0.6,25.1,4.05,1,1,0,1,0
12.76,18.2,39.4,0.28,1,0,0,1,0
170.76,0.9,13.1,3.79,1,0,1,1,0
83.66,13.3,8.4,1.86,1,1,0,0,0
129.18,16.5,4.6,2.87,1,1,1,1,0
86.18,5.7,7.2,1.92,1,0,0,1,0
17.36,3.0,2.8,0.39,1,1,1,0,0
39.99,6.5,9.4,0.89,1,1,0,1,0
1.4,19.4,1.0,0.03,0,1,1,1,0
4.34,7.7,27.8,0.1,1,1,0,1,0
19.66,13.6,8.9,0.44,1,1,0,0,0
21.03,6.9,2.8,0.47,1,0,0,1,0
181.8,11.3,11.2,4.04,1,1,0,0,0
44.72,49.8,28.1,0.99,1,0,1,1,0
494.72,8.7,0.8,10.99,1,0,1,0,0
9.63,10.9,17.5,0.21,1,1,0,0,0
23.07,32.6,4.3,0.51,1,1,1,0,0
219.84,9.1,1.8,4.89,1,1,0,1,0
95.58,12.3,1.5,2.12,1,0,0,0,0
170.83,27.4,14.7,3.8,1,1,0,1,0
99.77,12.1,7.5,2.22,1,1,0,1,0
52.14,45.5,3.9,1.16,1,0,0,1,0
26.07,3.7,6.1,0.58,1,0,0,0,0
8.39,5.0,0.0,0.19,1,1,1,0,0
90.52,2.9,0.8,2.01,1,0,0,1,0
81.13,0.4,8.7,1.8,1,1,0,1,0
34.86,33.7,29.5,0.77,1,1,0,0,0
76.93,22.6,1.3,1.71,1,1,1,0,0
3.33,20.5,12.4,0.07,1,1,0,1,0
100.46,71.6,4.9,2.23,1,1,0,1,0
123.72,8.3,0.3,2.75,1,1,0,0,0
63.12,52.9,12.2,1.4,1,1,1,1,0
188.03,17.0,10.3,4.18,1,1,0,1,0
149.01,3.9,5.3,3.31,1,1,0,1,0
38.1,13.9,11.5,0.85,1,1,0,1,0
15.84,13.6,2.2,0.35,1,1,0,0,0
16.85,10.9,17.3,0.37,0,1,0,1,0
190.91,19.7,12.4,4.24,1,1,0,1,0
104.23,10.4,7.4,2.32,1,1,0,0,0
54.8,26.1,16.8,1.22,1,1,0,0,0
62.26,24.2,4.4,1.38,1,1,0,0,0
173.52,23.7,23.3,3.86,1,1,0,0,0
284.19,3.4,2.0,6.32,1,1,0,1,0
29.21,9.1,4.2,0.65,1,1,0,0,0
125.67,5.2,1.0,2.79,1,1,0,1,0
7.25,2.3,10.6,0.16,1,1,0,0,0
17.54,69.0,2.0,0.39,1,0,1,1,0
316.78,4.8,5.4,7.04,1,0,0,0,0
2.06,31.0,0.8,0.05,1,1,0,1,0
3.0,14.2,1.7,0.07,0,0,0,1,0
16.47,64.9,21.1,0.37,1,1,0,1,0
145.02,9.7,4.1,3.22,1,1,1,1,0
59.52,57.9,2.7,1.32,1,0,0,1,0
10.89,3.4,0.9,0.24,1,1,0,1,0
94.16,0.7,1.3,2.09,1,1,0,1,0
270.05,9.2,4.7,6.0,1,1,0,1,0
146.26,20.3,4.8,3.25,1,1,0,0,0
3.08,41.7,8.0,0.07,1,1,0,1,0
101.17,0.1,7.8,2.25,1,1,1,1,0
192.8,8.7,0.5,4.28,1,1,0,0,0
1.39,14.2,6.8,0.03,1,1,0,0,0
117.86,6.9,0.6,2.62,1,1,0,1,0
23.3,39.7,1.1,0.52,1,0,0,0,0
23.55,5.4,37.0,0.52,1,1,0,0,0
50.76,7.6,4.9,1.13,1,0,1,0,0
83.19,18.4,18.2,1.85,1,1,0,1,0
4.0,4.3,3.9,0.09,1,1,0,1,0
19.52,10.5,0.6,0.43,0,1,0,1,0
6.99,2.9,17.1,0.16,1,1,0,0,0
197.34,1.3,16.2,4.39,1,1,0,0,0
118.25,2.2,18.5,2.63,1,1,0,1,0
171.88,26.2,6.7,3.82,1,0,0,1,0
30.07,1.3,2.5,0.67,1,1,1,1,0
41.9,2.0,8.9,0.93,1,1,0,0,0
84.89,3.5,4.4,1.89,1,1,1,1,0
9.99,8.9,7.5,0.22,1,1,0,0,0
65.17,7.7,4.0,1.45,1,1,0,1,0
41.19,20.1,13.5,0.92,1,1,0,1,0
89.43,51.3,15.8,1.99,1,1,0,1,0
57.57,11.2,0.8,1.28,1,1,1,0,0
22.77,21.5,8.1,0.51,1,1,0,1,0
34.09,7.4,5.2,0.76,1,0,1,0,0
13.71,4.9,7.2,0.3,1,1,0,0,0
31.94,2.0,11.8,0.71,1,1,1,0,0
425.16,0.7,0.3,9.45,1,1,0,0,0
5.13,9.2,1.7,0.11,1,0,0,1,0
74.24,6.2,0.5,1.65,1,1,0,0,0
220.23,0.4,4.0,4.89,1,1,0,1,0
139.5,4.6,0.9,3.1,1,1,0,0,0
46.49,3.4,8.7,1.03,1,1,0,1,0
90.66,8.8,1.2,2.01,1,1,0,0,0
166.94,4.4,6.9,3.71,1,1,0,1,0
73.84,11.0,1.9,1.64,1,0,0,1,0
6.1,19.2,12.6,0.14,1,1,0,1,0
75.92,6.8,2.0,1.69,1,1,0,0,0
131.18,13.4,7.0,2.92,1,1,1,0,0
299.87,7.9,8.1,6.66,1,1,0,0,0
7.52,10.7,1.6,0.17,1,1,0,1,0
18.2,3.3,5.5,0.4,1,0,0,0,0
28.12,20.5,4.8,0.62,1,1,0,0,0
12.34,32.2,14.2,0.27,1,1,0,1,0
93.8,1.9,5.5,2.08,1,0,0,1,0
42.29,2.3,1.1,0.94,1,1,0,1,0
29.45,12.6,5.4,0.65,1,1,0,0,0
48.89,15.5,1.6,1.09,1,0,0,1,0
209.83,4.1,18.5,4.66,1,1,0,0,0
4.71,6.5,2.2,0.1,1,1,0,1,0
176.8,12.2,0.6,3.93,1,1,0,1,0
11.45,9.6,27.2,0.25,1,0,0,0,0
48.9,31.7,4.3,1.09,1,1,0,0,0
40.51,3.6,5.2,0.9,1,1,0,0,0
17.85,59.4,8.2,0.4,1,0,0,1,0
135.04,10.8,6.0,3.0,1,1,0,1,0
107.5,2.7,2.9,2.39,1,1,0,1,0
121.9,2.8,14.4,2.71,0,1,1,1,0
55.45,48.8,10.4,1.23,1,1,0,0,0
129.79,0.7,10.6,2.88,1,1,1,1,0
495.97,3.8,26.2,11.02,1,0,0,0,0
89.81,4.2,3.4,2.0,1,1,0,0,0
45.13,14.8,2.0,1.0,1,1,0,1,0
4.77,3.6,7.2,0.11,1,0,0,1,0
37.21,9.4,4.0,0.83,1,1,0,1,0
67.8,13.1,26.8,1.51,1,0,0,0,0
82.52,2.1,22.9,1.83,1,1,0,0,0
109.53,0.9,3.7,2.43,1,0,1,1,0
33.46,5.3,7.6,0.74,1,1,0,1,0
43.88,2.8,1.3,0.98,1,1,0,1,0
72.44,19.8,3.1,1.61,1,0,1,1,0
124.04,2.3,2.6,2.76,1,1,0,0,0
3.58,4.6,9.0,0.08,1,0,0,1,0
212.53,16.3,1.9,4.72,1,1,1,1,0
3.42,3.3,3.9,0.08,1,1,0,1,0
7.04,73.8,0.7,0.16,1,0,1,1,0
11.71,16.6,4.7,0.26,1,0,0,1,0
87.69,0.3,12.7,1.95,1,1,0,1,0
68.24,28.4,13.4,1.52,0,1,0,1,0
27.01,40.4,21.7,0.6,1,1,0,1,0
11.3,2.6,2.3,0.25,1,1,0,1,0
262.3,32.3,2.8,5.83,1,1,0,0,0
105.77,39.8,0.5,2.35,1,0,0,0,0
63.26,2.8,2.8,1.41,0,0,0,1,0
79.0,54.4,10.5,1.76,0,1,1,0,0
151.14,32.0,20.1,3.36,1,1,0,0,0
156.55,1.4,6.3,3.48,1,0,0,0,0
9.65,34.7,3.8,0.21,1,1,0,0,0
7.33,23.1,2.8,0.16,1,0,0,1,0
157.83,8.4,2.3,3.51,1,1,1,1,0
143.91,2.4,2.3,3.2,1,0,0,1,0
6.96,30.6,1.6,0.15,1,1,0,1,0
57.61,16.4,10.2,1.28,1,0,0,1,0
46.17,0.2,2.2,1.03,1,1,0,1,0
112.95,0.3,29.2,2.51,1,0,0,0,0
88.34,20.3,9.8,1.96,1,1,0,1,0
34.58,2.1,5.4,0.77,1,1,0,1,0
195.98,12.2,2.6,4.36,1,1,0,1,0
283.55,1.3,9.8,6.3,0,1,1,0,0
22.0,7.9,1.5,0.49,1,1,1,1,0
212.99,19.9,1.4,4.73,1,1,0,1,0
121.89,5.6,1.1,2.71,1,0,1,1,0
119.58,9.6,7.5,2.66,1,1,0,0,0
306.48,15.4,1.6,6.81,1,1,0,0,0
20.42,0.5,2.0,0.45,1,1,0,1,0
129.85,8.0,11.9,2.89,1,0,1,1,0
145.77,11.9,15.2,3.24,1,1,0,1,0
355.47,1.8,0.1,7.9,0,1,0,0,0
77.24,3.4,19.8,1.72,1,0,0,0,0
39.01,31.7,16.9,0.87,1,1,0,1,0
89.8,5.3,3.7,2.0,1,1,1,0,0
53.23,10.1,0.1,1.18,1,1,0,0,0
53.16,23.4,11.3,1.18,1,0,0,0,0
250.75,28.9,1.2,5.57,1,0,0,1,1
15.9,35.0,14.6,0.35,0,1,0,0,0
105.82,30.7,0.7,2.35,1,0,0,0,0
98.54,7.6,0.6,2.19,1,1,0,0,0
77.11,5.0,10.8,1.71,1,1,0,0,0
108.43,0.1,32.0,2.41,1,0,0,0,0
69.82,2.0,9.9,1.55,1,1,1,1,0
162.53,12.3,0.3,3.61,1,1,0,1,0
246.89,16.2,5.8,5.49,1,1,0,0,0
277.16,17.6,11.5,6.16,0,0,0,0,0
53.24,9.3,1.2,1.18,1,1,0,0,0
20.09,7.4,1.5,0.45,0,1,0,1,0
206.02,2.1,10.8,4.58,1,0,0,1,1
94.65,4.7,8.4,2.1,1,1,0,1,0
145.05,13.9,6.8,3.22,1,1,1,0,0
28.94,10.8,9.1,0.64,0,1,0,1,0
50.44,4.7,11.2,1.12,1,1,0,1,0
78.76,12.3,1.7,1.75,1,0,0,0,0
64.26,31.7,26.2,1.43,0,1,0,1,0
41.14,23.1,5.2,0.91,1,0,1,0,0
34.24,6.8,8.3,0.76,1,0,0,0,0
8.01,4.8,8.9,0.18,0,1,0,0,0
43.12,8.8,11.5,0.96,1,1,0,1,0
61.57,8.7,7.3,1.37,1,1,0,1,0
20.53,8.8,7.9,0.46,1,1,0,0,0
34.52,19.1,8.5,0.77,1,1,0,0,0
75.14,12.2,5.1,1.67,1,1,0,0,0
3.69,8.9,2.1,0.08,1,1,0,0,0
102.83,2.5,16.3,2.29,1,0,1,1,0
95.96,26.3,13.4,2.13,1,0,0,0,0
96.66,8.4,5.6,2.15,1,1,0,0,0
96.44,11.1,5.0,2.14,0,1,0,1,0
90.07,9.3,4.6,2.0,1,1,0,1,0
66.91,15.1,2.5,1.49,0,1,0,1,0
94.58,5.4,8.6,2.1,1,1,0,0,0
83.46,47.8,5.1,1.85,1,1,0,0,0
151.62,3.6,7.4,3.37,1,1,0,1,0
71.1,44.2,18.5,1.58,1,1,0,0,0
20.85,3.6,4.4,0.46,1,1,0,1,0
115.5,5.1,31.0,2.57,1,1,0,1,0
58.58,7.2,11.7,1.3,1,1,0,1,0
51.07,27.6,1.8,1.13,1,1,0,0,0
41.83,14.5,6.7,0.93,1,0,0,0,0
66.26,26.6,23.3,1.47,1,0,1,1,0
140.95,15.7,10.2,3.13,1,1,0,0,0
20.34,1.5,0.9,0.45,1,1,0,0,0
16.63,1.8,10.4,0.37,1,1,0,1,0
12.08,2.0,34.8,0.27,1,1,0,1,0
50.24,21.3,16.6,1.12,1,1,0,1,0
22.36,26.8,0.7,0.5,1,1,0,0,0
219.8,8.2,4.1,4.88,1,1,1,1,0
143.57,11.2,6.9,3.19,1,1,1,1,0
53.49,1.7,0.7,1.19,1,1,0,1,0
237.53,52.3,23.7,5.28,1,0,0,0,0
13.06,7.9,5.1,0.29,0,0,0,0,0
64.03,15.8,2.1,1.42,1,1,0,1,0
93.0,12.7,7.6,2.07,0,0,0,1,0
10.73,4.1,1.1,0.24,1,1,0,1,0
114.13,13.5,0.0,2.54,1,1,0,1,0
117.89,16.3,4.5,2.62,1,0,0,1,0
28.92,1.6,5.5,0.64,1,1,0,1,0
35.73,16.7,14.5,0.79,1,0,0,0,0
14.72,9.7,20.4,0.33,1,1,1,1,0
12.29,15.2,35.0,0.27,1,1,0,0,0
3.8,8.8,7.5,0.08,1,0,0,0,0
11.05,13.3,4.3,0.25,1,1,0,0,0
370.48,2.9,2.3,8.23,1,1,0,0,0
2.43,12.2,12.3,0.05,1,1,0,1,0
304.93,12.0,3.1,6.78,1,1,1,1,0
235.88,17.8,18.5,5.24,1,1,0,1,0
49.85,35.4,13.6,1.11,1,0,0,0,0
192.45,2.6,14.9,4.28,1,1,0,1,0
72.61,0.3,4.0,1.61,1,1,0,0,0
66.17,3.0,15.2,1.47,1,1,1,1,0
4.97,17.5,4.0,0.11,0,1,0,0,0
9.5,8.3,9.6,0.21,1,1,0,1,0
375.34,42.2,7.9,8.34,1,0,0,1,0
42.95,0.9,14.4,0.95,1,1,0,1,0
36.35,22.1,19.2,0.81,1,1,0,1,0
2.6,2.4,3.7,0.06,1,1,1,0,0
155.47,6.3,5.7,3.45,1,0,0,0,0
95.17,12.2,2.9,2.11,1,1,0,1,0
69.96,2.4,8.7,1.55,1,1,0,0,0
270.68,63.7,0.3,6.02,1,1,0,1,0
38.74,12.5,7.0,0.86,1,1,0,1,0
123.59,0.2,3.9,2.75,1,0,0,1,0
14.66,7.3,8.8,0.33,1,1,0,1,0
38.26,8.3,0.4,0.85,1,1,1,1,0
193.15,38.3,4.4,4.29,1,1,0,0,0
33.11,12.6,0.4,0.74,1,1,1,0,0
15.8,4.7,6.5,0.35,1,0,0,0,0
18.84,6.4,1.9,0.42,1,1,0,1,0
5.01,34.0,8.3,0.11,1,1,0,1,0
65.17,59.3,32.3,1.45,1,1,1,0,0
177.64,1.6,12.1,3.95,1,1,0,1,0
37.34,34.0,0.5,0.83,1,1,0,0,0
59.53,5.9,6.1,1.32,1,1,0,1,0
11.75,10.6,10.8,0.26,0,1,0,1,0
70.79,5.2,10.4,1.57,0,1,0,0,0
204.31,19.4,3.2,4.54,0,0,0,0,0
269.22,13.2,8.6,5.98,1,1,0,1,0
6.09,11.4,2.4,0.14,1,0,1,1,0
178.21,14.0,1.1,3.96,0,0,0,0,0
140.97,14.3,3.6,3.13,1,1,0,1,0
33.91,1.3,4.1,0.75,1,1,0,0,0
189.33,1.6,6.3,4.21,1,0,1,0,0
204.14,31.1,8.8,4.54,1,1,0,1,0
287.6,23.0,11.4,6.39,1,1,0,1,0
73.48,5.5,0.2,1.63,1,1,0,0,0
122.54,0.5,9.1,2.72,1,1,1,0,0
60.77,1.6,2.3,1.35,1,1,0,1,0
38.39,12.1,33.3,0.85,0,1,0,1,0
57.25,8.2,5.3,1.27,0,0,0,0,0
272.56,3.2,22.6,6.06,1,1,0,0,0
29.94,39.5,0.8,0.67,1,1,0,0,0
44.58,8.0,17.0,0.99,0,1,1,1,0
17.78,7.2,5.8,0.4,0,1,0,0,0
148.24,16.2,3.9,3.29,1,1,0,1,0
1.85,5.2,2.4,0.04,1,1,0,1,0
219.55,11.1,4.5,4.88,1,1,0,1,0
182.35,8.6,19.7,4.05,1,0,0,0,0
7.73,1.8,1.2,0.17,1,1,0,1,0
19.21,15.8,12.1,0.43,1,1,1,0,0
19.33,1.4,7.6,0.43,1,1,0,0,0
10.78,27.7,16.1,0.24,1,0,0,1,0
129.8,28.2,3.0,2.88,1,1,0,1,0
6.19,7.9,9.7,0.14,1,1,0,0,0
181.12,7.6,26.1,4.02,0,1,0,0,0
48.72,5.2,7.9,1.08,1,1,0,1,0
120.68,7.0,11.1,2.68,1,0,0,1,0
45.12,3.8,0.9,1.0,1,0,0,0,0
92.81,29.1,4.2,2.06,1,0,0,1,0
33.31,29.9,5.1,0.74,1,1,0,1,0
34.18,36.3,18.3,0.76,1,1,0,0,0
11.08,21.8,0.1,0.25,1,1,1,1,0
22.28,2.5,5.3,0.5,1,0,0,1,0
36.99,4.3,10.7,0.82,1,0,1,0,0
115.51,5.1,6.5,2.57,1,1,0,1,0
81.96,23.1,9.0,1.82,0,0,0,0,0
196.77,9.5,12.6,4.37,1,1,0,1,0
23.44,33.7,0.4,0.52,1,1,0,1,0
112.7,33.0,11.9,2.5,1,0,0,1,0
19.27,2.2,18.0,0.43,1,1,0,1,0
50.73,19.7,7.1,1.13,1,1,0,1,0
9.6,11.0,8.0,0.21,1,1,1,1,0
6.96,5.8,7.2,0.15,1,1,0,1,0
15.04,7.8,12.5,0.33,1,1,0,1,0
62.02,3.0,1.1,1.38,1,1,0,1,0
78.74,1.1,6.9,1.75,0,0,0,1,0
55.91,13.6,5.9,1.24,0,1,0,1,0
58.27,19.0,9.2,1.29,0,1,0,0,0
143.78,3.6,13.9,3.2,1,0,0,0,0
25.5,10.6,15.5,0.57,1,0,1,1,0
74.59,4.6,7.6,1.66,1,1,0,0,0
119.99,16.0,4.8,2.67,1,0,0,1,0
28.23,16.7,0.3,0.63,1,1,0,0,0
31.73,30.8,8.1,0.71,1,1,0,1,0
92.75,34.3,28.7,2.06,1,1,0,1,0
44.36,25.4,1.3,0.99,1,1,0,0,0
92.04,5.7,17.5,2.05,1,0,0,1,0
13.08,20.1,4.1,0.29,0,1,0,1,0
110.56,25.7,14.3,2.46,1,1,1,0,0
159.35,4.3,7.3,3.54,1,1,0,1,0
31.38,9.1,14.8,0.7,1,1,0,0,0
90.37,2.1,7.5,2.01,1,1,0,1,0
35.38,38.5,3.5,0.79,1,0,0,1,0
24.76,1.2,0.3,0.55,1,1,0,1,0
210.74,18.4,1.6,4.68,1,1,0,0,0
14.61,20.7,3.8,0.32,1,0,1,0,0
6.79,30.4,17.2,0.15,1,1,0,1,0
66.33,24.1,5.8,1.47,1,0,0,0,0
146.36,11.5,0.9,3.25,1,1,0,0,0
62.61,16.9,10.0,1.39,1,1,0,1,0
21.8,9.6,5.6,0.48,1,1,0,1,0
51.71,7.2,17.7,1.15,1,1,0,0,0
35.6,4.3,14.2,0.79,1,1,1,0,0
63.6,21.3,12.8,1.41,1,1,0,1,0
59.54,2.6,1.5,1.32,1,1,0,1,0
129.08,12.1,1.1,2.87,1,1,0,1,0
142.59,5.7,1.5,3.17,1,1,0,1,0
175.04,33.8,10.3,3.89,1,1,0,1,0
80.5,7.7,14.3,1.79,1,1,0,1,0
120.87,27.4,2.3,2.69,1,1,0,1,0
149.83,1.4,0.9,3.33,1,1,0,1,0
26.43,41.3,3.4,0.59,1,1,0,0,0
73.06,1.2,1.2,1.62,1,1,0,0,0
319.83,10.1,1.2,7.11,1,1,0,1,0
186.58,40.4,7.3,4.15,1,1,0,0,0
10.26,29.2,0.5,0.23,0,1,0,0,0
171.7,6.2,18.6,3.82,1,1,0,1,0
30.92,1.2,6.6,0.69,1,0,0,1,0
3.72,11.9,3.0,0.08,0,0,0,0,0
69.74,2.6,9.8,1.55,0,0,1,1,0
225.44,4.8,7.7,5.01,1,0,0,1,0
12.97,10.5,6.1,0.29,1,0,0,1,0
38.24,0.4,4.8,0.85,1,1,0,1,0
128.78,19.9,6.0,2.86,0,0,0,1,0
358.52,37.7,3.9,7.97,1,0,0,1,0
88.01,54.2,5.7,1.96,0,1,0,1,0
63.18,12.4,3.7,1.4,1,0,1,0,0
125.18,14.0,3.3,2.78,1,1,0,1,0
78.77,25.7,4.5,1.75,0,1,0,1,0
113.9,2.3,1.1,2.53,1,1,0,0,0
81.44,7.1,15.7,1.81,0,0,0,1,0
93.34,61.1,7.4,2.07,0,0,0,0,0
200.82,3.6,8.9,4.46,1,1,0,1,0
27.48,8.5,1.4,0.61,0,1,0,0,0
89.85,15.8,2.2,2.0,1,1,0,1,0
184.22,31.9,12.1,4.09,1,1,1,1,0
84.66,28.7,6.8,1.88,1,0,1,0,0
137.75,1.7,5.2,3.06,1,0,0,0,0
107.53,5.3,0.7,2.39,1,1,1,1,0
162.83,6.9,9.0,3.62,1,1,1,0,0
52.78,54.0,24.8,1.17,1,1,0,1,0
149.74,18.4,6.3,3.33,0,0,0,1,0
85.45,7.0,1.2,1.9,0,1,1,1,0
2.81,13.9,6.7,0.06,1,1,0,1,0
54.78,6.6,8.9,1.22,1,1,0,0,0
59.32,2.7,1.6,1.32,1,1,0,1,0
14.4,49.0,1.2,0.32,1,1,0,1,0
113.18,11.5,15.4,2.52,0,1,0,1,0
273.02,9.6,1.7,6.07,1,0,0,0,0
8.35,47.5,1.6,0.19,0,1,0,1,0
105.57,12.1,9.1,2.35,1,1,0,0,0
35.86,10.0,0.1,0.8,0,0,0,1,0
166.39,3.6,3.1,3.7,1,1,0,1,0
44.43,0.8,6.5,0.99,1,1,0,1,0
153.08,15.2,2.3,3.4,1,1,0,0,0
15.35,10.3,11.6,0.34,1,1,0,1,0
48.45,43.0,5.2,1.08,1,1,0,0,0
120.13,6.2,0.4,2.67,1,0,1,0,0
43.08,9.0,12.7,0.96,1,0,0,1,0
90.42,7.1,10.5,2.01,1,0,0,1,0
49.63,5.9,0.4,1.1,1,1,0,1,0
156.47,10.2,2.4,3.48,1,0,0,1,0
125.77,10.5,0.5,2.79,1,1,0,0,0
59.59,6.0,23.9,1.32,1,1,0,1,0
24.65,1.2,8.6,0.55,1,1,0,0,0
175.03,4.5,4.2,3.89,1,1,0,1,0
158.44,36.3,8.1,3.52,1,1,0,0,0
107.5,6.9,0.7,2.39,1,0,0,1,0
18.29,3.7,11.1,0.41,1,0,1,0,0
64.35,27.9,0.0,1.43,1,1,0,1,0
54.1,4.5,0.1,1.2,1,1,0,0,0
215.09,1.1,20.3,4.78,1,1,0,1,0
3.37,35.7,4.5,0.07,1,0,0,1,0
29.0,0.6,2.1,0.64,1,1,0,1,0
32.36,38.4,3.7,0.72,1,0,0,1,0
177.93,14.1,5.2,3.95,1,1,0,0,0
25.73,10.8,2.6,0.57,1,0,1,0,0
272.57,13.5,19.4,6.06,1,0,0,0,0
243.72,7.8,2.7,5.42,1,1,0,1,0
48.19,20.8,0.9,1.07,1,0,0,1,0
29.16,1.3,6.5,0.65,1,1,0,1,0
5.16,33.8,20.3,0.11,1,0,0,1,0
80.16,37.4,1.8,1.78,1,1,1,1,0
48.41,18.5,7.5,1.08,1,0,0,1,0
70.12,32.3,4.5,1.56,1,0,0,0,0
71.56,12.6,0.3,1.59,1,1,0,0,0
35.8,10.8,18.0,0.8,1,0,0,0,0
31.03,19.7,5.7,0.69,1,1,0,0,0
27.34,16.5,5.4,0.61,0,1,1,0,0
8.9,11.1,5.7,0.2,0,1,0,1,0
254.18,0.9,11.9,5.65,1,1,0,1,0
5.82,16.0,2.5,0.13,1,1,1,0,0
28.03,8.4,8.5,0.62,1,0,0,1,0
98.18,33.6,16.4,2.18,1,0,1,1,0
133.72,34.7,0.4,2.97,1,1,0,0,0
77.62,26.3,0.6,1.72,0,1,0,0,0
82.09,10.7,2.5,1.82,1,1,0,0,0
325.61,16.1,7.1,7.24,1,1,1,1,0
6.46,0.9,1.7,0.14,1,1,0,1,0
20.01,14.7,7.0,0.44,1,1,0,0,0
10.57,27.7,2.0,0.23,1,0,0,0,0
6.73,1.5,5.3,0.15,1,0,0,1,0
8.58,1.8,10.7,0.19,1,0,0,0,0
120.53,16.0,2.7,2.68,1,0,0,0,0
15.52,6.5,12.6,0.34,1,1,0,1,0
85.46,72.2,5.8,1.9,1,1,1,1,0
24.86,12.5,21.7,0.55,0,0,0,0,0
12.71,2.8,2.8,0.28,1,1,1,0,0
275.61,38.7,2.4,6.12,1,1,0,0,0
193.18,27.5,18.8,4.29,1,1,0,0,0
37.24,7.6,3.4,0.83,0,1,0,1,0
26.02,4.9,4.8,0.58,1,1,0,1,0
34.46,0.6,16.5,0.77,1,1,0,1,0
46.96,20.9,7.3,1.04,1,1,0,0,0
245.26,17.3,11.3,5.45,1,1,0,1,0
26.84,8.9,14.3,0.6,0,1,0,0,0
208.39,4.9,2.1,4.63,1,0,0,1,0
29.46,15.5,0.2,0.65,1,1,0,1,0
22.74,3.2,10.2,0.51,1,1,0,1,0
242.12,6.3,8.9,5.38,1,1,0,0,0
141.47,35.8,0.4,3.14,1,0,0,1,0
11.93,7.0,6.6,0.27,1,1,1,0,0
170.62,53.5,12.8,3.79,1,0,1,1,0
61.51,23.1,30.6,1.37,1,1,0,0,0
197.83,17.8,3.0,4.4,0,1,0,1,0
10.79,0.0,5.8,0.24,1,1,0,1,0
8.67,1.6,3.0,0.19,1,1,0,0,0
336.75,8.2,8.3,7.48,1,0,1,0,0
47.6,4.3,0.2,1.06,0,1,1,1,0
146.53,23.2,8.8,3.26,1,1,0,1,0
167.85,2.0,9.1,3.73,1,0,0,1,0
23.87,41.1,10.9,0.53,1,1,1,1,0
216.34,6.6,6.9,4.81,1,1,0,1,0
17.87,32.5,3.9,0.4,0,0,0,0,0
26.89,1.6,6.9,0.6,1,1,0,1,0
64.74,28.9,6.1,1.44,1,0,0,1,0
112.64,15.0,4.0,2.5,1,1,1,1,0
85.9,5.1,4.5,1.91,1,1,0,1,0
26.96,5.6,8.1,0.6,0,1,0,1,0
173.18,20.5,1.0,3.85,1,1,0,0,0
147.62,9.0,17.7,3.28,1,1,0,1,0
89.09,30.3,7.4,1.98,1,1,0,0,0
98.19,21.9,2.4,2.18,1,1,0,1,0
112.01,21.8,2.9,2.49,0,0,0,0,0
32.4,0.2,3.7,0.72,1,1,0,0,0
203.79,4.0,0.2,4.53,1,1,0,1,0
318.37,0.5,1.7,7.07,0,1,1,0,0
59.21,11.5,1.2,1.32,1,1,0,0,0
5.65,19.6,49.1,0.13,1,1,0,1,0
166.93,34.0,8.0,3.71,1,1,0,1,0
102.89,12.1,13.0,2.29,1,1,0,0,0
77.16,28.3,16.2,1.71,1,1,0,1,0
202.75,11.2,8.4,4.51,1,1,0,0,0
163.69,1.3,8.9,3.64,1,1,1,1,0
68.21,11.6,7.4,1.52,1,0,0,0,0
60.05,22.7,4.8,1.33,1,1,0,1,0
89.33,5.0,4.4,1.99,1,1,0,0,0
46.11,40.8,17.6,1.02,1,1,0,0,0
358.29,6.2,0.2,7.96,1,1,0,0,0
12.7,24.3,20.6,0.28,1,1,0,1,0
14.33,46.1,5.3,0.32,1,0,0,1,0
67.51,5.5,0.6,1.5,1,1,0,1,0
187.09,3.6,1.1,4.16,0,0,0,1,0
44.42,4.4,2.4,0.99,1,0,0,0,0
22.76,9.8,2.7,0.51,1,1,1,0,0
28.32,4.2,9.6,0.63,1,1,0,1,0
101.27,7.4,4.0,2.25,1,1,0,0,0
59.56,3.2,5.7,1.32,1,1,0,1,0
121.79,9.7,5.0,2.71,1,1,1,1,0
1.06,11.5,2.9,0.02,1,1,0,1,0
25.52,0.4,2.4,0.57,0,1,0,1,0
8.84,27.5,0.5,0.2,1,1,0,1,0
7.02,7.3,0.8,0.16,1,1,0,1,0
13.29,3.1,3.4,0.3,1,1,0,1,0
19.55,41.5,0.2,0.43,1,1,0,1,0
223.72,4.1,11.0,4.97,1,1,1,1,0
276.15,0.9,6.6,6.14,1,0,0,0,0
10.99,143.2,4.6,0.24,1,1,0,1,0
42.6,25.2,10.2,0.95,1,1,0,1,0
82.68,12.9,12.8,1.84,1,1,0,1,0
5.81,4.5,9.2,0.13,1,0,1,1,0
5.92,32.4,0.8,0.13,1,1,0,1,0
26.23,18.5,7.0,0.58,1,1,0,1,0
246.04,2.6,5.5,5.47,1,0,0,1,1
206.89,22.1,5.4,4.6,1,1,0,1,0
45.26,17.3,3.2,1.01,1,1,0,1,0
134.91,20.9,2.9,3.0,1,1,0,1,0
1.84,1.0,12.9,0.04,1,0,0,0,0
24.8,0.8,26.0,0.55,1,1,0,0,0
2.19,46.0,5.3,0.05,1,1,1,1,0
1.61,0.4,3.6,0.04,1,1,0,0,0
49.18,19.5,6.9,1.09,1,0,0,1,0
202.15,4.1,0.4,4.49,1,0,0,1,1
42.47,43.9,20.5,0.94,1,1,0,1,0
34.89,11.7,13.6,0.78,0,1,0,0,0
20.42,4.6,0.8,0.45,1,1,0,1,0
17.73,12.2,13.5,0.39,1,0,0,0,0
103.4,68.4,17.1,2.3,1,1,1,1,0
9.3,21.0,4.3,0.21,1,0,0,0,0
23.81,2.2,6.0,0.53,1,1,0,1,0
112.5,4.0,12.1,2.5,1,1,1,0,0
29.24,19.3,0.3,0.65,1,0,0,1,0
12.63,35.1,5.5,0.28,1,1,0,1,0
41.73,9.0,5.1,0.93,1,1,0,1,0
12.05,3.1,2.3,0.27,1,0,0,0,0
106.71,14.2,3.2,2.37,0,1,0,0,0
24.95,29.8,8.1,0.55,1,1,1,1,0
112.44,19.1,0.9,2.5,1,1,0,0,0
221.1,15.5,2.2,4.91,1,0,0,1,0
218.17,21.3,1.5,4.85,1,1,0,0,0
26.22,9.8,3.7,0.58,1,1,0,0,0
139.12,4.6,7.1,3.09,1,1,0,1,0
87.27,10.1,4.6,1.94,1,0,0,0,0
51.33,33.9,8.6,1.14,1,0,0,1,0
114.3,32.7,2.0,2.54,1,1,1,1,0
34.9,40.2,11.9,0.78,1,0,0,1,0
85.88,6.3,2.2,1.91,1,1,0,1,0
407.87,16.4,2.7,9.06,1,1,0,1,0
58.14,7.4,1.9,1.29,1,1,0,0,0
10.16,13.3,6.6,0.23,1,0,0,1,0
45.96,5.5,16.1,1.02,1,1,0,0,0
50.97,11.8,16.8,1.13,1,0,1,0,0
463.48,6.9,1.4,10.3,1,1,0,0,0
4.72,7.5,3.4,0.1,1,0,0,1,0
182.33,16.7,17.1,4.05,1,1,0,1,0
20.01,17.7,12.5,0.44,1,1,0,0,0
175.89,2.1,12.4,3.91,1,0,0,1,0
118.63,26.4,0.4,2.64,1,0,1,0,0
394.6,0.6,21.0,8.77,1,1,1,1,0
132.3,9.5,12.0,2.94,1,1,0,1,0
125.88,1.6,9.9,2.8,0,1,0,0,0
114.62,6.7,12.2,2.55,1,1,0,0,0
34.72,6.9,8.9,0.77,1,1,1,1,0
1.21,13.8,14.3,0.03,1,1,0,0,0
88.6,1.6,4.0,1.97,1,1,0,1,0
88.46,47.9,0.1,1.97,1,1,0,1,0
125.31,9.9,2.6,2.78,1,1,0,1,0
32.31,3.7,0.9,0.72,1,1,1,1,0
28.33,10.9,6.2,0.63,1,1,0,0,0
195.76,27.1,1.3,4.35,0,1,0,1,0
28.56,7.7,28.4,0.63,1,1,0,1,0
7.13,18.1,6.0,0.16,1,0,0,1,0
71.14,0.7,5.4,1.58,1,1,0,1,0
85.36,46.8,9.3,1.9,1,1,0,1,0
112.63,13.6,0.9,2.5,1,1,0,1,0
13.43,0.4,0.9,0.3,1,1,0,1,0
25.33,91.0,14.4,0.56,1,1,0,0,0
134.62,17.0,24.0,2.99,1,1,0,0,0
188.63,33.0,1.3,4.19,1,1,0,0,0
102.55,2.0,41.8,2.28,1,0,0,1,0
486.23,5.0,3.0,10.81,1,0,1,1,0
30.01,2.6,0.0,0.67,1,1,0,0,0
20.01,26.7,15.1,0.44,1,0,0,1,0
161.59,30.3,3.9,3.59,1,0,0,1,0
207.69,23.9,0.8,4.62,1,1,0,1,0
1.24,73.5,7.2,0.03,0,0,0,0,0
25.7,0.7,5.1,0.57,1,1,0,0,0
2.48,2.9,27.1,0.06,1,1,0,0,0
37.39,0.1,5.2,0.83,1,0,0,0,0
96.36,10.2,21.8,2.14,0,0,0,1,0
28.89,3.3,0.6,0.64,0,1,0,1,0
45.5,18.8,9.8,1.01,1,1,0,1,0
13.38,7.5,13.0,0.3,1,1,1,0,0
75.17,4.4,0.9,1.67,1,1,0,0,0
115.09,1.8,10.8,2.56,1,1,1,0,0
41.91,16.3,4.6,0.93,1,1,1,0,0
32.67,13.2,3.7,0.73,1,1,0,0,0
96.47,7.8,10.6,2.14,1,0,0,0,0
40.76,3.9,20.4,0.91,1,1,0,1,0
28.22,3.7,2.9,0.63,1,1,0,0,0
56.63,6.1,1.5,1.26,1,1,0,0,0
27.36,13.6,17.2,0.61,1,1,0,0,0
41.5,3.3,2.9,0.92,1,1,0,1,0
19.79,36.8,7.1,0.44,1,1,0,1,0
7.51,14.4,9.3,0.17,1,1,0,1,0
131.02,1.2,1.3,2.91,0,1,0,0,0
6.37,7.0,7.1,0.14,1,1,0,1,0
19.1,17.9,7.9,0.42,0,1,1,1,0
70.59,1.8,5.2,1.57,1,1,0,1,0
232.58,42.7,8.2,5.17,1,1,0,0,0
157.69,12.4,3.6,3.5,1,1,0,1,0
65.65,2.9,4.3,1.46,1,1,0,1,0
107.97,0.8,7.7,2.4,1,0,0,1,0
23.45,4.8,10.7,0.52,1,1,0,1,0
53.59,20.9,0.6,1.19,1,1,0,1,0
11.45,5.8,2.8,0.25,1,1,1,1,0
19.12,12.1,0.8,0.42,1,1,1,0,0
30.19,14.3,3.1,0.67,1,1,0,0,0
9.91,15.8,0.2,0.22,1,1,0,1,0
57.83,3.7,4.4,1.29,0,0,0,0,0
69.66,5.1,12.8,1.55,1,1,0,0,0
36.84,9.8,15.4,0.82,1,1,0,1,0
119.13,9.1,7.9,2.65,1,0,1,1,0
271.58,13.6,3.4,6.04,1,1,0,0,0
30.58,6.8,1.5,0.68,1,0,1,1,0
10.04,0.4,2.1,0.22,1,1,1,1,0
34.55,17.3,5.5,0.77,1,0,0,1,0
8.32,23.9,0.2,0.18,1,1,0,1,0
80.72,2.0,19.7,1.79,1,0,0,1,0
288.09,6.7,0.5,6.4,1,1,0,0,0
78.59,13.2,9.9,1.75,1,1,0,1,0
41.2,0.6,13.0,0.92,1,1,0,1,0
80.93,26.5,4.0,1.8,1,1,1,1,0
122.09,0.6,13.1,2.71,0,0,1,1,0
264.54,3.3,0.5,5.88,1,1,0,1,0
56.17,8.2,1.8,1.25,1,1,0,1,0
84.82,21.2,3.4,1.88,1,1,0,1,0
37.23,13.1,13.6,0.83,1,1,1,0,0
77.74,51.0,6.8,1.73,1,1,0,1,0
51.2,23.8,0.8,1.14,1,1,0,1,0
19.91,4.5,3.2,0.44,1,1,0,1,0
82.4,75.9,0.8,1.83,1,0,0,0,0
79.64,36.6,19.4,1.77,1,1,0,1,0
43.2,73.6,3.3,0.96,1,1,1,1,0
76.65,30.8,1.0,1.7,1,1,0,1,0
14.38,8.5,2.8,0.32,1,1,0,1,0
2.73,0.5,18.0,0.06,1,1,0,1,0
38.96,2.5,1.8,0.87,1,0,0,0,0
24.81,4.9,4.7,0.55,1,1,0,1,0
112.1,1.3,4.2,2.49,1,1,0,0,0
51.83,10.5,1.0,1.15,1,1,0,1,0
46.61,12.0,11.3,1.04,1,0,0,1,0
61.93,28.9,3.8,1.38,1,1,0,0,0
54.86,12.5,4.1,1.22,1,0,0,1,0
5.75,5.4,13.7,0.13,0,0,0,1,0
89.16,20.1,0.7,1.98,0,1,1,0,0
39.01,21.2,12.4,0.87,1,0,0,1,0
3.89,11.5,0.9,0.09,1,0,0,1,0
21.99,6.8,12.0,0.49,1,1,0,0,0
25.89,34.9,3.5,0.58,1,1,0,0,0
12.23,1.1,21.3,0.27,0,1,0,1,0
22.49,5.6,7.9,0.5,1,1,0,1,0
28.8,0.5,1.2,0.64,1,1,0,1,0
31.61,1.8,3.0,0.7,1,1,0,1,0
100.33,25.4,7.0,2.23,0,0,0,1,0
181.75,0.3,9.5,4.04,0,1,0,0,0
166.79,33.7,22.4,3.71,1,1,0,1,0
239.62,13.0,2.8,5.32,1,1,0,0,0
13.5,10.5,10.4,0.3,1,0,1,0,0
114.01,12.9,16.4,2.53,1,1,0,0,0
4.57,0.3,15.7,0.1,1,1,0,1,0
192.98,4.0,9.2,4.29,1,1,1,0,0
64.47,2.3,14.7,1.43,1,1,0,0,0
105.98,10.0,3.4,2.36,1,1,1,0,0
33.09,36.3,0.2,0.74,1,0,0,0,0
58.71,23.4,1.0,1.3,1,1,0,1,0
51.47,0.7,20.3,1.14,1,1,0,1,0
33.74,4.3,9.9,0.75,1,0,0,0,0
3.51,9.3,11.9,0.08,1,0,0,1,0
38.93,9.6,2.8,0.87,1,1,0,1,0
426.76,13.1,8.2,9.48,0,1,0,0,0
34.23,18.7,1.9,0.76,0,1,0,1,0
57.77,0.7,18.4,1.28,0,1,0,1,0
19.43,5.4,33.6,0.43,1,1,0,1,0
101.98,4.4,11.0,2.27,1,1,0,1,0
3.44,35.1,28.9,0.08,1,1,0,0,0
142.98,52.7,18.0,3.18,1,1,0,1,0
95.93,1.1,5.9,2.13,1,0,0,0,0
82.36,2.9,27.4,1.83,1,0,0,1,0
20.63,7.4,0.3,0.46,1,1,0,1,0
151.86,40.8,9.6,3.37,1,1,0,1,0
78.33,8.3,4.4,1.74,1,1,0,0,0
49.31,25.8,12.4,1.1,1,1,0,1,0
139.85,7.6,5.1,3.11,1,1,0,1,0
92.36,12.0,8.5,2.05,1,1,0,0,0
20.27,16.8,23.4,0.45,1,1,0,1,0
162.0,15.7,18.0,3.6,1,1,0,0,0
32.55,36.9,4.1,0.72,1,1,0,1,0
120.36,14.4,2.7,2.67,1,0,0,0,0
7.48,27.7,10.6,0.17,1,1,0,1,0
10.56,17.2,24.9,0.23,1,1,1,1,0
45.87,7.7,0.0,1.02,1,0,0,1,0
81.49,2.0,2.0,1.81,1,1,0,1,0
75.13,45.7,1.9,1.67,1,1,1,0,0
15.6,8.3,8.8,0.35,1,1,1,0,0
69.48,2.9,0.8,1.54,1,1,0,1,0
30.16,12.6,22.0,0.67,1,1,0,1,0
61.43,10.8,13.1,1.37,1,1,0,1,0
6.1,14.8,22.0,0.14,1,1,1,0,0
23.94,0.9,0.2,0.53,1,0,0,1,0
189.11,2.4,3.3,4.2,1,1,0,1,0
96.45,5.9,6.4,2.14,1,0,0,1,0
18.09,50.6,5.1,0.4,1,0,0,1,0
114.96,37.8,1.6,2.55,1,1,0,1,0
57.58,13.8,9.4,1.28,1,1,0,0,0
181.91,26.2,1.1,4.04,1,1,0,1,0
337.26,10.8,8.1,7.49,1,0,0,1,1
100.68,45.5,7.2,2.24,1,1,0,0,0
41.55,6.0,10.5,0.92,1,1,0,1,0
90.57,7.6,5.9,2.01,1,1,0,0,0
15.52,18.8,6.0,0.34,1,1,0,1,0
8.8,12.2,13.8,0.2,1,1,0,1,0
78.95,27.0,6.2,1.75,1,1,1,1,0
28.14,16.5,0.5,0.63,1,1,0,0,0
122.46,0.9,43.5,2.72,1,1,0,0,0
151.95,18.0,3.9,3.38,1,1,0,1,0
39.8,4.2,3.1,0.88,1,1,0,0,0
36.46,14.5,21.3,0.81,1,1,1,1,0
10.52,22.4,7.3,0.23,0,1,1,0,0
240.88,5.7,2.9,5.35,1,1,0,1,0
120.17,27.8,5.0,2.67,1,1,0,1,0
70.26,19.8,15.2,1.56,1,1,0,1,0
291.87,5.7,4.4,6.49,1,1,0,1,0
26.89,4.9,1.2,0.6,1,0,0,0,0
96.05,0.1,10.4,2.13,1,0,0,0,0
208.84,0.2,4.0,4.64,1,1,0,0,0
141.63,16.5,1.4,3.15,0,1,0,1,0
134.38,53.5,7.7,2.99,1,1,0,0,0
159.71,12.1,9.4,3.55,1,1,0,1,0
6.66,2.5,1.3,0.15,0,0,1,0,0
499.67,21.1,13.5,11.1,0,1,0,0,0
88.54,18.8,18.3,1.97,1,0,0,0,0
11.39,5.1,9.5,0.25,1,0,1,1,0
24.53,10.8,7.7,0.55,1,0,0,0,0
7.5,11.3,1.6,0.17,1,0,0,1,0
21.98,9.0,8.2,0.49,1,1,0,0,0
435.59,11.3,7.2,9.68,1,1,0,1,0
66.15,23.2,9.8,1.47,1,1,0,1,0
44.27,1.9,3.6,0.98,1,1,0,1,0
21.3,40.1,2.1,0.47,1,1,0,1,0
57.88,31.0,4.5,1.29,1,1,0,1,0
343.93,11.6,10.5,7.64,1,1,0,1,0
168.85,4.1,5.5,3.75,1,1,0,1,0
130.67,13.6,0.3,2.9,1,1,0,1,0
173.42,4.8,1.0,3.85,1,1,0,0,0
135.2,1.2,18.2,3.0,1,1,0,1,0
124.71,32.2,9.4,2.77,1,1,0,0,0
134.16,9.9,10.0,2.98,1,0,0,1,0
91.2,24.6,10.4,2.03,0,0,0,1,0
21.21,19.0,7.7,0.47,1,1,0,1,0
1.92,16.6,5.2,0.04,0,0,0,0,0
69.21,20.1,4.0,1.54,1,1,0,0,0
31.57,0.7,5.6,0.7,1,1,0,1,0
44.64,5.3,2.1,0.99,1,0,0,1,0
46.17,13.7,1.8,1.03,1,1,0,1,0
85.86,5.6,0.1,1.91,1,1,0,0,0
20.44,42.4,2.9,0.45,0,0,0,1,0
132.21,27.6,13.9,2.94,1,0,0,1,0
26.81,17.7,1.3,0.6,1,1,1,1,0
55.47,28.0,0.5,1.23,1,1,0,0,0
78.41,32.9,2.7,1.74,1,0,0,0,0
36.08,18.5,9.1,0.8,1,1,0,0,0
29.48,9.4,0.6,0.66,1,1,0,1,0
31.74,14.4,21.1,0.71,1,1,1,0,0
74.8,1.4,4.6,1.66,1,0,0,0,0
331.45,32.3,0.5,7.37,1,1,0,0,0
2.41,45.1,30.3,0.05,1,1,1,1,0
727.56,40.3,3.1,16.17,1,0,0,1,0
14.65,10.9,26.5,0.33,1,0,0,1,0
186.3,0.2,7.2,4.14,1,0,0,0,0
12.43,2.2,8.6,0.28,1,0,0,0,0
31.61,11.5,17.7,0.7,1,0,0,0,0
17.1,10.5,7.2,0.38,1,1,0,1,0
72.72,59.8,3.9,1.62,1,1,0,0,0
83.79,42.6,39.5,1.86,1,1,0,0,0
58.89,13.4,11.6,1.31,1,1,0,1,0
17.49,24.2,10.5,0.39,1,0,0,0,0
205.56,18.5,15.0,4.57,0,0,0,0,0
22.68,12.6,26.8,0.5,1,1,0,1,0
86.09,7.7,15.5,1.91,1,1,0,0,0
19.71,34.7,7.9,0.44,1,0,0,1,0
25.36,12.5,13.8,0.56,0,0,1,0,0
6.44,7.5,12.3,0.14,1,0,0,1,0
33.04,16.8,3.5,0.73,1,1,0,1,0
18.99,15.1,9.8,0.42,1,1,0,1,0
47.13,14.0,0.9,1.05,1,1,0,1,0
34.99,15.7,3.8,0.78,1,0,0,0,0
245.1,80.4,1.1,5.45,1,1,0,1,0
24.59,15.3,16.7,0.55,1,0,0,1,0
56.51,28.3,2.1,1.26,0,1,0,1,0
62.94,13.6,4.0,1.4,1,0,1,1,0
114.04,13.6,11.9,2.53,1,1,0,1,0
156.69,26.9,7.7,3.48,1,1,0,1,0
95.54,19.9,21.7,2.12,1,1,0,0,0
5.09,1.0,12.2,0.11,1,1,0,1,0
27.05,21.3,28.8,0.6,1,1,0,1,0
60.56,3.4,7.9,1.35,1,1,0,1,0
55.08,10.3,3.5,1.22,1,1,0,1,0
31.93,28.8,29.0,0.71,1,1,0,0,0
89.58,14.4,21.0,1.99,1,1,0,1,0
2.22,2.6,8.4,0.05,1,1,1,1,0
107.35,4.7,6.1,2.39,1,1,1,1,0
133.85,22.8,1.4,2.97,1,1,0,1,0
91.19,1.6,36.3,2.03,1,0,0,1,0
40.31,18.3,4.1,0.9,1,1,0,0,0
1.53,8.8,10.4,0.03,1,1,0,1,0
144.07,12.9,10.9,3.2,1,1,0,0,0
151.82,9.6,4.4,3.37,1,1,0,1,0
42.28,11.7,0.4,0.94,1,0,0,0,0
146.62,1.6,7.4,3.26,1,1,0,0,0
19.57,6.0,3.6,0.43,1,1,0,1,0
31.36,22.2,21.9,0.7,1,1,0,0,0
126.45,8.6,8.3,2.81,1,0,0,1,0
31.22,32.8,6.2,0.69,1,1,0,0,0
96.55,14.5,6.3,2.15,1,1,0,0,0
1.46,0.9,0.0,0.03,1,1,0,1,0
2.79,37.7,0.9,0.06,1,1,0,1,0
7.7,1.4,7.6,0.17,1,0,0,0,0
272.19,12.3,18.1,6.05,1,1,0,1,0
44.94,9.6,3.2,1.0,1,0,0,1,0
18.16,59.5,2.9,0.4,1,1,0,1,0
45.06,32.6,0.4,1.0,1,1,0,0,0
169.14,32.7,8.9,3.76,1,1,0,1,0
1.22,14.5,15.8,0.03,0,1,0,0,0
6.54,8.5,1.2,0.15,1,1,0,1,0
41.1,6.5,1.2,0.91,1,1,0,1,0
46.88,30.6,5.2,1.04,1,1,1,1,0
30.08,36.8,0.3,0.67,1,0,0,1,0
87.84,38.8,5.0,1.95,1,1,0,1,0
47.8,5.1,10.3,1.06,1,0,1,0,0
36.28,3.4,1.2,0.81,1,1,0,1,0
48.75,4.5,5.2,1.08,1,1,1,0,0
14.69,25.2,9.7,0.33,1,1,0,0,0
59.48,6.3,0.4,1.32,1,0,0,1,0
133.9,2.8,15.2,2.98,1,1,0,1,0
193.81,12.3,3.4,4.31,1,1,0,0,0
79.68,17.1,13.9,1.77,1,0,0,0,0
24.29,1.5,51.5,0.54,1,1,0,1,0
100.34,18.9,5.5,2.23,1,0,0,1,0
95.28,1.9,16.4,2.12,1,1,0,0,0
20.4,5.1,10.0,0.45,1,1,0,1,0
78.71,0.1,1.5,1.75,1,0,0,1,0
47.49,3.5,1.4,1.06,1,1,1,0,0
52.19,19.9,4.7,1.16,1,1,1,1,0
17.95,7.5,3.5,0.4,1,1,0,1,0
52.43,26.3,12.1,1.17,1,1,0,0,0
21.64,23.9,2.9,0.48,1,1,1,1,0
52.36,6.9,11.5,1.16,1,1,0,1,0
46.95,10.7,0.3,1.04,1,1,0,1,0
119.47,14.3,15.9,2.65,1,1,0,1,0
18.72,7.0,18.7,0.42,1,0,1,1,0
5.69,21.6,14.6,0.13,1,0,0,1,0
59.93,18.7,22.1,1.33,1,1,0,0,0
15.95,2.2,9.4,0.35,0,1,0,0,0
15.58,13.7,12.5,0.35,0,1,0,1,0
140.36,5.0,10.9,3.12,1,0,0,0,0
39.25,36.2,2.3,0.87,1,1,0,1,0
66.26,23.8,14.7,1.47,1,1,0,1,0
21.81,17.9,1.3,0.48,1,1,0,1,0
67.86,2.4,18.4,1.51,1,0,0,1,0
75.05,0.9,2.8,1.67,1,0,1,1,0
178.13,8.0,2.9,3.96,1,1,1,1,0
72.42,65.9,20.7,1.61,1,0,0,1,0
30.57,0.8,11.9,0.68,1,1,0,1,0
18.32,4.7,5.9,0.41,0,1,0,1,0
10.91,3.4,1.0,0.24,1,1,0,1,0
9.26,12.6,4.8,0.21,1,1,0,0,0
19.76,34.4,5.4,0.44,1,0,0,0,0
304.36,4.2,0.2,6.76,0,1,0,0,0
149.09,12.0,61.2,3.31,1,1,0,0,0
134.21,15.2,0.2,2.98,1,1,1,0,0
47.83,8.7,13.5,1.06,0,0,1,1,0
101.34,3.4,17.4,2.25,1,1,0,1,0
60.21,13.9,2.0,1.34,1,1,1,1,0
72.04,20.0,9.0,1.6,1,1,0,0,0
171.34,10.6,0.2,3.81,1,1,0,1,0
130.34,13.4,7.4,2.9,0,1,0,1,0
424.59,1.3,7.7,9.44,1,0,0,1,0
185.14,23.3,11.8,4.11,1,1,0,1,0
118.47,16.9,22.2,2.63,0,1,0,0,0
21.61,29.2,24.5,0.48,1,1,0,1,0
91.56,3.8,8.6,2.03,1,0,0,1,0
18.48,10.9,2.1,0.41,0,1,0,1,0
101.03,11.9,14.2,2.25,1,0,0,0,0
5.07,15.9,18.5,0.11,1,1,0,1,0
130.71,4.1,1.8,2.9,0,1,0,0,0
106.41,39.7,1.2,2.36,1,1,0,1,0
98.85,7.4,14.3,2.2,1,1,0,0,0
106.61,59.9,1.8,2.37,1,1,0,1,0
16.09,4.8,2.2,0.36,1,0,0,1,0
4.13,13.9,15.8,0.09,0,1,0,1,0
19.98,12.2,14.7,0.44,1,1,0,0,0
7.7,26.8,38.4,0.17,1,1,0,1,0
205.77,19.8,3.9,4.57,1,1,0,0,0
14.25,56.5,2.9,0.32,0,1,0,1,0
135.97,7.2,11.2,3.02,1,1,0,0,0
122.85,6.7,4.3,2.73,1,1,0,1,0
64.11,13.5,22.8,1.42,1,1,0,1,0
381.14,21.8,9.2,8.47,1,0,1,1,1
49.01,22.0,7.9,1.09,1,1,0,1,0
4.31,49.4,0.2,0.1,1,1,0,1,0
16.03,34.5,3.6,0.36,0,1,0,1,0
191.41,13.2,4.0,4.25,1,1,1,1,0
163.39,35.4,0.5,3.63,1,1,0,0,0
150.79,13.5,15.0,3.35,1,1,0,1,0
1.79,3.6,7.4,0.04,1,1,0,1,0
25.64,4.2,17.3,0.57,1,1,0,0,0
110.86,20.2,2.4,2.46,1,0,0,0,0
8.68,16.7,11.7,0.19,1,1,0,1,0
195.4,15.6,20.8,4.34,1,1,0,0,0
60.76,28.2,21.5,1.35,1,0,0,0,0
76.42,23.2,10.3,1.7,1,1,0,1,0
81.78,4.3,13.1,1.82,1,0,1,1,0
107.62,15.3,17.1,2.39,1,1,0,1,0
34.28,1.0,20.2,0.76,1,0,0,0,0
19.6,19.6,0.6,0.44,1,1,0,1,0
37.63,32.0,0.9,0.84,1,0,0,1,0
18.22,15.7,6.6,0.4,0,1,0,0,0
38.97,3.2,4.6,0.87,1,1,0,1,0
2.29,0.8,7.4,0.05,0,1,1,1,0
170.4,4.9,0.2,3.79,0,1,0,0,0
27.91,4.7,16.0,0.62,1,1,1,1,0
58.92,5.6,3.9,1.31,1,1,0,0,0
508.88,22.2,6.6,11.31,1,1,0,0,0
138.09,1.4,17.4,3.07,1,0,0,0,0
35.17,9.7,18.6,0.78,1,1,1,1,0
8.35,4.4,7.8,0.19,1,1,0,0,0
59.77,15.2,2.4,1.33,0,1,0,1,0
27.29,11.9,0.8,0.61,1,1,0,1,0
152.81,6.4,3.6,3.4,1,0,1,1,0
56.39,24.5,0.6,1.25,1,0,0,0,0
71.32,0.7,6.8,1.58,1,1,0,0,0
68.44,2.8,3.8,1.52,1,1,0,1,0
89.9,4.6,11.5,2.0,1,1,0,1,0
29.9,3.9,18.0,0.66,1,1,0,0,0
47.55,53.5,11.6,1.06,1,0,0,0,0
40.64,44.6,0.6,0.9,1,0,0,1,0
171.18,30.0,3.3,3.8,0,1,0,1,0
75.57,2.9,12.5,1.68,1,1,0,0,0
129.54,6.8,3.4,2.88,1,1,0,1,0
33.68,26.6,2.7,0.75,1,1,0,1,0
52.7,11.5,0.8,1.17,1,1,0,1,0
17.94,4.7,10.6,0.4,1,1,0,1,0
24.14,0.4,6.9,0.54,1,1,0,1,0
19.75,6.4,4.4,0.44,1,1,0,1,0
39.49,17.4,12.4,0.88,1,1,0,1,0
67.01,0.4,13.2,1.49,1,1,1,1,0
160.37,10.9,8.8,3.56,1,1,0,1,0
56.69,9.1,11.8,1.26,1,1,0,0,0
17.41,1.5,13.1,0.39,0,0,0,0,0
35.84,33.1,0.1,0.8,0,1,0,1,0
264.19,1.2,1.0,5.87,1,0,0,1,1
43.17,10.1,3.0,0.96,1,0,1,1,0
91.74,9.1,5.4,2.04,1,1,0,1,0
19.79,2.0,23.5,0.44,1,0,0,1,0
59.12,3.8,5.3,1.31,1,1,1,1,0
63.66,4.9,0.9,1.41,0,1,1,1,0
29.76,44.1,7.2,0.66,1,1,1,1,0
48.17,1.2,2.8,1.07,1,1,0,1,0
96.3,25.5,2.6,2.14,1,0,1,1,0
171.4,5.7,5.0,3.81,1,0,0,0,0
28.55,3.0,2.5,0.63,1,0,1,0,0
439.8,3.5,13.5,9.77,1,1,0,0,0
69.43,1.4,21.0,1.54,0,1,0,0,0
63.33,18.2,19.7,1.41,1,1,0,1,0
10.98,14.4,23.4,0.24,1,0,0,1,0
263.95,0.4,9.8,5.87,1,1,0,0,0
37.8,8.8,1.2,0.84,1,1,0,1,0
107.44,10.6,5.0,2.39,1,1,0,0,0
201.41,4.8,15.8,4.48,1,1,1,0,0
27.47,3.6,1.6,0.61,1,1,0,0,0
35.26,6.4,3.5,0.78,1,1,0,0,0
10.07,50.0,1.8,0.22,1,0,0,1,0
5.46,25.9,11.7,0.12,1,0,1,1,0
19.84,7.1,31.6,0.44,0,1,0,1,0
79.99,14.3,8.1,1.78,1,1,0,1,0
170.06,2.3,18.3,3.78,1,1,0,1,0
39.01,17.7,9.3,0.87,1,1,0,1,0
6.47,16.1,7.4,0.14,1,1,0,1,0
15.59,2.4,1.0,0.35,1,1,0,0,0
50.5,41.7,1.8,1.12,1,1,1,0,0
129.51,19.2,15.6,2.88,1,1,0,0,0
17.58,5.1,34.2,0.39,1,1,1,1,0
30.62,9.2,11.7,0.68,1,1,0,1,0
62.89,41.9,0.1,1.4,1,1,0,0,0
178.96,1.2,13.4,3.98,1,1,0,0,0
23.94,4.2,4.2,0.53,1,1,0,1,0
21.26,16.8,9.2,0.47,1,1,0,1,0
615.44,7.6,2.8,13.68,1,1,0,1,0
91.32,99.2,7.6,2.03,1,1,0,0,0
14.21,27.9,18.5,0.32,1,0,0,1,0
56.0,24.4,0.9,1.24,1,1,0,1,0
70.64,15.2,16.5,1.57,1,1,0,0,0
189.15,4.8,5.2,4.2,1,0,1,1,1
73.88,58.9,7.8,1.64,1,1,1,0,0
109.87,1.5,4.2,2.44,1,1,0,0,0
124.32,6.8,10.4,2.76,1,1,0,1,0
320.55,7.2,0.2,7.12,1,1,0,1,0
25.75,0.7,3.5,0.57,1,0,0,1,0
50.8,1.6,10.6,1.13,1,1,0,1,0
10.05,9.5,4.9,0.22,1,0,0,0,0
71.12,32.2,10.3,1.58,1,1,0,0,0
8.94,5.0,3.3,0.2,1,1,0,1,0
262.38,3.9,13.9,5.83,1,0,0,1,1
16.45,18.1,3.9,0.37,1,1,1,1,0
135.94,7.6,5.9,3.02,1,0,0,1,0
256.62,36.2,4.7,5.7,1,1,0,1,0
138.28,3.8,17.8,3.07,1,0,0,1,0
126.6,2.3,4.7,2.81,1,1,1,0,0
1.36,18.2,3.6,0.03,1,0,0,0,0
150.33,2.4,1.1,3.34,1,1,1,1,0
222.61,12.8,6.6,4.95,1,1,0,1,0
11.21,1.0,12.6,0.25,1,1,0,1,0
58.77,0.3,6.5,1.31,1,0,0,1,0
50.47,6.0,1.0,1.12,1,1,0,0,0
36.77,13.6,0.5,0.82,1,0,1,0,0
39.32,4.1,9.0,0.87,1,1,0,1,0
26.89,6.1,10.4,0.6,1,1,1,0,0
112.55,4.6,1.2,2.5,1,1,0,0,0
62.73,0.6,2.2,1.39,1,1,0,1,0
44.73,6.2,4.4,0.99,1,1,0,0,0
339.69,12.4,0.1,7.55,1,1,1,0,0
39.41,16.0,3.5,0.88,1,0,0,1,0
69.7,5.1,3.1,1.55,1,1,0,1,0
26.04,8.2,3.2,0.58,1,1,0,0,0
200.07,18.7,3.9,4.45,0,1,0,1,0
18.34,22.0,1.7,0.41,1,1,0,1,0
153.01,7.7,3.7,3.4,1,1,0,1,0
10.07,6.2,4.6,0.22,1,1,0,0,0
108.09,10.7,2.4,2.4,1,0,0,1,0
18.43,2.4,1.5,0.41,1,0,0,0,0
209.61,0.7,2.0,4.66,1,1,0,1,0
13.09,46.1,3.2,0.29,1,1,0,1,0
99.07,1.1,5.1,2.2,1,1,1,0,0
9.21,2.3,0.7,0.2,0,0,0,1,0
76.92,10.2,1.9,1.71,0,0,0,0,0
23.9,5.7,2.8,0.53,1,1,1,0,0
5.28,4.0,2.7,0.12,1,1,0,0,0
404.28,9.6,1.9,8.98,1,1,0,0,0
92.38,4.2,6.5,2.05,1,1,0,1,0
143.92,0.7,16.0,3.2,1,1,0,1,0
75.19,1.4,17.4,1.67,1,1,0,1,0
107.35,40.0,5.7,2.39,1,1,0,1,0
4.84,15.0,26.2,0.11,1,1,0,1,0
5.54,41.9,7.9,0.12,0,1,0,0,0
27.44,12.0,1.9,0.61,1,1,0,1,0
152.13,29.5,5.5,3.38,1,1,0,0,0
45.65,9.7,1.7,1.01,1,1,0,0,0
309.12,24.1,4.4,6.87,1,0,0,1,1
15.45,10.0,9.9,0.34,1,1,0,1,0
211.15,5.3,0.3,4.69,1,0,0,0,0
3.72,20.0,9.6,0.08,1,1,0,0,0
145.2,6.6,5.5,3.23,1,0,0,0,0
95.6,45.9,6.7,2.12,1,1,0,1,0
10.85,2.8,3.7,0.24,1,1,0,0,0
48.45,7.1,3.7,1.08,1,1,0,1,0
97.33,1.2,10.1,2.16,1,1,0,1,0
312.69,15.2,13.9,6.95,1,1,0,0,0
3.92,38.1,5.2,0.09,1,1,0,1,0
6.44,14.4,1.0,0.14,1,1,0,0,0
84.6,10.8,10.3,1.88,1,1,0,1,0
45.63,0.7,0.7,1.01,1,1,1,0,0
128.84,9.1,1.4,2.86,1,1,0,0,0
1.2,5.8,2.2,0.03,1,1,0,1,0
112.22,1.8,3.6,2.49,1,1,0,1,0
10.21,31.9,10.2,0.23,1,0,0,1,0
154.43,10.7,43.3,3.43,1,1,1,0,0
36.08,3.6,4.8,0.8,1,0,0,0,0
3.68,29.6,6.5,0.08,1,1,1,0,0
23.75,4.1,8.1,0.53,1,1,0,1,0
68.35,21.8,1.7,1.52,0,1,0,0,0
171.34,17.5,2.5,3.81,1,1,0,1,0
13.59,7.7,1.6,0.3,1,1,0,1,0
17.69,3.1,5.7,0.39,1,1,0,1,0
15.77,10.8,18.2,0.35,1,1,0,0,0
17.01,6.3,10.0,0.38,1,1,0,1,0
17.16,0.7,4.5,0.38,1,1,0,1,0
18.65,0.1,4.0,0.41,1,1,0,0,0
86.28,0.8,9.5,1.92,1,1,0,0,0
147.34,7.7,16.5,3.27,1,1,0,1,0
81.32,19.9,14.2,1.81,1,1,0,0,0
9.5,0.8,10.4,0.21,1,0,0,0,0
634.87,24.0,0.8,14.11,1,1,0,0,0
206.38,34.4,50.4,4.59,0,0,0,1,1
49.03,31.0,2.8,1.09,1,1,0,0,0
17.96,24.5,0.3,0.4,0,1,0,0,0
184.01,6.6,14.4,4.09,1,1,0,1,0
126.58,11.0,3.9,2.81,1,1,0,1,0
383.86,7.0,4.0,8.53,1,1,0,1,0
272.29,17.2,2.7,6.05,1,1,0,0,0
8.03,18.1,11.3,0.18,1,1,0,0,0
243.1,6.0,4.1,5.4,1,1,1,0,0
112.51,13.9,17.6,2.5,0,1,1,0,0
125.46,0.3,4.7,2.79,1,1,0,1,0
14.02,28.1,4.9,0.31,1,1,0,1,0
117.62,1.0,1.1,2.61,1,0,0,1,0
244.43,23.0,7.3,5.43,1,1,0,1,0
68.28,1.9,2.5,1.52,1,1,0,1,0
26.84,18.1,0.8,0.6,1,1,0,1,0
35.56,14.8,0.4,0.79,1,1,0,1,0
102.86,13.8,0.7,2.29,1,1,0,0,0
11.8,33.5,3.7,0.26,0,1,0,0,0
269.37,4.8,7.6,5.99,1,1,1,0,0
156.05,0.8,19.7,3.47,1,1,1,1,0
70.0,16.5,0.4,1.56,1,1,0,0,0
185.65,37.0,0.8,4.13,1,0,0,0,0
73.24,18.0,3.4,1.63,0,1,0,0,0
64.35,3.8,24.4,1.43,1,1,0,1,0
231.47,0.9,5.6,5.14,1,1,1,1,0
8.89,37.7,6.2,0.2,1,1,0,0,0
104.38,15.0,4.0,2.32,1,1,0,0,0
64.21,23.5,9.4,1.43,0,1,0,0,0
32.3,39.3,7.1,0.72,1,1,0,1,0
26.18,18.8,9.3,0.58,1,1,0,1,0
155.54,28.9,11.8,3.46,1,0,0,1,0
24.7,48.5,17.3,0.55,1,1,0,0,0
73.71,14.3,22.3,1.64,0,1,0,1,0
25.1,25.2,1.0,0.56,1,1,0,1,0
21.56,3.4,4.6,0.48,1,0,1,1,0
6.97,12.3,5.0,0.15,1,1,0,0,0
24.19,0.8,3.5,0.54,1,0,0,0,0
146.22,8.4,21.4,3.25,1,1,0,1,0
4.74,53.9,2.0,0.11,1,0,0,1,0
58.15,7.1,5.3,1.29,0,1,0,1,0
17.13,6.2,7.6,0.38,0,1,0,1,0
35.74,45.0,1.3,0.79,1,0,0,1,0
88.55,13.5,0.9,1.97,1,1,0,0,0
188.47,13.4,3.7,4.19,1,0,1,1,1
49.33,25.4,4.9,1.1,1,0,0,1,0
2.41,1.1,6.3,0.05,1,0,0,0,0
453.17,5.0,1.8,10.07,1,1,0,0,0
81.04,18.4,25.3,1.8,1,1,0,1,0
34.92,6.1,21.4,0.78,1,0,1,1,0
15.3,0.6,1.6,0.34,0,1,0,0,0
132.52,9.1,5.0,2.94,1,0,0,0,0
301.03,5.6,8.8,6.69,1,1,0,1,0
135.65,25.1,1.4,3.01,1,1,0,1,0
45.38,6.4,0.5,1.01,1,1,0,1,0
9.53,44.1,3.1,0.21,0,1,0,1,0
74.36,3.9,12.6,1.65,1,0,0,1,0
31.22,9.0,0.9,0.69,0,1,0,1,0
93.53,26.9,20.9,2.08,1,1,0,0,0
158.86,15.5,7.6,3.53,1,1,0,1,0
104.53,1.7,2.9,2.32,1,1,0,1,0
18.65,1.9,4.9,0.41,0,1,1,0,0
446.49,12.4,25.5,9.92,1,1,1,1,0
54.08,5.7,1.6,1.2,1,0,0,0,0
28.16,5.6,25.1,0.63,0,1,0,0,0
9.33,6.2,19.6,0.21,1,0,0,0,0
79.35,0.1,1.2,1.76,1,1,0,1,0
72.59,19.1,5.0,1.61,1,0,0,1,0
5.0,2.6,0.5,0.11,1,0,0,0,0
112.39,19.7,5.0,2.5,1,1,0,0,0
148.99,12.1,1.7,3.31,1,0,0,1,0
63.89,17.2,5.5,1.42,1,0,0,1,0
8.55,6.0,1.8,0.19,1,1,1,1,0
12.25,5.9,3.1,0.27,1,0,0,0,0
23.06,52.5,12.8,0.51,1,1,0,0,0
37.19,15.1,14.4,0.83,1,1,0,0,0
31.3,16.2,3.6,0.7,1,1,0,1,0
201.99,13.7,5.8,4.49,1,1,1,1,0
14.49,14.2,7.8,0.32,1,1,0,1,0
158.11,8.0,7.1,3.51,1,1,0,0,0
40.75,3.7,5.7,0.91,1,1,0,0,0
67.63,10.9,9.6,1.5,1,1,1,1,0
47.68,4.9,11.3,1.06,1,1,0,1,0
83.6,5.0,0.3,1.86,1,0,0,0,0
85.51,37.7,3.7,1.9,1,1,0,0,0
36.52,29.8,12.2,0.81,1,1,0,1,0
62.2,16.3,0.3,1.38,1,1,0,0,0
71.04,3.6,3.7,1.58,1,1,0,1,0
33.63,1.2,2.5,0.75,1,1,0,1,0
16.22,13.2,1.5,0.36,1,1,1,0,0
247.29,1.3,11.7,5.5,1,1,1,0,0
84.58,0.9,2.6,1.88,1,0,0,1,0
17.79,3.6,0.5,0.4,1,1,0,1,0
68.1,8.0,1.9,1.51,1,1,1,1,0
30.05,11.6,23.9,0.67,1,0,0,0,0
77.78,6.7,8.8,1.73,1,1,0,1,0
75.44,12.0,0.4,1.68,1,0,0,0,0
47.88,53.2,10.1,1.06,1,1,0,0,0
45.79,29.6,1.2,1.02,1,1,0,0,0
262.11,0.5,13.3,5.82,1,1,1,1,0
34.33,9.2,7.2,0.76,1,1,0,1,0
11.67,12.4,3.1,0.26,1,1,0,1,0
69.12,13.6,2.1,1.54,1,1,0,0,0
95.27,2.3,36.3,2.12,1,1,0,0,0
163.32,2.0,14.4,3.63,1,1,0,1,0
35.7,1.7,7.8,0.79,1,1,0,1,0
351.05,6.3,10.1,7.8,1,1,0,1,0
56.82,1.4,3.9,1.26,1,0,0,1,0
57.01,7.2,5.8,1.27,0,1,0,0,0
49.56,5.5,25.1,1.1,1,1,0,1,0
6.06,47.9,11.3,0.13,1,1,0,1,0
21.26,7.8,6.5,0.47,1,0,0,1,0
31.88,4.7,1.7,0.71,1,1,0,0,0
214.52,19.4,6.0,4.77,0,1,0,0,0
26.33,15.7,18.0,0.59,1,1,0,0,0
124.54,7.8,53.7,2.77,0,1,0,1,0
36.55,0.1,3.3,0.81,1,0,0,0,0
30.51,3.8,8.3,0.68,1,0,0,1,0
67.46,14.1,3.0,1.5,1,0,0,1,0
37.74,4.4,0.5,0.84,1,1,0,0,0
4.21,31.8,23.2,0.09,1,1,1,0,0
264.28,14.7,0.5,5.87,1,1,1,0,0
4.39,1.4,2.9,0.1,0,0,0,1,0
7.15,5.4,24.2,0.16,1,0,0,0,0
2.84,2.2,11.5,0.06,1,1,0,1,0
33.8,35.6,30.7,0.75,1,1,0,1,0
62.64,4.5,1.5,1.39,1,1,0,1,0
75.21,31.2,12.2,1.67,1,1,0,0,0
49.08,0.8,34.2,1.09,1,1,0,0,0
23.27,2.4,17.2,0.52,1,1,0,0,0
79.73,6.9,0.2,1.77,1,0,0,0,0
12.83,6.7,7.8,0.29,1,1,0,1,0
10.72,20.4,5.8,0.24,1,1,0,1,0
16.5,33.1,3.7,0.37,1,1,0,1,0
13.77,14.8,2.0,0.31,1,1,0,1,0
32.28,1.0,1.4,0.72,1,0,0,0,0
92.41,12.5,0.9,2.05,0,1,0,0,0
150.82,6.0,3.6,3.35,1,0,0,1,0
18.67,7.6,3.2,0.41,1,1,0,0,0
122.08,1.7,8.3,2.71,1,1,0,0,0
8.62,14.5,20.1,0.19,1,1,0,1,0
18.45,6.0,12.4,0.41,1,1,0,1,0
253.14,7.9,11.8,5.63,1,1,0,1,0
4.82,12.1,10.7,0.11,1,0,0,1,0
41.73,4.9,6.4,0.93,1,1,1,0,0
6.33,0.3,5.3,0.14,1,0,0,1,0
69.66,30.9,15.7,1.55,1,0,0,0,0
90.48,2.2,44.8,2.01,1,1,0,1,0
19.3,26.7,6.8,0.43,1,1,0,1,0
4.51,6.2,13.8,0.1,0,0,0,0,0
134.94,1.7,0.3,3.0,1,1,0,1,0
77.41,18.6,4.0,1.72,1,1,1,0,0
33.75,8.7,5.9,0.75,1,1,0,0,0
14.32,1.8,2.7,0.32,0,1,0,0,0
161.84,1.8,14.2,3.6,1,0,0,1,0
4.56,0.7,3.1,0.1,1,0,0,1,0
58.59,46.3,12.8,1.3,0,1,0,1,0
40.3,12.5,0.3,0.9,1,1,0,1,0
4.97,8.2,0.7,0.11,0,1,0,0,0
53.54,11.5,10.1,1.19,1,0,0,0,0
139.49,0.2,14.1,3.1,1,1,0,1,0
59.0,9.6,1.4,1.31,1,1,0,1,0
19.75,25.9,9.9,0.44,1,1,0,1,0
58.48,1.5,2.6,1.3,1,1,0,0,0
18.03,18.8,2.5,0.4,1,1,0,0,0
158.73,12.6,4.8,3.53,1,1,0,1,0
319.09,13.1,0.0,7.09,1,0,0,1,1
100.77,7.5,1.9,2.24,1,1,0,0,0
57.31,4.0,7.1,1.27,1,1,0,1,0
26.0,30.9,28.4,0.58,1,1,0,0,0
17.74,6.0,12.5,0.39,1,1,0,1,0
328.56,117.9,4.8,7.3,1,1,0,0,0
18.61,30.6,3.5,0.41,0,1,0,0,0
13.68,17.9,0.1,0.3,1,1,0,1,0
139.6,18.2,12.4,3.1,1,0,0,1,0
40.01,7.2,3.6,0.89,1,1,1,0,0
83.76,76.7,10.7,1.86,1,1,1,1,0
15.31,2.4,10.0,0.34,1,1,0,0,0
55.54,7.0,1.8,1.23,1,1,0,0,0
282.21,44.1,3.2,6.27,1,1,0,1,0
23.7,15.0,3.5,0.53,1,1,0,1,0
83.77,3.3,7.6,1.86,1,1,0,0,0
112.49,4.5,1.6,2.5,1,0,0,0,0
53.15,15.6,11.5,1.18,1,1,0,1,0
56.42,5.7,14.8,1.25,1,1,0,0,0
49.41,3.3,0.7,1.1,1,1,0,0,0
10.48,6.8,3.6,0.23,1,1,0,0,0
476.59,18.9,15.8,10.59,1,1,1,0,0
166.11,1.3,0.6,3.69,1,1,0,0,0
7.02,19.2,0.4,0.16,1,1,0,1,0
58.47,24.0,8.9,1.3,1,1,0,0,0
31.73,8.2,4.5,0.71,1,1,0,1,0
44.68,39.1,8.0,0.99,0,1,0,1,0
61.66,10.1,0.2,1.37,1,0,1,1,0
12.51,9.6,7.4,0.28,1,1,0,1,0
62.72,1.7,9.0,1.39,1,0,1,0,0
57.74,8.3,4.2,1.28,1,0,0,1,0
58.56,4.8,8.6,1.3,1,0,0,0,0
12.74,12.2,2.6,0.28,0,1,0,0,0
2.95,16.5,3.6,0.07,1,1,0,0,0
5.77,10.7,7.5,0.13,1,1,0,1,0
51.53,12.6,5.1,1.15,1,0,0,0,0
13.44,8.2,0.5,0.3,1,1,0,0,0
6.02,8.1,23.4,0.13,1,1,0,1,0
67.34,2.7,11.0,1.5,1,0,0,0,0
9.83,3.4,2.9,0.22,1,0,0,1,0
185.9,1.0,12.6,4.13,1,1,0,1,0
15.24,31.7,8.5,0.34,1,1,0,1,0
61.87,16.6,4.9,1.37,1,0,0,1,0
84.58,15.3,48.1,1.88,1,0,0,0,0
15.51,14.0,7.9,0.34,1,1,0,0,0
25.53,21.9,30.6,0.57,1,1,0,0,0
84.25,24.7,20.3,1.87,1,1,0,1,0
150.62,3.9,1.0,3.35,1,1,0,1,0
66.6,2.8,5.0,1.48,1,1,0,0,0
74.11,2.2,5.3,1.65,1,0,0,0,0
203.29,2.9,42.2,4.52,1,1,1,0,0
45.91,2.3,3.5,1.02,1,1,0,1,0
18.37,6.9,2.1,0.41,1,1,0,0,0
88.42,33.0,1.0,1.96,1,0,0,0,0
132.07,63.5,2.9,2.93,0,1,0,1,0
8.39,1.0,7.7,0.19,1,1,0,1,0
218.83,5.1,16.7,4.86,1,0,0,0,0
147.03,3.4,6.8,3.27,1,1,0,0,0
40.23,30.1,11.2,0.89,1,1,0,1,0
46.25,35.1,5.7,1.03,1,1,0,0,0
166.21,15.8,7.2,3.69,1,0,1,0,0
37.08,0.2,10.6,0.82,1,1,0,1,0
194.82,10.3,2.1,4.33,1,1,0,0,0
47.28,8.2,5.0,1.05,1,1,1,1,0
39.63,13.8,0.4,0.88,0,1,1,1,0
76.38,1.2,7.3,1.7,1,1,0,1,0
176.12,8.5,3.0,3.91,1,1,0,1,0
13.05,7.3,1.3,0.29,0,1,0,1,0
14.03,12.1,3.5,0.31,1,1,0,1,0
302.04,2.7,5.3,6.71,1,0,1,1,1
128.98,26.9,11.7,2.87,1,1,1,1,0
14.91,45.3,19.3,0.33,0,0,0,0,0
17.7,3.1,4.7,0.39,1,1,0,1,0
42.82,32.4,6.8,0.95,1,1,0,1,0
299.93,9.9,0.6,6.67,1,0,1,0,0
164.29,17.6,0.8,3.65,1,1,0,0,0
128.35,27.5,25.9,2.85,1,1,0,0,0
83.31,39.3,5.3,1.85,1,1,0,1,0
1.31,41.6,3.8,0.03,1,1,0,0,0
58.81,3.5,10.8,1.31,1,0,0,1,0
42.23,23.1,3.5,0.94,1,1,0,0,0
199.18,3.3,6.7,4.43,1,1,0,0,0
289.02,26.2,9.6,6.42,1,0,0,1,0
60.71,52.6,11.0,1.35,0,1,0,1,0
12.74,0.9,9.7,0.28,1,1,0,0,0
144.45,37.7,5.0,3.21,1,1,0,1,0
60.52,24.7,6.5,1.34,0,1,0,0,0
156.85,4.1,6.3,3.49,1,1,1,1,0
70.87,3.1,4.3,1.57,1,0,0,1,0
215.54,2.2,10.2,4.79,1,0,0,1,0
92.49,23.0,16.2,2.06,0,1,0,1,0
145.86,2.7,27.2,3.24,1,1,0,1,0
64.31,4.6,2.8,1.43,1,1,0,1,0
15.77,1.3,5.8,0.35,1,0,0,1,0
61.37,65.9,2.9,1.36,0,1,0,1,0
41.38,7.2,4.9,0.92,1,1,0,1,0
261.75,11.5,10.0,5.82,1,1,0,0,0
17.96,17.2,37.7,0.4,1,1,0,1,0
136.96,4.0,14.5,3.04,1,1,0,0,0
349.57,26.8,8.2,7.77,0,1,0,0,0
85.23,4.2,30.6,1.89,0,1,0,1,0
41.65,34.3,21.3,0.93,1,1,0,1,0
128.5,3.0,4.6,2.86,1,1,1,1,0
51.18,18.3,4.8,1.14,1,1,0,1,0
45.71,1.1,3.5,1.02,1,1,0,0,0
33.33,22.1,8.9,0.74,1,1,0,1,0
118.52,21.1,8.0,2.63,1,1,0,1,0
63.22,1.6,6.2,1.4,1,0,0,1,0
60.2,0.3,22.5,1.34,1,1,0,1,0
50.02,8.7,1.5,1.11,1,1,0,1,0
75.86,11.2,5.5,1.69,1,1,0,1,0
5.52,24.6,4.5,0.12,1,1,0,1,0
42.72,29.1,6.6,0.95,1,1,1,1,0
50.77,7.4,0.5,1.13,1,0,0,1,0
25.13,7.9,0.3,0.56,1,0,0,1,0
25.13,29.8,10.7,0.56,1,1,1,0,0
102.2,5.4,5.6,2.27,1,1,0,1,0
65.24,24.0,0.9,1.45,1,0,0,0,0
15.98,2.2,4.5,0.36,1,1,0,0,0
44.47,15.5,11.0,0.99,1,1,0,0,0
93.38,6.2,5.8,2.08,1,1,0,0,0
32.94,5.4,0.4,0.73,1,1,0,0,0
153.87,18.3,1.5,3.42,1,1,0,0,0
3.11,11.0,1.6,0.07,1,0,0,1,0
61.7,2.3,5.2,1.37,0,1,0,1,0
73.79,15.7,9.1,1.64,1,1,0,1,0
47.57,3.4,8.6,1.06,1,1,0,0,0
66.83,30.5,3.9,1.49,1,1,0,0,0
36.75,31.8,0.4,0.82,1,1,0,0,0
62.81,25.1,2.6,1.4,0,0,0,0,0
86.1,24.1,8.6,1.91,1,0,0,1,0
27.05,54.0,0.5,0.6,1,1,0,1,0
32.21,9.0,3.1,0.72,1,1,0,0,0
46.51,7.5,3.1,1.03,1,1,1,0,0
374.37,19.9,0.0,8.32,1,1,0,1,0
13.06,6.2,0.7,0.29,0,1,0,0,0
94.76,0.9,0.0,2.11,1,1,0,1,0
44.1,9.1,8.0,0.98,1,1,0,1,0
20.54,8.0,9.1,0.46,1,0,0,1,0
119.28,23.8,51.7,2.65,1,1,0,0,0
38.2,10.3,0.8,0.85,1,0,1,1,0
41.86,18.7,7.7,0.93,0,1,0,1,0
10.34,2.5,1.9,0.23,1,1,0,1,0
107.41,6.6,7.4,2.39,0,1,0,1,0
85.76,0.9,22.1,1.91,0,1,0,1,0
20.93,13.4,0.5,0.47,1,1,0,0,0
14.9,56.1,2.4,0.33,1,1,0,1,0
13.38,6.9,20.1,0.3,1,0,0,0,0
7.96,40.1,23.4,0.18,1,0,0,0,0
141.26,2.8,6.4,3.14,1,1,0,1,0
11.66,1.1,1.1,0.26,1,1,0,0,0
12.92,18.6,11.7,0.29,1,1,0,0,0
63.39,5.4,6.5,1.41,1,1,0,1,0
4.26,69.7,3.4,0.09,1,0,0,0,0
9.51,12.9,20.0,0.21,1,1,0,1,0
84.31,19.3,4.9,1.87,1,1,1,0,0
15.04,2.0,7.0,0.33,1,1,0,0,0
90.04,3.8,0.4,2.0,1,0,1,1,0
61.19,24.4,4.3,1.36,1,1,0,1,0
32.31,9.6,2.2,0.72,1,1,0,0,0
71.96,14.0,12.6,1.6,0,1,0,1,0
204.97,23.2,7.3,4.55,1,1,0,0,0
94.75,7.3,3.7,2.11,1,1,0,1,0
435.33,24.0,2.9,9.67,1,1,0,0,0
77.24,28.7,0.3,1.72,1,1,0,0,0
1.11,1.2,26.8,0.02,1,1,0,1,0
14.14,1.7,6.7,0.31,1,1,0,0,0
12.68,12.4,6.0,0.28,1,1,0,1,0
189.08,16.1,0.2,4.2,0,0,1,1,1
36.95,38.6,3.2,0.82,0,1,0,0,0
263.42,2.6,10.6,5.85,1,1,0,0,0
321.08,15.1,2.7,7.14,0,1,0,1,0
270.97,16.0,1.2,6.02,0,1,0,1,0
209.67,12.1,0.8,4.66,1,1,1,1,0
34.2,15.4,0.5,0.76,1,0,0,0,0
6.76,9.6,3.7,0.15,1,1,0,1,0
435.37,6.3,6.2,9.67,1,1,0,1,0
51.27,19.7,15.2,1.14,1,1,0,1,0
79.22,4.3,12.3,1.76,1,0,0,1,0
50.38,10.8,0.3,1.12,1,0,0,1,0
9.49,20.3,11.2,0.21,1,1,0,1,0
36.68,11.8,1.2,0.82,1,1,0,1,0
8.85,10.7,6.0,0.2,1,1,0,1,0
22.74,7.7,9.3,0.51,1,1,0,1,0
12.84,2.4,17.0,0.29,1,1,0,0,0
27.01,79.6,6.8,0.6,1,1,0,1,0
72.49,1.7,1.1,1.61,1,1,0,1,0
77.1,41.6,17.9,1.71,1,0,0,0,0
37.11,0.9,7.4,0.82,1,1,0,1,0
55.54,2.7,2.0,1.23,1,0,0,1,0
187.91,3.2,2.3,4.18,0,1,1,1,0
23.25,13.0,2.3,0.52,1,1,0,1,0
78.91,1.4,0.0,1.75,1,0,0,1,0
102.05,16.0,9.4,2.27,1,0,0,1,0
48.92,13.9,7.2,1.09,0,1,1,1,0
13.89,16.8,6.6,0.31,1,0,0,1,0
22.08,17.7,0.3,0.49,1,1,0,1,0
4.75,2.1,16.2,0.11,1,1,0,1,0
3.85,3.5,2.3,0.09,1,0,0,1,0
67.3,3.4,11.1,1.5,1,1,0,1,0
48.74,8.4,10.2,1.08,1,0,0,0,0
10.4,22.5,2.9,0.23,1,0,0,1,0
48.19,7.5,9.8,1.07,1,1,1,0,0
35.51,2.6,7.5,0.79,0,0,0,0,0
68.97,0.5,14.9,1.53,1,0,0,0,0
11.16,26.2,2.9,0.25,1,1,0,1,0
71.26,14.8,16.2,1.58,1,0,0,0,0
128.85,6.7,1.9,2.86,0,1,1,1,0
3.73,2.1,5.0,0.08,1,1,0,0,0
26.74,4.6,3.4,0.59,1,0,0,1,0
114.55,16.6,11.7,2.55,0,1,0,1,0
64.63,3.0,9.1,1.44,1,1,0,0,0
102.09,3.8,6.7,2.27,1,1,1,1,0
9.63,2.9,6.2,0.21,1,1,0,1,0
5.41,39.8,3.1,0.12,1,1,0,0,0
6.4,1.2,11.3,0.14,1,1,0,1,0
6.15,15.4,4.8,0.14,1,1,0,0,0
665.54,6.0,4.0,14.79,1,1,0,0,0
85.71,17.2,2.1,1.9,1,1,0,1,0
134.05,20.9,4.8,2.98,1,1,1,1,0
71.12,14.0,0.4,1.58,1,1,0,0,0
204.84,27.5,0.4,4.55,1,1,0,1,0
72.51,4.8,17.3,1.61,1,0,0,0,0
70.31,15.0,5.7,1.56,1,0,1,1,0
49.71,3.1,5.0,1.1,1,1,0,1,0
30.05,2.8,11.4,0.67,1,1,0,1,0
152.84,10.4,5.4,3.4,1,1,0,1,0
9.59,1.9,3.5,0.21,1,1,0,1,0
35.14,3.9,0.7,0.78,1,1,0,0,0
10.87,14.8,5.1,0.24,1,0,1,0,0
76.02,7.7,7.6,1.69,0,0,0,1,0
189.36,0.6,17.3,4.21,1,1,0,1,0
116.54,1.5,0.3,2.59,1,1,0,0,0
38.73,29.4,3.8,0.86,1,0,0,1,0
121.48,28.5,3.6,2.7,0,1,0,1,0
7.24,8.3,13.0,0.16,1,1,0,1,0
160.09,20.8,3.0,3.56,1,1,1,1,0
8.13,26.4,0.2,0.18,1,1,0,1,0
49.25,33.7,0.9,1.09,1,0,0,1,0
7.65,0.3,4.0,0.17,1,1,0,0,0
94.78,5.4,4.0,2.11,1,1,0,0,0
42.02,1.4,4.8,0.93,1,1,0,0,0
90.05,3.1,32.5,2.0,1,1,0,1,0
180.74,49.6,4.2,4.02,1,1,0,1,0
40.87,4.8,9.5,0.91,1,0,0,1,0
66.01,3.7,12.6,1.47,1,1,0,1,0
8.66,1.2,0.6,0.19,1,0,0,1,0
306.94,4.2,5.5,6.82,1,1,1,0,0
120.33,40.5,4.0,2.67,1,0,0,0,0
10.03,28.8,4.5,0.22,1,1,1,1,0
40.57,1.6,3.4,0.9,1,0,0,0,0
81.83,17.2,4.3,1.82,1,1,0,1,0
106.52,13.7,19.1,2.37,1,1,0,1,0
11.44,4.4,3.0,0.25,1,1,1,0,0
86.65,32.0,5.9,1.93,0,1,0,1,0
104.75,0.1,2.8,2.33,1,0,0,1,0
116.77,10.8,2.5,2.59,1,0,0,0,0
31.05,8.6,9.5,0.69,1,1,0,1,0
17.32,2.4,13.6,0.38,1,0,0,1,0
33.42,33.3,12.2,0.74,0,1,0,0,0
28.31,13.5,0.9,0.63,1,1,0,1,0
330.15,12.9,0.2,7.34,1,1,1,1,0
95.04,4.0,2.1,2.11,1,0,0,1,0
29.81,7.0,0.8,0.66,1,0,1,1,0
101.7,16.6,1.4,2.26,1,1,1,0,0
196.02,30.0,7.5,4.36,1,0,0,1,1
4.06,1.4,8.7,0.09,1,1,0,1,0
88.09,42.4,1.5,1.96,1,1,0,0,0
189.11,24.1,6.2,4.2,1,0,0,1,1
9.58,21.9,4.7,0.21,1,1,1,1,0
122.0,22.9,8.5,2.71,1,1,0,1,0
57.56,12.9,21.8,1.28,0,1,0,1,0
70.53,4.9,2.5,1.57,1,1,0,0,0
25.14,12.1,31.9,0.56,1,1,0,0,0
3.25,0.6,9.5,0.07,1,0,0,1,0
15.87,1.6,0.7,0.35,1,1,1,1,0
145.65,1.2,4.2,3.24,1,1,0,1,0
101.28,13.4,19.7,2.25,1,0,0,1,0
23.2,30.8,17.6,0.52,1,1,0,1,0
79.8,3.6,12.4,1.77,1,1,0,0,0
39.58,33.3,54.0,0.88,1,1,0,0,0
23.56,0.6,2.8,0.52,1,1,0,0,0
61.28,30.0,11.2,1.36,1,1,0,1,0
19.01,1.6,1.2,0.42,0,0,0,0,0
134.12,37.8,3.6,2.98,1,1,0,1,0
32.64,32.4,1.1,0.73,1,1,0,0,0
102.83,40.4,10.2,2.29,1,0,0,0,0
95.85,1.5,0.0,2.13,1,1,1,1,0
53.29,4.4,11.8,1.18,1,1,0,0,0
78.13,0.3,2.6,1.74,1,1,0,1,0
203.92,12.1,13.1,4.53,1,1,0,1,0
276.1,4.8,6.0,6.14,0,1,0,0,0
27.66,13.1,2.8,0.61,1,0,0,0,0
18.5,4.4,6.9,0.41,1,1,0,1,0
14.75,18.5,2.4,0.33,1,1,0,0,0
74.47,17.2,0.1,1.65,1,0,0,1,0
1.2,9.2,37.0,0.03,1,1,1,0,0
61.27,0.8,9.6,1.36,1,1,0,1,0
50.13,2.3,12.3,1.11,1,1,1,1,0
75.13,0.3,10.9,1.67,1,1,0,1,0
72.96,2.1,6.9,1.62,1,1,1,1,0
10.1,0.5,0.8,0.22,1,1,1,0,0
100.9,18.4,3.1,2.24,0,1,0,1,0
15.05,3.7,17.4,0.33,1,1,0,1,0
15.41,0.7,10.3,0.34,1,0,0,1,0
18.55,1.3,22.4,0.41,0,1,0,0,0
148.1,25.6,28.3,3.29,0,1,0,0,0
69.78,9.4,9.2,1.55,1,1,0,1,0
33.03,11.4,9.9,0.73,1,1,0,1,0
7.79,25.2,7.5,0.17,0,1,0,1,0
52.94,24.2,2.9,1.18,1,0,0,1,0
200.64,10.5,4.8,4.46,1,1,0,0,0
3.82,4.9,1.3,0.08,1,0,0,0,0
14.97,8.8,17.0,0.33,0,1,0,1,0
86.81,8.1,4.1,1.93,1,1,0,1,0
65.21,80.1,7.9,1.45,1,0,0,1,0
85.02,26.6,1.4,1.89,1,0,0,1,0
40.1,2.6,10.7,0.89,1,1,0,1,0
254.31,36.4,9.2,5.65,1,1,0,1,0
43.55,16.5,7.9,0.97,1,0,1,0,0
174.77,17.9,0.5,3.88,1,1,1,1,0
55.0,10.9,6.6,1.22,1,1,0,1,0
120.81,14.9,15.7,2.68,1,1,0,0,0
18.82,12.4,5.0,0.42,1,1,1,1,0
2.53,4.8,9.3,0.06,0,1,0,1,0
70.6,17.7,7.0,1.57,1,1,0,1,0
154.18,9.1,11.4,3.43,1,1,0,1,0
51.48,0.8,0.4,1.14,1,0,0,1,0
22.71,26.6,20.7,0.5,1,1,0,0,0
25.04,0.0,7.4,0.56,1,1,0,1,0
39.55,23.4,11.9,0.88,1,1,0,0,0
7.16,17.6,1.3,0.16,1,1,0,1,0
33.85,8.4,5.5,0.75,0,0,0,0,0
9.45,5.9,6.3,0.21,0,1,0,0,0
34.01,6.9,8.2,0.76,1,1,0,1,0
1.52,2.8,11.5,0.03,0,1,0,0,0
10.81,10.4,8.5,0.24,1,1,0,0,0
113.52,19.7,5.9,2.52,1,0,1,1,0
149.33,8.7,11.7,3.32,1,1,0,1,0
416.12,31.9,0.1,9.25,0,1,0,0,0
71.77,17.7,24.4,1.59,1,1,0,1,0
15.14,11.6,13.2,0.34,1,1,0,1,0
34.01,9.1,0.1,0.76,1,1,0,1,0
8.71,1.6,16.8,0.19,1,0,0,1,0
79.61,15.0,0.6,1.77,1,0,0,1,0
60.36,14.8,15.6,1.34,1,0,0,1,0
20.91,6.5,8.7,0.46,1,1,0,0,0
157.36,2.4,0.5,3.5,0,1,1,0,0
11.65,26.5,0.9,0.26,1,1,0,1,0
15.95,1.8,1.2,0.35,1,0,0,1,0
257.11,15.5,8.1,5.71,1,1,0,0,0
33.09,36.5,12.3,0.74,1,0,0,1,0
99.17,8.9,0.0,2.2,1,1,0,0,0
344.98,11.2,14.4,7.67,1,1,1,0,0
33.51,14.2,6.8,0.74,1,1,1,1,0
7.7,37.1,7.2,0.17,1,0,0,1,0
55.9,25.8,4.2,1.24,1,1,0,1,0
68.29,4.3,2.3,1.52,1,1,1,0,0
74.61,0.7,12.1,1.66,1,1,0,1,0
67.25,2.1,26.6,1.49,1,1,0,1,0
95.58,3.1,5.7,2.12,1,1,0,0,0
70.18,11.1,1.8,1.56,1,1,0,1,0
76.07,12.9,11.6,1.69,1,0,0,1,0
163.41,12.2,13.7,3.63,1,1,0,0,0
78.66,3.6,23.0,1.75,1,1,0,0,0
60.35,1.1,25.8,1.34,1,1,0,1,0
7.45,11.5,18.7,0.17,1,1,0,1,0
131.94,11.5,2.5,2.93,1,1,0,1,0
180.42,17.1,1.9,4.01,1,0,0,1,0
76.98,57.9,0.7,1.71,1,1,0,1,0
76.0,3.3,5.2,1.69,1,1,0,0,0
75.6,40.6,20.3,1.68,1,1,0,0,0
62.73,19.8,7.0,1.39,1,1,0,1,0
169.59,8.0,9.9,3.77,0,1,0,1,0
143.18,15.9,6.8,3.18,1,1,0,0,0
50.89,10.7,6.2,1.13,1,1,0,0,0
63.75,10.5,7.7,1.42,1,1,0,1,0
328.93,4.9,2.4,7.31,1,1,0,1,0
160.0,33.0,1.1,3.56,1,1,0,1,0
112.28,6.6,2.3,2.5,0,1,0,1,0
58.97,36.6,9.0,1.31,1,1,0,0,0
29.61,11.5,0.4,0.66,1,1,0,1,0
33.82,18.0,10.3,0.75,1,0,0,0,0
97.38,8.7,16.6,2.16,1,0,0,1,0
108.08,21.4,6.0,2.4,1,1,1,1,0
105.59,11.4,5.5,2.35,1,1,0,1,0
132.55,11.6,6.5,2.95,1,0,1,1,0
158.85,20.2,37.1,3.53,1,1,0,1,0
72.73,1.3,5.7,1.62,1,1,0,1,0
25.54,21.6,1.0,0.57,1,0,0,0,0
228.88,15.6,12.2,5.09,1,1,1,1,0
126.78,2.8,7.5,2.82,1,1,0,1,0
18.58,2.9,1.1,0.41,1,1,0,1,0
105.79,33.4,8.4,2.35,1,1,0,1,0
325.28,22.6,6.0,7.23,1,1,0,1,0
149.73,58.4,0.6,3.33,1,1,0,0,0
51.39,1.4,3.9,1.14,1,0,0,1,0
15.04,43.4,14.9,0.33,1,1,1,0,0
12.74,8.1,5.8,0.28,1,0,0,1,0
5.14,7.4,6.9,0.11,1,1,0,0,0
43.52,1.4,3.9,0.97,1,0,0,1,0
29.1,7.7,1.3,0.65,1,1,0,1,0
27.72,5.6,7.2,0.62,1,1,0,1,0
119.6,4.4,5.6,2.66,1,1,1,1,0
182.46,30.3,10.7,4.05,1,1,0,1,0
86.02,4.0,10.1,1.91,1,1,0,1,0
51.32,23.3,3.4,1.14,1,0,1,1,0
36.28,12.9,9.8,0.81,1,1,0,1,0
216.57,1.1,1.6,4.81,1,1,0,1,0
12.31,9.5,7.0,0.27,1,0,0,1,0
112.59,25.7,4.4,2.5,0,0,0,1,0
15.05,22.3,4.9,0.33,1,1,0,1,0
15.72,8.9,39.3,0.35,1,1,1,0,0
243.78,4.8,9.7,5.42,0,1,0,0,0
40.47,0.8,10.6,0.9,1,0,0,1,0
48.19,6.2,6.7,1.07,1,0,0,1,0
6.27,13.2,4.8,0.14,1,0,0,1,0
37.72,19.8,6.7,0.84,1,0,1,0,0
109.69,11.4,8.9,2.44,1,1,0,1,0
17.23,9.2,8.7,0.38,1,0,0,0,0
31.52,37.4,1.8,0.7,1,1,0,1,0
73.56,5.8,1.3,1.63,1,1,0,1,0
96.28,0.5,1.5,2.14,1,0,0,1,0
163.8,15.9,1.3,3.64,1,1,1,1,0
36.44,10.8,5.9,0.81,1,1,0,1,0
263.61,24.1,0.4,5.86,1,1,0,1,0
232.88,18.7,1.2,5.18,1,1,0,1,0
59.55,1.2,15.9,1.32,1,1,1,1,0
2.5,1.8,0.8,0.06,1,1,0,1,0
7.76,3.9,6.8,0.17,1,1,0,1,0
46.6,47.1,0.9,1.04,1,1,0,0,0
14.13,3.0,0.5,0.31,0,1,0,0,0
4.33,4.1,13.9,0.1,1,0,0,1,0
4.42,14.9,8.9,0.1,0,1,0,0,0
102.57,1.7,13.3,2.28,1,0,1,1,0
8.09,14.6,0.3,0.18,1,0,0,1,0
123.45,10.4,20.2,2.74,1,0,0,0,0
275.86,22.9,17.5,6.13,1,1,1,0,0
114.33,1.7,2.2,2.54,0,1,0,1,0
80.71,43.6,5.7,1.79,0,1,0,1,0
9.2,0.9,7.7,0.2,1,1,0,1,0
163.78,17.2,0.4,3.64,1,1,0,1,0
130.13,13.5,11.2,2.89,1,1,0,0,0
31.76,21.2,21.0,0.71,1,1,1,0,0
7.55,5.7,0.4,0.17,1,1,0,0,0
253.78,16.7,6.5,5.64,1,1,0,0,0
164.03,1.6,1.6,3.65,0,1,1,0,0
15.32,17.4,8.4,0.34,1,1,0,1,0
128.06,45.5,5.2,2.85,1,1,0,1,0
51.2,0.4,4.3,1.14,1,1,0,1,0
6.62,16.0,8.9,0.15,1,1,0,0,0
43.27,8.7,10.2,0.96,1,1,1,0,0
47.73,3.0,1.0,1.06,1,1,0,0,0
75.31,24.9,19.1,1.67,1,1,0,0,0
9.62,6.9,6.2,0.21,1,1,0,1,0
24.22,49.5,6.1,0.54,0,1,0,1,0
129.9,9.9,4.7,2.89,1,1,0,1,0
237.51,3.6,3.4,5.28,1,0,0,0,0
6.54,14.5,2.6,0.15,1,1,0,0,0
134.62,0.7,3.0,2.99,1,1,0,0,0
128.01,9.4,1.6,2.84,1,1,0,1,0
80.19,20.8,0.6,1.78,1,1,1,1,0
115.22,1.4,0.7,2.56,0,1,0,1,0
74.34,11.2,1.0,1.65,1,0,0,1,0
427.62,1.6,3.6,9.5,0,1,0,1,0
87.1,11.6,7.0,1.94,1,1,0,1,0
62.44,3.4,24.1,1.39,1,1,1,1,0
57.13,5.6,14.5,1.27,0,1,0,1,0
125.86,20.1,13.7,2.8,1,1,0,1,0
6.89,3.2,1.4,0.15,1,1,0,1,0
14.32,10.2,12.8,0.32,1,1,0,1,0
24.89,4.3,3.4,0.55,1,1,0,1,0
441.71,34.6,0.4,9.82,1,0,0,1,0
29.86,69.1,5.1,0.66,0,1,0,1,0
496.34,3.8,3.6,11.03,1,1,0,1,0
114.81,9.1,26.7,2.55,1,1,0,1,0
321.27,20.5,17.0,7.14,1,1,0,1,0
7.82,2.7,7.1,0.17,1,1,0,0,0
193.05,34.1,0.1,4.29,1,0,0,1,1
101.15,16.5,9.2,2.25,1,0,0,1,0
87.53,13.7,8.9,1.95,1,1,0,0,0
1.21,8.8,3.6,0.03,0,0,0,0,0
87.42,2.4,4.2,1.94,1,0,0,0,0
148.48,9.1,3.9,3.3,1,1,0,1,0
43.68,13.4,2.9,0.97,1,1,0,1,0
81.08,32.3,12.0,1.8,0,1,0,1,0
149.02,43.4,17.0,3.31,1,1,1,1,0
119.45,12.4,0.0,2.65,1,1,0,1,0
160.49,10.3,11.5,3.57,1,1,0,1,0
76.51,18.0,22.4,1.7,1,1,0,0,0
186.61,24.1,7.4,4.15,1,1,1,1,0
96.94,46.5,8.9,2.15,1,1,0,0,0
83.22,5.2,18.6,1.85,1,1,0,0,0
129.78,10.1,8.6,2.88,1,1,0,1,0
2.35,0.8,6.2,0.05,1,1,0,1,0
324.95,4.2,9.9,7.22,0,1,0,1,0
235.93,7.6,6.2,5.24,1,1,0,1,0
3.5,6.6,7.0,0.08,1,1,0,1,0
6.91,5.9,14.5,0.15,1,0,0,1,0
44.88,3.6,2.4,1.0,1,1,0,0,0
9.82,22.1,10.2,0.22,1,1,0,1,0
3.82,6.8,6.8,0.08,1,0,0,1,0
3.69,8.9,6.1,0.08,1,1,0,0,0
10.68,12.1,2.8,0.24,1,1,0,1,0
75.1,15.3,2.9,1.67,1,0,1,0,0
1.06,0.4,14.3,0.02,1,1,0,0,0
60.77,8.4,11.6,1.35,1,1,0,0,0
121.79,4.2,1.0,2.71,1,1,1,1,0
129.72,4.3,13.2,2.88,1,1,0,1,0
263.56,14.3,5.0,5.86,1,1,0,0,0
95.83,48.9,1.5,2.13,1,1,0,0,0
74.29,0.9,0.6,1.65,1,1,0,0,0
50.34,0.3,4.8,1.12,1,1,0,1,0
68.66,11.7,0.9,1.53,1,1,0,0,0
5.3,2.2,0.3,0.12,1,0,0,1,0
8.28,19.8,6.3,0.18,1,0,1,1,0
163.9,4.1,7.5,3.64,1,1,0,0,0
71.2,29.8,18.1,1.58,1,1,0,0,0
77.06,35.1,3.2,1.71,1,1,0,1,0
41.8,8.3,12.6,0.93,1,1,0,0,0
16.52,13.5,6.8,0.37,1,1,0,0,0
408.66,12.1,0.3,9.08,1,1,0,1,0
108.42,3.6,3.5,2.41,1,1,0,0,0
79.35,4.3,5.4,1.76,1,1,0,0,0
21.89,18.5,5.4,0.49,1,1,0,0,0
2.82,42.5,18.0,0.06,1,1,0,0,0
16.16,26.4,3.6,0.36,1,0,0,1,0
168.1,12.6,38.5,3.74,1,1,1,0,0
138.33,0.0,10.1,3.07,1,0,0,0,0
56.28,24.0,8.1,1.25,1,1,0,0,0
212.48,2.4,7.7,4.72,1,1,0,1,0
98.18,31.7,2.0,2.18,1,1,0,0,0
113.91,35.8,30.4,2.53,1,0,0,1,0
11.45,13.9,8.2,0.25,1,1,0,0,0
191.45,9.6,13.3,4.25,0,1,1,1,0
96.62,28.2,9.9,2.15,1,0,0,0,0
328.53,11.7,13.2,7.3,1,0,0,0,0
39.63,25.7,6.0,0.88,1,1,0,0,0
228.41,0.3,12.4,5.08,1,1,0,0,0
108.18,4.9,16.1,2.4,1,1,0,0,0
205.24,3.4,2.8,4.56,0,1,0,1,0
119.36,1.0,3.5,2.65,0,0,0,1,0
46.65,2.1,3.1,1.04,1,1,0,1,0
2.07,0.9,2.3,0.05,0,1,0,1,0
21.55,4.3,0.1,0.48,1,1,0,1,0
81.78,78.4,1.4,1.82,1,1,1,1,0
71.67,3.5,9.6,1.59,1,0,0,1,0
7.14,16.2,27.3,0.16,1,1,0,0,0
147.35,34.9,0.1,3.27,1,1,0,1,0
5.1,24.2,17.0,0.11,1,1,0,0,0
102.07,31.5,0.7,2.27,1,1,0,0,0
44.18,14.4,7.6,0.98,1,1,1,1,0
33.59,6.9,6.0,0.75,1,1,0,0,0
55.6,20.2,2.3,1.24,1,0,0,1,0
36.42,14.5,10.7,0.81,1,1,0,1,0
152.85,11.8,6.6,3.4,0,0,0,1,0
393.82,5.6,19.2,8.75,1,1,0,0,0
1.34,10.9,2.8,0.03,1,1,0,1,0
47.57,22.1,3.4,1.06,0,1,0,1,0
25.63,13.1,19.7,0.57,1,1,0,1,0
28.19,14.5,2.2,0.63,1,1,0,1,0
208.02,7.8,3.0,4.62,0,1,0,0,0
389.26,7.8,5.6,8.65,1,1,0,1,0
36.62,22.0,1.0,0.81,1,1,0,0,0
64.84,0.2,18.9,1.44,1,1,0,0,0
60.05,46.7,15.8,1.33,1,1,1,0,0
138.36,31.3,1.0,3.07,1,1,0,1,0
143.99,38.1,1.0,3.2,1,0,1,1,0
54.98,15.6,4.3,1.22,1,1,0,0,0
44.97,6.6,6.6,1.0,1,1,1,1,0
76.87,13.0,4.3,1.71,1,0,0,1,0
61.94,19.1,1.3,1.38,1,1,0,0,0
73.1,17.9,2.8,1.62,1,1,0,1,0
52.5,12.8,7.8,1.17,1,0,1,1,0
33.74,0.5,2.7,0.75,1,0,0,1,0
42.61,22.0,2.0,0.95,1,1,0,0,0
32.8,2.6,4.2,0.73,0,0,1,1,0
201.48,11.5,3.1,4.48,1,0,0,1,0
57.17,2.3,4.3,1.27,1,0,1,1,0
267.84,20.1,9.1,5.95,0,1,0,0,0
255.57,24.9,6.4,5.68,1,1,0,0,0
43.09,2.6,4.2,0.96,1,1,0,0,0
73.41,7.1,39.8,1.63,1,1,0,0,0
54.1,40.6,5.7,1.2,1,1,0,1,0
41.12,9.5,3.3,0.91,1,0,1,1,0
13.75,26.3,13.1,0.31,1,0,1,1,0
109.46,21.5,0.6,2.43,1,0,0,1,0
27.1,7.1,1.1,0.6,1,1,1,0,0
45.25,6.8,3.2,1.01,1,1,0,1,0
75.08,9.9,22.6,1.67,1,1,0,0,0
15.08,3.9,2.5,0.34,1,0,1,1,0
71.34,49.4,7.3,1.59,1,1,0,1,0
25.48,10.5,1.6,0.57,0,1,0,1,0
45.14,0.9,0.9,1.0,1,1,0,1,0
133.96,33.5,4.0,2.98,1,1,1,1,0
15.25,7.6,30.8,0.34,1,0,0,0,0
18.58,38.4,0.9,0.41,1,1,0,1,0
32.11,14.6,0.5,0.71,1,1,0,1,0
47.21,9.5,23.7,1.05,1,1,0,1,0
100.91,41.3,3.0,2.24,1,1,0,1,0
2.91,2.6,10.6,0.06,0,1,0,1,0
90.06,9.8,4.4,2.0,1,1,0,1,0
93.31,15.6,6.0,2.07,1,1,0,1,0
96.56,42.6,12.1,2.15,0,1,0,1,0
83.72,53.8,17.2,1.86,0,1,0,1,0
21.44,10.5,0.7,0.48,1,1,0,1,0
154.72,1.6,1.7,3.44,1,0,0,0,0
94.15,10.8,1.2,2.09,1,1,0,1,0
50.12,6.8,1.7,1.11,0,1,0,1,0
96.28,4.2,3.1,2.14,1,1,0,0,0
93.1,9.3,5.3,2.07,1,1,1,0,0
195.63,3.7,6.1,4.35,1,0,0,0,0
313.62,26.2,4.7,6.97,1,1,0,0,0
633.72,18.1,11.4,14.08,1,1,0,0,0
38.04,33.5,3.6,0.85,1,1,1,0,0
355.99,9.7,6.6,7.91,1,1,0,0,0
118.27,26.8,16.5,2.63,1,0,0,0,0
23.7,4.1,3.9,0.53,1,0,0,1,0
34.96,2.2,3.5,0.78,0,1,0,1,0
25.55,8.3,3.7,0.57,1,1,0,1,0
110.36,15.3,14.8,2.45,1,1,0,1,0
52.19,3.7,2.2,1.16,1,1,0,0,0
81.61,6.4,15.2,1.81,1,1,1,1,0
278.94,20.9,8.1,6.2,1,1,0,1,0
86.77,10.7,17.7,1.93,1,0,1,0,0
13.92,2.0,13.4,0.31,1,1,0,1,0
4.01,26.3,5.3,0.09,1,1,0,1,0
115.11,21.2,2.8,2.56,1,1,0,0,0
158.4,1.6,13.3,3.52,1,1,0,0,0
9.75,17.0,2.9,0.22,1,1,0,1,0
52.84,5.0,12.5,1.17,0,0,0,0,0
35.48,17.1,10.2,0.79,1,0,0,1,0
184.62,20.9,21.4,4.1,1,0,0,0,0
96.77,13.0,0.5,2.15,1,1,1,1,0
248.36,0.8,1.7,5.52,1,1,0,1,0
70.82,4.6,3.4,1.57,0,1,1,1,0
80.55,11.7,0.7,1.79,1,1,0,1,0
15.27,10.4,1.0,0.34,1,0,0,0,0
71.67,1.4,9.5,1.59,1,1,1,0,0
40.57,1.0,7.7,0.9,1,1,1,1,0
40.1,0.9,2.6,0.89,1,0,0,0,0
261.95,6.0,3.2,5.82,1,1,0,1,0
25.35,45.0,16.6,0.56,1,1,0,1,0
109.92,6.4,3.1,2.44,1,1,0,0,0
70.04,5.4,1.8,1.56,1,1,0,0,0
28.23,10.0,8.3,0.63,1,1,0,0,0
44.26,23.0,12.8,0.98,1,1,0,1,0
71.92,18.9,31.4,1.6,1,0,0,0,0
53.88,55.2,14.0,1.2,1,1,0,0,0
14.73,18.6,0.3,0.33,1,1,0,1,0
82.22,29.4,4.3,1.83,1,1,1,1,0
66.66,63.4,0.2,1.48,1,1,0,1,0
131.99,3.0,2.0,2.93,1,0,0,0,0
34.58,5.5,2.2,0.77,1,1,0,1,0
108.64,24.7,0.3,2.41,1,1,1,1,0
66.09,9.9,4.2,1.47,1,1,0,0,0
98.55,14.0,0.1,2.19,1,1,0,0,0
25.88,2.6,0.5,0.58,0,1,0,0,0
45.15,13.3,7.7,1.0,1,0,0,1,0
17.76,0.1,12.9,0.39,1,0,0,0,0
12.2,2.1,0.2,0.27,1,1,0,1,0
58.02,41.8,1.9,1.29,0,1,1,1,0
97.69,27.9,11.5,2.17,1,1,0,1,0
72.99,5.9,1.3,1.62,1,0,0,1,0
68.39,2.5,20.3,1.52,1,1,0,1,0
114.36,5.2,1.0,2.54,1,0,0,1,0
10.46,7.7,1.0,0.23,1,1,0,0,0
486.3,10.9,4.1,10.81,1,0,0,0,0
270.18,13.2,9.6,6.0,1,1,0,0,0
103.77,40.2,1.0,2.31,1,1,0,1,0
112.08,4.6,4.1,2.49,1,1,0,1,0
98.99,31.4,9.9,2.2,1,0,0,0,0
25.92,20.1,13.5,0.58,1,1,1,1,0
236.61,1.8,1.3,5.26,1,1,0,1,0
101.85,24.3,8.2,2.26,1,0,0,1,0
28.46,1.9,32.8,0.63,1,1,0,0,0
83.31,6.0,3.4,1.85,1,1,0,0,0
18.26,47.1,2.3,0.41,0,1,0,1,0
9.5,22.5,19.2,0.21,1,1,0,1,0
31.89,15.5,2.5,0.71,1,1,1,1,0
27.68,2.9,8.6,0.62,0,0,0,0,0
57.52,33.0,0.5,1.28,1,0,0,1,0
52.73,37.0,1.5,1.17,0,1,0,0,0
61.04,4.2,4.0,1.36,1,1,0,1,0
10.42,2.7,3.9,0.23,1,1,0,1,0
88.89,0.5,4.0,1.98,1,1,0,1,0
106.47,3.9,0.8,2.37,1,1,0,1,0
27.71,20.8,10.4,0.62,1,1,0,1,0
61.82,8.4,4.4,1.37,1,1,0,0,0
36.01,12.3,0.3,0.8,1,0,0,0,0
30.21,7.8,3.4,0.67,1,1,0,1,0
25.39,18.7,8.4,0.56,1,1,0,1,0
36.81,3.3,14.1,0.82,1,0,0,1,0
298.7,22.5,6.5,6.64,1,1,0,1,0
109.32,30.9,13.0,2.43,1,1,0,1,0
27.21,14.1,1.3,0.6,1,1,0,1,0
30.13,8.3,1.3,0.67,1,1,0,0,0
7.15,18.7,6.4,0.16,1,1,0,0,0
213.37,30.3,22.8,4.74,1,1,0,0,0
81.51,21.8,1.3,1.81,1,0,0,0,0
48.13,26.3,13.9,1.07,1,1,0,1,0
131.51,24.9,0.1,2.92,1,0,0,0,0
41.83,6.3,1.7,0.93,1,1,0,1,0
18.75,23.8,31.3,0.42,1,1,0,1,0
9.15,7.9,33.1,0.2,0,1,0,0,0
35.28,7.1,13.4,0.78,1,1,1,1,0
20.28,38.2,15.7,0.45,1,1,0,0,0
27.61,10.5,5.0,0.61,1,1,1,0,0
113.49,18.3,0.5,2.52,1,1,0,0,0
78.06,35.7,0.7,1.73,1,1,0,1,0
123.25,8.7,19.3,2.74,1,1,1,1,0
53.59,24.1,0.8,1.19,1,1,0,1,0
251.55,23.0,1.4,5.59,1,1,0,1,0
149.94,10.5,0.9,3.33,1,0,0,0,0
43.17,18.8,15.1,0.96,1,0,0,1,0
38.86,1.7,28.6,0.86,1,1,0,0,0
18.27,52.7,19.2,0.41,1,1,0,1,0
34.71,48.4,10.0,0.77,1,0,0,1,0
18.89,1.8,2.0,0.42,1,1,0,1,0
29.15,18.7,4.2,0.65,1,1,0,0,0
68.44,4.1,8.4,1.52,1,1,0,1,0
109.7,52.9,5.5,2.44,1,0,0,1,0
54.85,9.4,3.2,1.22,1,1,0,1,0
10.35,40.5,10.4,0.23,1,1,0,1,0
11.71,45.1,3.0,0.26,1,1,0,0,0
52.84,41.1,5.3,1.17,1,1,0,1,0
42.29,15.5,4.3,0.94,1,1,0,1,0
37.26,28.9,22.3,0.83,1,1,0,1,0
107.36,36.6,1.4,2.39,1,1,0,1,0
127.07,18.8,6.2,2.82,1,1,0,1,0
88.21,39.5,3.3,1.96,1,1,0,0,0
98.8,36.0,2.6,2.2,0,1,0,1,0
77.12,24.6,5.1,1.71,1,1,0,1,0
65.92,0.7,1.4,1.46,1,0,0,0,0
1.25,3.7,12.0,0.03,1,0,0,1,0
7.93,1.8,28.1,0.18,1,1,1,1,0
13.12,9.7,7.0,0.29,0,1,1,1,0
41.79,22.6,3.7,0.93,1,0,1,1,0
289.97,39.3,2.5,6.44,1,1,0,0,0
209.08,12.2,4.8,4.65,1,1,0,0,0
62.84,7.7,22.7,1.4,1,1,0,1,0
121.06,4.6,1.4,2.69,1,1,0,1,0
9.92,6.9,8.7,0.22,1,1,0,0,0
32.33,20.7,2.3,0.72,1,1,0,0,0
30.2,4.7,14.5,0.67,1,1,0,0,0
321.11,53.3,2.4,7.14,1,1,0,0,0
123.95,13.4,0.1,2.75,0,1,0,0,0
49.46,19.5,5.0,1.1,1,1,0,1,0
6.32,8.1,6.0,0.14,1,0,0,0,0
532.07,2.9,2.9,11.82,0,0,1,0,0
162.59,13.6,10.2,3.61,1,1,1,1,0
170.44,24.6,11.2,3.79,1,1,0,1,0
22.88,8.9,0.6,0.51,1,0,0,0,0
12.38,15.3,25.1,0.28,1,1,0,1,0
61.74,4.2,8.5,1.37,1,1,0,0,0
26.01,4.1,3.4,0.58,1,0,0,1,0
41.77,12.5,0.5,0.93,1,1,0,1,0
55.02,3.1,29.1,1.22,1,1,1,1,0
184.08,17.0,10.8,4.09,1,1,0,1,0
120.76,30.4,6.3,2.68,1,0,0,0,0
38.36,11.5,4.5,0.85,1,1,0,1,0
16.6,61.1,1.0,0.37,1,0,0,1,0
160.42,11.7,18.4,3.56,0,0,0,1,0
209.51,8.2,12.9,4.66,1,0,0,1,1
95.5,32.8,13.5,2.12,1,0,0,0,0
67.15,28.0,1.5,1.49,0,1,1,0,0
258.59,24.7,2.1,5.75,1,1,0,1,0
27.0,7.5,2.0,0.6,1,1,0,0,0
11.79,6.7,4.7,0.26,1,1,0,1,0
199.79,0.7,0.6,4.44,1,1,0,1,0
12.89,2.9,7.4,0.29,1,1,0,0,0
41.19,7.6,19.5,0.92,1,0,0,0,0
14.55,12.9,17.3,0.32,1,1,0,1,0
10.78,11.9,10.7,0.24,1,1,0,1,0
19.95,6.8,2.3,0.44,1,1,0,1,0
14.01,13.4,19.5,0.31,1,1,1,1,0
154.72,9.5,2.1,3.44,1,1,0,0,0
57.22,10.4,0.3,1.27,1,1,0,0,0
16.41,21.1,0.3,0.36,1,1,0,0,0
161.61,35.2,0.1,3.59,1,0,0,0,0
9.12,1.6,2.7,0.2,1,1,1,1,0
22.69,0.6,9.7,0.5,1,0,1,0,0
15.69,12.5,6.9,0.35,1,1,1,1,0
19.63,12.9,6.2,0.44,1,1,0,0,0
54.22,67.8,5.6,1.2,1,0,0,1,0
67.75,8.0,10.0,1.51,1,1,0,0,0
84.91,15.5,0.2,1.89,1,1,0,1,0
64.93,24.5,7.0,1.44,1,1,0,0,0
4.55,12.8,6.9,0.1,1,1,1,1,0
237.83,19.6,1.7,5.29,1,1,0,0,0
173.57,4.1,13.1,3.86,1,1,0,0,0
8.56,3.7,6.2,0.19,1,1,0,1,0
3.05,14.5,10.3,0.07,1,1,0,1,0
80.68,11.6,20.2,1.79,1,1,0,0,0
116.45,6.1,0.3,2.59,0,1,0,0,0
111.22,20.6,20.3,2.47,1,1,0,0,0
107.43,15.5,25.8,2.39,0,1,0,1,0
65.06,10.4,9.8,1.45,1,1,0,1,0
83.47,2.2,8.4,1.85,1,0,0,0,0
44.12,11.5,1.1,0.98,1,1,1,0,0
172.45,22.1,0.6,3.83,1,1,0,1,0
55.43,19.3,12.0,1.23,1,1,0,1,0
3.19,29.8,7.1,0.07,1,1,0,0,0
81.66,5.9,7.7,1.81,1,1,1,0,0
100.28,33.4,0.4,2.23,1,1,1,1,0
38.79,27.4,1.9,0.86,0,1,0,1,0
130.95,12.9,6.2,2.91,1,0,0,1,0
83.99,15.3,2.3,1.87,0,1,0,0,0
126.45,12.4,3.6,2.81,0,1,0,0,0
78.26,12.5,19.5,1.74,0,1,1,1,0
29.44,30.4,32.5,0.65,1,0,0,1,0
6.56,12.9,2.2,0.15,1,0,0,0,0
79.24,24.2,3.4,1.76,1,1,0,1,0
16.42,48.5,0.5,0.36,0,1,0,1,0
3.27,15.5,8.5,0.07,0,1,0,0,0
1.01,3.9,3.9,0.02,0,1,0,1,0
350.24,4.2,3.0,7.78,1,1,0,1,0
54.0,5.3,3.5,1.2,1,1,1,1,0
153.16,14.7,5.0,3.4,1,1,0,0,0
22.31,17.9,12.0,0.5,0,1,0,0,0
16.57,13.1,0.0,0.37,1,0,0,0,0
54.5,61.9,8.6,1.21,1,0,1,1,0
30.98,3.2,6.8,0.69,1,1,1,0,0
124.59,4.4,6.6,2.77,1,1,0,0,0
50.89,1.8,8.5,1.13,1,1,0,0,0
53.04,12.3,13.5,1.18,1,1,0,1,0
95.27,3.3,1.4,2.12,1,1,0,1,0
5.19,1.7,7.1,0.12,1,0,0,1,0
12.48,8.9,3.6,0.28,1,1,0,0,0
179.24,15.5,9.4,3.98,1,1,0,0,0
216.54,0.1,3.3,4.81,1,1,0,0,0
49.41,2.6,0.9,1.1,0,0,0,1,0
34.11,6.0,11.7,0.76,1,1,1,0,0
38.35,2.4,18.4,0.85,1,1,0,0,0
127.11,8.9,13.0,2.82,1,1,0,0,0
112.86,6.3,28.7,2.51,0,1,0,1,0
43.55,32.7,14.2,0.97,1,1,0,0,0
290.57,1.1,16.9,6.46,1,0,1,0,0
532.39,0.7,6.2,11.83,1,0,0,1,1
17.7,17.5,0.6,0.39,1,1,0,1,0
84.78,25.1,1.2,1.88,1,1,0,1,0
27.7,8.2,3.9,0.62,1,1,0,0,0
142.79,5.8,11.6,3.17,1,1,0,0,0
46.43,50.4,11.3,1.03,1,0,0,1,0
11.14,20.5,6.9,0.25,1,1,0,1,0
135.6,0.6,10.8,3.01,0,0,0,1,0
96.25,22.4,33.6,2.14,1,1,0,1,0
115.23,14.9,4.8,2.56,1,0,0,0,0
21.18,4.6,6.0,0.47,0,1,0,0,0
112.25,9.9,9.2,2.49,1,1,1,1,0
14.38,0.5,15.0,0.32,1,1,1,1,0
264.23,21.3,14.9,5.87,1,0,0,1,1
414.73,8.5,0.4,9.22,1,1,0,1,0
52.15,21.7,7.7,1.16,1,1,0,1,0
8.11,6.5,15.0,0.18,0,1,0,1,0
365.04,8.7,14.2,8.11,1,1,0,1,0
163.75,5.1,3.7,3.64,1,1,0,0,0
52.68,29.1,17.1,1.17,1,1,1,1,0
153.56,47.5,0.9,3.41,1,1,1,0,0
51.39,11.4,19.9,1.14,1,1,0,1,0
64.04,3.4,7.2,1.42,1,1,0,0,0
152.78,18.3,2.5,3.4,0,1,0,0,0
22.85,3.4,6.9,0.51,1,1,0,0,0
222.84,3.9,0.0,4.95,1,1,0,1,0
16.71,1.9,1.1,0.37,1,1,0,1,0
30.14,38.4,0.5,0.67,1,1,1,1,0
23.2,33.0,7.4,0.52,1,1,0,1,0
11.14,8.2,15.3,0.25,1,1,0,0,0
136.55,12.4,8.9,3.03,1,1,0,0,0
125.17,57.9,11.0,2.78,1,1,0,1,0
18.66,85.9,5.7,0.41,1,1,0,0,0
49.68,5.1,4.4,1.1,1,1,0,1,0
48.87,0.6,18.9,1.09,1,1,0,0,0
20.4,32.8,9.5,0.45,1,1,0,1,0
72.85,61.2,4.7,1.62,1,1,1,1,0
127.41,13.3,0.3,2.83,1,1,1,1,0
79.95,19.0,1.0,1.78,1,1,0,0,0
72.07,37.8,1.8,1.6,0,0,0,1,0
153.46,1.7,4.6,3.41,1,0,0,1,0
5.94,1.5,3.2,0.13,1,1,0,1,0
35.57,12.5,12.8,0.79,1,1,0,0,0
75.38,4.5,0.9,1.68,1,0,0,1,0
60.18,28.0,1.5,1.34,1,0,0,1,0
51.36,10.9,2.5,1.14,1,0,0,1,0
42.18,9.3,3.7,0.94,1,0,0,1,0
23.21,0.4,83.1,0.52,1,1,0,0,0
5.34,12.0,15.2,0.12,1,1,0,0,0
73.74,53.1,7.7,1.64,1,1,0,1,0
13.2,7.3,7.2,0.29,1,1,0,1,0
90.9,19.2,0.6,2.02,1,1,0,0,0
133.8,1.8,6.8,2.97,1,1,1,1,0
30.93,74.9,2.6,0.69,1,1,0,1,0
44.18,4.1,1.9,0.98,1,1,0,1,0
12.69,13.7,10.3,0.28,1,1,0,1,0
32.29,11.5,10.9,0.72,1,0,1,0,0
16.95,1.2,4.5,0.38,1,0,0,0,0
21.89,5.8,13.9,0.49,1,0,0,0,0
29.33,57.1,4.0,0.65,1,1,0,0,0
196.71,5.2,28.4,4.37,1,0,0,0,0
2.1,44.8,6.3,0.05,1,1,0,0,0
122.22,5.3,30.9,2.72,1,1,1,0,0
7.3,13.4,1.8,0.16,1,1,0,1,0
65.45,4.2,0.9,1.45,1,1,0,1,0
47.37,0.4,15.9,1.05,1,1,0,1,0
1.02,3.4,1.2,0.02,1,0,0,1,0
105.25,1.4,7.7,2.34,0,0,0,1,0
63.1,4.5,0.8,1.4,1,1,0,1,0
133.49,28.1,6.7,2.97,1,0,0,0,0
64.47,1.5,0.7,1.43,1,1,1,1,0
68.62,4.0,4.1,1.52,1,1,0,1,0
34.72,8.2,3.5,0.77,1,1,0,1,0
91.37,6.6,0.8,2.03,0,1,1,1,0
29.55,8.6,4.9,0.66,1,1,0,1,0
5.81,1.8,18.3,0.13,1,1,0,1,0
80.2,0.9,6.2,1.78,1,0,0,0,0
51.84,11.7,14.7,1.15,1,1,0,0,0
75.11,10.1,33.3,1.67,1,0,0,0,0
43.01,0.2,29.4,0.96,1,0,1,0,0
231.93,0.1,4.0,5.15,1,0,1,1,1
56.68,0.9,13.3,1.26,1,0,0,0,0
20.6,43.0,13.5,0.46,1,0,0,0,0
73.03,4.9,2.7,1.62,0,1,1,1,0
15.4,8.3,0.1,0.34,1,1,1,1,0
30.65,6.2,14.0,0.68,1,1,1,1,0
27.45,7.2,0.2,0.61,0,0,0,1,0
1.73,11.0,2.6,0.04,1,1,0,1,0
100.11,12.4,10.7,2.22,1,1,0,0,0
69.62,2.1,5.1,1.55,1,1,0,1,0
280.56,25.2,1.7,6.23,0,1,0,1,0
1.8,13.5,22.3,0.04,1,1,0,1,0
123.57,18.1,0.2,2.75,1,1,1,0,0
63.09,26.0,8.7,1.4,1,1,0,1,0
57.17,18.4,6.1,1.27,1,0,0,0,0
6.16,3.8,2.4,0.14,1,0,1,0,0
203.49,19.1,12.8,4.52,1,1,1,1,0
7.16,60.0,23.5,0.16,1,1,0,1,0
30.5,2.9,8.3,0.68,1,0,0,1,0
71.86,4.0,2.0,1.6,0,0,1,1,0
202.1,16.2,2.6,4.49,1,1,0,0,0
87.56,21.2,9.2,1.95,1,1,0,0,0
65.68,6.8,9.8,1.46,1,1,0,1,0
168.85,28.5,9.1,3.75,1,1,0,0,0
84.03,17.0,0.0,1.87,1,1,0,1,0
19.13,9.8,8.3,0.43,1,0,0,1,0
150.87,41.7,9.9,3.35,1,1,0,1,0
26.83,17.1,20.5,0.6,0,1,1,1,0
100.45,13.9,1.7,2.23,1,1,0,0,0
1.94,29.2,1.4,0.04,0,1,0,0,0
22.77,13.3,3.5,0.51,1,1,0,0,0
42.07,9.0,9.4,0.93,1,1,0,0,0
28.73,3.5,12.7,0.64,1,1,0,1,0
46.42,24.7,6.4,1.03,1,0,1,0,0
112.06,26.0,0.9,2.49,1,1,0,1,0
56.01,11.7,6.5,1.24,1,1,0,1,0
19.3,54.6,1.5,0.43,0,1,1,1,0
21.37,16.0,0.7,0.47,1,1,0,1,0
11.59,4.8,17.5,0.26,1,1,0,1,0
2.08,4.2,7.6,0.05,1,1,0,0,0
157.0,4.7,0.4,3.49,1,1,0,0,0
29.91,33.2,2.9,0.66,1,1,0,0,0
91.04,14.4,4.4,2.02,1,1,0,0,0
153.4,14.2,2.4,3.41,1,1,0,1,0
86.48,5.1,0.3,1.92,1,0,0,0,0
32.46,27.4,33.6,0.72,1,1,1,1,0
136.65,37.3,1.2,3.04,1,0,0,0,0
73.67,27.2,16.0,1.64,1,0,0,1,0
22.61,7.4,21.2,0.5,1,1,0,1,0
129.2,14.5,8.0,2.87,1,1,0,1,0
280.2,6.1,1.6,6.23,1,1,1,1,0
39.03,2.8,15.3,0.87,1,1,0,1,0
89.85,22.4,22.8,2.0,1,1,0,1,0
10.96,3.0,1.1,0.24,1,0,0,0,0
150.63,17.4,0.7,3.35,1,0,0,1,0
36.63,7.6,4.5,0.81,1,1,1,1,0
418.02,11.4,1.5,9.29,1,1,0,0,0
197.51,5.7,1.8,4.39,1,1,0,1,0
39.81,28.5,6.8,0.88,1,1,0,1,0
45.14,28.6,2.7,1.0,1,1,0,1,0
13.84,0.4,6.9,0.31,0,1,0,1,0
215.63,23.1,4.3,4.79,1,1,0,1,0
145.44,37.5,5.2,3.23,1,1,0,0,0
17.4,4.1,0.0,0.39,1,1,0,1,0
175.64,2.6,11.0,3.9,0,1,0,1,0
164.01,105.5,14.4,3.64,1,1,0,1,0
37.08,17.8,2.5,0.82,1,1,0,1,0
59.33,12.3,4.4,1.32,1,1,0,1,0
309.42,19.4,19.4,6.88,0,1,0,1,0
242.7,1.6,33.7,5.39,1,1,0,0,0
20.07,13.5,6.5,0.45,1,1,1,1,0
119.82,23.3,1.4,2.66,1,1,0,1,0
40.73,97.8,3.5,0.91,1,1,0,1,0
5.64,5.9,4.2,0.13,1,0,0,1,0
53.16,3.9,2.3,1.18,1,1,1,1,0
16.07,21.0,19.4,0.36,1,1,0,1,0
23.18,39.7,5.4,0.52,0,1,0,1,0
96.66,25.7,0.2,2.15,1,0,0,0,0
39.89,36.2,4.9,0.89,1,1,0,1,0
6.3,20.4,10.3,0.14,1,1,0,1,0
25.57,12.5,1.6,0.57,0,1,0,0,0
43.1,3.9,20.6,0.96,1,1,0,1,0
2.46,15.7,0.4,0.05,1,1,1,0,0
83.66,6.2,2.2,1.86,1,0,0,1,0
136.4,6.8,1.2,3.03,1,1,0,0,0
140.72,10.8,8.7,3.13,1,1,1,0,0
73.5,12.0,6.1,1.63,1,1,0,1,0
8.73,11.6,3.1,0.19,1,1,0,1,0
24.35,2.0,0.2,0.54,1,1,0,1,0
7.17,11.2,0.8,0.16,0,1,0,1,0
14.52,0.7,3.1,0.32,1,1,0,1,0
25.03,41.3,5.2,0.56,0,1,0,1,0
89.64,27.4,2.7,1.99,1,0,0,0,0
62.18,11.4,5.6,1.38,1,1,0,0,0
66.06,6.1,0.8,1.47,1,0,0,0,0
124.71,17.1,13.9,2.77,1,1,0,0,0
18.01,12.4,20.5,0.4,1,1,0,1,0
20.34,15.8,27.6,0.45,1,1,1,1,0
105.41,4.8,4.8,2.34,1,1,0,0,0
60.03,33.6,3.5,1.33,1,1,1,0,0
12.74,2.1,9.5,0.28,1,0,0,0,0
37.81,7.7,40.4,0.84,1,1,0,0,0
142.06,3.4,0.9,3.16,1,1,0,1,0
6.76,4.6,11.6,0.15,1,1,0,1,0
129.15,1.2,2.7,2.87,1,1,0,0,0
26.24,14.7,11.2,0.58,1,1,0,1,0
53.68,14.3,7.7,1.19,1,1,0,0,0
258.51,0.8,4.5,5.74,1,1,0,1,0
171.45,5.3,2.2,3.81,1,0,0,1,0
48.76,2.3,5.4,1.08,1,1,1,1,0
1.34,25.3,17.1,0.03,0,1,0,1,0
12.76,37.8,2.2,0.28,1,1,0,1,0
23.27,24.9,3.7,0.52,1,1,1,0,0
45.29,2.1,7.9,1.01,1,0,0,1,0
105.59,32.3,12.5,2.35,1,1,0,1,0
271.64,15.0,4.0,6.04,1,1,1,1,0
26.05,68.0,19.8,0.58,1,0,0,1,0
37.47,11.4,13.7,0.83,1,1,0,1,0
274.4,1.0,10.9,6.1,1,1,0,0,0
74.53,2.9,5.1,1.66,1,1,0,1,0
106.38,22.2,16.8,2.36,1,1,0,0,0
31.43,3.5,4.4,0.7,1,1,0,1,0
153.69,55.7,12.6,3.42,1,0,0,0,0
23.8,1.0,5.7,0.53,0,0,0,1,0
90.06,7.6,7.8,2.0,1,1,1,0,0
55.1,38.1,43.1,1.22,0,1,0,1,0
148.58,3.4,1.1,3.3,1,1,0,1,0
37.96,2.0,13.3,0.84,1,1,1,1,0
10.12,1.4,3.6,0.22,1,1,1,1,0
39.93,11.7,6.6,0.89,1,0,1,1,0
42.77,20.0,2.6,0.95,1,0,0,0,0
94.65,9.0,1.1,2.1,1,1,0,1,0
150.98,16.0,5.0,3.36,1,1,0,1,0
112.84,24.8,2.5,2.51,1,1,1,1,0
211.71,20.6,1.9,4.7,1,1,0,1,0
525.31,18.2,8.2,11.67,1,1,0,0,0
60.18,10.6,1.8,1.34,1,1,1,1,0
25.84,4.6,50.6,0.57,1,1,0,1,0
24.3,4.4,9.6,0.54,1,1,0,0,0
14.73,1.1,7.4,0.33,1,1,0,0,0
141.57,7.4,2.2,3.15,1,1,0,1,0
38.55,17.0,1.3,0.86,1,1,0,0,0
33.88,7.3,7.9,0.75,1,1,0,1,0
103.27,5.4,1.2,2.29,1,1,0,0,0
5.74,15.5,0.3,0.13,1,0,0,0,0
100.64,2.5,6.1,2.24,1,1,0,1,0
133.79,14.3,4.1,2.97,1,1,0,1,0
63.46,12.3,4.4,1.41,1,0,0,1,0
248.59,4.4,6.8,5.52,1,1,0,1,0
80.41,9.8,22.9,1.79,1,1,0,1,0
41.28,4.4,7.9,0.92,1,0,1,1,0
36.51,14.3,1.4,0.81,0,1,0,1,0
126.61,2.4,0.6,2.81,0,0,0,1,0
322.61,67.5,6.5,7.17,1,1,0,1,0
94.48,1.4,0.6,2.1,1,1,0,0,0
31.66,15.9,7.0,0.7,1,1,0,1,0
5.56,0.5,5.1,0.12,1,0,0,0,0
8.02,38.5,0.7,0.18,1,1,0,0,0
12.25,7.7,13.4,0.27,1,1,0,0,0
40.73,7.7,9.7,0.91,1,0,0,1,0
307.14,11.4,11.7,6.83,1,0,0,0,0
34.43,0.0,11.8,0.77,1,1,0,1,0
35.63,11.6,0.6,0.79,1,0,0,1,0
8.51,12.3,3.3,0.19,1,1,0,1,0
402.91,17.4,8.3,8.95,0,1,0,0,0
87.6,1.0,2.6,1.95,1,1,0,1,0
45.72,4.4,2.7,1.02,1,1,0,1,0
2.99,1.7,19.3,0.07,1,1,0,1,0
41.25,12.7,0.1,0.92,1,0,0,1,0
13.38,18.8,20.2,0.3,0,1,0,1,0
63.95,1.2,0.2,1.42,1,1,1,1,0
47.4,5.7,14.6,1.05,1,1,1,1,0
68.43,13.0,11.8,1.52,1,0,0,1,0
91.86,88.5,0.7,2.04,1,1,0,1,0
104.64,12.4,6.9,2.33,1,1,0,0,0
17.28,13.2,1.9,0.38,1,1,0,0,0
59.88,5.8,5.7,1.33,1,1,0,1,0
23.79,13.2,0.6,0.53,1,1,0,0,0
44.95,20.3,3.7,1.0,1,1,0,1,0
121.45,0.0,21.5,2.7,1,0,0,0,0
76.82,8.6,0.8,1.71,1,1,1,1,0
208.87,3.3,4.8,4.64,1,1,0,1,0
18.15,30.6,5.0,0.4,1,1,0,0,0
76.8,7.7,0.4,1.71,0,1,0,0,0
64.4,5.4,0.7,1.43,0,1,0,1,0
69.71,11.2,11.4,1.55,1,1,0,1,0
63.25,5.6,4.5,1.41,1,1,0,1,0
53.81,42.1,7.1,1.2,1,0,0,0,0
16.46,10.7,4.6,0.37,1,1,0,1,0
3.56,80.7,8.3,0.08,1,1,0,1,0
92.69,12.1,4.9,2.06,1,1,1,1,0
153.89,23.1,9.6,3.42,1,0,0,1,0
96.62,6.9,2.0,2.15,1,1,1,0,0
243.81,14.0,2.2,5.42,1,1,0,1,0
6.97,12.2,0.5,0.15,1,0,0,1,0
59.32,85.7,1.4,1.32,1,1,0,1,0
93.66,23.0,6.6,2.08,1,1,1,0,0
93.87,14.7,10.5,2.09,1,1,0,1,0
20.24,2.1,22.7,0.45,1,1,0,1,0
29.52,17.2,10.8,0.66,1,0,0,1,0
3.22,19.0,6.9,0.07,1,1,0,1,0
6.29,13.8,9.2,0.14,1,0,0,1,0
58.25,14.7,1.9,1.29,1,1,0,1,0
100.56,12.2,29.5,2.23,1,1,0,1,0
20.77,1.2,18.4,0.46,1,0,1,0,0
80.57,2.7,0.1,1.79,1,1,0,1,0
167.93,1.9,6.2,3.73,1,1,1,1,0
31.77,23.2,3.1,0.71,1,1,0,0,0
14.0,25.2,11.9,0.31,1,1,0,1,0
56.91,24.1,22.0,1.26,1,1,0,0,0
113.0,9.9,6.4,2.51,1,1,1,0,0
41.3,5.5,1.0,0.92,1,1,0,0,0
25.88,31.3,26.5,0.58,1,1,0,1,0
21.84,3.9,0.5,0.49,1,0,0,0,0
34.67,7.9,5.8,0.77,1,1,0,0,0
10.6,8.4,5.0,0.24,1,1,0,1,0
245.74,0.7,2.8,5.46,1,1,0,0,0
4.92,5.1,6.3,0.11,1,1,0,1,0
38.11,40.6,11.9,0.85,1,1,0,1,0
128.84,18.2,0.4,2.86,1,1,0,1,0
28.47,0.2,5.3,0.63,1,1,0,0,0
110.49,8.7,3.6,2.46,1,1,0,0,0
130.7,14.2,2.2,2.9,1,1,0,1,0
70.81,3.2,5.3,1.57,1,0,0,0,0
125.94,7.0,13.4,2.8,1,1,0,0,0
84.5,12.4,1.4,1.88,1,1,0,0,0
276.87,6.5,13.6,6.15,1,1,0,0,0
59.79,10.4,2.5,1.33,1,1,0,1,0
40.32,3.8,3.7,0.9,0,1,0,1,0
18.58,8.0,8.0,0.41,1,1,0,0,0
313.18,12.6,10.7,6.96,1,0,0,1,1
73.25,1.8,8.0,1.63,1,0,0,1,0
89.01,23.9,0.6,1.98,1,1,1,0,0
25.29,20.4,44.0,0.56,1,1,0,0,0
65.84,83.0,1.8,1.46,1,1,0,0,0
46.64,5.9,14.7,1.04,1,1,0,0,0
60.19,12.7,2.3,1.34,1,1,1,1,0
34.19,8.0,0.2,0.76,1,1,0,0,0
22.4,38.8,1.3,0.5,1,1,0,1,0
48.41,13.0,1.3,1.08,1,0,0,1,0
53.13,25.0,11.4,1.18,1,1,0,0,0
33.35,10.2,6.4,0.74,1,0,1,0,0
34.45,14.0,12.3,0.77,1,0,0,0,0
104.34,19.6,10.8,2.32,1,1,0,1,0
34.05,20.5,5.9,0.76,1,1,0,1,0
239.02,2.8,3.4,5.31,1,0,0,1,1
15.47,13.8,8.5,0.34,1,1,0,1,0
124.72,17.8,25.3,2.77,0,1,0,0,0
124.93,3.3,10.3,2.78,1,1,0,1,0
385.09,24.3,0.9,8.56,1,1,0,0,0
66.25,45.3,0.5,1.47,1,1,0,1,0
177.75,23.2,12.9,3.95,1,1,1,0,0
26.69,0.4,3.4,0.59,1,1,0,1,0
21.97,7.4,19.6,0.49,1,1,1,0,0
167.2,1.1,27.6,3.72,1,1,1,0,0
132.18,7.6,11.3,2.94,1,0,0,1,0
4.02,13.9,4.1,0.09,1,0,1,0,0
554.46,31.4,5.0,12.32,1,0,0,0,0
159.83,9.3,11.2,3.55,1,1,1,1,0
30.8,6.7,2.9,0.68,1,1,0,0,0
36.58,3.8,6.6,0.81,1,1,0,1,0
1.89,1.4,0.4,0.04,1,1,0,1,0
42.51,14.9,0.2,0.94,1,1,1,0,0
49.81,10.8,11.3,1.11,1,1,0,1,0
11.92,41.8,12.3,0.26,0,1,0,1,0
20.15,0.6,1.7,0.45,1,0,0,1,0
113.82,23.9,21.9,2.53,1,1,0,0,0
11.71,8.3,5.8,0.26,1,1,0,0,0
46.47,6.2,10.2,1.03,1,1,0,1,0
68.41,12.4,15.1,1.52,1,0,1,0,0
80.98,5.3,1.8,1.8,1,1,0,1,0
6.69,3.7,7.0,0.15,1,1,0,1,0
20.73,48.8,5.8,0.46,0,1,0,1,0
68.3,13.4,2.9,1.52,1,1,0,1,0
39.87,8.4,2.1,0.89,1,1,0,0,0
134.61,7.2,16.0,2.99,0,1,0,0,0
119.99,11.0,27.0,2.67,1,0,0,0,0
30.52,8.4,0.5,0.68,1,1,0,0,0
281.78,8.8,1.5,6.26,1,1,0,0,0
14.89,16.3,18.3,0.33,1,1,0,0,0
12.41,13.6,13.0,0.28,1,0,0,1,0
38.21,0.5,13.3,0.85,1,1,1,0,0
215.64,9.2,2.4,4.79,1,1,0,1,0
196.21,9.4,2.1,4.36,1,1,0,0,0
31.25,2.4,18.4,0.69,0,0,0,1,0
83.3,5.0,10.0,1.85,1,0,0,0,0
55.61,5.6,43.9,1.24,1,0,1,1,0
130.53,8.7,17.9,2.9,1,1,1,1,0
93.42,4.3,4.6,2.08,1,0,0,0,0
94.16,13.6,34.8,2.09,1,0,1,0,0
56.32,16.4,14.7,1.25,0,1,0,0,0
36.28,4.1,8.7,0.81,1,1,0,1,0
76.82,8.3,2.0,1.71,1,1,0,1,0
97.35,9.7,2.7,2.16,1,1,0,0,0
32.4,17.4,11.5,0.72,1,1,0,1,0
163.78,5.6,3.0,3.64,0,1,1,1,0
271.23,1.5,12.7,6.03,1,1,0,0,0
46.61,5.8,4.0,1.04,1,1,0,1,0
35.25,34.1,4.4,0.78,1,1,0,1,0
54.23,13.0,7.4,1.21,1,1,0,0,0
14.99,0.2,2.4,0.33,1,1,0,1,0
61.47,2.0,40.4,1.37,1,1,0,1,0
119.69,54.2,10.4,2.66,1,1,0,1,0
17.67,4.9,0.5,0.39,1,1,0,1,0
221.8,6.9,6.8,4.93,1,1,0,1,0
127.66,15.0,8.2,2.84,1,1,1,1,0
11.19,0.8,8.8,0.25,1,1,0,0,0
144.8,3.1,0.8,3.22,1,1,1,1,0
9.1,19.2,9.6,0.2,1,1,0,0,0
370.16,12.3,15.8,8.23,1,0,0,1,0
91.63,51.3,0.8,2.04,1,1,0,1,0
12.6,7.8,1.2,0.28,1,1,0,1,0
2.06,3.9,0.4,0.05,1,0,0,1,0
117.59,11.5,5.2,2.61,1,1,0,0,0
56.81,6.6,8.2,1.26,1,1,0,1,0
60.48,38.0,16.6,1.34,1,0,0,1,0
233.48,2.0,11.2,5.19,0,0,0,1,1
165.45,0.6,4.0,3.68,1,1,1,1,0
274.96,51.2,1.7,6.11,1,0,0,0,0
93.35,23.2,0.8,2.07,1,1,0,1,0
4.46,1.2,1.5,0.1,1,1,0,0,0
189.98,17.0,2.6,4.22,1,1,0,1,0
73.16,15.6,9.2,1.63,0,1,0,0,0
107.06,5.3,5.6,2.38,1,1,0,1,0
186.01,6.4,12.7,4.13,1,1,0,1,0
226.94,6.1,18.2,5.04,1,1,0,1,0
23.12,2.0,1.6,0.51,1,1,0,1,0
70.51,6.0,13.1,1.57,1,0,0,1,0
70.73,1.1,10.9,1.57,1,1,1,0,0
99.91,9.3,5.6,2.22,1,1,0,1,0
12.76,15.2,2.5,0.28,1,1,0,1,0
116.39,4.1,0.8,2.59,1,0,0,1,0
24.7,2.2,8.3,0.55,1,1,0,1,0
99.33,45.1,14.4,2.21,1,1,0,1,0
121.95,8.0,0.2,2.71,1,0,0,0,0
27.94,24.1,20.4,0.62,0,1,0,0,0
52.14,4.8,11.3,1.16,1,1,0,1,0
60.64,0.6,10.9,1.35,1,1,0,0,0
220.35,2.6,2.1,4.9,0,1,0,0,0
34.59,30.8,1.4,0.77,1,0,0,0,0
438.95,6.0,10.1,9.75,1,1,0,0,0
44.04,0.9,1.2,0.98,1,0,0,0,0
3.26,10.9,7.1,0.07,1,1,0,0,0
38.08,18.3,11.8,0.85,1,0,0,1,0
54.63,15.6,0.5,1.21,1,1,0,0,0
2.16,6.1,12.3,0.05,1,1,0,1,0
24.67,14.4,9.9,0.55,1,1,0,0,0
3.42,3.4,12.6,0.08,1,1,0,0,0
42.72,9.6,3.1,0.95,1,1,0,1,0
505.68,20.9,1.3,11.24,1,1,0,1,0
19.49,16.3,3.1,0.43,1,1,0,0,0
49.53,33.0,7.5,1.1,1,1,1,0,0
50.41,5.3,23.5,1.12,1,1,0,0,0
64.92,8.8,1.3,1.44,1,1,1,1,0
46.34,27.7,18.1,1.03,1,1,0,1,0
61.42,21.2,6.0,1.36,1,1,0,0,0
9.99,32.0,5.8,0.22,1,1,0,1,0
40.98,17.5,0.4,0.91,1,1,0,1,0
81.34,10.7,6.4,1.81,1,0,1,0,0
109.13,15.2,20.4,2.43,1,1,0,0,0
42.39,63.9,1.4,0.94,1,1,0,1,0
39.93,12.2,12.0,0.89,1,0,0,1,0
9.45,23.2,2.8,0.21,1,1,1,1,0
5.09,0.5,4.7,0.11,0,0,1,1,0
47.98,4.6,1.5,1.07,1,0,0,1,0
34.51,0.4,1.9,0.77,1,1,0,0,0
139.15,11.8,9.9,3.09,1,1,0,0,0
38.39,23.7,5.7,0.85,1,1,1,1,0
46.79,29.1,1.7,1.04,1,1,0,1,0
75.27,2.1,8.2,1.67,1,0,0,1,0
200.37,40.5,15.9,4.45,1,1,1,1,0
58.08,6.0,6.2,1.29,1,1,0,0,0
1.48,7.2,2.7,0.03,1,1,0,0,0
72.41,6.2,0.7,1.61,1,0,0,1,0
57.76,25.7,20.2,1.28,1,1,0,1,0
52.63,15.5,17.9,1.17,1,0,0,0,0
335.35,4.3,1.9,7.45,1,1,0,0,0
51.84,12.4,7.9,1.15,1,1,0,1,0
65.61,14.5,21.6,1.46,1,1,0,1,0
124.15,23.2,13.3,2.76,1,0,0,1,0
119.95,19.6,8.1,2.67,1,1,1,1,0
101.74,7.3,7.1,2.26,1,1,0,0,0
80.89,10.7,0.5,1.8,1,1,0,1,0
189.0,25.0,7.4,4.2,1,1,0,1,0
73.31,4.7,2.2,1.63,1,1,0,1,0
28.04,4.1,12.9,0.62,1,1,0,0,0
42.68,8.3,11.1,0.95,0,1,0,1,0
47.48,2.3,15.8,1.06,0,1,0,0,0
89.61,26.2,1.2,1.99,1,0,0,0,0
18.01,21.6,11.2,0.4,1,0,0,1,0
73.27,11.0,1.0,1.63,1,1,0,0,0
10.91,49.0,10.3,0.24,1,1,0,1,0
138.6,5.7,8.7,3.08,1,0,0,1,0
25.64,12.1,10.0,0.57,1,1,1,1,0
59.95,37.1,32.4,1.33,1,1,0,1,0
20.39,17.5,15.6,0.45,1,1,1,0,0
35.15,17.1,0.7,0.78,1,1,0,0,0
76.07,8.2,1.9,1.69,1,1,0,1,0
224.84,26.2,7.1,5.0,1,1,0,0,0
147.08,19.6,3.2,3.27,1,1,1,1,0
109.69,4.5,13.1,2.44,1,0,0,1,0
28.2,6.0,18.5,0.63,1,0,0,1,0
65.38,10.8,3.6,1.45,1,0,0,1,0
26.17,4.1,1.1,0.58,1,1,1,0,0
193.18,42.9,0.3,4.29,1,1,0,1,0
19.95,1.4,1.2,0.44,0,0,0,1,0
35.17,14.4,9.4,0.78,1,1,0,1,0
27.65,5.0,9.3,0.61,1,0,0,0,0
19.53,2.9,0.7,0.43,1,1,1,1,0
6.97,14.0,8.5,0.15,1,1,0,1,0
29.46,13.4,7.4,0.65,1,0,0,1,0
246.68,0.1,2.8,5.48,0,1,0,0,0
113.59,3.0,4.4,2.52,1,0,0,1,0
47.33,10.7,5.9,1.05,0,0,0,0,0
17.54,3.0,0.2,0.39,1,1,0,0,0
9.02,2.4,4.1,0.2,1,1,1,0,0
106.67,3.4,1.7,2.37,1,1,0,1,0
80.51,14.9,11.7,1.79,0,1,0,1,0
10.23,9.3,15.6,0.23,1,1,0,1,0
132.84,21.5,0.6,2.95,1,1,0,1,0
59.49,18.0,10.9,1.32,1,1,0,1,0
49.48,9.5,1.9,1.1,1,1,0,1,0
118.11,37.6,3.0,2.62,1,0,0,1,0
55.63,0.8,9.5,1.24,0,1,0,1,0
194.02,17.9,17.8,4.31,1,1,0,1,0
49.11,6.0,1.7,1.09,1,0,0,0,0
84.16,6.9,0.1,1.87,1,1,0,1,0
170.0,39.1,21.3,3.78,1,1,0,1,0
222.51,17.2,4.3,4.94,0,1,0,1,0
170.71,5.5,0.4,3.79,1,1,0,1,0
77.45,16.0,9.0,1.72,1,0,0,1,0
172.97,3.6,2.2,3.84,1,1,0,0,0
27.82,40.4,6.5,0.62,0,1,0,0,0
19.15,6.4,4.1,0.43,1,1,1,1,0
25.79,1.9,7.8,0.57,1,0,0,1,0
99.53,19.3,10.9,2.21,1,0,0,0,0
55.29,2.7,6.8,1.23,1,1,0,0,0
74.57,1.8,5.1,1.66,1,1,0,1,0
30.32,4.6,4.9,0.67,1,1,0,0,0
52.96,19.1,8.7,1.18,1,0,0,0,0
27.08,61.2,0.3,0.6,1,1,1,0,0
4.25,17.9,17.4,0.09,1,1,0,1,0
26.27,0.7,16.7,0.58,1,0,0,1,0
39.67,4.0,6.4,0.88,1,1,0,0,0
26.03,21.1,4.8,0.58,1,1,0,1,0
217.52,30.4,5.9,4.83,1,0,0,0,0
10.16,24.4,3.1,0.23,1,0,0,1,0
175.19,48.5,6.3,3.89,1,0,0,1,0
8.85,61.0,0.8,0.2,1,1,0,0,0
64.38,3.5,2.1,1.43,1,1,0,0,0
47.92,13.6,0.3,1.06,1,1,0,1,0
135.45,5.2,2.8,3.01,1,1,0,1,0
45.45,32.2,5.2,1.01,1,1,1,1,0
43.48,10.5,2.5,0.97,1,1,0,0,0
79.92,24.9,0.9,1.78,1,1,0,1,0
38.4,0.0,3.5,0.85,1,1,0,1,0
19.85,14.8,0.3,0.44,1,1,1,1,0
52.28,5.3,31.4,1.16,1,0,1,0,0
27.42,4.4,7.8,0.61,1,1,0,0,0
91.47,11.5,2.2,2.03,1,1,0,0,0
102.5,21.1,2.4,2.28,1,1,0,1,0
35.41,18.4,27.5,0.79,1,1,0,1,0
109.9,17.5,13.3,2.44,1,1,0,1,0
298.47,10.6,2.6,6.63,1,0,1,0,0
103.13,15.4,9.3,2.29,0,1,1,1,0
4.37,3.3,19.2,0.1,1,0,1,0,0
110.02,31.2,0.4,2.44,1,1,0,0,0
71.8,11.2,9.3,1.6,1,1,1,1,0
21.98,7.5,4.1,0.49,1,1,0,1,0
114.99,5.5,4.8,2.56,1,0,0,1,0
6.33,15.7,12.8,0.14,1,0,0,1,0
6.82,29.0,13.5,0.15,1,0,0,0,0
8.97,0.1,11.9,0.2,0,0,0,1,0
41.37,9.6,4.3,0.92,1,1,0,1,0
184.54,12.8,1.6,4.1,1,1,0,1,0
155.3,1.7,0.2,3.45,1,1,0,1,0
79.11,10.7,9.3,1.76,1,0,0,1,0
307.01,25.2,3.0,6.82,1,1,0,0,0
234.68,7.5,23.7,5.22,1,1,0,1,0
65.95,3.5,4.7,1.47,0,1,0,1,0
124.93,1.8,15.4,2.78,1,1,0,1,0
1.44,3.8,8.1,0.03,1,0,0,1,0
337.15,32.9,6.3,7.49,1,1,0,1,0
57.36,23.3,11.8,1.27,1,1,0,0,0
68.18,15.2,5.1,1.52,1,1,0,0,0
17.77,13.3,9.6,0.39,1,1,0,1,0
158.85,9.2,4.2,3.53,1,1,0,1,0
61.32,6.0,3.0,1.36,1,1,0,0,0
80.0,52.2,13.1,1.78,1,1,0,1,0
47.97,16.6,28.8,1.07,1,1,0,1,0
25.33,5.6,31.2,0.56,1,1,0,1,0
78.75,33.5,3.3,1.75,1,1,0,0,0
123.47,10.7,0.9,2.74,1,0,0,1,0
132.43,4.0,0.8,2.94,1,1,0,1,0
86.75,20.5,16.5,1.93,1,0,1,1,0
178.74,9.2,1.8,3.97,1,1,1,0,0
169.53,16.2,3.5,3.77,1,1,0,1,0
249.04,0.0,12.5,5.53,1,1,0,1,0
3.98,7.5,12.9,0.09,1,1,0,0,0
24.22,7.4,6.4,0.54,1,0,0,0,0
30.58,21.6,10.6,0.68,1,1,0,1,0
91.27,13.2,9.3,2.03,0,0,1,1,0
56.4,1.7,17.9,1.25,1,1,0,1,0
32.37,74.2,1.2,0.72,1,1,1,1,0
9.8,4.6,3.0,0.22,1,0,0,0,0
160.4,10.9,12.3,3.56,1,1,0,1,0
288.48,17.0,11.1,6.41,1,1,0,0,0
28.0,41.9,0.4,0.62,1,1,0,0,0
95.36,6.5,5.6,2.12,1,0,0,0,0
16.16,10.0,28.4,0.36,1,0,0,0,0
3.64,12.9,12.3,0.08,1,1,0,1,0
30.9,16.8,12.1,0.69,1,1,0,0,0
17.4,56.7,4.4,0.39,0,1,1,0,0
228.41,18.1,3.3,5.08,1,0,0,1,1
127.95,10.5,28.0,2.84,1,1,0,1,0
40.86,6.6,1.6,0.91,1,1,0,1,0
7.47,5.2,48.5,0.17,1,1,0,1,0
183.05,0.9,1.8,4.07,0,1,0,1,0
111.79,19.9,10.8,2.48,1,1,0,0,0
72.37,9.7,6.6,1.61,1,0,0,0,0
63.66,13.7,6.5,1.41,1,1,1,1,0
17.03,38.4,21.1,0.38,1,1,0,1,0
204.32,14.3,17.3,4.54,1,1,0,0,0
7.94,8.2,8.0,0.18,1,0,1,0,0
75.18,1.9,1.1,1.67,1,1,0,1,0
97.57,4.1,0.7,2.17,1,1,0,1,0
30.61,27.2,6.1,0.68,1,0,0,1,0
56.05,14.8,2.9,1.25,1,1,0,0,0
18.11,3.2,9.7,0.4,1,1,0,1,0
61.84,8.1,1.0,1.37,1,0,0,1,0
56.36,6.3,16.0,1.25,1,0,0,1,0
27.62,40.8,3.3,0.61,1,1,1,1,0
9.82,3.3,4.8,0.22,1,0,0,1,0
174.69,1.2,6.1,3.88,0,1,0,1,0
82.46,20.5,4.4,1.83,1,1,0,1,0
96.03,26.0,2.2,2.13,1,1,0,0,0
309.42,38.4,0.9,6.88,1,0,0,0,0
66.13,17.2,20.6,1.47,1,1,0,1,0
19.73,21.1,7.4,0.44,1,1,0,1,0
50.98,20.8,12.3,1.13,1,1,0,0,0
145.13,13.7,3.4,3.23,1,0,0,1,0
20.54,11.9,2.7,0.46,1,1,0,1,0
37.8,9.6,2.1,0.84,1,1,0,1,0
42.92,10.7,14.5,0.95,1,1,0,1,0
9.67,29.7,26.7,0.21,1,1,0,0,0
48.45,16.9,3.3,1.08,1,1,0,0,0
97.24,27.6,13.8,2.16,1,1,0,1,0
57.76,9.3,1.2,1.28,1,1,0,1,0
78.3,9.4,0.1,1.74,1,1,0,1,0
36.78,9.9,0.7,0.82,1,1,0,1,0
98.59,2.4,2.0,2.19,0,1,1,0,0
184.05,7.8,5.5,4.09,1,1,1,0,0
30.97,7.8,11.4,0.69,0,1,0,1,0
31.63,11.8,4.2,0.7,1,1,0,1,0
79.98,6.1,0.4,1.78,1,1,0,1,0
66.54,11.4,0.1,1.48,1,1,0,0,0
46.44,5.6,9.4,1.03,1,1,0,1,0
48.87,65.0,0.1,1.09,1,1,0,1,0
72.43,6.3,7.1,1.61,1,1,0,0,0
9.87,19.8,1.0,0.22,1,1,0,0,0
51.0,42.2,1.5,1.13,1,1,0,0,0
130.47,0.7,3.7,2.9,1,0,0,1,0
39.4,41.2,1.1,0.88,0,1,1,1,0
38.35,0.5,21.5,0.85,1,0,0,1,0
15.26,1.7,1.5,0.34,1,1,0,0,0
107.25,0.9,10.4,2.38,1,0,0,0,0
159.53,4.6,55.9,3.55,1,0,1,1,0
174.66,11.4,10.6,3.88,1,1,0,0,0
32.4,3.7,2.5,0.72,0,1,0,0,0
11.96,8.8,7.1,0.27,1,1,1,0,0
110.47,31.4,3.4,2.45,1,1,0,0,0
80.7,45.5,0.2,1.79,1,0,0,1,0
134.49,24.3,2.0,2.99,1,1,0,0,0
130.34,15.7,6.1,2.9,1,1,0,0,0
91.79,49.7,7.2,2.04,0,1,0,0,0
15.49,6.8,0.2,0.34,1,1,0,1,0
249.19,58.7,28.6,5.54,1,1,0,1,0
13.68,2.9,6.7,0.3,1,1,0,0,0
73.28,22.0,3.8,1.63,1,1,0,1,0
1.4,33.3,0.4,0.03,1,1,0,1,0
25.93,6.4,2.9,0.58,1,0,0,1,0
30.5,9.8,4.8,0.68,1,1,0,0,0
45.09,1.9,14.4,1.0,1,1,0,0,0
45.77,8.0,6.6,1.02,1,0,0,0,0
148.84,15.2,14.3,3.31,0,1,0,1,0
52.53,5.2,0.4,1.17,1,1,0,0,0
21.65,23.5,1.2,0.48,1,1,0,0,0
15.98,18.0,0.9,0.36,1,1,0,1,0
132.32,3.4,6.7,2.94,1,0,0,1,0
45.39,4.4,23.8,1.01,1,1,0,1,0
6.64,58.3,2.0,0.15,0,1,0,1,0
75.09,12.9,16.9,1.67,1,0,0,1,0
68.55,42.6,0.6,1.52,1,1,0,0,0
123.2,7.0,1.1,2.74,1,1,0,1,0
47.39,82.0,11.8,1.05,1,0,0,1,0
40.91,38.7,11.6,0.91,1,1,0,1,0
70.22,10.6,4.3,1.56,0,1,0,1,0
90.26,1.5,19.4,2.01,1,1,0,1,0
17.76,6.3,5.1,0.39,1,1,0,1,0
206.66,10.4,5.5,4.59,1,0,0,1,1
186.51,2.9,2.3,4.14,1,1,0,1,0
189.78,6.3,21.5,4.22,1,1,0,1,0
27.54,0.4,26.4,0.61,1,1,0,0,0
64.94,17.6,1.2,1.44,1,0,1,1,0
165.42,7.5,7.5,3.68,1,1,1,1,0
26.88,23.0,9.5,0.6,1,1,0,1,0
21.74,6.4,4.0,0.48,1,1,0,1,0
95.87,29.3,2.4,2.13,1,0,0,1,0
166.72,9.4,11.4,3.7,0,1,0,1,0
11.31,2.5,1.1,0.25,1,1,0,1,0
40.62,9.1,8.0,0.9,1,1,0,1,0
49.23,11.7,4.4,1.09,1,1,0,1,0
159.49,44.1,4.9,3.54,1,1,0,1,0
135.14,15.8,5.6,3.0,1,1,0,1,0
77.3,20.3,13.9,1.72,1,1,0,0,0
78.44,8.7,8.2,1.74,1,1,0,0,0
216.86,2.3,19.0,4.82,1,1,0,1,0
86.16,1.6,13.7,1.91,1,1,0,1,0
112.35,8.1,1.4,2.5,0,1,0,0,0
68.69,40.0,20.8,1.53,1,1,0,1,0
54.14,9.4,13.5,1.2,1,0,0,1,0
5.47,4.2,1.0,0.12,1,1,0,1,0
27.71,4.1,7.9,0.62,1,0,0,0,0
31.28,47.6,9.1,0.7,1,1,1,1,0
62.85,7.0,0.0,1.4,0,1,0,0,0
67.23,5.3,12.2,1.49,0,1,0,1,0
96.87,19.3,6.7,2.15,0,1,0,1,0
69.99,8.7,9.4,1.56,1,0,0,0,0
24.48,4.9,1.8,0.54,1,1,0,0,0
41.82,20.9,3.8,0.93,1,0,1,1,0
110.19,25.3,4.4,2.45,1,1,0,1,0
121.86,0.1,2.0,2.71,1,0,0,1,0
50.0,2.3,4.0,1.11,0,1,0,0,0
39.01,14.5,3.0,0.87,1,1,0,0,0
26.54,0.2,11.7,0.59,0,1,0,0,0
6.35,9.7,3.3,0.14,1,1,0,0,0
6.06,23.0,0.4,0.13,1,0,0,0,0
53.37,1.7,0.3,1.19,1,0,1,1,0
305.39,24.8,2.3,6.79,1,1,0,0,0
23.57,6.9,5.0,0.52,1,1,0,1,0
8.32,0.2,0.5,0.18,1,1,1,1,0
37.06,19.8,0.0,0.82,1,1,1,1,0
302.16,6.7,2.6,6.71,1,1,0,0,0
23.97,20.7,5.4,0.53,1,1,0,0,0
25.91,7.8,0.2,0.58,1,1,0,1,0
136.19,12.2,1.8,3.03,1,1,0,0,0
202.91,36.0,7.2,4.51,1,0,0,1,1
43.04,12.3,4.2,0.96,1,0,0,0,0
20.0,0.6,0.6,0.44,0,1,0,1,0
1.22,4.5,1.9,0.03,1,0,0,0,0
226.15,22.0,7.1,5.03,1,1,0,1,0
36.91,33.8,24.8,0.82,1,1,1,0,0
145.91,27.5,2.4,3.24,1,0,0,0,0
128.93,24.4,2.6,2.87,1,1,0,1,0
118.92,41.0,1.1,2.64,0,1,1,0,0
149.82,7.6,5.2,3.33,1,0,0,1,0
100.27,8.9,1.3,2.23,1,1,0,1,0
353.57,5.0,1.6,7.86,1,0,0,1,1
13.56,28.9,5.8,0.3,0,0,1,0,0
158.86,11.1,5.8,3.53,1,0,1,0,0
35.61,5.5,1.0,0.79,1,1,0,0,0
29.22,15.5,5.0,0.65,1,0,0,0,0
229.34,8.2,16.5,5.1,1,1,0,0,0
29.42,18.0,7.4,0.65,1,1,1,0,0
31.27,15.6,0.2,0.69,1,0,0,0,0
5.14,63.7,1.4,0.11,1,1,1,1,0
25.36,4.8,3.0,0.56,1,0,0,0,0
58.62,0.2,16.0,1.3,0,1,0,0,0
97.07,12.2,22.0,2.16,1,1,0,1,0
43.78,3.1,0.0,0.97,1,1,0,0,0
33.34,0.9,18.9,0.74,1,1,0,0,0
111.75,10.3,6.9,2.48,1,1,0,0,0
6.9,21.3,4.2,0.15,1,1,0,1,0
8.73,7.6,3.8,0.19,1,0,0,1,0
517.32,22.6,18.8,11.5,1,1,0,1,0
191.18,9.8,5.3,4.25,1,1,1,0,0
101.78,10.2,0.9,2.26,1,1,0,0,0
52.31,28.1,0.8,1.16,1,1,1,1,0
189.62,18.9,1.5,4.21,1,1,0,0,0
101.81,11.5,2.6,2.26,1,1,0,1,0
201.59,5.3,6.9,4.48,1,0,0,0,0
249.74,6.7,1.4,5.55,1,1,0,0,0
23.3,12.9,15.7,0.52,1,0,0,1,0
28.43,31.0,4.7,0.63,1,0,0,1,0
129.69,3.1,22.3,2.88,1,1,1,1,0
26.09,5.9,8.8,0.58,1,1,0,1,0
139.77,5.9,2.0,3.11,1,0,0,1,0
109.78,8.2,24.9,2.44,1,0,0,1,0
46.31,11.9,27.9,1.03,0,1,0,0,0
138.39,4.9,2.5,3.08,0,0,0,1,0
217.01,5.2,1.2,4.82,1,1,0,1,0
127.2,49.3,3.5,2.83,1,0,0,1,0
6.93,46.9,1.6,0.15,1,1,0,0,0
30.22,3.7,4.4,0.67,0,1,0,1,0
8.63,3.1,3.7,0.19,0,1,0,0,0
54.34,0.8,11.2,1.21,1,1,0,0,0
45.61,35.4,1.7,1.01,1,1,0,0,0
81.75,5.7,8.1,1.82,0,0,0,0,0
146.62,27.7,30.6,3.26,1,1,0,0,0
147.12,2.8,9.7,3.27,1,1,0,1,0
19.45,39.9,2.2,0.43,1,1,0,0,0
82.34,13.3,10.9,1.83,1,1,0,0,0
65.89,17.7,16.7,1.46,1,1,0,1,0
144.53,8.0,21.2,3.21,1,0,0,0,0
19.49,43.7,4.3,0.43,1,1,0,1,0
141.52,16.1,9.4,3.14,0,1,0,1,0
237.8,13.9,4.3,5.28,1,1,1,1,0
106.66,13.0,3.7,2.37,1,1,1,1,0
213.62,25.5,10.8,4.75,1,1,0,1,0
40.92,8.4,3.8,0.91,1,1,1,0,0
208.13,2.9,7.7,4.63,1,0,0,1,1
12.39,0.7,5.3,0.28,0,0,0,1,0
57.19,18.0,5.4,1.27,1,1,1,1,0
183.03,11.9,11.5,4.07,0,1,0,0,0
8.93,6.1,0.7,0.2,1,1,0,1,0
112.11,9.9,30.8,2.49,1,0,0,0,0
4.83,2.4,5.0,0.11,0,1,0,1,0
40.2,38.6,10.7,0.89,1,1,0,0,0
127.92,38.0,0.4,2.84,1,0,0,0,0
34.18,0.8,9.7,0.76,1,1,0,1,0
74.95,2.7,34.1,1.67,1,0,1,1,0
76.04,14.6,5.0,1.69,1,1,0,1,0
75.62,10.7,3.6,1.68,1,1,0,0,0
38.66,7.6,1.0,0.86,1,1,0,1,0
99.03,15.6,1.4,2.2,1,0,0,1,0
360.46,13.8,4.0,8.01,1,1,0,0,0
37.13,24.2,28.9,0.83,1,1,0,1,0
107.0,5.7,35.1,2.38,1,1,0,1,0
77.11,40.8,5.8,1.71,0,0,0,1,0
83.3,4.1,12.6,1.85,1,1,0,1,0
78.28,35.7,9.5,1.74,1,1,0,1,0
87.59,7.2,21.8,1.95,1,0,0,1,0
25.74,10.2,0.3,0.57,1,1,0,0,0
10.13,4.5,9.9,0.23,1,1,0,0,0
115.12,39.7,0.7,2.56,1,1,0,0,0
3.19,2.6,11.9,0.07,0,1,0,1,0
169.6,44.1,13.3,3.77,1,0,1,0,0
50.51,15.2,3.3,1.12,1,1,0,0,0
98.4,3.6,0.6,2.19,1,1,0,0,0
18.26,10.3,20.5,0.41,0,0,0,1,0
42.23,15.8,13.2,0.94,0,1,1,1,0
8.9,13.3,1.2,0.2,1,1,0,1,0
207.16,7.2,6.0,4.6,1,1,0,1,0
77.53,19.4,3.0,1.72,1,1,0,0,0
44.69,5.5,19.3,0.99,1,1,0,1,0
66.08,1.5,1.6,1.47,1,1,0,1,0
211.92,16.4,20.4,4.71,0,1,0,0,0
20.23,9.2,0.6,0.45,1,1,0,1,0
61.54,23.2,20.7,1.37,1,1,0,0,0
38.97,7.5,1.8,0.87,1,1,0,0,0
14.93,76.6,1.5,0.33,1,1,0,0,0
68.92,2.2,15.5,1.53,0,1,0,1,0
56.21,6.9,1.6,1.25,1,1,0,0,0
32.71,13.4,5.1,0.73,1,0,0,1,0
22.24,5.1,3.1,0.49,1,1,0,1,0
10.29,3.1,0.3,0.23,0,0,1,0,0
19.54,5.1,16.5,0.43,1,1,0,0,0
47.04,16.2,1.3,1.05,0,0,0,1,0
85.97,18.7,2.8,1.91,1,1,0,1,0
139.76,7.0,13.6,3.11,1,1,0,0,0
15.15,3.2,0.6,0.34,1,1,0,0,0
146.41,16.8,5.5,3.25,1,1,0,1,0
8.96,9.3,5.0,0.2,1,1,0,0,0
339.59,25.1,20.6,7.55,1,0,0,1,1
88.3,3.6,4.0,1.96,1,1,0,0,0
53.24,1.2,1.1,1.18,1,1,0,0,0
25.89,2.5,7.6,0.58,1,1,0,1,0
203.07,15.3,4.0,4.51,1,0,0,0,0
543.16,22.2,4.8,12.07,1,1,1,0,0
140.63,0.5,6.1,3.13,1,1,0,0,0
123.31,7.1,2.0,2.74,1,1,0,1,0
11.22,41.2,1.9,0.25,1,0,0,1,0
191.37,21.7,13.0,4.25,1,1,1,1,0
83.31,49.9,2.7,1.85,0,0,0,1,0
341.06,8.0,8.0,7.58,1,1,0,0,0
59.43,16.2,12.9,1.32,1,1,0,1,0
20.37,27.0,17.4,0.45,1,1,1,1,0
104.38,25.9,0.9,2.32,0,1,0,1,0
18.71,0.4,8.2,0.42,1,1,0,1,0
76.27,20.3,8.4,1.69,1,1,0,1,0
192.3,0.9,1.5,4.27,1,1,0,1,0
25.07,2.6,16.1,0.56,1,1,0,0,0
231.33,5.6,8.6,5.14,1,1,1,0,0
11.54,9.2,1.8,0.26,1,0,0,1,0
114.13,0.4,30.6,2.54,0,1,0,1,0
38.18,1.4,3.0,0.85,1,1,0,0,0
118.57,10.2,4.1,2.63,1,1,0,1,0
406.42,6.9,4.2,9.03,1,1,0,1,0
53.59,28.7,5.3,1.19,1,1,0,1,0
27.03,8.2,6.4,0.6,1,1,0,0,0
25.88,1.5,2.3,0.58,0,0,0,0,0
24.58,7.1,1.8,0.55,1,0,0,0,0
123.04,7.6,6.9,2.73,1,0,0,1,0
208.04,7.3,3.9,4.62,0,1,1,0,0
67.02,5.0,6.1,1.49,1,1,1,1,0
9.23,31.4,0.0,0.21,1,1,0,1,0
3.39,21.0,11.1,0.08,0,0,0,0,0
59.64,1.3,3.6,1.33,1,1,0,0,0
3.99,17.8,3.4,0.09,1,1,0,0,0
56.01,16.1,4.2,1.24,1,1,0,1,0
60.14,13.6,5.4,1.34,1,1,0,1,0
164.23,1.9,33.0,3.65,1,0,0,1,0
34.43,5.1,8.0,0.77,0,1,0,0,0
18.56,7.9,0.8,0.41,1,1,0,1,0
158.32,39.6,0.1,3.52,1,1,0,1,0
76.2,18.1,11.4,1.69,1,1,0,0,0
30.54,39.7,8.4,0.68,1,1,0,1,0
216.86,30.5,13.9,4.82,1,1,1,1,0
43.18,7.7,8.6,0.96,1,1,0,1,0
183.82,35.0,5.7,4.08,1,0,0,1,0
1.62,53.2,8.4,0.04,1,1,0,1,0
58.36,2.3,2.1,1.3,0,0,0,0,0
7.06,54.2,8.4,0.16,1,1,0,1,0
71.25,1.7,14.1,1.58,1,1,0,1,0
38.85,11.2,13.1,0.86,1,0,0,1,0
70.31,14.8,4.9,1.56,1,1,0,0,0
64.74,1.8,7.7,1.44,1,0,1,0,0
131.47,20.5,11.5,2.92,1,1,0,1,0
1.99,33.9,10.1,0.04,1,0,0,1,0
43.03,2.3,3.2,0.96,1,0,0,1,0
90.48,2.4,1.6,2.01,0,1,0,1,0
131.71,0.6,15.9,2.93,1,0,0,0,0
33.02,6.5,0.0,0.73,1,1,0,0,0
141.94,16.3,15.1,3.15,1,1,0,1,0
127.1,20.6,10.7,2.82,1,1,0,1,0
12.06,5.7,3.0,0.27,1,0,0,0,0
259.89,56.7,7.4,5.78,1,1,0,1,0
183.44,17.7,20.2,4.08,1,1,0,1,0
13.72,18.0,5.7,0.3,1,0,0,1,0
60.92,4.5,2.5,1.35,1,1,1,1,0
20.55,4.8,6.2,0.46,1,1,0,1,0
88.57,8.1,4.0,1.97,0,1,0,0,0
28.68,9.2,10.3,0.64,1,1,0,1,0
24.64,15.3,3.2,0.55,1,1,0,0,0
77.29,1.3,4.8,1.72,1,1,0,1,0
31.05,11.2,0.9,0.69,1,1,0,1,0
3.39,10.3,4.6,0.08,1,1,0,1,0
185.8,15.6,11.2,4.13,1,1,0,0,0
24.06,9.5,5.9,0.53,1,1,0,1,0
6.33,21.0,6.6,0.14,1,1,1,1,0
35.73,0.4,1.5,0.79,1,1,0,1,0
113.62,8.7,0.1,2.52,1,1,0,1,0
29.26,19.5,33.3,0.65,1,0,0,1,0
20.75,42.5,19.2,0.46,1,1,1,1,0
48.73,1.0,7.9,1.08,1,1,0,0,0
10.86,38.0,8.5,0.24,1,1,0,1,0
110.52,7.6,9.7,2.46,1,1,0,0,0
17.44,9.6,10.9,0.39,1,1,1,0,0
103.79,3.5,1.6,2.31,1,0,0,1,0
62.66,21.6,5.3,1.39,1,0,0,1,0
82.11,7.4,9.3,1.82,1,1,1,0,0
131.0,0.4,2.4,2.91,1,0,0,0,0
125.21,16.4,3.6,2.78,1,0,0,0,0
234.44,1.5,2.0,5.21,1,0,0,1,1
133.96,29.0,6.0,2.98,1,1,0,1,0
3.94,11.0,9.9,0.09,1,1,0,0,0
180.53,25.1,1.0,4.01,1,0,0,0,0
24.96,4.4,4.6,0.55,1,1,0,1,0
82.68,30.6,10.1,1.84,1,1,0,1,0
172.18,19.5,0.2,3.83,1,1,0,1,0
7.97,0.3,5.0,0.18,1,1,1,1,0
5.53,4.3,3.2,0.12,1,0,0,1,0
100.25,7.4,1.5,2.23,1,1,0,0,0
119.38,12.2,20.6,2.65,1,0,0,0,0
8.9,8.6,2.0,0.2,1,1,0,1,0
80.87,5.4,3.9,1.8,1,0,0,1,0
122.03,4.3,19.8,2.71,1,1,0,0,0
53.73,31.2,1.8,1.19,1,1,0,0,0
146.32,8.7,2.1,3.25,1,1,1,1,0
47.6,2.8,1.8,1.06,1,1,0,1,0
75.3,13.7,15.8,1.67,1,1,0,0,0
49.23,12.9,32.5,1.09,1,1,0,0,0
11.55,4.6,1.1,0.26,1,0,0,0,0
2.31,5.9,10.5,0.05,1,1,1,1,0
241.68,8.2,12.4,5.37,1,0,0,0,0
4.98,1.7,1.1,0.11,1,0,1,1,0
20.39,32.4,7.2,0.45,1,1,0,1,0
134.76,13.8,1.2,2.99,1,1,0,1,0
46.78,3.9,2.6,1.04,1,1,1,1,0
33.99,19.5,5.6,0.76,1,1,1,1,0
41.27,12.8,10.3,0.92,1,1,1,1,0
49.57,3.1,19.1,1.1,1,1,0,0,0
23.9,26.8,5.0,0.53,1,1,1,1,0
4.3,3.1,1.8,0.1,1,1,0,1,0
30.28,0.2,10.5,0.67,1,1,0,0,0
179.32,7.7,16.9,3.98,1,1,0,1,0
329.14,7.7,7.8,7.31,1,1,0,0,0
218.03,7.1,9.9,4.85,1,1,1,1,0
39.46,23.4,7.7,0.88,0,1,0,1,0
141.72,8.5,0.8,3.15,1,1,0,0,0
313.01,4.0,4.8,6.96,1,1,0,1,0
14.75,37.1,2.5,0.33,1,1,0,0,0
33.75,51.6,7.9,0.75,1,1,0,0,0
27.86,6.3,6.0,0.62,1,1,0,0,0
72.39,57.9,2.7,1.61,1,1,0,0,0
143.16,1.2,6.2,3.18,1,1,0,1,0
175.28,15.6,2.9,3.9,0,1,0,1,0
147.02,37.3,3.1,3.27,0,1,0,1,0
92.51,12.1,2.1,2.06,1,1,0,0,0
12.98,44.5,2.5,0.29,0,1,0,1,0
401.41,7.0,1.5,8.92,1,1,0,0,0
33.72,8.2,0.9,0.75,0,0,0,0,0
10.94,15.2,7.6,0.24,1,1,1,1,0
33.24,3.2,9.4,0.74,1,1,0,0,0
136.28,6.1,4.4,3.03,0,1,0,1,0
66.06,7.7,8.7,1.47,1,1,0,0,0
23.51,6.9,4.8,0.52,0,1,0,0,0
143.91,12.7,3.2,3.2,1,1,0,1,0
64.04,15.4,7.0,1.42,1,1,1,0,0
55.73,23.1,3.8,1.24,1,1,0,0,0
20.03,1.0,4.8,0.45,1,0,0,1,0
149.94,15.5,0.5,3.33,1,1,0,0,0
9.74,14.8,3.5,0.22,1,1,1,1,0
151.85,8.0,12.0,3.37,1,1,0,1,0
48.18,5.6,2.2,1.07,1,1,0,1,0
60.63,14.4,13.3,1.35,1,1,1,1,0
48.95,11.0,1.3,1.09,0,0,0,0,0
33.71,8.6,5.6,0.75,1,1,1,0,0
173.9,7.7,4.1,3.86,1,1,0,0,0
83.56,9.3,1.4,1.86,0,1,0,0,0
9.09,1.6,44.3,0.2,1,0,0,0,0
178.74,29.9,4.1,3.97,1,1,1,1,0
192.6,38.1,13.7,4.28,1,1,1,1,0
12.88,19.5,15.9,0.29,1,1,1,1,0
124.51,4.4,13.3,2.77,1,1,1,0,0
66.12,2.0,4.4,1.47,1,1,0,1,0
6.99,8.5,1.4,0.16,1,1,0,1,0
56.26,9.8,7.8,1.25,1,1,0,0,0
64.26,11.3,5.0,1.43,0,1,0,0,0
80.93,11.2,5.1,1.8,1,0,0,1,0
13.67,10.6,27.7,0.3,1,0,0,0,0
80.23,3.6,7.5,1.78,1,1,0,0,0
1.52,50.4,11.8,0.03,1,0,1,0,0
108.0,24.9,12.1,2.4,1,1,0,1,0
206.42,7.3,1.7,4.59,1,0,0,1,1
88.16,1.1,18.8,1.96,1,0,0,1,0
9.98,7.6,17.9,0.22,1,0,0,0,0
62.25,0.9,19.0,1.38,1,1,0,0,0
152.32,7.6,21.8,3.38,1,0,0,0,0
80.19,0.4,10.8,1.78,0,1,0,1,0
125.97,4.3,7.3,2.8,1,0,0,0,0
128.49,10.2,0.3,2.86,0,1,0,0,0
87.73,16.6,14.7,1.95,0,1,0,1,0
97.03,12.2,8.0,2.16,1,1,0,1,0
2.21,27.7,7.8,0.05,1,1,0,1,0
337.97,43.2,1.5,7.51,1,1,0,0,0
99.32,8.6,0.5,2.21,1,0,0,1,0
42.97,4.3,0.7,0.95,1,1,0,1,0
173.74,6.2,14.8,3.86,1,0,0,0,0
36.97,4.3,1.5,0.82,1,1,0,0,0
61.77,29.2,2.3,1.37,1,1,0,1,0
51.85,1.4,33.1,1.15,1,1,1,1,0
6.63,9.6,0.7,0.15,1,1,1,1,0
38.9,16.0,0.4,0.86,1,1,0,1,0
14.73,5.8,6.1,0.33,1,1,0,0,0
37.56,1.1,21.5,0.83,1,1,0,0,0
130.05,18.2,3.7,2.89,1,1,0,1,0
75.88,2.8,0.2,1.69,1,1,0,1,0
25.41,15.9,1.2,0.56,1,0,0,1,0
221.64,8.0,2.1,4.93,1,1,0,1,0
53.0,10.1,1.7,1.18,0,1,0,1,0
112.39,8.6,1.6,2.5,1,1,0,0,0
543.44,41.6,1.3,12.08,1,1,0,1,0
142.99,34.6,9.2,3.18,1,0,0,1,0
4.52,30.5,18.5,0.1,1,1,0,0,0
93.43,27.7,3.0,2.08,1,0,0,0,0
41.2,17.1,8.0,0.92,1,1,0,1,0
8.05,10.2,8.3,0.18,1,0,0,1,0
14.98,3.0,6.8,0.33,1,1,0,0,0
170.24,25.1,2.8,3.78,1,1,0,0,0
49.05,5.8,1.4,1.09,1,0,0,0,0
9.35,4.0,8.6,0.21,1,1,0,0,0
11.88,0.2,7.4,0.26,1,0,0,0,0
75.62,13.6,10.1,1.68,1,1,0,1,0
123.86,2.0,5.1,2.75,1,1,0,0,0
112.03,6.0,3.0,2.49,1,1,0,1,0
142.53,3.0,2.3,3.17,1,1,0,1,0
24.94,34.3,7.5,0.55,0,1,0,0,0
76.39,0.1,2.2,1.7,1,1,0,0,0
136.37,13.7,8.0,3.03,1,0,0,1,0
154.53,21.2,5.4,3.43,1,0,0,0,0
56.96,7.0,0.1,1.27,1,0,0,1,0
213.02,10.4,1.6,4.73,1,1,0,1,0
56.68,11.2,28.9,1.26,1,1,0,1,0
30.69,18.8,1.7,0.68,1,0,0,0,0
57.53,9.3,6.9,1.28,1,1,1,1,0
58.68,8.4,7.2,1.3,1,1,0,1,0
97.13,2.8,7.6,2.16,1,0,1,0,0
70.35,15.1,4.3,1.56,1,0,0,1,0
104.14,7.5,22.2,2.31,1,1,1,1,0
11.63,3.7,0.9,0.26,1,1,0,1,0
15.22,5.1,1.8,0.34,1,0,0,0,0
147.16,22.7,0.6,3.27,1,0,1,1,0
67.73,3.6,11.7,1.51,1,1,1,1,0
48.54,8.2,9.8,1.08,1,0,0,1,0
184.08,33.1,0.1,4.09,1,1,0,0,0
50.09,24.3,5.3,1.11,1,0,1,1,0
49.17,4.5,7.8,1.09,1,1,0,1,0
14.19,2.5,3.4,0.32,1,1,0,1,0
206.12,40.3,7.0,4.58,1,1,0,1,0
52.34,8.1,20.8,1.16,0,1,0,0,0
2.78,0.4,3.2,0.06,0,1,0,1,0
217.71,3.8,1.3,4.84,1,1,0,0,0
23.74,64.4,3.2,0.53,1,0,0,1,0
23.33,15.6,7.7,0.52,0,1,0,0,0
141.53,27.2,7.0,3.15,1,1,1,1,0
174.26,30.7,26.8,3.87,1,1,1,0,0
15.36,4.0,2.3,0.34,0,1,1,1,0
66.21,5.2,0.8,1.47,1,1,0,0,0
251.62,12.0,2.3,5.59,1,1,0,1,0
73.85,3.9,3.7,1.64,1,1,1,0,0
108.33,9.6,4.0,2.41,1,1,0,0,0
81.48,22.9,9.2,1.81,1,1,1,1,0
28.94,25.4,13.2,0.64,1,1,0,1,0
30.32,0.7,3.7,0.67,1,0,1,0,0
77.8,0.7,1.5,1.73,1,1,1,1,0
104.39,8.4,3.2,2.32,1,1,1,1,0
61.42,7.7,17.7,1.36,1,0,0,0,0
16.26,0.9,1.0,0.36,1,1,1,1,0
79.86,26.4,5.2,1.77,1,1,0,1,0
5.2,12.0,15.1,0.12,1,1,0,1,0
169.41,54.9,12.5,3.76,1,1,0,1,0
21.58,13.8,5.1,0.48,1,1,0,1,0
101.0,10.3,15.9,2.24,1,1,0,0,0
33.47,5.2,5.2,0.74,1,1,0,1,0
169.82,8.9,4.3,3.77,1,1,0,0,0
30.51,0.2,7.6,0.68,0,1,0,0,0
39.87,4.7,3.1,0.89,1,1,1,1,0
10.81,17.3,3.2,0.24,1,0,0,1,0
46.05,27.7,12.0,1.02,1,1,0,0,0
282.01,33.1,8.6,6.27,1,1,0,1,0
3.01,13.4,4.5,0.07,1,0,0,1,0
163.12,10.8,1.3,3.62,1,0,0,1,0
19.76,1.1,0.3,0.44,1,1,0,0,0
51.25,20.9,17.2,1.14,1,1,1,1,0
123.88,24.7,6.3,2.75,1,1,0,0,0
110.87,6.1,17.9,2.46,1,1,0,1,0
34.21,4.4,4.0,0.76,1,1,0,1,0
178.02,5.1,4.1,3.96,0,1,0,1,0
196.79,8.4,2.6,4.37,0,1,0,0,0
72.45,5.4,11.3,1.61,1,0,0,0,0
119.75,9.8,0.1,2.66,1,0,0,1,0
364.69,7.3,5.1,8.1,1,1,0,1,0
77.03,6.7,6.7,1.71,1,1,0,1,0
370.37,3.0,19.5,8.23,1,1,1,0,0
9.64,18.5,13.2,0.21,1,1,0,1,0
59.94,1.0,3.7,1.33,0,1,0,1,0
56.34,22.5,3.1,1.25,1,1,0,1,0
79.02,12.6,11.6,1.76,0,1,0,1,0
78.19,16.4,0.3,1.74,1,1,0,0,0
70.48,41.1,0.7,1.57,1,1,0,1,0
278.48,2.1,13.1,6.19,1,1,0,1,0
162.57,7.0,10.5,3.61,1,0,0,0,0
80.83,17.5,6.6,1.8,1,1,0,1,0
131.23,21.2,16.3,2.92,0,1,0,0,0
45.15,51.2,8.3,1.0,1,1,0,1,0
2.62,8.2,3.7,0.06,1,1,1,0,0
15.71,7.7,6.7,0.35,1,0,0,0,0
9.38,8.3,15.8,0.21,1,1,0,0,0
28.49,3.9,5.4,0.63,1,1,0,0,0
68.23,6.7,3.2,1.52,1,1,1,0,0
39.94,14.2,10.9,0.89,1,1,0,1,0
303.14,11.2,8.6,6.74,1,1,0,0,0
59.69,9.5,9.7,1.33,0,0,0,0,0
9.87,1.7,12.1,0.22,1,0,0,1,0
53.55,14.7,2.2,1.19,1,1,0,1,0
256.51,24.2,9.7,5.7,1,1,0,0,0
327.7,0.5,1.2,7.28,1,1,0,1,0
128.64,18.2,3.8,2.86,1,1,0,1,0
8.89,2.8,11.5,0.2,1,1,0,1,0
40.12,0.6,16.2,0.89,1,1,0,0,0
386.33,0.3,14.2,8.59,1,1,0,1,0
165.5,5.8,0.1,3.68,1,1,0,1,0
77.48,16.8,11.8,1.72,1,1,0,1,0
41.67,15.4,3.7,0.93,0,1,0,1,0
256.15,15.6,2.6,5.69,1,1,1,0,0
112.53,9.2,6.7,2.5,1,1,0,1,0
179.42,45.2,7.8,3.99,1,0,0,1,0
5.09,4.6,1.0,0.11,1,1,0,1,0
44.74,12.0,1.1,0.99,1,1,0,1,0
37.39,17.7,3.0,0.83,1,0,0,1,0
24.52,1.8,4.0,0.54,1,1,1,1,0
198.14,12.1,15.2,4.4,1,1,0,1,0
1.44,0.4,2.0,0.03,1,0,0,1,0
94.37,23.5,24.3,2.1,1,1,0,0,0
271.41,8.5,14.1,6.03,1,1,0,1,0
73.72,12.3,9.2,1.64,1,0,0,1,0
128.12,6.1,2.7,2.85,1,1,0,1,0
37.38,0.6,2.6,0.83,1,1,0,0,0
7.13,2.3,8.6,0.16,1,1,0,1,0
21.83,9.2,1.4,0.49,1,0,1,1,0
34.27,9.8,1.9,0.76,1,1,0,0,0
403.83,1.9,19.4,8.97,1,1,1,0,0
301.54,5.5,7.1,6.7,1,0,0,1,1
36.22,2.0,0.4,0.8,1,1,0,1,0
18.67,0.7,19.3,0.41,1,1,1,1,0
73.23,18.4,32.0,1.63,1,1,0,1,0
68.09,19.2,7.9,1.51,1,1,1,1,0
21.74,13.1,7.2,0.48,1,1,0,1,0
18.0,6.9,3.9,0.4,1,1,1,1,0
19.92,1.0,26.7,0.44,0,1,1,1,0
93.04,36.4,4.8,2.07,1,1,0,0,0
52.16,0.3,2.6,1.16,1,1,0,1,0
129.91,38.9,1.5,2.89,0,0,0,1,0
16.94,42.1,9.2,0.38,1,0,0,1,0
26.43,8.5,1.2,0.59,1,1,1,0,0
8.43,4.1,13.6,0.19,1,1,0,1,0
48.24,28.0,9.7,1.07,0,0,0,0,0
192.25,85.6,1.6,4.27,1,1,0,0,0
105.38,1.8,5.0,2.34,1,1,0,0,0
22.26,13.2,5.1,0.49,1,1,0,1,0
50.07,1.5,4.6,1.11,1,1,0,0,0
66.07,4.1,0.5,1.47,1,0,0,0,0
63.73,12.1,2.1,1.42,1,1,0,0,0
51.87,7.2,9.7,1.15,1,1,0,0,0
66.49,7.0,3.3,1.48,1,1,0,1,0
28.92,17.4,24.0,0.64,1,1,0,0,0
70.06,50.6,6.9,1.56,1,1,1,1,0
34.75,12.2,1.8,0.77,1,0,0,1,0
27.57,12.6,10.0,0.61,1,1,0,1,0
52.71,12.9,1.6,1.17,1,1,0,0,0
42.46,3.7,5.4,0.94,1,0,1,1,0
73.2,13.2,3.5,1.63,1,1,0,1,0
93.29,14.0,13.4,2.07,1,0,0,1,0
5.36,19.2,0.2,0.12,1,1,0,1,0
54.7,1.0,0.5,1.22,1,0,0,1,0
8.84,7.8,5.6,0.2,1,1,0,1,0
113.36,2.3,0.4,2.52,0,1,0,1,0
96.44,1.9,3.8,2.14,0,0,1,0,0
72.53,4.9,0.7,1.61,1,1,0,0,0
6.4,9.9,3.8,0.14,1,0,0,1,0
215.19,21.6,34.8,4.78,0,1,0,0,0
110.15,24.6,0.4,2.45,1,1,0,0,0
47.9,8.0,9.1,1.06,1,0,0,1,0
78.21,10.9,8.2,1.74,1,1,0,1,0
97.95,3.1,0.7,2.18,1,1,0,1,0
21.11,39.5,16.4,0.47,1,0,0,0,0
97.7,1.2,17.1,2.17,1,0,0,1,0
71.33,6.0,3.0,1.59,1,1,1,0,0
15.55,2.6,9.7,0.35,0,1,0,0,0
70.84,42.8,10.2,1.57,0,0,1,0,0
99.04,13.6,18.9,2.2,1,1,0,1,0
86.49,8.3,0.8,1.92,1,0,0,1,0
3.78,10.0,6.3,0.08,1,1,0,1,0
103.64,30.9,15.0,2.3,1,1,0,1,0
8.61,51.2,2.1,0.19,1,0,0,1,0
133.87,19.7,26.5,2.97,1,1,0,1,0
142.49,0.9,10.4,3.17,1,0,1,1,0
90.14,9.6,6.7,2.0,1,1,0,1,0
70.49,22.7,16.3,1.57,1,0,0,1,0
21.44,4.8,1.8,0.48,1,1,0,1,0
6.28,40.9,6.1,0.14,0,1,0,1,0
102.54,13.2,4.9,2.28,1,1,0,0,0
165.49,24.3,2.0,3.68,0,1,0,0,0
12.94,1.2,8.2,0.29,1,1,0,1,0
16.75,23.7,4.1,0.37,1,1,1,0,0
3.71,2.8,7.8,0.08,1,0,0,1,0
205.03,18.5,24.3,4.56,1,1,0,0,0
17.6,3.1,13.9,0.39,1,1,0,0,0
99.3,1.4,3.4,2.21,1,1,0,0,0
104.28,0.5,0.5,2.32,0,1,1,1,0
53.48,1.8,23.1,1.19,1,1,1,0,0
27.31,21.4,2.5,0.61,1,1,0,0,0
140.54,2.2,3.5,3.12,1,1,0,0,0
81.54,4.8,1.4,1.81,1,1,1,1,0
116.27,17.3,5.2,2.58,0,0,0,1,0
48.64,2.8,10.2,1.08,1,0,0,1,0
22.82,1.3,28.5,0.51,1,0,0,1,0
188.05,15.1,1.2,4.18,1,1,0,1,0
108.94,4.0,5.4,2.42,1,1,0,1,0
103.3,4.2,2.0,2.3,1,1,0,1,0
40.69,21.2,23.6,0.9,0,1,0,1,0
21.35,8.7,11.0,0.47,0,0,0,0,0
101.16,1.9,1.3,2.25,1,0,0,1,0
43.97,30.4,1.6,0.98,1,1,0,0,0
249.14,31.1,9.7,5.54,1,1,1,1,0
16.61,19.1,11.6,0.37,1,1,0,0,0
52.71,5.9,9.6,1.17,1,1,0,1,0
176.62,2.4,19.5,3.92,0,0,0,1,0
33.32,13.7,6.9,0.74,1,1,0,0,0
92.53,5.8,1.4,2.06,1,1,1,0,0
25.82,2.6,4.3,0.57,1,1,1,1,0
44.01,34.7,3.2,0.98,1,1,0,0,0
134.91,66.0,2.8,3.0,1,1,1,1,0
175.0,2.6,0.5,3.89,0,1,1,1,0
40.64,31.8,29.9,0.9,0,1,0,1,0
110.53,10.0,24.0,2.46,1,1,1,0,0
67.75,4.0,1.4,1.51,1,0,0,1,0
5.7,19.2,4.6,0.13,0,1,0,0,0
15.72,18.5,6.8,0.35,1,1,0,1,0
164.81,11.5,2.4,3.66,1,1,0,0,0
154.59,9.5,11.9,3.44,1,0,0,1,0
43.45,12.9,1.9,0.97,1,1,0,0,0
23.73,1.5,3.1,0.53,1,1,0,1,0
188.2,8.7,1.0,4.18,1,1,0,0,0
8.54,31.6,0.5,0.19,1,0,1,0,0
65.87,39.8,6.4,1.46,1,1,0,1,0
68.44,5.1,3.8,1.52,1,0,0,1,0
20.0,26.4,1.9,0.44,1,1,0,0,0
229.47,31.3,10.7,5.1,1,0,0,0,0
183.72,7.2,1.4,4.08,1,1,0,0,0
24.22,7.5,4.2,0.54,1,1,0,0,0
29.08,32.2,5.4,0.65,1,1,1,1,0
643.49,39.9,7.8,14.3,1,0,0,0,0
7.74,6.6,22.0,0.17,1,1,0,0,0
205.4,1.4,3.0,4.56,1,1,0,0,0
4.07,10.7,18.0,0.09,1,0,0,1,0
131.73,2.8,5.2,2.93,1,1,0,0,0
102.98,4.8,0.5,2.29,1,0,0,1,0
20.97,27.9,1.3,0.47,1,1,0,0,0
69.01,19.6,1.6,1.53,1,0,0,0,0
42.71,54.5,7.7,0.95,1,0,0,1,0
129.35,10.9,7.4,2.87,1,1,0,1,0
171.95,12.9,1.7,3.82,1,1,0,0,0
30.01,2.3,13.0,0.67,1,0,0,1,0
190.45,14.9,1.2,4.23,1,1,1,0,0
53.91,2.6,0.8,1.2,1,1,0,1,0
82.24,6.2,1.5,1.83,1,1,1,1,0
97.76,20.5,12.3,2.17,0,1,0,0,0
198.82,23.6,14.8,4.42,1,1,0,1,0
36.88,3.4,8.3,0.82,1,1,0,1,0
26.01,11.2,2.5,0.58,1,0,0,1,0
10.2,1.4,11.7,0.23,1,1,0,0,0
28.2,32.3,1.6,0.63,1,0,0,0,0
121.43,24.1,1.9,2.7,0,1,0,1,0
75.2,8.3,5.7,1.67,1,0,0,0,0
19.68,26.4,2.4,0.44,1,1,0,1,0
17.22,18.5,1.6,0.38,1,0,0,0,0
23.74,6.6,21.0,0.53,1,1,0,0,0
5.41,4.7,1.5,0.12,1,1,0,1,0
163.15,2.6,3.0,3.63,1,1,0,1,0
8.05,8.7,0.6,0.18,1,1,0,0,0
76.5,9.9,0.3,1.7,1,1,0,0,0
130.24,20.9,12.8,2.89,1,0,0,1,0
130.1,1.1,6.8,2.89,1,0,0,1,0
55.02,0.6,0.9,1.22,0,1,1,0,0
134.35,14.1,8.7,2.99,1,0,0,0,0
76.74,0.9,16.7,1.71,1,1,1,0,0
18.7,9.2,4.0,0.42,1,1,0,1,0
35.62,34.6,17.4,0.79,1,1,0,0,0
228.77,1.5,5.4,5.08,1,1,0,1,0
29.85,32.7,2.9,0.66,1,1,0,1,0
28.7,2.0,3.1,0.64,1,1,0,1,0
107.47,6.8,10.1,2.39,1,1,0,1,0
55.26,21.7,9.8,1.23,1,1,0,0,0
182.95,2.1,15.8,4.07,1,1,0,1,0
72.87,0.1,7.4,1.62,1,1,0,1,0
91.2,0.9,6.5,2.03,1,1,1,1,0
93.94,23.1,23.7,2.09,1,1,0,1,0
125.85,10.8,0.0,2.8,0,1,0,1,0
41.42,0.4,7.9,0.92,1,1,0,1,0
93.62,83.2,5.1,2.08,0,1,0,0,0
58.85,9.2,2.8,1.31,1,1,1,0,0
12.04,5.6,8.3,0.27,1,1,0,0,0
96.44,17.8,2.6,2.14,1,0,0,0,0
69.26,2.4,0.2,1.54,1,0,0,0,0
369.45,57.1,9.4,8.21,1,0,0,1,0
9.04,13.2,3.3,0.2,0,1,0,1,0
16.6,25.4,5.8,0.37,1,1,0,0,0
10.19,20.7,23.2,0.23,1,1,0,1,0
90.03,7.1,0.3,2.0,1,1,0,1,0
82.09,3.2,6.9,1.82,1,1,0,1,0
89.32,1.0,8.0,1.98,1,0,0,1,0
11.4,6.1,50.7,0.25,1,0,0,1,0
6.26,11.8,15.6,0.14,1,1,0,1,0
51.57,4.7,10.2,1.15,1,1,0,1,0
16.79,22.8,6.0,0.37,1,1,0,0,0
20.99,28.0,5.9,0.47,1,0,0,1,0
114.09,18.9,0.3,2.54,1,0,0,1,0
65.87,3.3,3.0,1.46,1,1,0,0,0
33.85,47.5,7.3,0.75,1,1,0,1,0
146.73,0.7,10.1,3.26,1,1,0,1,0
44.07,19.4,18.8,0.98,1,1,0,0,0
66.42,12.4,7.3,1.48,1,0,0,1,0
379.34,14.7,3.2,8.43,1,1,0,1,0
145.25,9.2,1.2,3.23,1,1,0,1,0
108.31,24.0,0.4,2.41,1,0,0,1,0
39.55,15.4,11.2,0.88,1,1,1,1,0
40.62,5.2,2.2,0.9,0,1,0,0,0
7.87,59.3,2.0,0.17,1,1,0,1,0
9.85,6.3,6.2,0.22,1,1,0,1,0
151.43,9.6,1.0,3.37,1,1,1,0,0
172.08,8.8,0.5,3.82,1,0,0,1,0
4.39,6.3,3.9,0.1,1,1,0,1,0
121.35,1.3,3.3,2.7,0,1,1,0,0
36.45,15.5,15.0,0.81,1,1,0,1,0
27.45,1.2,10.9,0.61,1,1,0,0,0
9.08,3.8,1.1,0.2,1,1,0,0,0
158.0,5.3,12.7,3.51,1,0,0,0,0
61.52,3.3,7.5,1.37,1,1,0,1,0
7.51,6.0,1.3,0.17,1,1,0,1,0
178.28,3.0,1.0,3.96,1,0,0,0,0
182.78,5.6,2.2,4.06,1,1,0,0,0
123.57,22.3,10.5,2.75,0,0,0,1,0
144.89,2.2,13.3,3.22,1,1,0,0,0
150.11,33.3,16.1,3.34,1,1,0,0,0
264.51,10.9,11.2,5.88,1,1,0,1,0
80.47,10.6,6.4,1.79,1,0,0,0,0
98.95,3.1,1.1,2.2,1,0,0,0,0
31.81,36.6,13.9,0.71,1,1,1,1,0
91.4,16.4,32.7,2.03,1,1,1,1,0
98.62,3.3,12.8,2.19,1,1,0,0,0
7.31,5.9,5.5,0.16,1,0,0,1,0
124.43,3.7,4.8,2.77,1,1,0,1,0
12.33,6.5,2.3,0.27,1,1,0,1,0
20.35,12.9,0.0,0.45,1,1,0,0,0
64.14,23.8,2.5,1.43,1,1,0,1,0
14.69,10.4,3.8,0.33,0,1,0,1,0
1.49,24.8,1.0,0.03,1,0,0,0,0
97.65,6.5,49.2,2.17,1,1,0,1,0
151.03,1.0,2.5,3.36,1,0,0,1,0
21.04,23.1,12.0,0.47,1,0,0,0,0
8.27,1.2,2.3,0.18,1,1,0,0,0
6.46,13.1,2.9,0.14,1,0,0,1,0
14.94,0.7,6.4,0.33,1,0,0,0,0
42.0,15.6,0.8,0.93,1,1,1,1,0
106.85,23.2,2.0,2.37,1,0,0,1,0
161.47,1.3,5.0,3.59,1,1,0,0,0
9.66,17.8,15.9,0.21,0,1,1,1,0
113.05,9.5,13.7,2.51,1,0,0,1,0
1.44,6.3,2.2,0.03,1,1,0,1,0
87.36,28.4,13.0,1.94,1,0,0,1,0
25.37,6.5,0.6,0.56,1,0,1,1,0
16.19,20.8,1.2,0.36,1,1,0,1,0
140.24,14.6,7.5,3.12,1,1,0,1,0
24.12,5.9,3.7,0.54,0,1,0,0,0
65.42,26.7,14.9,1.45,1,1,1,1,0
89.09,38.2,0.3,1.98,1,0,0,1,0
22.89,3.2,3.6,0.51,1,1,1,0,0
247.86,1.9,23.7,5.51,1,1,0,0,0
68.09,8.7,17.6,1.51,1,1,0,0,0
234.49,22.1,7.2,5.21,1,1,1,1,0
28.03,12.5,21.6,0.62,1,1,0,0,0
129.02,2.0,34.8,2.87,1,0,0,0,0
89.05,14.3,21.1,1.98,1,0,0,0,0
15.23,4.7,26.0,0.34,1,1,0,1,0
4.58,5.8,0.9,0.1,0,1,0,1,0
17.94,15.1,5.6,0.4,1,1,0,1,0
17.19,10.5,0.9,0.38,1,1,0,0,0
79.51,4.2,17.2,1.77,1,0,0,1,0
63.46,9.9,4.4,1.41,1,1,0,0,0
111.36,2.1,4.0,2.47,1,1,0,1,0
50.56,2.7,9.8,1.12,1,1,0,1,0
45.43,10.0,14.3,1.01,1,0,0,1,0
30.89,13.3,6.0,0.69,1,1,0,1,0
183.74,12.7,11.8,4.08,0,1,0,0,0
96.27,35.6,34.4,2.14,1,0,1,0,0
96.67,6.1,0.5,2.15,0,1,0,1,0
72.65,20.0,10.6,1.61,1,1,0,1,0
9.67,18.0,0.4,0.21,1,1,0,0,0
4.67,21.9,2.6,0.1,1,0,1,1,0
1.49,5.8,8.3,0.03,1,1,0,0,0
97.87,5.3,2.8,2.17,1,1,0,1,0
26.71,11.1,1.5,0.59,1,1,0,1,0
232.22,31.2,4.4,5.16,1,0,0,1,0
31.16,8.2,16.7,0.69,1,1,1,1,0
80.97,0.9,3.9,1.8,1,1,0,0,0
28.96,20.6,2.3,0.64,1,0,0,0,0
77.46,1.8,8.0,1.72,1,0,1,1,0
42.03,9.3,19.6,0.93,1,1,0,1,0
147.91,12.9,2.3,3.29,1,1,0,1,0
69.39,11.1,3.5,1.54,1,1,0,1,0
148.09,4.7,5.3,3.29,0,1,0,1,0
57.89,3.2,19.1,1.29,1,1,1,0,0
17.16,22.6,1.0,0.38,1,1,0,0,0
45.92,8.3,2.6,1.02,1,1,0,1,0
37.07,15.8,19.5,0.82,1,1,0,1,0
1.27,7.9,7.9,0.03,1,1,0,0,0
42.1,5.3,13.5,0.94,1,1,0,1,0
84.36,4.8,2.9,1.87,1,1,1,0,0
244.18,18.8,8.8,5.43,1,1,1,1,0
24.59,22.6,4.9,0.55,1,1,0,1,0
41.71,1.8,8.7,0.93,1,0,0,1,0
112.93,16.1,7.0,2.51,1,1,0,1,0
7.27,37.0,9.2,0.16,1,1,0,0,0
103.37,5.5,6.7,2.3,1,1,0,1,0
52.68,25.0,19.1,1.17,1,0,1,1,0
75.09,1.6,9.6,1.67,1,1,0,0,0
46.1,3.2,3.9,1.02,0,0,0,0,0
14.47,33.3,7.3,0.32,1,0,0,0,0
241.56,11.6,7.1,5.37,0,1,0,0,0
27.01,43.0,0.6,0.6,1,1,0,1,0
10.86,0.4,0.0,0.24,1,1,0,0,0
31.05,0.9,12.0,0.69,1,1,0,0,0
225.08,14.8,3.9,5.0,1,0,0,0,0
33.61,36.6,21.1,0.75,1,1,1,1,0
130.26,8.1,1.5,2.89,1,1,0,0,0
16.01,36.2,21.6,0.36,1,0,0,0,0
142.45,59.1,11.9,3.17,1,1,0,0,0
101.53,2.4,13.0,2.26,1,1,0,1,0
15.56,11.2,1.8,0.35,1,1,0,1,0
301.62,2.9,5.2,6.7,1,1,1,0,0
14.64,7.9,0.7,0.33,1,1,0,0,0
216.95,12.9,15.2,4.82,1,0,0,1,1
15.77,23.8,4.4,0.35,1,1,0,1,0
110.04,16.6,20.6,2.45,1,1,0,1,0
35.87,1.8,20.6,0.8,1,1,0,1,0
62.18,18.3,16.3,1.38,1,0,0,0,0
4.94,2.6,3.3,0.11,1,0,0,0,0
118.33,21.9,4.0,2.63,1,1,0,0,0
53.17,12.9,1.5,1.18,1,0,0,1,0
93.7,2.8,1.9,2.08,1,0,0,1,0
160.35,28.1,13.2,3.56,1,0,1,1,0
5.49,1.5,6.7,0.12,1,1,0,0,0
85.09,19.2,0.6,1.89,1,1,0,1,0
70.74,22.0,2.3,1.57,1,0,0,0,0
100.78,8.5,7.5,2.24,0,1,0,1,0
34.07,4.8,10.3,0.76,1,1,1,0,0
94.22,22.6,2.1,2.09,1,1,0,0,0
25.73,0.3,1.0,0.57,1,1,0,1,0
175.71,17.8,0.5,3.9,1,1,0,0,0
14.02,8.3,24.8,0.31,1,1,0,0,0
91.49,11.5,7.1,2.03,1,1,0,1,0
15.45,63.1,0.4,0.34,1,1,0,0,0
39.56,1.6,10.8,0.88,1,0,1,1,0
184.18,4.2,0.5,4.09,1,1,0,1,0
41.48,69.0,2.5,0.92,1,1,0,1,0
34.45,21.3,4.0,0.77,1,1,0,1,0
19.82,29.0,8.5,0.44,1,1,0,0,0
170.08,0.4,2.9,3.78,0,1,0,0,0
184.99,15.5,11.9,4.11,1,0,0,0,0
6.28,20.2,6.4,0.14,1,1,0,1,0
210.84,22.6,4.1,4.69,1,1,0,1,0
66.76,28.8,3.3,1.48,1,0,0,1,0
20.47,15.5,1.2,0.45,1,1,0,1,0
34.15,2.1,18.1,0.76,1,1,1,0,0
157.71,25.9,0.3,3.5,1,1,0,1,0
16.72,18.8,3.8,0.37,1,0,0,0,0
32.78,8.3,20.3,0.73,1,1,0,0,0
118.96,5.1,16.4,2.64,1,0,0,1,0
58.12,11.8,3.2,1.29,1,1,0,1,0
304.23,26.5,6.8,6.76,1,1,0,0,0
89.66,1.8,2.1,1.99,0,1,0,0,0
13.93,16.0,17.2,0.31,1,1,1,0,0
42.46,14.1,1.7,0.94,1,0,1,1,0
38.62,2.6,9.1,0.86,1,1,0,1,0
36.72,5.4,5.3,0.82,1,1,0,1,0
146.94,0.0,1.2,3.27,1,1,0,0,0
126.02,16.1,11.2,2.8,1,1,0,1,0
16.33,2.2,19.7,0.36,0,0,0,1,0
146.1,18.1,1.7,3.25,1,0,0,1,0
49.69,49.4,1.2,1.1,1,1,0,0,0
126.74,10.4,8.2,2.82,1,1,0,1,0
38.79,27.4,5.6,0.86,1,0,0,1,0
108.02,11.2,2.3,2.4,1,1,0,1,0
44.23,17.5,11.0,0.98,1,1,0,1,0
59.58,6.1,1.8,1.32,1,1,0,1,0
104.91,13.2,23.9,2.33,1,1,0,0,0
1.38,10.2,7.9,0.03,1,0,0,1,0
187.63,0.9,9.3,4.17,0,1,0,0,0
34.38,12.0,19.6,0.76,1,0,1,0,0
45.95,1.5,5.2,1.02,0,1,0,0,0
85.84,23.6,1.3,1.91,1,1,0,0,0
36.54,3.9,12.5,0.81,1,0,0,1,0
24.58,5.4,20.5,0.55,1,1,1,0,0
140.83,60.1,4.0,3.13,1,1,0,1,0
57.1,16.3,7.8,1.27,1,1,0,1,0
2.84,1.0,0.6,0.06,1,1,0,1,0
30.02,24.7,19.8,0.67,1,1,0,1,0
105.85,5.9,0.6,2.35,1,1,1,0,0
77.93,1.9,20.6,1.73,1,1,1,1,0
23.2,9.2,1.4,0.52,1,1,0,0,0
11.99,16.7,1.0,0.27,1,1,1,0,0
11.04,6.5,1.2,0.25,1,1,0,1,0
13.81,29.4,0.4,0.31,1,1,0,0,0
3.0,26.6,0.4,0.07,1,0,0,1,0
76.92,36.7,3.2,1.71,0,1,0,1,0
16.1,14.5,1.7,0.36,1,1,0,0,0
56.69,0.4,6.0,1.26,1,1,0,1,0
52.39,17.3,11.8,1.16,1,1,1,0,0
26.75,12.3,6.5,0.59,1,1,1,0,0
101.24,8.3,16.5,2.25,1,1,0,1,0
32.35,60.2,3.3,0.72,1,1,0,1,0
123.71,29.8,5.6,2.75,1,1,0,0,0
10.14,4.7,28.8,0.23,1,0,0,0,0
36.91,2.0,10.3,0.82,1,1,1,1,0
144.88,9.7,1.8,3.22,1,1,0,0,0
117.28,1.7,7.7,2.61,1,1,0,0,0
139.82,36.0,9.6,3.11,1,0,1,0,0
35.87,8.1,2.6,0.8,0,1,0,1,0
209.41,35.8,5.6,4.65,1,1,0,0,0
96.31,9.5,5.5,2.14,1,1,0,0,0
192.32,1.7,7.2,4.27,1,1,0,0,0
3.34,59.5,4.2,0.07,1,1,0,1,0
132.12,2.1,0.3,2.94,1,1,1,1,0
135.82,0.2,2.4,3.02,1,1,0,1,0
104.53,0.2,2.1,2.32,0,1,1,1,0
243.15,23.5,0.3,5.4,1,0,0,1,0
164.03,41.0,3.6,3.65,1,0,0,1,0
106.38,0.7,14.7,2.36,1,1,0,1,0
6.71,25.3,6.9,0.15,1,0,1,1,0
150.46,12.6,24.0,3.34,1,0,0,1,0
29.73,20.5,2.1,0.66,1,1,0,0,0
6.78,24.8,3.4,0.15,1,1,0,0,0
7.54,12.9,2.3,0.17,1,1,0,1,0
78.87,2.6,10.5,1.75,0,1,0,1,0
82.22,21.1,14.4,1.83,1,1,1,0,0
20.66,53.7,0.5,0.46,1,1,0,0,0
110.89,2.0,0.2,2.46,1,1,1,1,0
8.81,1.0,12.4,0.2,1,1,0,1,0
32.62,3.1,7.3,0.72,1,1,0,1,0
70.87,3.5,27.6,1.57,1,1,1,0,0
38.27,12.4,1.4,0.85,1,1,0,1,0
5.46,20.7,13.6,0.12,0,0,0,0,0
133.93,12.3,12.2,2.98,1,1,0,0,0
65.08,48.9,16.9,1.45,1,1,0,1,0
161.89,7.9,3.9,3.6,1,1,0,0,0
72.72,12.1,3.3,1.62,1,0,0,1,0
140.75,3.1,8.4,3.13,1,0,1,1,0
58.67,16.7,7.2,1.3,0,1,0,0,0
68.83,0.0,3.6,1.53,1,1,0,1,0
39.66,5.0,2.3,0.88,1,1,0,0,0
99.92,6.1,9.3,2.22,1,1,0,1,0
135.66,11.2,6.2,3.01,1,1,0,1,0
98.91,1.1,1.9,2.2,0,0,0,1,0
23.11,3.4,4.0,0.51,0,0,0,1,0
89.53,4.6,7.8,1.99,1,1,1,1,0
1.63,8.6,4.0,0.04,1,1,0,0,0
48.31,29.2,1.5,1.07,1,0,0,0,0
10.75,18.0,5.6,0.24,1,0,1,1,0
111.71,2.4,12.4,2.48,1,1,0,0,0
30.73,5.1,5.7,0.68,0,1,0,0,0
33.9,33.8,0.7,0.75,1,1,0,0,0
34.44,28.0,1.7,0.77,1,1,1,1,0
84.32,0.1,3.7,1.87,1,0,0,0,0
98.03,3.0,6.9,2.18,0,1,0,0,0
5.29,17.9,2.4,0.12,1,0,0,0,0
12.16,28.7,1.3,0.27,1,1,0,0,0
126.86,9.3,2.3,2.82,1,1,0,0,0
105.36,18.0,1.4,2.34,1,1,0,0,0
177.25,9.1,5.6,3.94,1,0,0,0,0
165.6,12.6,11.8,3.68,1,1,0,1,0
34.97,15.2,8.6,0.78,1,1,0,0,0
30.11,42.4,15.8,0.67,1,1,0,1,0
95.98,34.5,0.5,2.13,1,1,0,1,0
283.04,3.3,2.0,6.29,1,0,0,1,1
213.58,6.1,0.3,4.75,1,1,0,0,0
24.26,6.9,9.1,0.54,1,1,0,1,0
75.18,4.4,17.7,1.67,1,0,1,1,0
68.91,16.9,0.7,1.53,1,0,0,1,0
139.33,27.6,14.6,3.1,1,1,0,1,0
134.34,3.8,0.6,2.99,1,0,0,1,0
34.47,13.4,60.1,0.77,1,0,0,1,0
110.27,0.6,1.9,2.45,1,1,1,1,0
153.63,42.0,7.1,3.41,1,1,1,1,0
33.11,5.0,13.4,0.74,1,0,0,1,0
322.61,26.8,12.7,7.17,1,1,0,0,0
7.98,52.8,7.9,0.18,0,1,0,0,0
267.26,21.5,9.7,5.94,1,1,0,1,0
156.54,6.2,2.7,3.48,1,0,0,1,0
63.77,19.0,9.5,1.42,1,0,0,0,0
23.31,6.9,0.2,0.52,1,1,1,1,0
42.84,3.4,11.3,0.95,1,1,0,1,0
54.57,4.4,3.6,1.21,1,1,0,0,0
50.15,11.6,3.1,1.11,1,0,0,1,0
10.94,54.4,15.2,0.24,1,1,0,1,0
179.85,0.2,2.0,4.0,1,1,0,1,0
111.73,6.5,5.4,2.48,0,0,0,1,0
2.91,10.9,6.9,0.06,0,1,0,1,0
11.51,2.0,17.0,0.26,0,0,0,1,0
17.9,0.8,6.9,0.4,1,1,0,1,0
128.54,6.5,2.8,2.86,1,1,0,0,0
270.09,36.8,0.1,6.0,1,1,0,1,0
24.04,38.8,16.3,0.53,1,1,0,1,0
103.9,29.5,11.9,2.31,1,1,0,0,0
1.31,17.7,1.4,0.03,1,0,0,1,0
21.17,13.4,6.2,0.47,1,1,0,1,0
80.31,19.8,1.4,1.78,1,0,0,0,0
61.64,26.6,16.0,1.37,1,1,0,0,0
42.03,14.4,0.4,0.93,0,1,0,0,0
106.86,24.8,3.2,2.37,1,1,0,1,0
41.72,9.7,10.1,0.93,1,1,0,1,0
38.0,31.0,11.3,0.84,1,1,0,1,0
120.15,20.7,6.6,2.67,1,1,0,1,0
151.5,14.4,23.4,3.37,1,1,0,0,0
39.62,9.3,12.1,0.88,1,1,0,0,0
35.99,11.4,12.2,0.8,1,1,1,1,0
23.83,33.9,0.7,0.53,1,1,0,0,0
20.44,2.5,5.5,0.45,1,0,0,1,0
180.62,0.8,9.9,4.01,1,1,0,1,0
297.97,1.1,2.5,6.62,1,1,0,0,0
57.18,6.9,4.0,1.27,1,1,0,0,0
49.94,29.3,9.1,1.11,1,1,0,1,0
30.19,3.5,1.6,0.67,1,1,0,1,0
97.4,5.4,13.6,2.16,1,1,0,0,0
96.95,27.4,4.3,2.15,1,1,0,0,0
149.79,10.8,0.6,3.33,1,0,1,1,0
70.58,30.0,5.7,1.57,1,0,0,0,0
329.42,7.4,4.9,7.32,1,0,0,1,0
363.04,5.0,7.8,8.07,1,1,0,0,0
53.28,3.2,7.2,1.18,1,0,0,1,0
2.42,12.1,6.2,0.05,1,0,0,1,0
43.11,2.0,1.6,0.96,1,1,0,0,0
393.06,12.3,8.7,8.73,1,1,1,1,0
5.13,10.2,10.0,0.11,1,0,0,0,0
39.16,7.3,14.4,0.87,1,1,0,1,0
3.62,64.8,9.7,0.08,0,0,0,1,0
28.82,2.3,6.3,0.64,1,0,1,0,0
67.44,30.4,5.1,1.5,1,1,0,0,0
56.0,15.4,2.3,1.24,1,1,0,0,0
107.86,1.2,5.3,2.4,0,1,0,1,0
74.72,4.8,8.7,1.66,1,1,0,0,0
106.19,2.3,2.9,2.36,0,0,0,0,0
219.7,30.0,0.0,4.88,1,1,1,1,0
54.2,9.2,27.3,1.2,1,0,0,1,0
121.54,5.6,27.8,2.7,1,0,0,0,0
20.38,0.6,4.7,0.45,1,1,0,0,0
5.82,12.1,0.3,0.13,1,1,0,0,0
40.27,23.3,9.9,0.89,1,1,0,0,0
83.03,8.6,0.1,1.85,1,1,0,1,0
244.29,6.2,3.0,5.43,1,0,1,0,0
25.77,2.3,28.6,0.57,1,1,0,1,0
393.77,1.6,7.1,8.75,1,1,0,0,0
154.8,15.0,7.5,3.44,1,1,0,1,0
45.49,24.2,9.0,1.01,1,1,1,1,0
23.32,10.6,5.2,0.52,1,0,0,1,0
62.79,4.2,15.1,1.4,1,0,0,1,0
78.51,1.3,5.1,1.74,1,1,0,0,0
6.76,3.5,3.9,0.15,1,1,0,1,0
19.34,53.3,14.2,0.43,1,0,0,1,0
54.58,4.0,1.6,1.21,1,1,0,1,0
169.28,1.5,2.5,3.76,1,1,0,0,0
43.45,1.6,8.2,0.97,0,1,0,0,0
9.35,1.3,3.1,0.21,1,1,1,1,0
54.05,4.4,1.6,1.2,1,1,0,0,0
51.17,5.1,3.3,1.14,0,1,0,1,0
18.79,6.3,0.0,0.42,1,0,0,0,0
11.19,8.0,1.5,0.25,1,1,0,1,0
307.73,46.7,14.2,6.84,1,1,0,1,0
35.0,10.8,5.1,0.78,0,0,0,0,0
28.34,2.5,19.4,0.63,1,1,0,0,0
5.66,38.8,5.7,0.13,1,0,0,1,0
156.95,24.4,46.9,3.49,1,1,1,1,0
148.22,13.0,1.8,3.29,1,1,0,1,0
46.09,0.7,6.2,1.02,1,1,0,1,0
28.72,21.2,19.5,0.64,0,0,1,1,0
21.29,16.1,28.5,0.47,0,1,0,0,0
261.52,1.2,11.1,5.81,1,0,1,0,0
86.49,7.0,4.1,1.92,1,1,0,0,0
47.76,5.0,10.7,1.06,1,1,0,1,0
22.16,9.5,10.3,0.49,1,1,0,1,0
28.59,6.5,2.8,0.64,1,1,0,1,0
63.45,10.1,5.7,1.41,1,1,0,1,0
110.21,2.4,3.0,2.45,1,1,0,0,0
97.71,33.1,11.5,2.17,1,1,0,0,0
211.04,19.6,6.2,4.69,0,1,0,0,0
8.16,12.4,2.8,0.18,1,1,0,0,0
15.33,2.5,1.5,0.34,1,1,0,1,0
27.01,10.2,14.7,0.6,1,1,1,1,0
85.84,4.8,12.0,1.91,1,0,0,1,0
187.04,44.2,2.4,4.16,1,1,0,1,0
132.99,7.7,31.0,2.96,1,0,0,1,0
89.69,1.2,1.0,1.99,1,1,0,0,0
27.13,3.1,16.3,0.6,1,1,0,1,0
13.28,1.7,2.4,0.3,1,0,1,0,0
311.04,1.3,5.1,6.91,1,1,0,0,0
84.63,6.2,4.3,1.88,1,1,0,0,0
61.01,1.9,1.1,1.36,1,0,0,1,0
207.41,0.5,6.6,4.61,1,0,0,1,0
34.6,18.3,2.3,0.77,1,1,0,0,0
24.01,5.5,1.0,0.53,1,1,1,1,0
12.58,1.8,9.7,0.28,1,1,0,1,0
11.58,42.8,0.2,0.26,1,1,0,1,0
8.86,2.1,1.1,0.2,1,1,1,0,0
35.76,10.6,38.6,0.79,1,1,0,1,0
39.7,2.1,3.2,0.88,1,1,0,1,0
268.23,13.5,1.7,5.96,1,0,0,0,0
26.22,26.2,6.1,0.58,1,1,0,1,0
55.72,8.0,0.1,1.24,1,1,0,0,0
19.27,33.4,6.5,0.43,1,1,0,1,0
13.03,16.5,6.2,0.29,1,1,0,1,0
82.84,5.5,16.3,1.84,0,1,0,1,0
18.58,7.5,5.2,0.41,1,1,0,0,0
1.93,3.5,27.9,0.04,1,1,0,1,0
161.71,2.3,3.0,3.59,1,1,0,1,0
92.72,43.2,16.4,2.06,0,0,0,1,0
40.07,47.8,8.0,0.89,1,0,0,1,0
32.6,18.4,12.4,0.72,1,0,0,0,0
50.07,18.2,3.0,1.11,1,1,1,1,0
13.94,36.5,0.7,0.31,0,1,0,1,0
90.84,14.1,9.4,2.02,1,0,0,0,0
25.31,11.4,2.7,0.56,1,0,0,1,0
101.92,19.2,2.3,2.26,1,1,1,0,0
11.61,0.8,5.2,0.26,1,1,0,1,0
103.92,10.9,31.5,2.31,1,0,0,0,0
82.27,1.6,0.9,1.83,1,1,0,0,0
34.85,21.8,10.0,0.77,1,1,0,1,0
40.35,0.4,2.5,0.9,1,1,0,1,0
211.14,17.6,6.8,4.69,0,1,0,0,0
45.56,24.4,0.5,1.01,1,0,0,0,0
111.95,38.1,46.5,2.49,1,1,1,0,0
290.84,10.1,3.1,6.46,1,0,0,0,0
13.63,13.6,2.5,0.3,1,1,0,1,0
36.11,8.4,0.1,0.8,1,1,0,0,0
86.07,7.0,2.9,1.91,1,1,0,1,0
212.23,10.8,6.7,4.72,0,1,0,1,0
5.98,3.3,15.1,0.13,1,1,0,0,0
54.13,3.4,17.0,1.2,1,1,0,1,0
34.55,13.4,9.1,0.77,1,1,1,1,0
2.41,65.6,6.0,0.05,0,1,0,1,0
80.64,30.3,5.0,1.79,1,1,0,1,0
349.18,9.2,7.3,7.76,1,1,1,0,0
44.53,16.6,1.1,0.99,1,1,0,0,0
206.14,45.1,5.8,4.58,1,1,1,1,0
59.51,7.9,24.1,1.32,0,1,0,1,0
84.1,10.0,24.7,1.87,1,1,0,0,0
6.12,1.8,5.0,0.14,1,0,1,0,0
25.94,20.4,12.3,0.58,0,1,0,1,0
22.32,4.6,7.2,0.5,1,1,0,1,0
4.76,6.2,15.5,0.11,1,1,0,1,0
53.72,21.7,7.2,1.19,1,1,0,0,0
41.26,13.9,6.8,0.92,1,1,0,1,0
11.44,23.3,0.7,0.25,1,1,0,0,0
319.04,26.7,8.5,7.09,1,1,0,0,0
25.64,1.1,10.7,0.57,1,1,0,0,0
127.59,8.5,8.5,2.84,1,1,0,1,0
80.39,9.2,2.0,1.79,1,1,0,0,0
23.61,3.0,3.8,0.52,1,1,0,1,0
34.18,34.4,14.2,0.76,1,1,0,1,0
13.87,5.9,2.0,0.31,1,1,0,1,0
4.01,2.8,3.9,0.09,1,1,1,1,0
3.03,1.4,4.5,0.07,1,1,0,1,0
1.4,5.4,2.1,0.03,1,1,0,0,0
222.44,24.4,1.8,4.94,1,1,0,0,0
257.68,10.6,6.1,5.73,1,1,1,1,0
23.07,1.4,6.1,0.51,1,0,0,1,0
34.31,33.9,14.4,0.76,1,1,0,0,0
20.89,12.8,19.4,0.46,1,1,0,0,0
26.18,0.6,17.3,0.58,1,0,1,1,0
69.21,12.5,7.8,1.54,1,0,0,1,0
21.76,1.9,6.8,0.48,1,1,0,1,0
49.67,12.6,13.2,1.1,1,1,0,0,0
30.49,15.8,8.1,0.68,1,0,0,0,0
228.87,14.3,5.1,5.09,1,0,0,0,0
16.54,1.7,0.6,0.37,1,1,0,0,0
190.13,20.0,2.5,4.23,0,1,0,1,0
92.85,17.8,3.6,2.06,1,0,1,1,0
99.4,14.5,0.2,2.21,0,1,0,1,0
78.91,15.0,6.0,1.75,0,1,0,1,0
428.65,72.7,13.4,9.53,1,1,0,0,0
45.2,3.3,4.7,1.0,1,1,0,1,0
54.23,0.3,9.8,1.21,1,1,0,0,0
48.22,4.2,3.6,1.07,1,1,0,1,0
117.25,11.4,7.7,2.61,1,0,0,0,0
23.92,7.1,4.4,0.53,0,1,0,1,0
90.63,12.2,7.2,2.01,1,0,0,0,0
33.6,1.6,1.2,0.75,1,1,0,1,0
20.35,8.9,1.4,0.45,1,1,0,0,0
4.02,2.9,16.1,0.09,1,1,0,1,0
3.94,4.1,4.7,0.09,1,1,0,1,0
176.54,17.5,0.9,3.92,1,1,0,0,0
151.65,35.7,3.4,3.37,1,1,0,1,0
13.39,8.9,10.4,0.3,1,0,0,1,0
160.88,71.1,0.4,3.58,1,1,0,1,0
1.38,5.0,5.2,0.03,1,1,0,1,0
35.04,3.5,10.9,0.78,1,1,0,1,0
14.74,12.4,3.0,0.33,1,1,0,0,0
33.99,5.0,35.7,0.76,1,1,0,0,0
193.59,3.4,0.9,4.3,1,0,0,1,1
133.22,22.8,1.6,2.96,1,1,0,1,0
58.53,1.0,0.2,1.3,1,1,1,1,0
61.56,5.1,31.3,1.37,1,1,0,1,0
189.94,0.9,1.9,4.22,1,1,0,1,0
37.45,4.5,0.7,0.83,1,1,0,1,0
95.66,24.6,5.6,2.13,1,0,0,1,0
200.39,5.2,3.2,4.45,1,1,1,0,0
42.17,3.9,4.0,0.94,1,1,0,0,0
134.73,10.1,2.7,2.99,1,0,1,0,0
27.06,5.1,3.5,0.6,1,1,0,1,0
53.43,4.2,1.1,1.19,1,1,0,1,0
63.67,14.6,3.2,1.41,1,0,0,1,0
140.61,0.3,2.2,3.12,0,1,0,0,0
75.96,1.2,22.4,1.69,1,0,0,1,0
111.18,0.0,10.3,2.47,1,0,0,0,0
8.49,18.0,3.3,0.19,1,0,0,0,0
105.38,15.2,4.7,2.34,1,0,0,0,0
19.84,13.4,0.2,0.44,1,1,0,1,0
96.39,13.7,11.8,2.14,1,1,0,1,0
98.05,2.5,1.8,2.18,1,1,0,1,0
46.5,59.6,0.0,1.03,1,1,0,1,0
32.27,1.5,14.8,0.72,1,0,0,1,0
123.72,18.0,5.2,2.75,1,1,0,0,0
278.0,1.8,14.9,6.18,0,1,0,1,0
208.33,5.5,10.3,4.63,1,1,0,1,0
30.45,2.6,4.8,0.68,1,1,0,1,0
2.33,83.3,7.9,0.05,1,1,1,1,0
83.6,8.1,39.2,1.86,1,0,0,0,0
9.83,13.2,25.1,0.22,1,1,0,1,0
47.53,6.9,5.2,1.06,1,1,0,0,0
10.52,17.1,4.2,0.23,1,1,0,1,0
9.99,17.5,12.3,0.22,0,0,0,0,0
165.04,16.3,2.3,3.67,1,1,1,1,0
51.52,1.6,2.1,1.14,1,1,0,1,0
190.7,2.1,2.0,4.24,1,1,0,1,0
37.85,11.4,0.0,0.84,1,1,0,0,0
60.28,7.4,9.3,1.34,1,1,0,1,0
18.7,20.7,13.0,0.42,1,1,0,0,0
3.27,15.7,1.3,0.07,1,0,1,0,0
108.94,39.3,5.1,2.42,1,1,0,0,0
44.06,32.2,8.4,0.98,0,1,0,0,0
325.2,65.2,3.4,7.23,1,1,1,1,0
198.49,38.8,9.8,4.41,1,1,0,0,0
47.79,5.5,37.6,1.06,1,1,1,1,0
26.66,16.5,3.3,0.59,1,1,0,1,0
77.34,13.1,31.2,1.72,1,1,1,1,0
5.69,29.1,1.9,0.13,1,0,0,0,0
48.0,17.5,31.1,1.07,1,1,0,0,0
50.58,13.0,3.4,1.12,1,1,0,0,0
31.15,5.2,6.1,0.69,1,1,0,1,0
294.63,0.5,7.3,6.55,1,1,0,1,0
79.87,0.3,1.2,1.77,1,1,0,0,0
3.85,12.2,7.0,0.09,1,1,0,0,0
52.52,3.2,3.8,1.17,1,1,0,0,0
9.33,14.6,2.2,0.21,1,1,0,1,0
68.42,8.4,8.6,1.52,1,1,0,0,0
70.4,23.0,0.1,1.56,1,1,0,0,0
84.95,28.1,1.5,1.89,1,1,0,0,0
61.94,6.1,2.7,1.38,1,1,0,1,0
52.94,34.8,24.6,1.18,1,1,1,1,0
72.92,36.6,19.4,1.62,1,1,0,1,0
297.85,2.2,0.3,6.62,1,0,0,0,0
319.82,21.8,31.3,7.11,1,1,0,1,0
47.95,6.4,0.8,1.07,1,1,0,0,0
5.88,23.5,6.9,0.13,1,1,0,0,0
74.5,10.4,1.3,1.66,1,1,0,0,0
3.36,13.4,0.8,0.07,1,1,0,1,0
16.8,10.1,2.5,0.37,1,1,0,0,0
111.92,15.0,1.7,2.49,0,1,0,1,0
13.22,31.4,14.7,0.29,1,1,0,1,0
194.84,31.6,1.5,4.33,1,1,0,1,0
1.17,26.5,0.2,0.03,1,1,0,0,0
16.01,22.3,16.8,0.36,1,1,0,0,0
66.43,26.2,21.7,1.48,0,1,0,1,0
69.31,13.7,0.0,1.54,1,0,0,1,0
202.27,133.4,7.7,4.49,1,1,0,1,1
22.08,7.3,0.4,0.49,0,1,0,0,0
4.59,13.0,13.4,0.1,1,1,0,1,0
254.88,1.3,2.6,5.66,1,0,0,1,1
60.62,38.2,2.1,1.35,1,0,0,1,0
27.18,11.2,2.6,0.6,1,1,0,1,0
23.38,25.9,1.8,0.52,1,1,0,1,0
350.41,39.6,1.8,7.79,0,1,0,0,0
300.64,16.7,11.7,6.68,1,0,1,0,0
1.63,25.3,4.1,0.04,1,1,0,0,0
48.45,59.8,8.2,1.08,1,0,0,1,0
82.38,61.5,1.6,1.83,1,1,0,1,0
7.83,12.3,20.9,0.17,1,1,0,0,0
213.22,27.3,2.0,4.74,1,1,1,0,0
101.57,6.6,27.9,2.26,1,0,1,1,0
28.44,3.8,11.7,0.63,1,1,0,1,0
9.29,15.8,1.7,0.21,1,1,0,0,0
43.95,3.8,3.7,0.98,1,0,0,0,0
73.44,25.1,7.5,1.63,1,1,0,0,0
182.38,11.2,1.0,4.05,0,1,0,1,0
95.23,4.2,25.6,2.12,1,0,0,1,0
176.6,32.2,16.6,3.92,1,1,0,1,0
152.92,5.9,6.9,3.4,1,1,0,0,0
81.0,8.1,7.4,1.8,1,0,0,0,0
86.76,18.9,15.8,1.93,1,0,0,1,0
34.88,6.3,3.5,0.78,1,1,1,1,0
1.07,45.5,3.2,0.02,1,1,1,0,0
32.01,6.1,4.6,0.71,0,0,0,1,0
102.55,7.5,27.6,2.28,1,0,0,0,0
266.69,3.1,8.5,5.93,1,1,0,0,0
41.1,39.9,6.5,0.91,1,1,1,0,0
12.49,2.4,6.8,0.28,1,1,0,1,0
51.29,22.9,3.8,1.14,1,1,0,0,0
22.04,8.7,0.0,0.49,1,0,0,0,0
40.4,8.0,1.4,0.9,1,0,0,1,0
70.36,20.8,6.5,1.56,1,1,0,1,0
27.71,45.4,0.8,0.62,1,1,0,0,0
53.19,5.2,21.4,1.18,1,1,0,1,0
74.1,5.6,7.3,1.65,1,1,0,0,0
59.34,1.8,0.9,1.32,1,1,0,1,0
287.23,31.7,34.9,6.38,1,0,0,1,0
115.83,1.6,1.8,2.57,1,0,1,1,0
46.15,6.1,1.7,1.03,0,1,1,1,0
10.33,9.1,0.6,0.23,1,1,0,0,0
1.06,14.6,2.7,0.02,1,1,0,1,0
195.16,11.7,8.0,4.34,1,0,0,1,0
37.42,31.0,14.5,0.83,0,1,1,1,0
184.52,0.3,9.6,4.1,1,1,1,0,0
127.6,7.9,23.9,2.84,1,0,0,1,0
63.46,16.2,8.4,1.41,0,0,0,0,0
48.57,19.4,29.4,1.08,0,1,0,1,0
53.55,18.1,2.2,1.19,1,1,1,0,0
216.23,9.3,13.5,4.81,1,1,0,1,0
12.83,1.8,6.7,0.29,1,1,0,0,0
168.9,23.4,21.2,3.75,1,0,0,0,0
166.32,14.1,14.8,3.7,0,0,0,1,0
84.83,25.1,5.8,1.89,1,1,0,0,0
31.25,13.7,4.1,0.69,1,1,0,1,0
32.45,29.9,11.1,0.72,1,1,0,0,0
77.67,31.0,1.0,1.73,1,1,0,0,0
104.02,17.7,1.6,2.31,1,1,1,0,0
97.11,16.8,0.1,2.16,1,0,0,0,0
61.45,3.7,2.4,1.37,1,1,1,1,0
94.62,7.0,6.2,2.1,1,0,0,0,0
56.67,10.5,2.2,1.26,1,1,0,1,0
94.1,0.4,6.5,2.09,1,1,1,1,0
124.72,8.5,0.2,2.77,1,1,0,1,0
9.68,1.3,3.4,0.22,1,0,0,0,0
411.37,18.2,9.0,9.14,1,1,0,0,0
44.84,15.0,2.8,1.0,1,0,0,1,0
33.96,10.6,24.4,0.75,1,0,0,1,0
47.83,2.3,3.1,1.06,1,1,0,0,0
88.57,7.0,10.0,1.97,1,0,0,1,0
5.67,2.9,1.8,0.13,1,1,1,1,0
45.54,31.7,4.9,1.01,1,1,0,0,0
95.96,21.2,6.2,2.13,1,1,0,1,0
62.84,24.1,1.2,1.4,1,1,1,1,0
2.84,46.2,4.2,0.06,1,0,0,1,0
86.86,17.6,6.4,1.93,1,1,0,0,0
70.05,24.5,5.7,1.56,1,1,1,1,0
174.6,3.0,8.8,3.88,1,1,0,1,0
71.48,49.5,0.9,1.59,1,1,0,0,0
51.81,40.6,7.3,1.15,1,1,1,1,0
258.06,14.4,2.5,5.73,1,0,0,1,1
49.94,25.5,6.0,1.11,1,1,0,1,0
24.24,0.5,0.7,0.54,1,1,1,1,0
62.42,4.0,28.3,1.39,1,0,1,1,0
122.5,15.7,0.3,2.72,1,1,0,1,0
105.35,0.6,0.7,2.34,1,1,0,1,0
31.18,6.6,14.4,0.69,1,0,0,1,0
12.06,13.5,3.5,0.27,0,1,0,0,0
57.14,39.9,4.0,1.27,1,1,0,1,0
2.96,48.1,16.7,0.07,1,1,0,0,0
7.78,7.6,9.0,0.17,1,0,1,1,0
47.97,0.5,3.2,1.07,1,1,1,0,0
168.76,8.4,0.3,3.75,1,1,0,0,0
7.49,50.2,1.3,0.17,1,1,0,1,0
59.27,7.0,2.4,1.32,1,1,0,0,0
48.47,29.9,1.1,1.08,1,1,0,1,0
46.2,15.4,6.0,1.03,1,1,0,0,0
49.98,24.8,7.0,1.11,1,1,0,1,0
142.03,5.6,6.0,3.16,1,1,1,1,0
58.82,18.1,2.6,1.31,1,1,0,1,0
196.65,9.5,6.0,4.37,1,1,0,1,0
68.79,12.9,1.8,1.53,1,0,0,1,0
169.62,2.5,23.7,3.77,1,1,0,0,0
44.27,13.4,6.9,0.98,1,1,0,0,0
6.59,14.5,18.2,0.15,1,1,0,1,0
7.41,15.7,1.6,0.16,1,1,0,1,0
96.23,15.5,5.3,2.14,1,0,0,1,0
54.55,19.6,17.2,1.21,1,1,0,1,0
226.49,0.2,1.8,5.03,1,1,0,1,0
18.98,9.3,12.6,0.42,1,0,0,0,0
154.12,0.6,2.8,3.42,1,1,0,0,0
170.88,0.1,16.6,3.8,1,1,0,1,0
237.15,1.7,5.8,5.27,0,1,0,1,0
11.95,18.7,3.8,0.27,1,1,0,1,0
157.1,19.5,4.3,3.49,1,1,0,0,0
766.86,9.4,19.8,17.04,1,1,0,1,0
13.2,51.8,2.2,0.29,1,0,0,1,0
120.43,12.6,7.7,2.68,1,1,1,1,0
263.92,20.6,10.0,5.86,1,1,0,0,0
146.8,36.0,1.1,3.26,0,1,0,0,0
350.73,15.5,18.0,7.79,1,1,0,0,0
47.31,11.5,0.2,1.05,1,1,0,0,0
53.36,0.6,13.4,1.19,1,1,1,1,0
3.75,17.5,3.4,0.08,1,1,0,0,0
91.29,39.4,1.5,2.03,1,1,0,0,0
17.85,17.6,8.3,0.4,1,0,0,0,0
108.91,2.6,10.5,2.42,1,1,0,1,0
165.35,0.4,0.2,3.67,1,0,0,1,0
102.08,39.7,8.3,2.27,1,0,0,1,0
168.7,10.3,1.1,3.75,1,1,0,1,0
23.15,29.1,18.2,0.51,1,1,0,1,0
218.95,5.3,0.3,4.87,1,1,0,1,0
100.74,7.1,6.8,2.24,1,0,0,1,0
18.72,14.0,3.1,0.42,0,1,1,1,0
115.64,12.1,12.1,2.57,1,1,1,1,0
88.44,13.3,0.7,1.97,0,1,0,1,0
6.39,15.2,3.9,0.14,1,0,0,1,0
86.14,10.4,0.8,1.91,1,1,0,1,0
17.04,0.9,4.5,0.38,1,1,1,0,0
157.73,14.4,1.1,3.51,0,1,0,1,0
45.26,2.8,10.4,1.01,1,1,0,0,0
93.24,19.0,6.0,2.07,1,1,0,0,0
10.81,18.1,7.0,0.24,1,1,0,1,0
19.32,47.6,0.6,0.43,1,0,0,0,0
2.68,0.5,16.1,0.06,0,1,0,0,0
160.93,14.2,0.2,3.58,1,1,0,1,0
82.53,13.6,1.7,1.83,1,1,0,1,0
54.74,0.7,13.2,1.22,1,0,0,0,0
186.45,6.0,1.3,4.14,1,0,0,0,0
12.57,5.3,0.0,0.28,1,0,0,1,0
18.07,65.8,0.9,0.4,0,0,0,1,0
116.3,4.7,0.9,2.58,1,1,0,1,0
12.94,7.2,9.9,0.29,1,1,0,0,0
20.04,5.7,3.7,0.45,1,1,0,1,0
27.22,0.6,0.2,0.6,1,1,0,1,0
66.77,10.8,7.9,1.48,1,1,0,1,0
20.98,23.2,4.1,0.47,0,0,0,1,0
96.68,5.4,7.1,2.15,1,1,0,1,0
17.73,6.8,6.1,0.39,1,0,0,1,0
44.15,9.2,0.0,0.98,1,1,0,1,0
27.94,2.0,4.2,0.62,1,1,1,1,0
157.08,20.2,6.3,3.49,1,1,0,1,0
68.12,7.2,1.8,1.51,1,1,1,0,0
59.58,11.2,1.5,1.32,1,1,0,0,0
91.97,18.9,7.0,2.04,1,1,0,0,0
85.68,5.2,0.8,1.9,1,0,0,0,0
38.01,1.2,0.2,0.84,1,0,0,1,0
254.01,20.9,28.2,5.64,1,1,0,1,0
17.19,24.8,10.6,0.38,1,1,0,1,0
14.63,33.5,1.3,0.33,1,0,0,0,0
67.46,27.4,0.9,1.5,1,0,0,1,0
104.63,9.3,10.3,2.33,1,1,0,0,0
27.54,16.9,17.1,0.61,1,0,0,1,0
143.52,70.5,3.0,3.19,1,1,0,0,0
124.17,10.7,0.6,2.76,0,1,0,0,0
40.67,30.4,11.1,0.9,1,1,0,1,0
63.14,9.1,7.1,1.4,1,1,1,1,0
5.89,0.9,12.2,0.13,1,1,0,1,0
20.79,13.4,24.0,0.46,1,0,0,0,0
48.16,23.9,6.0,1.07,1,1,0,0,0
106.62,2.1,21.3,2.37,1,0,0,1,0
6.57,2.9,2.7,0.15,0,0,0,1,0
200.83,46.1,1.0,4.46,1,1,0,0,0
26.81,9.0,16.9,0.6,1,1,0,1,0
207.23,10.0,3.2,4.61,1,1,0,1,0
20.8,1.9,0.0,0.46,1,1,0,1,0
35.62,0.6,7.6,0.79,1,1,0,1,0
135.7,7.2,0.0,3.02,1,1,0,0,0
7.44,0.9,0.7,0.17,1,0,1,0,0
12.14,8.7,14.1,0.27,1,1,0,1,0
33.37,36.4,9.1,0.74,1,1,1,0,0
68.92,66.0,10.3,1.53,1,1,0,0,0
16.98,36.2,13.9,0.38,1,1,0,0,0
24.42,4.4,13.8,0.54,1,1,0,0,0
32.22,8.1,5.2,0.72,1,1,0,1,0
165.36,32.2,11.3,3.67,1,0,0,1,0
62.31,0.2,0.9,1.38,1,1,0,0,0
119.17,45.7,13.2,2.65,1,1,1,1,0
64.39,18.3,7.3,1.43,0,1,0,0,0
22.27,1.3,12.2,0.49,1,1,0,1,0
134.95,13.7,8.4,3.0,1,1,0,1,0
139.98,0.2,5.8,3.11,1,1,1,0,0
36.64,3.9,6.9,0.81,1,1,0,1,0
132.62,7.2,26.1,2.95,1,0,0,0,0
12.44,14.7,7.8,0.28,1,1,0,0,0
11.96,14.5,0.4,0.27,1,1,0,0,0
29.37,60.9,12.8,0.65,1,1,0,1,0
348.57,39.8,10.9,7.75,1,1,0,0,0
40.17,6.7,2.0,0.89,1,1,0,0,0
152.45,22.8,9.8,3.39,1,1,0,1,0
353.01,20.3,7.4,7.84,0,1,0,0,0
15.4,33.0,26.5,0.34,1,1,0,1,0
103.05,0.1,13.3,2.29,1,1,0,1,0
56.48,11.2,5.2,1.26,1,1,0,1,0
125.29,2.9,6.5,2.78,1,1,0,0,0
157.79,3.7,0.7,3.51,1,0,0,1,0
49.23,14.9,4.8,1.09,1,0,0,1,0
136.92,2.6,3.4,3.04,1,0,0,1,0
107.91,4.4,4.9,2.4,1,1,0,1,0
18.92,5.9,3.5,0.42,1,1,1,1,0
132.9,4.3,19.7,2.95,1,1,0,1,0
217.48,2.4,2.5,4.83,1,0,0,1,0
30.53,3.6,11.3,0.68,1,1,0,0,0
13.05,7.9,14.9,0.29,0,1,0,0,0
138.82,6.1,34.4,3.08,1,0,0,1,0
32.57,5.9,11.6,0.72,1,1,1,1,0
20.93,5.3,0.5,0.47,1,1,0,1,0
21.77,12.9,5.3,0.48,1,0,1,1,0
21.26,42.2,2.5,0.47,1,1,0,0,0
109.15,3.8,5.2,2.43,1,0,1,0,0
195.08,12.6,1.4,4.34,0,1,1,1,0
2.13,4.9,8.4,0.05,1,1,0,1,0
149.72,0.3,0.9,3.33,1,0,0,1,0
106.0,0.9,21.4,2.36,1,1,0,1,0
37.53,18.5,1.4,0.83,1,0,0,1,0
6.92,45.0,14.0,0.15,1,1,0,0,0
93.23,19.4,8.2,2.07,1,0,1,1,0
72.63,11.5,3.6,1.61,1,0,0,1,0
32.41,25.4,3.8,0.72,1,1,0,0,0
66.13,8.3,4.3,1.47,0,0,0,0,0
106.02,4.4,1.2,2.36,0,1,0,0,0
279.12,30.1,8.7,6.2,1,1,0,1,0
82.93,17.2,7.5,1.84,0,1,0,1,0
174.24,17.3,3.2,3.87,1,1,0,0,0
11.99,20.8,2.1,0.27,1,0,1,1,0
84.55,21.1,20.6,1.88,1,1,1,1,0
19.55,1.6,6.6,0.43,1,1,0,1,0
136.98,44.2,1.4,3.04,1,1,0,1,0
348.15,26.7,6.6,7.74,1,1,0,0,0
58.08,6.5,24.6,1.29,1,1,0,0,0
118.65,30.6,9.5,2.64,1,1,0,1,0
141.5,12.3,3.5,3.14,1,1,0,1,0
135.69,36.8,9.6,3.02,1,1,0,1,0
125.32,4.1,0.6,2.78,1,1,0,1,0
80.18,36.7,0.4,1.78,0,1,0,0,0
64.7,7.4,4.1,1.44,1,1,0,1,0
98.69,41.2,1.9,2.19,1,1,0,1,0
42.75,14.7,9.2,0.95,1,1,0,0,0
21.15,24.7,1.9,0.47,1,1,0,0,0
65.05,8.9,13.6,1.45,1,1,1,1,0
309.37,5.3,7.5,6.87,1,1,0,0,0
87.85,61.8,4.0,1.95,1,1,1,1,0
4.41,0.6,13.2,0.1,0,1,0,1,0
49.42,0.5,9.3,1.1,1,1,0,0,0
24.17,18.5,6.0,0.54,1,1,0,1,0
86.9,2.6,5.4,1.93,1,0,0,1,0
60.0,3.9,11.9,1.33,1,0,1,0,0
112.76,17.5,12.9,2.51,1,0,1,1,0
6.27,26.8,9.7,0.14,1,1,0,0,0
42.5,4.8,8.7,0.94,1,1,0,1,0
82.79,5.8,1.5,1.84,0,1,1,1,0
7.46,17.3,0.6,0.17,1,1,0,1,0
26.05,3.5,9.4,0.58,1,1,0,0,0
47.48,25.0,12.8,1.06,0,0,1,0,0
89.99,45.4,3.8,2.0,1,0,0,1,0
187.93,26.6,13.8,4.18,1,0,0,1,1
134.47,4.5,2.1,2.99,1,1,0,0,0
55.94,0.1,8.5,1.24,1,1,0,1,0
58.09,22.9,7.2,1.29,1,1,0,0,0
47.47,2.5,0.9,1.05,1,1,0,1,0
32.54,9.6,2.3,0.72,1,1,1,0,0
50.4,1.5,4.9,1.12,1,0,0,1,0
90.19,18.7,0.7,2.0,1,1,0,1,0
104.14,9.1,6.1,2.31,1,1,1,1,0
12.65,22.0,6.4,0.28,1,1,0,1,0
72.37,19.9,2.4,1.61,1,1,0,0,0
17.73,20.1,11.5,0.39,1,0,0,1,0
85.59,18.8,3.3,1.9,1,1,0,1,0
199.02,19.5,3.7,4.42,1,1,0,1,0
20.98,18.7,0.2,0.47,1,1,0,1,0
112.39,10.7,4.4,2.5,0,0,0,1,0
35.2,11.1,2.7,0.78,1,1,0,0,0
6.76,23.3,8.6,0.15,0,1,0,0,0
57.51,1.4,13.7,1.28,1,0,0,0,0
179.23,26.3,12.6,3.98,0,1,0,0,0
129.75,15.2,5.1,2.88,1,1,0,1,0
101.11,2.0,0.3,2.25,0,0,0,0,0
47.13,9.7,13.6,1.05,1,1,0,0,0
116.16,36.4,45.4,2.58,1,1,0,0,0
43.89,45.2,5.6,0.98,1,1,0,1,0
9.95,12.3,22.1,0.22,1,1,0,1,0
64.53,18.3,29.1,1.43,1,1,0,1,0
68.51,6.5,3.2,1.52,1,1,0,0,0
27.3,0.5,8.5,0.61,1,1,0,1,0
23.32,22.4,13.5,0.52,1,1,0,0,0
89.99,7.9,2.8,2.0,1,1,0,1,0
268.4,30.2,3.8,5.96,1,1,0,1,0
321.46,26.2,19.8,7.14,0,1,0,0,0
43.65,17.9,4.3,0.97,1,0,0,0,0
69.38,79.3,5.0,1.54,1,1,0,0,0
163.0,2.2,2.3,3.62,1,1,0,1,0
20.46,15.7,1.8,0.45,1,0,0,1,0
92.38,0.1,5.8,2.05,1,0,0,1,0
116.75,18.5,5.4,2.59,1,0,1,0,0
87.46,9.1,1.8,1.94,1,1,0,0,0
58.97,34.7,2.7,1.31,1,1,0,0,0
87.59,6.8,5.7,1.95,1,1,0,1,0
36.77,40.8,0.6,0.82,1,1,1,0,0
43.76,1.3,6.1,0.97,1,1,0,1,0
100.39,0.3,12.4,2.23,1,1,0,1,0
100.16,12.1,1.3,2.23,1,1,0,1,0
151.19,3.0,5.7,3.36,1,1,0,0,0
23.63,5.7,4.9,0.53,1,1,0,1,0
49.71,26.7,0.9,1.1,1,1,0,1,0
23.24,13.3,6.9,0.52,1,0,0,1,0
6.86,13.3,8.0,0.15,0,1,0,1,0
121.89,6.9,4.4,2.71,1,1,0,1,0
47.35,9.7,5.8,1.05,1,1,0,1,0
25.28,20.1,6.1,0.56,1,1,0,1,0
95.08,36.6,28.9,2.11,1,0,0,1,0
203.13,39.5,15.3,4.51,1,1,0,0,0
20.36,7.6,4.4,0.45,1,0,0,1,0
17.21,11.3,3.9,0.38,1,0,0,0,0
46.6,10.4,2.3,1.04,0,0,1,1,0
59.29,6.2,9.8,1.32,1,0,0,0,0
64.8,4.1,2.2,1.44,1,1,1,1,0
39.28,62.0,5.2,0.87,1,1,0,1,0
123.88,11.2,6.0,2.75,1,1,0,1,0
214.37,1.2,3.7,4.76,1,0,0,0,0
12.42,1.5,8.4,0.28,0,1,0,0,0
1.97,1.3,15.2,0.04,1,0,0,1,0
26.06,28.1,1.8,0.58,1,1,1,1,0
33.44,2.6,32.5,0.74,1,1,0,1,0
143.36,35.1,8.2,3.19,1,1,0,0,0
73.93,6.4,23.1,1.64,1,0,1,1,0
39.75,4.9,6.2,0.88,1,0,1,1,0
5.86,0.5,8.1,0.13,1,0,0,0,0
34.52,0.7,15.1,0.77,1,1,0,0,0
221.48,17.1,8.4,4.92,0,1,0,1,0
37.99,31.0,1.5,0.84,1,1,0,1,0
27.44,6.3,3.9,0.61,1,0,1,0,0
88.93,32.9,8.0,1.98,1,0,0,1,0
150.23,0.4,17.6,3.34,1,1,0,1,0
4.17,4.8,6.6,0.09,1,1,0,0,0
59.65,2.4,11.2,1.33,1,0,0,0,0
226.11,9.0,0.8,5.02,1,0,0,1,0
40.4,17.9,1.6,0.9,0,1,0,0,0
49.63,1.3,11.4,1.1,1,1,0,1,0
42.62,6.5,0.2,0.95,1,1,1,1,0
44.04,16.4,18.8,0.98,1,1,0,1,0
100.56,25.1,9.9,2.23,1,1,0,1,0
21.44,3.3,0.1,0.48,1,1,0,1,0
69.05,32.1,6.4,1.53,1,0,0,0,0
45.01,3.0,2.9,1.0,1,0,0,1,0
41.43,33.6,19.4,0.92,1,0,0,0,0
95.93,17.2,2.2,2.13,1,1,0,0,0
34.43,6.9,6.1,0.77,1,1,0,0,0
43.64,9.2,9.7,0.97,1,1,0,0,0
1.46,4.4,7.1,0.03,1,0,0,0,0
278.39,32.0,11.2,6.19,1,1,1,1,0
248.71,26.5,0.0,5.53,1,1,0,1,0
89.0,32.9,1.3,1.98,1,1,0,0,0
126.0,14.4,0.0,2.8,1,1,0,1,0
19.47,1.0,1.1,0.43,1,0,1,0,0
15.53,24.1,4.1,0.35,0,1,0,1,0
100.68,4.0,31.5,2.24,0,1,0,1,0
35.5,8.5,0.6,0.79,1,1,0,0,0
314.44,4.1,2.8,6.99,1,1,0,1,0
14.39,17.4,3.2,0.32,1,1,0,1,0
77.54,38.7,16.6,1.72,1,0,0,0,0
53.66,35.5,1.1,1.19,1,1,0,0,0
74.34,0.9,1.4,1.65,1,1,0,0,0
87.06,17.1,16.2,1.93,1,1,0,0,0
2.67,12.5,24.6,0.06,1,0,0,0,0
135.41,43.3,10.9,3.01,1,1,0,0,0
14.01,18.4,14.8,0.31,1,0,1,0,0
52.66,55.3,6.7,1.17,1,0,0,1,0
273.94,11.0,9.2,6.09,1,1,0,0,0
36.68,7.6,11.5,0.82,1,0,0,0,0
81.53,15.3,10.5,1.81,1,1,0,1,0
75.61,1.7,1.3,1.68,1,1,0,1,0
14.28,21.4,5.3,0.32,1,1,0,0,0
90.47,3.8,5.0,2.01,1,1,0,1,0
252.6,20.2,3.9,5.61,1,0,0,1,1
82.44,22.2,1.2,1.83,0,0,0,1,0
30.3,24.9,13.9,0.67,1,1,0,1,0
152.52,26.7,19.4,3.39,1,1,0,1,0
17.27,1.3,1.2,0.38,1,1,1,1,0
35.24,0.7,0.9,0.78,1,1,0,1,0
147.25,2.6,2.2,3.27,1,1,1,1,0
173.28,1.4,5.9,3.85,1,1,0,1,0
32.82,5.6,5.0,0.73,0,0,0,1,0
28.29,0.6,2.2,0.63,1,1,0,0,0
422.35,53.6,5.7,9.39,1,1,0,1,0
126.02,0.2,6.9,2.8,1,1,0,1,0
80.18,14.1,5.3,1.78,1,1,1,1,0
68.34,27.4,0.3,1.52,0,1,0,1,0
62.58,54.3,0.7,1.39,1,0,0,1,0
19.78,25.1,3.5,0.44,0,1,1,1,0
6.61,27.2,4.4,0.15,1,0,0,0,0
19.2,8.7,13.0,0.43,1,1,0,0,0
203.43,4.9,4.3,4.52,1,0,0,1,1
90.61,89.7,1.1,2.01,1,1,0,1,0
44.62,15.2,5.5,0.99,1,0,1,0,0
172.28,4.5,6.5,3.83,1,1,0,1,0
37.16,0.1,8.2,0.83,1,0,0,1,0
79.37,14.1,8.0,1.76,1,0,0,1,0
95.6,11.9,6.0,2.12,1,1,0,1,0
161.21,4.2,8.4,3.58,1,1,0,0,0
151.29,66.7,2.9,3.36,1,1,1,0,0
129.71,15.3,10.1,2.88,1,1,0,1,0
240.08,16.9,11.0,5.34,1,0,1,0,0
192.19,39.2,10.6,4.27,1,0,0,0,0
52.22,0.7,2.3,1.16,1,1,0,0,0
14.03,13.4,13.1,0.31,1,0,0,0,0
133.64,8.0,2.9,2.97,1,1,0,1,0
69.47,22.2,2.0,1.54,1,1,0,0,0
76.33,85.1,0.2,1.7,1,1,0,1,0
63.6,19.8,9.2,1.41,0,1,0,1,0
61.9,3.8,1.9,1.38,1,1,1,0,0
155.55,14.3,8.6,3.46,1,0,0,1,0
117.13,19.7,20.9,2.6,1,1,1,0,0
114.55,15.1,0.7,2.55,1,1,0,0,0
235.94,32.0,0.9,5.24,1,1,0,0,0
202.47,3.6,11.4,4.5,1,1,0,0,0
411.24,0.2,0.1,9.14,1,0,0,1,0
23.01,10.4,7.5,0.51,1,1,0,1,0
256.58,12.9,0.6,5.7,1,1,0,0,0
196.59,4.9,2.0,4.37,1,1,0,1,0
258.3,9.8,0.6,5.74,1,0,0,0,0
319.02,7.0,6.6,7.09,1,1,0,0,0
2.42,13.1,2.1,0.05,1,0,0,1,0
138.4,0.0,22.0,3.08,1,1,0,1,0
3.28,9.4,6.6,0.07,1,1,0,0,0
14.37,13.9,3.3,0.32,1,1,0,0,0
112.94,32.5,10.2,2.51,1,0,0,0,0
45.69,2.8,5.2,1.02,1,0,0,1,0
111.02,7.7,0.7,2.47,1,0,0,1,0
21.95,22.4,13.2,0.49,1,1,0,1,0
108.82,36.8,26.2,2.42,1,1,0,0,0
84.92,48.7,9.2,1.89,1,1,0,0,0
9.09,17.0,23.7,0.2,1,1,1,0,0
294.76,8.6,7.1,6.55,1,1,0,0,0
40.95,17.8,24.0,0.91,1,1,0,0,0
29.08,7.7,5.3,0.65,1,0,0,1,0
24.36,23.2,19.6,0.54,1,1,1,0,0
217.59,0.5,12.3,4.84,1,1,0,1,0
89.27,3.1,6.9,1.98,1,1,0,0,0
66.75,10.1,4.8,1.48,0,1,0,1,0
15.38,11.2,16.1,0.34,1,0,0,0,0
140.09,19.9,6.6,3.11,1,1,0,1,0
9.5,28.7,1.5,0.21,1,1,1,1,0
91.79,1.4,3.3,2.04,1,0,0,1,0
10.87,4.2,0.7,0.24,1,1,1,1,0
95.23,12.8,17.1,2.12,1,0,0,0,0
3.83,18.1,10.0,0.09,1,0,0,0,0
230.26,2.4,1.5,5.12,1,0,0,0,0
7.89,0.5,8.0,0.18,1,0,0,1,0
50.26,4.7,4.6,1.12,1,1,0,1,0
120.03,3.6,5.3,2.67,1,1,0,1,0
33.1,15.2,3.9,0.74,1,1,1,1,0
9.8,90.8,1.7,0.22,1,1,0,1,0
188.57,11.2,4.1,4.19,1,1,0,1,0
29.22,1.3,10.1,0.65,0,0,0,1,0
367.93,20.7,2.6,8.18,1,1,0,0,0
186.48,1.8,0.2,4.14,1,1,0,1,0
224.38,8.3,2.3,4.99,1,1,0,0,0
29.85,0.9,0.7,0.66,1,0,0,1,0
9.16,10.5,29.2,0.2,0,1,0,0,0
30.02,63.3,18.4,0.67,1,1,0,0,0
41.44,6.8,14.7,0.92,1,1,0,0,0
106.83,6.4,1.2,2.37,1,1,0,0,0
167.15,39.3,13.9,3.71,1,0,0,0,0
154.15,16.5,10.5,3.43,1,1,0,0,0
61.99,23.9,11.6,1.38,1,0,0,0,0
143.04,0.8,22.5,3.18,1,1,0,0,0
29.84,4.5,3.3,0.66,1,1,0,0,0
132.2,31.7,5.0,2.94,1,1,0,0,0
1.55,7.6,9.8,0.03,1,1,0,0,0
16.98,18.8,2.7,0.38,1,1,0,0,0
23.37,9.8,16.3,0.52,1,0,0,1,0
50.0,6.8,6.1,1.11,1,1,1,0,0
138.04,20.0,3.4,3.07,1,1,0,1,0
14.6,23.6,3.2,0.32,1,1,0,1,0
10.89,20.0,1.1,0.24,1,1,0,0,0
56.06,7.3,18.2,1.25,1,1,1,0,0
164.34,15.5,1.7,3.65,0,1,0,0,0
11.89,24.3,2.3,0.26,1,0,0,1,0
18.5,19.1,1.1,0.41,0,1,0,1,0
47.33,22.3,0.0,1.05,1,1,0,0,0
110.85,1.0,2.0,2.46,1,0,0,1,0
18.67,6.4,10.5,0.41,1,1,0,0,0
1.7,9.8,7.9,0.04,1,1,1,1,0
45.13,6.7,1.8,1.0,1,1,0,0,0
1.19,28.9,13.6,0.03,0,1,0,0,0
171.71,2.6,27.2,3.82,1,1,0,1,0
147.29,6.9,1.6,3.27,0,1,0,0,0
17.52,3.7,7.0,0.39,1,0,0,0,0
54.51,4.8,3.0,1.21,1,1,0,1,0
50.36,2.7,4.1,1.12,1,1,0,1,0
122.02,7.7,7.3,2.71,1,1,0,1,0
80.07,10.3,10.6,1.78,1,1,0,0,0
16.73,42.6,6.3,0.37,0,1,0,1,0
176.16,34.2,11.7,3.91,1,1,0,1,0
208.4,33.9,6.3,4.63,1,1,0,1,0
12.92,1.9,4.8,0.29,1,1,1,1,0
4.67,27.2,0.9,0.1,0,1,0,0,0
52.53,18.4,9.4,1.17,0,1,1,1,0
13.85,5.7,5.2,0.31,1,0,0,1,0
15.95,1.9,4.3,0.35,1,1,0,0,0
10.45,10.6,7.4,0.23,0,1,0,1,0
78.6,0.4,1.4,1.75,1,1,0,1,0
21.32,0.7,8.7,0.47,1,0,0,1,0
97.31,15.7,15.6,2.16,0,0,0,0,0
112.44,10.2,0.8,2.5,1,1,0,0,0
59.19,5.8,22.8,1.32,1,1,0,1,0
147.28,2.6,4.3,3.27,1,1,0,1,0
33.14,32.0,4.1,0.74,1,1,0,0,0
43.3,16.3,5.1,0.96,0,1,0,1,0
63.24,12.7,7.1,1.41,1,1,0,1,0
26.52,7.1,10.6,0.59,0,1,0,0,0
77.78,14.8,2.9,1.73,1,1,0,0,0
64.39,15.8,14.3,1.43,1,0,0,0,0
14.19,6.8,5.6,0.32,1,0,0,1,0
94.33,10.6,9.3,2.1,1,0,0,1,0
27.55,1.3,16.6,0.61,1,1,0,1,0
27.71,9.0,0.8,0.62,1,0,0,0,0
15.6,5.5,0.3,0.35,1,1,1,0,0
34.61,17.9,5.2,0.77,1,1,0,1,0
19.04,16.4,14.5,0.42,1,1,0,1,0
96.29,12.2,6.9,2.14,1,1,0,0,0
60.61,2.4,12.9,1.35,1,1,0,1,0
86.38,1.1,6.1,1.92,1,0,1,1,0
192.54,19.1,12.8,4.28,1,1,0,1,0
24.21,40.9,3.9,0.54,0,1,1,1,0
104.74,2.4,3.3,2.33,1,1,0,0,0
25.73,7.0,10.3,0.57,1,0,0,1,0
82.28,0.1,11.0,1.83,0,0,0,0,0
72.18,11.4,12.3,1.6,1,1,0,1,0
117.3,24.7,14.4,2.61,1,1,0,0,0
88.81,26.0,0.8,1.97,1,1,1,0,0
55.9,10.6,2.0,1.24,1,1,0,0,0
441.95,12.1,0.5,9.82,1,1,0,0,0
150.93,1.9,1.0,3.35,1,1,0,1,0
12.16,4.4,12.0,0.27,1,0,1,0,0
1.75,41.4,5.3,0.04,1,1,0,1,0
94.82,3.6,22.6,2.11,1,1,0,0,0
139.46,6.5,8.1,3.1,1,1,0,1,0
24.71,46.4,3.6,0.55,1,1,0,1,0
140.77,8.7,0.0,3.13,1,1,0,0,0
106.88,14.7,13.4,2.38,1,1,0,0,0
68.81,2.8,1.2,1.53,1,1,0,1,0
37.84,0.7,6.4,0.84,1,1,0,1,0
219.44,30.5,6.1,4.88,1,1,0,0,0
320.07,7.8,12.3,7.11,1,1,0,1,0
247.71,8.8,0.7,5.5,0,0,1,0,0
61.13,0.7,0.2,1.36,1,1,1,1,0
192.33,7.5,16.2,4.27,1,1,0,0,0
88.38,14.9,11.3,1.96,0,1,0,1,0
165.89,14.2,6.3,3.69,1,0,0,0,0
127.78,22.8,9.9,2.84,1,1,0,1,0
115.78,5.0,5.7,2.57,1,1,1,1,0
10.69,30.0,2.2,0.24,0,0,0,1,0
31.39,31.5,2.2,0.7,1,1,0,0,0
21.18,19.2,1.9,0.47,1,0,0,0,0
48.28,20.9,0.7,1.07,1,1,1,1,0
44.0,3.0,6.5,0.98,1,1,0,0,0
172.86,3.8,4.9,3.84,1,0,0,1,0
5.58,2.3,3.7,0.12,0,1,0,1,0
28.15,52.3,19.3,0.63,1,0,0,1,0
123.31,18.0,0.2,2.74,1,1,0,1,0
123.16,7.5,13.6,2.74,1,1,0,1,0
184.84,14.7,3.7,4.11,1,1,0,1,0
5.65,6.0,7.2,0.13,1,0,0,1,0
90.22,3.2,4.1,2.0,1,1,0,1,0
9.07,12.0,2.4,0.2,1,1,1,1,0
468.85,8.2,14.6,10.42,1,1,0,0,0
105.72,11.0,7.6,2.35,1,1,0,0,0
444.29,17.2,1.2,9.87,1,1,0,1,0
12.85,3.3,10.4,0.29,1,1,0,1,0
128.22,30.2,0.6,2.85,1,1,0,1,0
134.24,15.0,2.1,2.98,0,1,0,1,0
8.95,10.3,21.0,0.2,1,0,0,0,0
2.22,60.8,0.8,0.05,1,1,0,1,0
57.8,1.2,8.2,1.28,1,0,0,1,0
17.14,48.5,1.3,0.38,1,1,0,0,0
11.5,19.0,3.8,0.26,0,1,0,1,0
92.62,4.2,6.5,2.06,1,1,0,1,0
78.07,3.0,2.1,1.73,1,0,0,0,0
45.5,8.6,3.8,1.01,0,1,0,1,0
593.67,1.3,7.1,13.19,1,0,0,0,0
40.27,89.3,2.2,0.89,1,1,0,0,0
1.98,26.0,4.6,0.04,1,0,0,0,0
110.99,20.0,35.9,2.47,1,1,0,1,0
13.59,13.9,0.3,0.3,1,0,0,1,0
34.91,17.6,14.4,0.78,1,1,0,1,0
33.42,9.9,4.3,0.74,1,1,0,0,0
10.73,21.9,3.6,0.24,1,1,0,1,0
73.99,4.2,4.4,1.64,1,1,0,1,0
88.44,1.2,2.5,1.97,1,1,0,1,0
149.37,12.7,5.9,3.32,1,0,0,0,0
58.17,0.8,0.2,1.29,1,1,0,1,0
129.1,16.0,2.5,2.87,1,1,0,1,0
55.23,2.7,2.4,1.23,0,0,0,0,0
137.57,0.3,4.6,3.06,1,1,0,0,0
69.06,1.0,3.0,1.53,1,0,1,0,0
17.41,12.7,2.1,0.39,1,1,0,0,0
16.47,7.6,7.4,0.37,1,0,1,1,0
129.51,6.1,7.0,2.88,1,1,0,0,0
32.7,41.1,5.9,0.73,1,1,0,0,0
8.46,18.0,31.5,0.19,1,0,0,0,0
44.97,12.9,13.0,1.0,1,1,0,0,0
216.23,9.8,17.7,4.81,1,0,0,0,0
222.62,3.7,2.8,4.95,1,1,0,1,0
2.06,10.3,10.4,0.05,1,1,0,0,0
70.75,17.9,8.4,1.57,1,0,1,1,0
352.2,1.2,13.5,7.83,1,1,0,0,0
78.25,8.1,2.6,1.74,1,1,0,1,0
2.53,2.1,3.0,0.06,1,1,0,0,0
196.41,14.5,22.2,4.36,1,1,0,0,0
4.36,6.2,15.6,0.1,1,1,0,1,0
48.71,14.1,0.2,1.08,1,1,0,0,0
2.87,0.7,7.9,0.06,1,1,0,0,0
169.36,0.7,5.9,3.76,1,1,0,0,0
142.18,3.7,0.8,3.16,1,1,0,0,0
230.13,35.1,6.8,5.11,1,1,0,0,0
45.55,4.6,2.3,1.01,1,1,0,0,0
124.93,37.9,3.1,2.78,1,1,1,0,0
96.32,32.0,32.5,2.14,1,1,0,0,0
82.55,24.7,12.2,1.83,1,0,0,0,0
28.54,1.9,15.0,0.63,1,1,0,0,0
170.01,5.7,4.9,3.78,1,1,1,1,0
15.48,46.7,46.2,0.34,1,0,0,0,0
366.95,5.4,4.6,8.15,1,1,1,1,0
30.35,1.1,3.2,0.67,1,1,0,1,0
64.29,1.7,6.6,1.43,1,1,0,1,0
221.51,12.9,0.7,4.92,1,1,0,0,0
10.0,9.3,4.8,0.22,1,0,0,1,0
61.5,1.5,2.6,1.37,1,1,1,0,0
18.24,19.5,0.8,0.41,1,1,0,1,0
344.4,33.1,5.2,7.65,1,1,0,0,0
5.31,26.7,9.9,0.12,1,1,0,1,0
46.02,7.9,5.0,1.02,0,1,0,1,0
31.0,7.2,9.5,0.69,1,1,0,1,0
244.68,4.2,0.9,5.44,0,1,0,1,0
51.93,9.0,1.7,1.15,1,1,0,1,0
27.07,4.5,30.2,0.6,1,1,0,0,0
185.87,2.7,4.8,4.13,1,1,1,0,0
252.83,7.3,27.8,5.62,1,1,0,1,0
110.84,7.8,4.3,2.46,1,0,0,1,0
33.5,5.5,11.2,0.74,0,1,0,1,0
73.65,27.6,2.0,1.64,1,1,0,0,0
246.92,35.9,9.6,5.49,1,1,0,0,0
37.97,13.1,5.5,0.84,1,1,0,1,0
79.15,11.3,9.5,1.76,0,0,0,0,0
54.23,5.6,2.4,1.21,1,0,1,0,0
36.66,22.1,5.8,0.81,0,1,0,1,0
74.96,24.3,8.6,1.67,1,0,1,1,0
191.31,13.1,5.6,4.25,1,0,0,0,0
145.75,13.1,8.6,3.24,1,1,0,0,0
12.39,76.8,10.5,0.28,1,1,0,0,0
199.54,0.4,13.9,4.43,1,1,0,1,0
33.29,7.1,16.1,0.74,1,1,0,1,0
54.48,36.5,13.8,1.21,1,0,0,1,0
20.9,18.0,9.5,0.46,1,0,0,1,0
205.21,16.0,2.8,4.56,1,1,0,0,0
45.64,13.9,8.9,1.01,1,1,0,1,0
85.03,15.3,26.4,1.89,0,1,0,0,0
138.18,0.8,7.6,3.07,1,0,0,0,0
29.64,42.5,1.5,0.66,0,1,0,1,0
176.56,13.5,6.9,3.92,1,1,0,1,0
79.83,0.5,0.4,1.77,1,1,1,1,0
72.79,2.7,1.5,1.62,1,1,1,0,0
59.97,3.0,3.4,1.33,1,1,0,1,0
5.28,27.2,10.4,0.12,1,1,1,0,0
20.27,0.5,5.0,0.45,0,1,0,0,0
49.12,3.4,0.8,1.09,1,1,0,1,0
101.19,14.3,2.3,2.25,1,0,0,1,0
40.38,28.9,3.3,0.9,1,1,0,0,0
42.03,17.7,3.3,0.93,1,0,0,1,0
8.21,16.0,7.8,0.18,1,1,0,1,0
187.68,14.1,20.2,4.17,1,1,0,1,0
41.24,7.0,9.8,0.92,1,1,0,0,0
19.47,29.7,12.9,0.43,1,0,0,0,0
147.52,23.6,33.2,3.28,1,1,0,1,0
56.94,12.2,3.3,1.27,1,0,0,0,0
98.68,29.5,5.5,2.19,1,1,0,0,0
15.07,4.1,7.5,0.33,1,0,0,1,0
275.93,24.7,2.9,6.13,1,1,0,0,0
116.62,0.5,0.3,2.59,1,0,0,0,0
23.84,0.2,26.2,0.53,1,0,1,0,0
105.81,0.8,7.0,2.35,0,1,0,0,0
56.17,3.2,30.0,1.25,0,0,0,1,0
86.78,46.2,2.1,1.93,1,1,0,0,0
172.18,6.5,4.8,3.83,1,1,0,1,0
28.45,36.1,1.9,0.63,1,0,0,1,0
19.57,1.7,3.5,0.43,1,0,0,1,0
11.26,6.7,19.1,0.25,1,1,0,0,0
39.92,2.2,0.0,0.89,1,0,0,1,0
10.27,15.8,21.1,0.23,1,1,0,1,0
77.08,45.0,33.1,1.71,1,1,0,1,0
339.82,5.0,13.9,7.55,1,1,0,1,0
112.98,9.7,9.1,2.51,1,0,0,0,0
10.16,15.3,0.3,0.23,1,0,0,1,0
132.62,5.4,2.6,2.95,1,1,1,1,0
184.47,16.7,38.5,4.1,1,1,0,0,0
78.6,6.7,8.4,1.75,1,1,0,1,0
34.55,17.2,2.6,0.77,1,1,0,0,0
76.53,6.0,9.9,1.7,1,1,1,1,0
3.04,14.2,7.5,0.07,1,1,0,1,0
72.14,6.6,3.4,1.6,1,1,0,0,0
82.7,31.9,14.4,1.84,1,0,1,0,0
106.64,3.7,11.2,2.37,0,1,0,1,0
43.18,25.2,0.3,0.96,1,1,0,1,0
149.6,10.4,4.6,3.32,0,0,0,0,0
298.58,32.4,1.3,6.64,1,1,0,1,0
55.35,49.9,16.0,1.23,1,1,0,0,0
92.72,30.8,18.2,2.06,1,1,0,1,0
64.83,29.9,0.1,1.44,1,1,0,0,0
21.95,12.9,0.6,0.49,0,1,0,1,0
75.02,18.6,20.2,1.67,0,1,0,0,0
4.35,1.2,29.1,0.1,1,0,0,1,0
223.72,2.0,1.3,4.97,1,1,0,1,0
117.9,1.8,5.4,2.62,1,0,0,1,0
67.52,40.0,4.4,1.5,0,1,0,1,0
86.66,39.3,7.4,1.93,1,0,0,0,0
341.62,6.1,4.9,7.59,1,1,0,0,0
43.01,23.1,11.0,0.96,1,1,0,0,0
157.02,25.2,3.1,3.49,1,1,1,0,0
178.08,2.8,20.7,3.96,1,1,0,1,0
2.97,21.7,5.8,0.07,1,1,0,0,0
23.43,40.0,0.7,0.52,1,0,0,1,0
43.76,0.1,7.8,0.97,1,0,0,1,0
33.94,10.3,4.6,0.75,1,1,0,1,0
14.66,2.4,11.4,0.33,1,1,0,1,0
222.28,33.2,9.0,4.94,1,1,1,0,0
100.91,0.2,31.6,2.24,1,1,0,1,0
49.89,5.9,5.2,1.11,1,1,0,1,0
107.7,45.8,2.7,2.39,1,0,1,1,0
89.12,2.5,6.0,1.98,1,0,0,0,0
121.83,1.3,5.9,2.71,1,0,0,1,0
1.83,10.4,15.1,0.04,1,0,1,0,0
98.82,6.1,9.8,2.2,1,1,1,1,0
79.37,1.6,2.1,1.76,0,1,0,1,0
15.77,2.4,2.1,0.35,1,1,0,1,0
74.7,34.8,13.7,1.66,1,0,0,1,0
10.58,3.1,29.2,0.24,1,0,0,1,0
21.22,1.8,9.2,0.47,0,1,0,1,0
174.17,12.1,1.4,3.87,1,1,0,0,0
37.28,31.8,8.8,0.83,1,1,0,1,0
5.53,8.4,8.5,0.12,1,1,0,0,0
410.29,12.8,2.2,9.12,1,1,0,0,0
80.79,0.0,21.6,1.8,1,1,0,0,0
5.22,44.0,1.3,0.12,1,1,0,0,0
57.61,18.2,1.0,1.28,1,0,0,0,0
111.87,68.9,8.3,2.49,1,0,0,0,0
13.95,11.0,16.6,0.31,1,0,1,1,0
170.58,0.6,3.3,3.79,1,0,0,1,0
159.76,1.5,8.4,3.55,1,1,0,1,0
75.11,58.1,6.9,1.67,1,1,0,1,0
40.54,2.9,3.2,0.9,1,1,0,0,0
137.25,20.5,0.2,3.05,1,1,0,1,0
111.62,8.4,12.0,2.48,1,1,0,1,0
47.59,18.0,3.9,1.06,1,0,0,1,0
49.96,44.2,4.1,1.11,1,1,0,1,0
109.56,4.6,1.9,2.43,1,1,0,0,0
390.8,13.8,9.1,8.68,1,1,1,0,0
22.65,3.6,0.4,0.5,1,1,0,1,0
97.81,9.3,0.1,2.17,1,1,0,1,0
9.6,3.7,23.4,0.21,1,1,0,1,0
163.48,1.8,0.5,3.63,1,1,0,0,0
159.9,3.8,8.8,3.55,1,0,1,1,0
76.16,10.6,1.9,1.69,1,1,0,0,0
110.54,7.4,2.1,2.46,1,0,1,0,0
19.86,2.3,0.7,0.44,1,1,0,1,0
13.65,3.8,1.1,0.3,1,0,0,1,0
65.14,12.0,0.3,1.45,0,1,0,1,0
169.12,9.9,0.2,3.76,0,1,0,1,0
143.11,6.1,27.5,3.18,1,0,0,0,0
117.37,1.8,1.9,2.61,1,1,1,1,0
3.15,30.2,1.1,0.07,1,1,0,0,0
6.04,24.4,2.5,0.13,1,0,0,1,0
38.19,5.5,2.1,0.85,1,0,0,1,0
271.64,15.8,5.9,6.04,1,0,1,1,1
195.71,2.9,29.5,4.35,0,1,0,1,0
70.51,4.1,0.9,1.57,1,1,0,0,0
30.39,3.9,5.6,0.68,0,1,0,1,0
245.1,1.4,4.9,5.45,1,1,1,1,0
36.72,3.5,0.5,0.82,1,1,0,1,0
17.62,1.2,0.0,0.39,1,1,0,0,0
1.1,9.7,6.9,0.02,1,1,1,0,0
154.47,79.7,19.0,3.43,1,1,0,1,0
48.31,3.4,7.7,1.07,1,1,0,0,0
32.67,52.7,6.0,0.73,1,1,0,1,0
53.3,10.2,0.1,1.18,1,1,0,1,0
527.52,3.3,5.4,11.72,0,1,0,1,0
41.46,25.6,6.4,0.92,0,1,0,1,0
85.77,2.6,3.8,1.91,1,0,1,1,0
15.89,0.1,0.5,0.35,1,1,0,1,0
96.86,13.5,12.4,2.15,1,1,0,1,0
65.93,1.3,3.3,1.47,1,1,0,1,0
51.73,9.8,6.4,1.15,1,1,0,0,0
6.03,14.0,0.1,0.13,1,1,1,1,0
89.44,15.8,4.0,1.99,1,1,0,0,0
312.28,26.6,4.1,6.94,1,1,0,0,0
64.66,65.8,0.8,1.44,1,1,0,0,0
133.38,16.1,3.1,2.96,1,1,0,0,0
32.79,41.1,4.3,0.73,0,0,0,0,0
185.53,3.1,7.4,4.12,1,0,0,0,0
5.09,25.5,9.6,0.11,1,1,0,1,0
22.25,12.8,14.1,0.49,1,1,1,1,0
122.39,13.2,22.2,2.72,1,0,0,1,0
14.48,1.8,7.3,0.32,0,0,0,1,0
66.51,13.4,5.9,1.48,1,0,0,1,0
99.11,10.6,0.4,2.2,1,1,0,0,0
21.62,2.4,2.2,0.48,1,1,0,1,0
201.78,0.9,16.8,4.48,1,1,0,1,0
158.96,20.8,5.7,3.53,1,1,1,1,0
35.38,5.3,0.4,0.79,1,0,0,0,0
218.38,77.2,5.7,4.85,1,0,0,1,1
36.22,16.7,0.1,0.8,1,1,0,1,0
192.43,2.6,2.2,4.28,1,1,1,1,0
99.24,8.2,0.1,2.21,1,0,0,1,0
207.42,52.5,8.3,4.61,1,1,0,0,0
2.54,20.6,3.0,0.06,1,1,1,0,0
42.27,22.1,3.7,0.94,1,1,0,1,0
80.48,24.0,3.5,1.79,0,1,0,0,0
61.32,2.9,4.6,1.36,1,1,1,0,0
1.97,1.8,1.8,0.04,1,1,0,1,0
86.15,20.9,15.5,1.91,1,1,1,1,0
31.68,27.0,6.8,0.7,1,1,0,1,0
18.93,17.2,7.2,0.42,1,1,0,1,0
191.86,4.5,3.4,4.26,1,1,0,1,0
48.65,9.7,17.7,1.08,1,0,0,0,0
108.19,4.7,2.4,2.4,1,1,1,0,0
95.66,3.1,6.0,2.13,1,0,1,1,0
102.38,5.4,15.5,2.28,1,1,0,1,0
5.69,25.1,5.0,0.13,1,1,0,1,0
67.27,14.0,17.0,1.49,0,1,0,0,0
30.81,1.5,2.6,0.68,1,1,0,1,0
30.83,23.6,32.6,0.69,1,0,1,1,0
72.19,6.4,3.9,1.6,1,1,0,0,0
87.85,41.0,4.5,1.95,1,0,0,1,0
255.52,42.3,2.1,5.68,1,1,1,1,0
68.46,8.3,2.1,1.52,1,1,0,1,0
19.9,10.2,10.4,0.44,1,1,0,1,0
35.9,12.7,19.6,0.8,1,1,0,1,0
22.58,1.9,3.9,0.5,1,0,0,1,0
38.72,13.2,15.2,0.86,1,1,0,1,0
71.14,29.4,6.5,1.58,1,1,0,1,0
18.89,26.3,9.6,0.42,1,1,0,0,0
8.59,44.8,7.8,0.19,0,1,0,0,0
168.24,61.3,28.0,3.74,1,0,0,0,0
88.02,2.9,14.4,1.96,1,1,0,1,0
33.13,3.5,9.3,0.74,0,1,0,0,0
77.73,5.1,4.9,1.73,1,1,1,1,0
72.19,7.8,2.5,1.6,1,1,0,0,0
172.13,2.6,3.8,3.83,0,1,0,0,0
41.87,12.9,0.7,0.93,1,1,0,1,0
62.44,2.1,11.2,1.39,0,0,0,1,0
19.77,48.7,1.2,0.44,0,1,0,1,0
31.66,10.2,6.1,0.7,1,1,0,1,0
103.21,12.7,18.6,2.29,1,1,0,1,0
75.96,0.9,29.3,1.69,1,0,1,0,0
60.62,3.0,6.4,1.35,1,1,1,0,0
200.28,11.5,1.3,4.45,1,0,0,1,1
12.05,6.9,21.4,0.27,1,0,0,1,0
25.27,16.5,8.3,0.56,1,1,0,0,0
7.41,9.7,1.6,0.16,0,1,0,1,0
15.67,3.3,5.0,0.35,1,1,0,1,0
160.05,3.3,10.1,3.56,0,1,0,1,0
6.25,15.6,5.6,0.14,1,1,1,1,0
76.57,24.2,6.5,1.7,1,1,0,1,0
9.83,2.6,1.6,0.22,1,1,0,1,0
103.07,2.5,5.6,2.29,1,0,1,1,0
44.09,5.1,3.1,0.98,1,1,1,1,0
1.47,29.8,4.3,0.03,1,1,0,0,0
177.66,14.2,17.1,3.95,1,1,0,1,0
92.56,0.8,31.2,2.06,1,1,0,1,0
2.59,26.6,28.9,0.06,1,1,0,1,0
103.96,0.4,19.2,2.31,0,1,0,1,0
126.99,36.9,4.4,2.82,1,1,0,1,0
394.71,8.7,3.5,8.77,1,0,0,0,0
107.44,24.6,8.2,2.39,1,0,0,0,0
41.91,6.3,6.3,0.93,1,1,1,0,0
109.04,13.4,3.2,2.42,1,0,0,1,0
18.82,7.2,23.7,0.42,0,1,0,1,0
92.94,18.6,17.5,2.07,1,0,0,0,0
14.97,20.4,8.6,0.33,0,1,0,0,0
42.73,36.6,7.6,0.95,1,1,0,1,0
154.57,31.7,5.3,3.43,1,0,0,1,0
55.19,27.3,15.5,1.23,1,1,0,0,0
256.74,21.6,9.6,5.71,1,0,0,1,0
197.47,18.9,0.8,4.39,1,1,0,1,0
157.33,21.2,15.9,3.5,1,1,0,0,0
30.73,24.1,10.1,0.68,1,1,0,1,0
168.12,52.1,59.8,3.74,1,0,1,1,0
28.12,0.4,24.1,0.62,1,1,1,0,0
23.1,4.6,10.7,0.51,1,1,0,1,0
109.5,12.0,15.6,2.43,1,1,0,0,0
224.16,4.8,1.9,4.98,1,1,0,1,0
71.96,0.3,4.2,1.6,1,1,0,0,0
29.96,7.2,1.3,0.67,1,1,0,1,0
48.2,1.8,0.3,1.07,0,1,0,1,0
88.56,1.4,27.3,1.97,1,1,0,1,0
85.79,28.2,12.6,1.91,0,1,0,1,0
158.73,11.8,0.9,3.53,1,1,0,0,0
38.29,9.6,0.3,0.85,0,1,0,1,0
61.95,34.6,6.1,1.38,1,1,0,1,0
28.13,5.7,7.3,0.63,1,1,1,0,0
2.76,1.4,3.5,0.06,1,1,0,0,0
321.82,3.9,11.4,7.15,0,1,1,1,0
56.77,22.9,10.4,1.26,1,1,0,1,0
29.74,7.3,0.8,0.66,1,1,0,1,0
71.38,73.9,13.9,1.59,1,0,1,0,0
61.01,5.6,5.3,1.36,1,1,0,1,0
98.55,7.9,7.9,2.19,1,1,0,0,0
56.84,7.7,16.1,1.26,1,1,0,1,0
15.69,23.7,0.4,0.35,1,0,0,0,0
3.3,12.1,2.7,0.07,1,1,0,1,0
40.58,7.4,2.9,0.9,1,1,0,1,0
31.01,2.9,10.1,0.69,0,0,0,1,0
8.7,15.0,5.8,0.19,1,1,0,0,0
46.58,25.1,21.4,1.04,1,1,0,1,0
37.08,4.4,5.9,0.82,1,1,0,1,0
83.92,4.0,4.4,1.86,1,1,1,0,0
204.57,5.3,4.6,4.55,1,1,0,0,0
56.74,13.9,4.6,1.26,1,1,0,0,0
1.37,1.3,2.5,0.03,1,1,0,0,0
162.43,22.9,11.5,3.61,1,1,0,1,0
184.49,3.8,8.8,4.1,1,0,0,1,1
5.18,67.8,3.0,0.12,1,1,0,0,0
181.38,10.5,4.1,4.03,1,1,1,0,0
114.08,0.7,4.2,2.54,1,0,0,0,0
48.67,12.5,1.7,1.08,1,0,0,0,0
209.5,9.5,17.2,4.66,1,1,1,1,0
64.13,6.8,4.7,1.43,1,0,0,1,0
104.49,9.1,2.3,2.32,1,1,0,0,0
207.59,12.6,3.8,4.61,1,1,0,1,0
55.93,31.4,1.7,1.24,0,0,0,1,0
260.23,3.1,10.4,5.78,1,1,0,0,0
40.08,27.7,4.3,0.89,1,1,0,1,0
72.81,11.7,9.4,1.62,0,0,0,1,0
13.46,8.1,11.0,0.3,1,1,0,1,0
47.51,23.5,5.2,1.06,1,1,0,0,0
47.66,1.3,5.9,1.06,1,1,0,1,0
110.03,7.1,0.2,2.45,1,1,0,1,0
82.79,2.2,5.2,1.84,1,0,0,1,0
173.94,0.6,5.6,3.87,0,1,1,1,0
10.36,4.2,26.0,0.23,1,1,0,0,0
193.28,11.5,14.0,4.3,1,1,0,1,0
15.8,13.2,8.4,0.35,1,1,1,1,0
51.08,23.6,11.6,1.14,1,1,0,1,0
10.89,6.9,1.3,0.24,1,0,0,1,0
48.77,29.3,26.3,1.08,1,1,0,1,0
34.94,14.1,12.2,0.78,1,1,1,1,0
10.2,31.7,15.2,0.23,1,1,0,1,0
43.08,18.8,0.4,0.96,1,0,0,1,0
131.81,19.8,7.3,2.93,1,1,0,0,0
24.11,7.3,27.6,0.54,1,1,0,1,0
131.58,15.5,0.9,2.92,1,1,0,0,0
21.76,11.7,1.1,0.48,1,0,0,0,0
88.51,5.3,0.6,1.97,1,1,0,1,0
20.35,4.6,1.2,0.45,1,1,1,0,0
22.85,20.9,7.7,0.51,0,0,0,0,0
351.08,3.2,17.2,7.8,1,0,0,0,0
20.28,8.4,0.9,0.45,1,1,0,1,0
233.25,14.6,2.9,5.18,1,1,0,0,0
79.32,2.9,8.8,1.76,1,1,1,1,0
297.37,3.4,12.6,6.61,0,1,0,0,0
187.96,10.1,0.3,4.18,1,1,0,0,0
63.28,30.9,11.8,1.41,1,1,1,1,0
99.99,24.2,2.3,2.22,1,0,1,1,0
1.55,3.9,0.4,0.03,1,1,0,1,0
27.88,24.6,1.7,0.62,1,1,0,0,0
156.46,26.4,22.7,3.48,1,1,0,1,0
87.86,13.2,2.2,1.95,1,0,0,0,0
345.81,23.4,15.6,7.68,0,1,0,1,0
34.51,15.6,7.2,0.77,1,1,0,1,0
74.7,10.9,0.6,1.66,1,1,0,0,0
155.52,39.5,0.1,3.46,1,1,0,0,0
41.1,10.0,7.1,0.91,0,1,0,1,0
21.21,18.8,9.7,0.47,1,0,0,0,0
154.13,6.4,1.7,3.43,1,1,0,1,0
93.95,2.5,8.5,2.09,0,1,0,0,0
286.85,13.0,7.6,6.37,1,1,0,1,0
28.29,5.8,0.3,0.63,1,0,0,0,0
334.14,11.7,9.7,7.43,1,0,0,1,1
36.16,12.2,5.4,0.8,0,0,0,0,0
84.49,10.9,20.5,1.88,1,0,0,0,0
52.0,0.8,15.2,1.16,1,1,0,1,0
1.01,10.1,8.0,0.02,1,0,1,1,0
9.02,1.2,3.8,0.2,1,1,1,1,0
42.79,11.6,10.3,0.95,1,0,0,1,0
51.2,0.9,13.9,1.14,1,1,0,1,0
196.33,4.6,6.4,4.36,1,1,0,1,0
3.68,4.9,4.9,0.08,1,1,0,1,0
23.06,24.1,12.7,0.51,1,1,0,1,0
178.76,16.4,9.2,3.97,1,1,0,1,0
16.4,15.9,11.8,0.36,1,1,0,0,0
28.3,0.7,4.4,0.63,1,1,0,1,0
87.85,17.9,9.5,1.95,1,1,1,1,0
85.16,9.1,5.4,1.89,1,1,0,1,0
261.33,13.0,1.0,5.81,1,0,0,1,0
62.5,9.1,4.5,1.39,0,1,0,0,0
172.79,11.9,5.2,3.84,1,0,1,1,0
5.11,34.1,16.0,0.11,1,0,0,1,0
239.62,3.0,9.1,5.32,0,0,1,1,1
23.04,1.2,4.8,0.51,1,1,0,1,0
88.27,0.4,4.8,1.96,1,0,0,1,0
45.23,15.7,0.8,1.01,1,1,0,0,0
44.96,29.7,0.6,1.0,1,1,1,0,0
38.63,11.1,2.4,0.86,1,1,0,0,0
72.64,25.1,4.5,1.61,1,1,0,1,0
61.3,42.9,7.7,1.36,1,1,0,0,0
37.21,23.9,0.8,0.83,1,1,0,1,0
48.73,10.0,10.1,1.08,0,0,0,0,0
86.85,13.3,0.6,1.93,1,0,0,0,0
83.44,15.0,12.0,1.85,1,1,1,1,0
48.81,14.9,9.0,1.08,1,1,0,0,0
9.43,5.1,4.2,0.21,1,1,0,1,0
66.6,3.5,5.9,1.48,1,1,0,1,0
124.73,0.2,8.7,2.77,1,1,0,1,0
62.82,18.2,2.0,1.4,1,0,0,1,0
138.91,12.0,11.2,3.09,1,1,0,0,0
98.4,5.0,5.7,2.19,1,0,0,1,0
55.03,0.5,5.7,1.22,1,0,0,1,0
89.06,37.2,5.2,1.98,1,1,0,1,0
26.79,6.1,7.7,0.6,1,1,0,0,0
8.55,6.5,12.4,0.19,1,1,0,1,0
110.96,10.7,4.4,2.47,1,1,0,1,0
101.02,2.6,13.6,2.24,1,1,0,1,0
155.86,19.1,5.5,3.46,1,1,0,1,0
67.0,6.7,9.4,1.49,1,1,0,1,0
11.4,59.3,3.2,0.25,0,1,0,1,0
64.57,10.7,16.3,1.43,1,1,0,1,0
284.96,7.7,21.8,6.33,1,1,0,1,0
121.01,7.7,0.1,2.69,1,1,1,0,0
86.15,15.3,8.8,1.91,0,1,0,1,0
151.23,2.6,1.3,3.36,1,1,0,1,0
39.6,3.9,4.5,0.88,0,0,0,1,0
6.23,30.8,19.5,0.14,1,1,0,0,0
5.24,3.3,5.3,0.12,1,1,0,1,0
123.14,2.8,3.1,2.74,1,1,0,1,0
63.79,7.2,4.9,1.42,1,0,0,1,0
45.01,5.7,9.5,1.0,1,0,0,1,0
8.02,18.8,20.5,0.18,1,1,0,0,0
217.99,34.7,3.2,4.84,1,1,0,0,0
5.72,20.8,2.4,0.13,1,1,1,1,0
118.15,3.4,1.2,2.63,1,1,0,0,0
4.25,31.1,11.1,0.09,1,1,0,0,0
68.44,15.3,0.8,1.52,1,1,0,1,0
234.59,2.6,13.7,5.21,1,1,0,1,0
79.97,9.3,14.5,1.78,1,0,0,0,0
120.31,5.3,9.4,2.67,1,1,0,1,0
120.71,17.9,0.7,2.68,0,1,0,1,0
6.51,0.5,4.1,0.14,0,1,0,0,0
48.9,29.6,13.3,1.09,0,1,0,1,0
35.71,23.2,5.8,0.79,0,1,0,1,0
115.48,14.5,2.7,2.57,0,0,0,0,0
9.7,81.6,16.9,0.22,1,1,1,1,0
66.61,6.4,8.3,1.48,1,0,0,1,0
29.36,6.8,0.3,0.65,1,1,1,0,0
32.52,0.8,2.5,0.72,0,1,0,1,0
26.79,0.9,25.8,0.6,1,1,0,1,0
9.71,1.1,21.4,0.22,1,0,0,1,0
232.4,3.6,8.4,5.16,1,0,0,1,0
22.91,15.9,0.2,0.51,1,1,0,0,0
121.2,8.7,0.1,2.69,1,1,0,1,0
312.97,4.0,2.2,6.95,1,0,0,0,0
93.62,0.9,0.4,2.08,1,1,1,0,0
65.56,0.1,9.3,1.46,1,1,1,1,0
26.33,17.8,8.3,0.59,1,1,0,0,0
2.32,16.3,3.0,0.05,1,1,1,1,0
21.93,5.7,4.9,0.49,1,1,0,1,0
3.57,23.4,14.7,0.08,1,1,0,1,0
319.34,1.1,13.1,7.1,1,1,0,0,0
10.65,8.7,8.9,0.24,1,1,1,1,0
1.97,16.6,23.0,0.04,1,1,0,0,0
11.85,12.3,6.9,0.26,1,1,0,1,0
148.14,1.5,4.6,3.29,1,1,0,1,0
125.1,7.2,20.4,2.78,1,1,0,0,0
24.34,1.1,13.1,0.54,1,1,0,0,0
17.35,2.4,3.1,0.39,1,1,0,1,0
145.68,23.4,2.2,3.24,1,0,1,0,0
151.45,0.9,22.0,3.37,1,0,1,0,0
14.15,32.9,6.1,0.31,0,1,1,1,0
85.3,3.5,7.4,1.9,1,1,1,1,0
27.83,1.4,7.2,0.62,1,1,0,0,0
46.49,29.7,5.9,1.03,0,1,0,1,0
58.43,2.1,8.0,1.3,1,1,0,1,0
80.15,15.5,0.3,1.78,1,0,0,1,0
295.29,9.6,9.5,6.56,0,0,1,1,1
183.47,0.7,4.2,4.08,1,1,0,1,0
349.49,2.2,13.3,7.77,1,0,0,0,0
20.4,2.4,0.3,0.45,1,1,0,1,0
190.69,10.9,0.4,4.24,1,1,0,1,0
9.64,32.6,27.0,0.21,1,1,1,1,0
329.32,4.2,10.4,7.32,1,1,0,1,0
107.98,11.6,1.2,2.4,1,1,1,1,0
12.04,6.2,7.2,0.27,1,0,0,0,0
90.55,26.2,14.9,2.01,1,1,0,1,0
9.79,13.1,0.8,0.22,1,1,1,1,0
6.09,0.5,4.5,0.14,1,1,1,1,0
25.13,21.6,1.2,0.56,1,1,0,0,0
112.99,1.0,0.0,2.51,1,1,0,1,0
55.69,9.3,32.0,1.24,1,0,0,0,0
153.17,16.6,16.9,3.4,1,1,1,1,0
95.34,58.6,5.4,2.12,1,1,0,0,0
42.82,1.1,4.7,0.95,1,1,0,0,0
48.96,1.3,14.9,1.09,1,1,0,0,0
163.43,2.0,9.1,3.63,1,0,0,0,0
204.82,9.4,5.2,4.55,1,1,0,0,0
155.6,42.3,6.4,3.46,1,0,0,1,0
165.24,6.8,12.7,3.67,1,1,0,0,0
69.17,2.1,5.9,1.54,0,1,0,1,0
6.74,3.4,3.1,0.15,1,1,0,1,0
75.04,12.5,9.4,1.67,1,1,0,1,0
36.42,9.3,0.9,0.81,1,1,0,0,0
4.45,0.7,0.9,0.1,1,0,0,0,0
159.37,25.7,2.6,3.54,1,1,0,1,0
61.67,2.4,18.4,1.37,1,1,1,1,0
80.11,14.8,2.4,1.78,1,1,0,1,0
9.47,30.4,11.5,0.21,1,1,1,1,0
191.08,9.9,12.0,4.25,0,1,0,0,0
10.57,17.1,2.6,0.23,1,1,0,0,0
2.43,7.9,17.0,0.05,1,1,1,0,0
5.1,0.2,16.9,0.11,1,1,1,0,0
50.33,11.7,7.3,1.12,1,1,1,1,0
21.5,27.3,2.0,0.48,1,1,1,0,0
40.39,9.0,2.6,0.9,1,1,0,1,0
22.93,0.9,4.8,0.51,1,1,0,0,0
34.62,26.2,2.6,0.77,1,1,0,0,0
255.7,4.0,0.6,5.68,1,1,1,0,0
210.76,43.8,2.2,4.68,1,0,0,1,1
55.19,18.5,0.1,1.23,1,1,0,0,0
41.89,5.5,3.3,0.93,0,1,0,0,0
73.0,4.7,1.9,1.62,0,1,0,1,0
161.56,19.5,1.7,3.59,1,1,0,0,0
47.59,0.7,0.3,1.06,1,1,0,0,0
423.32,0.7,4.0,9.41,0,0,0,1,0
97.42,0.6,6.3,2.16,1,0,0,1,0
124.93,17.7,16.7,2.78,1,1,1,1,0
257.3,6.0,27.3,5.72,1,1,0,1,0
53.79,7.1,1.0,1.2,1,1,0,0,0
40.38,0.4,4.6,0.9,1,1,0,1,0
201.82,36.7,4.9,4.48,1,1,1,1,0
25.15,61.6,13.4,0.56,1,0,0,0,0
70.44,3.4,5.6,1.57,1,1,1,0,0
105.08,17.6,9.3,2.34,0,1,0,1,0
36.49,35.1,5.9,0.81,1,0,0,1,0
50.77,27.2,6.7,1.13,1,1,0,0,0
2.75,17.4,12.9,0.06,1,0,0,0,0
66.55,0.4,8.0,1.48,1,1,0,0,0
278.53,35.3,8.1,6.19,1,1,0,1,0
49.58,4.9,1.2,1.1,1,1,0,0,0
227.05,59.6,2.4,5.05,1,1,0,0,0
17.97,2.3,20.2,0.4,1,1,1,1,0
129.12,17.2,11.9,2.87,0,1,1,0,0
2.12,10.2,4.7,0.05,1,1,0,0,0
88.58,11.0,6.0,1.97,1,0,0,0,0
150.86,4.5,13.2,3.35,1,1,0,0,0
13.5,0.2,6.8,0.3,1,1,0,1,0
4.61,13.2,0.2,0.1,1,1,0,1,0
2.35,25.5,4.2,0.05,1,1,0,1,0
89.02,7.6,17.7,1.98,1,0,0,0,0
10.98,35.5,0.5,0.24,1,1,0,1,0
17.8,2.8,11.2,0.4,1,1,0,1,0
15.87,12.2,10.0,0.35,0,0,0,0,0
2.7,16.3,7.9,0.06,1,1,0,1,0
51.95,7.0,2.1,1.15,1,1,0,0,0
184.32,2.5,17.8,4.1,1,1,0,0,0
60.25,15.6,16.7,1.34,0,0,0,1,0
20.26,11.4,8.0,0.45,0,0,1,1,0
22.57,1.5,6.3,0.5,1,0,1,0,0
279.78,6.4,1.1,6.22,1,0,0,1,0
22.97,8.4,31.0,0.51,1,1,0,0,0
151.97,17.2,4.3,3.38,1,1,0,1,0
166.49,15.3,15.6,3.7,1,0,0,1,0
559.13,4.9,5.5,12.43,1,0,0,1,1
688.78,3.0,5.8,15.31,1,1,1,1,0
76.48,3.0,4.1,1.7,1,1,0,0,0
6.5,31.9,0.8,0.14,1,1,0,0,0
39.78,2.0,7.4,0.88,1,1,0,0,0
3.66,3.2,4.4,0.08,1,1,1,1,0
167.01,15.7,11.0,3.71,1,0,0,0,0
14.16,0.6,3.7,0.31,1,0,0,1,0
203.78,37.6,11.4,4.53,1,1,0,1,0
197.22,4.5,2.9,4.38,0,0,0,1,1
34.13,27.0,25.4,0.76,1,1,1,1,0
101.06,24.7,12.1,2.25,1,1,0,0,0
28.87,21.8,1.8,0.64,0,0,1,1,0
88.93,8.2,19.2,1.98,1,1,0,1,0
76.42,5.8,1.0,1.7,1,0,0,0,0
63.34,15.3,12.7,1.41,0,0,0,1,0
10.68,8.7,0.7,0.24,1,1,1,1,0
219.47,40.6,2.4,4.88,1,1,0,1,0
59.38,38.8,8.5,1.32,0,0,0,1,0
43.49,40.8,34.1,0.97,0,1,0,0,0
78.86,21.3,2.7,1.75,1,1,0,1,0
32.15,5.2,7.4,0.71,1,0,0,1,0
33.03,28.9,0.1,0.73,1,0,0,0,0
123.06,1.5,33.5,2.73,1,1,0,1,0
137.33,7.7,0.5,3.05,1,1,0,1,0
32.16,1.4,20.6,0.71,1,1,1,0,0
32.66,9.4,0.6,0.73,0,1,0,0,0
69.66,4.6,5.7,1.55,1,1,0,1,0
145.71,21.2,5.3,3.24,0,1,0,0,0
29.33,14.2,1.0,0.65,1,1,0,0,0
110.71,16.7,15.9,2.46,1,1,0,1,0
69.84,11.1,33.2,1.55,1,1,0,1,0
9.95,7.3,4.5,0.22,1,1,0,0,0
33.99,54.5,0.7,0.76,1,1,0,1,0
75.84,31.1,13.9,1.69,1,1,1,1,0
64.25,19.0,0.2,1.43,1,0,0,1,0
91.8,20.1,9.5,2.04,1,0,0,0,0
325.58,19.4,2.6,7.24,1,1,0,1,0
9.13,9.6,6.0,0.2,1,0,0,0,0
16.13,5.6,10.9,0.36,0,1,0,1,0
198.46,7.0,8.5,4.41,0,1,0,1,0
11.68,14.5,4.5,0.26,0,1,0,1,0
104.68,26.9,19.0,2.33,0,1,0,1,0
279.77,25.4,0.1,6.22,1,1,0,0,0
60.82,12.9,10.0,1.35,1,0,1,0,0
44.99,23.5,13.4,1.0,1,1,1,1,0
110.4,68.4,1.2,2.45,1,1,1,1,0
83.02,22.0,20.7,1.84,0,1,0,0,0
39.85,12.8,11.0,0.89,0,0,0,1,0
101.2,14.6,10.2,2.25,1,0,0,1,0
118.51,36.5,15.3,2.63,1,1,0,1,0
39.37,17.2,8.8,0.87,1,1,0,1,0
50.11,4.4,6.0,1.11,1,0,0,0,0
17.71,2.2,1.3,0.39,1,1,0,1,0
39.62,10.3,7.4,0.88,1,0,0,1,0
82.31,0.5,7.3,1.83,1,1,0,1,0
86.68,25.9,9.4,1.93,1,1,0,1,0
239.3,13.7,7.2,5.32,1,0,0,1,1
76.03,25.6,16.6,1.69,1,0,0,1,0
39.18,15.1,7.9,0.87,1,1,0,1,0
2.79,57.4,6.0,0.06,1,1,0,1,0
14.95,6.6,8.8,0.33,1,1,0,0,0
422.59,14.5,20.6,9.39,1,1,0,0,0
44.08,5.9,14.5,0.98,1,1,0,1,0
121.52,6.1,6.6,2.7,1,1,0,1,0
5.4,28.3,2.3,0.12,1,1,0,1,0
422.58,5.0,12.8,9.39,0,0,0,1,1
8.86,20.2,15.2,0.2,1,1,1,0,0
215.71,7.8,1.9,4.79,1,0,1,1,0
98.12,3.6,10.0,2.18,0,0,0,0,0
1.49,6.4,7.0,0.03,1,1,1,1,0
118.63,6.8,3.8,2.64,1,1,0,0,0
137.11,28.9,1.1,3.05,1,1,0,0,0
341.56,8.1,0.4,7.59,1,1,0,1,0
95.12,9.8,5.9,2.11,0,0,0,1,0
19.01,15.5,2.2,0.42,1,1,0,1,0
12.73,5.6,0.1,0.28,1,1,0,0,0
180.73,42.3,0.2,4.02,1,1,0,1,0
56.45,14.8,5.0,1.25,1,1,0,1,0
33.08,3.1,11.4,0.74,1,1,0,1,0
11.12,5.8,8.3,0.25,1,1,0,1,0
40.61,23.7,17.3,0.9,1,1,0,1,0
25.68,5.3,3.3,0.57,1,1,0,0,0
26.18,9.2,0.1,0.58,1,1,0,1,0
34.24,1.2,7.5,0.76,1,1,0,1,0
78.51,9.0,2.6,1.74,1,1,0,1,0
34.51,6.9,10.6,0.77,0,0,0,1,0
177.89,58.0,1.7,3.95,1,1,0,0,0
139.54,0.1,2.7,3.1,1,1,0,1,0
264.9,21.8,2.0,5.89,1,1,0,1,0
206.55,19.4,13.8,4.59,1,1,0,0,0
57.88,4.7,5.3,1.29,1,0,0,1,0
158.38,8.6,5.8,3.52,1,1,0,0,0
2.69,7.4,0.9,0.06,1,0,0,0,0
28.56,7.0,3.3,0.63,1,1,0,0,0
79.61,2.4,4.7,1.77,1,1,0,0,0
34.79,29.2,10.5,0.77,1,1,0,1,0
30.56,14.5,11.9,0.68,0,1,1,0,0
10.6,3.3,3.2,0.24,1,1,1,1,0
104.65,44.5,1.3,2.33,1,0,0,1,0
147.88,9.5,9.4,3.29,1,1,0,0,0
155.6,18.9,6.2,3.46,1,0,0,1,0
126.53,12.3,2.5,2.81,1,0,0,1,0
51.49,22.6,22.7,1.14,1,1,0,0,0
82.56,9.1,0.7,1.83,1,1,0,1,0
33.94,23.8,1.6,0.75,1,0,0,1,0
90.06,7.2,19.7,2.0,1,0,0,1,0
69.47,0.0,9.3,1.54,1,1,0,0,0
40.2,4.4,6.5,0.89,1,1,0,0,0
98.69,48.2,7.9,2.19,1,0,0,0,0
188.07,11.3,5.8,4.18,0,0,0,1,1
3.14,5.8,12.9,0.07,1,1,0,0,0
115.04,3.3,12.2,2.56,0,1,0,1,0
142.06,30.6,5.6,3.16,1,1,0,1,0
77.88,6.7,19.6,1.73,1,1,0,0,0
5.05,22.0,1.2,0.11,0,1,0,1,0
105.54,16.4,5.2,2.35,1,1,0,1,0
28.52,3.4,15.0,0.63,1,1,0,1,0
73.67,15.5,4.9,1.64,1,1,0,0,0
101.31,9.2,1.6,2.25,1,1,0,1,0
93.7,10.9,3.8,2.08,1,1,0,0,0
7.56,49.0,16.2,0.17,1,1,0,0,0
85.56,7.5,2.9,1.9,1,0,0,0,0
61.12,11.2,6.4,1.36,0,1,0,0,0
134.2,33.4,5.3,2.98,1,1,0,1,0
84.89,10.2,10.7,1.89,1,1,1,0,0
52.34,7.2,3.9,1.16,1,1,0,1,0
98.11,19.8,6.2,2.18,1,0,0,1,0
70.48,24.1,12.3,1.57,1,1,0,0,0
90.54,6.7,1.9,2.01,1,1,1,1,0
55.59,52.4,6.9,1.24,1,0,0,0,0
74.89,15.0,0.9,1.66,0,1,1,1,0
44.01,0.2,4.8,0.98,1,1,0,1,0
55.66,4.2,13.2,1.24,1,0,1,0,0
64.89,55.3,5.4,1.44,1,0,1,1,0
112.96,7.6,10.4,2.51,1,1,0,0,0
45.24,27.6,4.8,1.01,1,1,0,1,0
148.2,1.8,15.3,3.29,1,1,1,0,0
95.85,71.7,1.8,2.13,1,1,0,1,0
137.06,0.3,2.3,3.05,1,1,1,1,0
28.9,6.9,0.8,0.64,1,1,0,0,0
137.56,16.4,20.2,3.06,1,1,0,0,0
13.28,8.9,3.6,0.3,1,1,0,1,0
4.18,6.2,10.3,0.09,1,1,0,1,0
60.43,0.9,1.2,1.34,1,0,0,0,0
25.3,39.5,2.5,0.56,1,1,0,1,0
5.39,1.8,2.0,0.12,1,1,0,1,0
190.05,24.0,7.5,4.22,1,0,0,0,0
77.06,7.0,1.8,1.71,1,1,1,1,0
128.77,16.9,3.5,2.86,1,1,0,1,0
20.66,7.0,26.1,0.46,1,1,1,1,0
89.61,22.4,1.0,1.99,1,1,0,1,0
48.91,15.5,0.3,1.09,1,0,0,1,0
27.19,11.3,6.3,0.6,1,1,0,1,0
29.69,24.8,12.5,0.66,1,1,0,1,0
37.44,12.5,3.0,0.83,1,0,0,1,0
15.44,15.1,19.0,0.34,0,1,1,1,0
66.34,4.2,7.6,1.47,1,1,0,1,0
34.06,24.0,1.4,0.76,1,0,0,1,0
205.79,5.8,0.5,4.57,1,1,0,1,0
57.34,4.1,2.5,1.27,1,1,0,1,0
72.92,0.0,6.8,1.62,1,0,0,1,0
81.78,26.6,7.8,1.82,1,1,0,0,0
14.83,9.7,12.7,0.33,1,1,0,1,0
11.17,5.1,36.7,0.25,1,1,0,1,0
116.24,8.4,4.5,2.58,1,1,0,0,0
56.79,38.3,1.2,1.26,1,0,1,1,0
24.51,1.2,2.9,0.54,1,1,0,1,0
20.17,1.8,9.2,0.45,0,1,1,0,0
50.89,8.7,9.6,1.13,1,1,0,0,0
6.85,17.1,5.2,0.15,1,0,1,0,0
167.34,16.1,2.7,3.72,1,0,0,0,0
19.47,2.4,15.5,0.43,1,1,0,1,0
84.59,11.4,28.7,1.88,1,0,0,1,0
25.32,0.1,14.9,0.56,1,1,0,1,0
105.69,0.4,14.7,2.35,1,0,0,1,0
102.47,20.4,15.2,2.28,1,1,1,1,0
12.48,8.0,15.9,0.28,1,1,0,0,0
12.74,8.5,0.5,0.28,0,1,0,1,0
31.08,2.3,3.3,0.69,1,1,0,1,0
33.62,2.3,9.9,0.75,1,1,1,1,0
12.66,9.2,17.8,0.28,1,1,0,1,0
94.42,11.3,0.6,2.1,1,1,0,1,0
52.24,1.5,11.3,1.16,1,1,0,0,0
56.48,3.3,1.4,1.26,1,1,1,0,0
31.28,6.8,1.0,0.7,1,0,0,0,0
18.53,0.4,26.3,0.41,1,0,0,1,0
150.41,9.3,2.1,3.34,1,0,0,0,0
106.45,1.8,5.7,2.37,1,1,0,0,0
56.03,1.7,9.2,1.25,0,1,1,0,0
34.34,7.6,4.6,0.76,1,0,0,0,0
79.7,34.3,5.2,1.77,1,0,0,1,0
5.66,4.1,2.1,0.13,1,1,0,1,0
34.98,21.8,11.7,0.78,1,1,1,1,0
138.09,23.5,5.9,3.07,1,1,0,0,0
88.57,43.7,33.4,1.97,1,1,0,1,0
36.47,13.1,4.4,0.81,1,1,0,1,0
19.85,42.5,2.7,0.44,1,1,0,0,0
91.52,11.2,2.7,2.03,1,1,1,1,0
235.75,20.8,5.4,5.24,0,1,1,0,0
134.4,5.6,9.4,2.99,1,1,0,1,0
56.38,11.7,1.1,1.25,1,0,0,0,0
86.15,2.5,9.0,1.91,1,1,1,0,0
35.61,19.5,0.9,0.79,0,1,0,0,0
111.97,13.3,16.6,2.49,1,0,1,1,0
38.77,9.7,7.9,0.86,1,1,1,0,0
14.41,41.6,1.4,0.32,1,0,0,1,0
8.65,0.1,16.7,0.19,1,1,0,1,0
192.87,16.8,0.4,4.29,1,1,0,0,0
12.69,14.6,4.7,0.28,1,1,0,0,0
21.94,74.8,8.7,0.49,1,0,0,1,0
164.47,3.8,1.4,3.65,1,1,0,1,0
288.98,15.8,21.7,6.42,1,0,1,0,0
126.47,0.1,0.8,2.81,1,1,0,0,0
57.77,35.1,3.3,1.28,1,1,0,1,0
448.33,6.0,39.3,9.96,1,1,0,1,0
36.06,32.1,5.8,0.8,1,1,0,1,0
72.27,14.3,5.0,1.61,1,1,0,0,0
33.45,23.0,5.7,0.74,1,1,0,0,0
12.39,8.3,0.8,0.28,1,1,0,1,0
2.63,31.6,0.2,0.06,1,0,0,1,0
43.11,1.2,0.8,0.96,1,1,0,0,0
13.08,7.6,6.2,0.29,1,1,0,0,0
8.39,3.0,18.5,0.19,1,0,1,1,0
315.61,2.1,0.2,7.01,1,0,0,0,0
37.5,22.7,14.7,0.83,1,1,0,0,0
35.08,0.6,17.3,0.78,1,1,0,0,0
139.96,2.8,6.6,3.11,0,1,0,1,0
16.86,9.4,9.5,0.37,1,1,0,0,0
15.41,12.5,7.6,0.34,0,1,0,1,0
143.35,38.1,8.2,3.19,1,1,0,1,0
5.94,1.1,5.6,0.13,1,1,0,0,0
137.0,7.8,4.3,3.04,1,0,0,0,0
122.2,19.9,3.5,2.72,1,0,0,1,0
115.17,5.7,8.4,2.56,1,1,0,1,0
8.83,0.2,9.6,0.2,1,1,0,1,0
109.46,48.5,3.7,2.43,1,1,1,0,0
13.22,33.4,39.7,0.29,1,1,0,1,0
51.25,7.1,21.3,1.14,1,0,1,1,0
63.94,0.9,0.8,1.42,1,1,0,0,0
22.33,45.6,7.6,0.5,1,0,0,1,0
32.48,10.6,1.8,0.72,1,1,0,0,0
347.08,6.5,16.5,7.71,1,1,0,0,0
134.78,0.7,17.3,3.0,1,0,0,1,0
35.42,65.7,0.7,0.79,1,0,0,1,0
69.14,18.7,24.5,1.54,1,1,0,1,0
77.12,37.6,12.5,1.71,1,1,0,0,0
105.05,5.9,62.9,2.33,1,1,0,1,0
78.28,4.4,5.3,1.74,1,1,0,1,0
8.14,16.5,5.4,0.18,1,1,0,0,0
4.74,5.4,19.9,0.11,1,0,0,0,0
7.46,19.8,10.1,0.17,1,1,0,1,0
27.02,6.6,6.4,0.6,0,1,0,1,0
47.83,20.0,5.7,1.06,1,0,0,0,0
142.28,28.8,11.7,3.16,1,1,0,1,0
71.93,4.9,2.7,1.6,0,0,1,1,0
79.62,1.6,5.7,1.77,1,1,1,1,0
29.13,13.0,14.5,0.65,1,1,0,1,0
23.98,18.3,4.4,0.53,1,1,0,1,0
74.05,8.6,3.9,1.65,1,1,0,0,0
36.51,38.0,3.8,0.81,1,1,1,1,0
40.32,38.8,0.7,0.9,1,0,0,1,0
19.1,24.1,1.5,0.42,1,0,0,1,0
41.23,7.2,2.9,0.92,1,1,0,0,0
119.26,7.8,2.9,2.65,1,0,0,1,0
4.86,2.1,14.1,0.11,1,1,0,1,0
245.63,25.3,8.6,5.46,1,0,0,1,0
5.67,3.9,5.2,0.13,0,1,0,0,0
58.75,23.8,11.8,1.31,1,1,0,0,0
32.51,17.6,3.4,0.72,1,0,0,1,0
10.08,17.5,5.7,0.22,0,0,0,0,0
27.5,8.2,3.5,0.61,0,0,0,1,0
21.9,25.9,4.5,0.49,1,1,0,0,0
13.81,2.9,8.2,0.31,1,1,0,1,0
34.19,30.8,34.3,0.76,1,1,1,0,0
23.37,30.7,9.0,0.52,1,0,1,1,0
110.0,9.2,7.0,2.44,1,0,0,1,0
51.72,19.5,22.7,1.15,1,0,0,1,0
66.62,7.7,38.6,1.48,0,1,0,0,0
44.7,32.2,4.3,0.99,1,1,0,0,0
57.09,0.9,6.4,1.27,1,0,1,1,0
11.15,10.9,3.8,0.25,1,1,0,1,0
23.92,10.2,0.7,0.53,1,0,1,0,0
166.71,11.2,1.5,3.7,1,1,0,0,0
71.53,36.9,4.6,1.59,1,1,0,0,0
48.83,0.6,3.8,1.09,1,0,0,1,0
38.96,20.6,15.3,0.87,0,1,0,1,0
158.94,13.8,5.2,3.53,1,1,0,0,0
25.17,5.2,3.4,0.56,1,0,0,0,0
22.0,7.5,1.3,0.49,1,1,0,1,0
22.18,7.7,13.6,0.49,1,0,0,1,0
79.2,20.0,10.5,1.76,1,1,0,1,0
211.23,9.5,23.2,4.69,1,0,0,1,1
33.24,70.1,0.4,0.74,1,0,0,1,0
46.62,3.7,0.1,1.04,1,1,0,1,0
134.52,3.0,8.2,2.99,1,0,0,0,0
42.86,12.1,7.8,0.95,1,1,0,0,0
51.2,15.1,0.2,1.14,1,1,0,0,0
49.83,2.4,3.9,1.11,1,1,0,1,0
454.44,8.2,9.2,10.1,1,1,0,1,0
31.7,26.8,4.6,0.7,1,1,0,0,0
2.4,25.1,5.8,0.05,1,1,0,0,0
89.46,10.4,1.4,1.99,1,0,1,1,0
52.95,8.1,3.7,1.18,1,1,0,1,0
57.83,39.3,2.8,1.29,1,1,0,1,0
40.04,27.7,53.4,0.89,1,1,0,0,0
5.12,20.4,23.7,0.11,1,1,0,1,0
134.01,3.0,14.9,2.98,1,1,0,1,0
23.0,18.8,0.0,0.51,1,1,0,1,0
198.28,0.8,7.9,4.41,1,1,0,1,0
57.76,1.1,4.1,1.28,1,1,0,0,0
179.91,3.7,1.2,4.0,0,0,0,0,0
254.02,5.6,62.6,5.64,1,1,0,1,0
262.83,1.1,2.2,5.84,1,1,0,1,0
23.53,92.5,1.7,0.52,1,1,0,0,0
88.16,3.5,1.1,1.96,0,1,0,1,0
144.72,10.5,19.3,3.22,1,1,1,1,0
117.52,24.5,13.5,2.61,1,1,0,1,0
2.65,9.6,14.9,0.06,0,1,0,1,0
26.67,23.2,0.1,0.59,1,1,0,0,0
20.11,1.5,9.7,0.45,0,1,0,1,0
49.08,13.2,8.6,1.09,1,1,0,1,0
15.04,18.0,1.5,0.33,1,1,0,1,0
199.52,3.5,11.0,4.43,0,1,0,1,0
290.04,5.2,4.4,6.45,1,1,1,0,0
96.32,2.9,5.2,2.14,1,0,0,0,0
85.29,0.3,15.7,1.9,0,1,0,1,0
116.42,10.5,2.9,2.59,1,1,0,1,0
74.66,7.6,6.2,1.66,1,0,0,0,0
19.06,12.2,1.7,0.42,1,1,0,1,0
15.74,1.2,8.8,0.35,1,1,0,1,0
49.12,7.7,0.6,1.09,1,1,0,1,0
109.72,11.1,10.1,2.44,1,1,1,1,0
177.41,32.2,1.4,3.94,1,1,0,1,0
208.58,22.9,3.0,4.64,1,1,1,0,0
24.9,7.4,1.0,0.55,1,0,0,1,0
58.84,1.4,15.8,1.31,1,1,0,0,0
30.14,0.2,12.5,0.67,1,0,0,1,0
67.22,2.3,0.9,1.49,1,0,0,0,0
211.94,1.6,0.9,4.71,1,1,0,1,0
14.46,4.1,16.5,0.32,1,1,0,1,0
193.7,8.2,24.4,4.3,1,1,0,1,0
23.64,40.2,0.3,0.53,1,1,0,0,0
34.9,6.1,1.0,0.78,1,1,0,1,0
75.44,13.9,2.1,1.68,1,1,0,1,0
392.33,5.3,19.7,8.72,1,0,0,0,0
45.01,28.1,5.4,1.0,1,0,0,1,0
75.23,89.7,3.4,1.67,1,1,0,0,0
59.67,13.7,7.9,1.33,1,1,0,1,0
17.77,9.5,2.7,0.39,1,0,0,0,0
73.59,16.6,8.5,1.64,1,1,0,1,0
259.67,42.8,5.3,5.77,0,1,1,1,0
11.98,3.7,5.3,0.27,1,1,0,1,0
205.43,0.0,4.4,4.57,1,1,0,1,0
80.99,7.5,1.6,1.8,1,0,0,1,0
200.45,9.4,13.3,4.45,1,1,0,1,0
73.91,10.1,5.0,1.64,1,0,0,0,0
59.76,27.4,7.6,1.33,1,1,0,0,0
41.16,15.4,1.4,0.91,0,0,0,1,0
171.93,24.8,29.1,3.82,0,0,1,0,0
105.82,1.7,3.5,2.35,1,0,0,1,0
222.25,5.1,9.8,4.94,1,1,0,1,0
24.34,19.2,3.4,0.54,1,1,0,1,0
50.49,0.7,10.0,1.12,1,1,0,0,0
40.84,6.7,2.3,0.91,1,1,1,0,0
6.16,10.1,0.2,0.14,0,0,0,1,0
43.13,30.1,1.4,0.96,1,1,0,1,0
22.74,0.5,10.8,0.51,1,1,0,1,0
64.68,8.1,11.5,1.44,1,1,0,0,0
41.73,5.7,1.4,0.93,1,1,0,1,0
26.3,10.4,5.2,0.58,1,0,0,0,0
84.7,17.9,2.2,1.88,1,1,1,0,0
181.46,0.9,23.1,4.03,1,1,0,1,0
15.5,9.4,5.3,0.34,1,0,0,1,0
120.82,16.5,8.8,2.68,1,1,0,0,0
92.08,11.3,1.6,2.05,0,1,0,0,0
7.63,27.2,11.8,0.17,1,1,0,0,0
236.9,0.2,6.7,5.26,1,1,0,1,0
48.29,16.7,0.2,1.07,1,1,0,1,0
48.51,1.6,11.6,1.08,1,1,0,0,0
66.1,3.5,8.2,1.47,1,1,0,1,0
250.82,21.5,11.4,5.57,1,0,0,0,0
18.51,24.2,1.7,0.41,1,1,1,0,0
17.51,2.1,3.1,0.39,0,1,0,1,0
62.06,12.1,25.0,1.38,1,1,0,0,0
225.14,6.9,0.1,5.0,1,1,0,1,0
95.07,31.5,4.0,2.11,1,1,1,0,0
147.66,0.1,1.9,3.28,1,1,0,1,0
171.49,19.5,13.3,3.81,1,0,0,1,0
18.49,2.7,1.4,0.41,1,1,1,0,0
16.92,4.8,1.2,0.38,1,1,0,1,0
31.37,3.6,6.5,0.7,1,1,1,0,0
100.38,6.8,1.4,2.23,1,1,0,1,0
193.83,73.5,12.1,4.31,1,0,0,0,0
3.68,1.8,2.5,0.08,1,1,0,1,0
128.96,0.5,3.8,2.87,1,1,0,1,0
221.13,4.9,8.8,4.91,0,1,0,1,0
102.35,3.0,21.0,2.27,1,1,0,0,0
72.57,4.9,4.1,1.61,1,1,0,1,0
156.0,32.1,1.6,3.47,1,0,1,1,0
21.46,16.1,5.5,0.48,1,1,0,0,0
39.21,76.7,11.0,0.87,1,1,0,1,0
63.0,59.2,3.1,1.4,1,1,0,1,0
22.01,1.6,1.2,0.49,1,1,0,1,0
114.38,10.7,3.6,2.54,1,1,0,1,0
61.0,27.8,9.2,1.36,1,0,1,1,0
111.51,3.8,0.3,2.48,1,1,1,0,0
10.23,2.3,6.5,0.23,1,1,0,1,0
35.65,6.0,3.4,0.79,1,0,1,1,0
6.45,3.8,0.8,0.14,1,1,0,0,0
35.71,29.3,11.7,0.79,1,1,0,0,0
3.65,0.4,3.6,0.08,1,1,0,1,0
17.23,3.4,7.3,0.38,1,0,0,0,0
222.76,11.2,4.0,4.95,1,1,0,1,0
41.04,20.9,6.9,0.91,1,1,0,1,0
9.51,37.7,25.2,0.21,1,1,0,1,0
137.89,19.9,3.1,3.06,1,1,1,1,0
143.31,14.9,15.9,3.18,1,1,0,0,0
16.42,1.6,9.4,0.36,1,1,0,1,0
9.04,18.8,1.2,0.2,1,1,0,0,0
296.57,1.4,0.3,6.59,1,1,0,0,0
11.85,1.3,4.1,0.26,1,0,0,0,0
285.12,15.7,2.0,6.34,0,0,0,0,0
18.2,12.9,1.1,0.4,1,0,0,1,0
29.98,3.3,9.6,0.67,1,0,0,0,0
59.92,6.1,16.0,1.33,1,1,0,0,0
100.4,59.4,1.3,2.23,0,0,0,1,0
31.45,25.1,4.1,0.7,1,1,0,1,0
22.36,15.8,5.4,0.5,0,0,0,0,0
143.61,35.2,1.9,3.19,1,1,0,1,0
140.19,15.6,13.7,3.12,1,1,0,0,0
167.86,1.1,5.3,3.73,1,0,1,0,0
62.02,0.2,8.0,1.38,1,0,0,1,0
13.62,1.7,10.2,0.3,1,1,0,1,0
124.84,17.4,2.2,2.77,1,1,0,1,0
54.77,4.3,3.2,1.22,1,1,0,0,0
20.51,3.2,5.2,0.46,0,1,0,1,0
3.84,3.0,1.7,0.09,0,1,0,1,0
73.95,0.0,0.7,1.64,1,1,1,0,0
168.79,2.7,12.0,3.75,0,0,1,1,0
58.46,16.5,10.7,1.3,1,1,0,1,0
96.78,38.3,2.6,2.15,1,1,0,0,0
291.82,36.3,3.9,6.48,0,0,0,0,0
96.24,5.1,5.5,2.14,1,1,0,1,0
129.51,14.7,4.3,2.88,1,1,0,0,0
243.06,3.4,1.1,5.4,1,0,0,1,0
88.01,7.8,19.5,1.96,1,1,0,1,0
114.75,18.2,17.6,2.55,1,1,0,1,0
16.57,17.7,13.2,0.37,1,1,0,0,0
204.3,4.5,1.1,4.54,1,1,0,1,0
40.62,24.0,1.3,0.9,1,1,0,1,0
35.8,18.6,10.2,0.8,1,1,0,1,0
100.25,0.9,5.5,2.23,1,0,1,1,0
56.04,5.2,12.9,1.25,1,1,0,1,0
95.75,55.4,5.7,2.13,1,1,0,0,0
7.32,27.7,0.4,0.16,0,1,0,0,0
45.65,0.3,4.5,1.01,1,0,0,0,0
25.86,1.0,2.4,0.57,1,1,0,1,0
51.95,27.0,0.2,1.15,1,1,1,1,0
111.47,5.9,13.1,2.48,1,1,0,0,0
2.98,12.2,6.3,0.07,1,0,0,0,0
133.04,4.3,28.3,2.96,1,1,0,0,0
108.24,82.3,0.8,2.41,1,1,0,0,0
31.41,1.7,10.6,0.7,1,0,1,1,0
148.85,20.9,4.2,3.31,1,1,0,0,0
228.92,5.5,9.9,5.09,1,1,1,1,0
10.22,2.4,4.4,0.23,1,1,0,1,0
135.35,4.6,3.8,3.01,1,1,1,0,0
86.89,29.3,0.1,1.93,0,0,0,1,0
104.26,16.7,0.3,2.32,1,1,1,1,0
207.4,0.0,14.2,4.61,1,1,0,1,0
46.54,1.4,9.5,1.03,1,1,1,1,0
110.18,14.2,13.6,2.45,1,0,0,1,0
18.05,5.7,0.8,0.4,1,1,0,1,0
67.62,6.7,2.4,1.5,1,1,0,1,0
22.38,5.0,11.7,0.5,1,1,0,0,0
260.14,11.7,7.5,5.78,1,1,0,1,0
6.86,4.4,13.7,0.15,1,0,0,0,0
103.39,6.6,9.9,2.3,1,1,0,0,0
115.16,9.6,0.8,2.56,1,0,0,1,0
75.51,22.3,2.2,1.68,0,0,0,1,0
177.26,10.5,9.9,3.94,0,1,0,1,0
318.17,17.1,15.8,7.07,1,1,0,1,0
12.55,15.8,16.2,0.28,1,1,1,1,0
114.24,14.3,19.5,2.54,1,1,0,0,0
18.06,0.8,3.6,0.4,1,1,0,1,0
366.19,10.6,11.5,8.14,1,0,1,1,0
10.64,0.0,39.9,0.24,1,1,0,0,0
300.03,0.7,13.3,6.67,1,1,0,1,0
61.78,9.9,4.1,1.37,0,1,0,1,0
232.07,2.8,30.9,5.16,1,1,0,0,0
71.06,19.3,7.4,1.58,1,1,0,1,0
128.38,2.7,4.3,2.85,1,1,1,0,0
16.96,7.8,1.5,0.38,1,1,0,1,0
21.81,23.3,9.0,0.48,1,1,1,0,0
129.14,5.1,15.0,2.87,1,0,1,1,0
105.4,1.5,2.6,2.34,1,1,1,1,0
340.86,66.1,3.2,7.57,1,1,0,1,0
199.86,55.0,5.5,4.44,1,1,0,0,0
131.82,5.9,1.3,2.93,0,1,0,0,0
49.18,4.1,12.8,1.09,1,0,0,1,0
89.83,28.9,1.6,2.0,1,1,0,0,0
35.19,14.2,4.3,0.78,1,1,0,0,0
177.94,21.0,1.0,3.95,1,1,0,0,0
31.74,3.4,4.0,0.71,1,1,0,1,0
20.84,4.4,1.1,0.46,0,1,0,1,0
113.49,4.5,8.0,2.52,1,1,0,1,0
17.15,6.9,6.2,0.38,1,1,0,0,0
66.02,32.6,7.7,1.47,1,1,1,0,0
3.88,12.1,33.9,0.09,1,1,0,1,0
50.06,7.1,3.1,1.11,1,1,0,1,0
33.05,24.4,11.9,0.73,1,1,1,0,0
81.35,0.7,7.5,1.81,1,1,0,1,0
45.16,1.8,3.3,1.0,1,1,0,1,0
210.76,0.8,12.9,4.68,1,1,0,0,0
24.13,9.0,2.8,0.54,1,1,0,0,0
221.53,28.9,14.4,4.92,1,1,1,1,0
23.24,28.3,1.7,0.52,1,1,0,1,0
88.9,2.6,8.8,1.98,1,0,0,0,0
52.13,2.2,2.8,1.16,1,0,0,1,0
72.38,15.3,2.2,1.61,1,0,1,0,0
46.98,3.2,4.6,1.04,1,1,0,0,0
180.37,6.0,7.6,4.01,1,1,0,1,0
44.85,16.2,4.9,1.0,0,1,0,1,0
112.59,0.7,2.1,2.5,1,1,0,1,0
111.52,2.4,2.4,2.48,1,0,0,0,0
132.79,11.7,4.7,2.95,1,0,0,1,0
95.98,0.9,6.4,2.13,1,1,0,1,0
52.68,19.5,30.0,1.17,0,1,0,1,0
63.97,10.1,3.1,1.42,1,1,1,0,0
74.08,23.3,2.2,1.65,1,1,0,1,0
4.23,9.9,5.2,0.09,1,1,0,1,0
84.26,69.6,15.5,1.87,1,1,1,1,0
147.12,3.4,7.2,3.27,1,1,1,1,0
89.22,15.0,3.1,1.98,1,0,0,0,0
15.16,2.9,24.4,0.34,1,1,0,0,0
123.67,4.4,5.4,2.75,1,1,0,1,0
17.03,8.3,11.0,0.38,1,1,0,0,0
28.3,5.9,2.0,0.63,1,1,1,0,0
262.14,11.5,12.8,5.83,1,1,0,0,0
111.35,7.7,19.6,2.47,1,1,0,0,0
13.7,11.3,27.5,0.3,1,1,1,0,0
13.2,12.0,2.8,0.29,1,1,0,1,0
26.88,3.5,3.4,0.6,1,1,0,1,0
59.08,8.8,0.3,1.31,0,1,0,0,0
94.48,3.7,12.5,2.1,1,1,0,0,0
156.84,1.0,6.5,3.49,0,0,0,0,0
163.98,23.9,1.9,3.64,1,1,0,0,0
234.99,11.8,1.2,5.22,1,0,0,0,0
149.29,18.7,3.2,3.32,1,1,0,1,0
