air_temperature_K,process_temperature_K,rotational_speed_rpm,torque_Nm,tool_wear_min,target
300.37,309.8,1420.3,52.66,120.5,0
298.87,308.15,1515.3,44.2,39.9,0
301.97,310.62,1564.8,34.63,236.1,1
299.93,310.25,1596.3,29.83,50.7,0
302.78,311.56,1559.0,52.15,64.9,0
297.91,307.84,1754.3,43.59,191.5,1
299.98,310.44,1458.3,38.12,183.3,1
299.84,311.55,1546.1,38.71,161.5,1
300.19,309.5,1336.9,32.99,30.3,0
298.09,307.42,1584.0,48.7,20.0,0
300.36,312.21,1515.5,40.08,220.7,1
299.7,310.28,1413.7,51.79,204.8,1
298.07,309.05,1546.7,44.99,85.0,0
299.86,310.62,1691.8,12.62,128.1,0
301.18,310.91,1468.7,17.51,99.9,0
296.14,307.0,1128.0,31.52,73.9,0
304.07,313.26,1558.3,35.94,69.3,0
299.67,311.57,1579.3,58.68,9.0,0
299.26,309.32,1753.2,45.65,31.0,0
301.91,312.52,1473.1,32.04,125.0,0
303.0,313.31,1454.3,31.53,10.5,0
297.48,306.42,1444.1,20.27,171.0,0
300.68,309.8,1546.0,35.4,163.0,0
303.69,312.8,1368.5,45.67,218.5,1
297.34,307.42,1771.0,41.78,217.8,1
299.71,307.06,1297.4,34.75,72.2,0
300.85,309.53,1530.0,28.42,168.7,0
299.48,310.63,1425.3,42.88,30.8,0
299.41,310.33,1572.3,25.43,118.9,0
298.76,308.93,1507.3,21.81,104.5,0
301.02,310.34,1744.8,39.11,145.4,1
300.16,311.76,1030.0,29.71,9.9,0
296.94,307.07,1536.7,40.98,121.9,0
300.98,310.44,1584.8,30.48,72.4,0
302.15,313.57,1269.5,29.81,93.8,0
304.08,314.2,1713.8,26.86,8.7,0
300.23,309.49,1268.0,55.43,58.1,0
299.07,309.64,1044.9,35.95,131.2,0
304.25,315.76,1534.3,26.12,30.5,0
299.8,310.01,1437.0,35.57,132.6,1
304.29,313.79,1443.9,30.52,226.7,1
295.42,306.22,1294.3,43.92,199.7,1
298.14,306.67,1339.6,50.35,169.8,1
298.95,308.07,1348.2,51.43,236.5,1
299.92,309.97,1409.5,33.74,36.9,0
300.82,310.64,1460.6,48.96,108.6,1
298.56,308.64,1574.3,45.4,193.0,1
296.1,305.68,1473.1,54.62,126.5,1
300.81,310.99,1464.4,50.08,87.7,0
302.55,310.06,1218.2,37.16,203.8,1
299.94,311.63,1565.3,30.47,173.6,0
299.36,308.5,1648.7,45.41,238.7,1
300.4,310.6,1559.8,39.78,100.5,0
304.32,314.28,1378.2,40.03,171.4,1
299.87,309.6,1156.0,42.08,130.5,1
300.7,309.78,1475.6,37.17,149.4,0
298.33,306.6,1586.5,48.63,18.3,0
298.95,310.2,1444.6,38.0,62.1,0
301.94,312.37,1400.6,28.91,144.9,0
300.75,310.93,1749.2,33.81,218.7,1
302.97,311.78,1379.5,39.55,147.2,1
301.95,311.36,1509.0,42.64,215.1,1
300.32,312.07,1568.9,43.63,208.7,1
298.91,309.12,1592.1,34.6,235.3,1
304.32,313.46,1247.1,45.5,180.0,1
300.95,310.19,1181.3,43.75,234.9,0
299.3,308.96,1549.9,53.06,26.6,0
298.92,309.66,1509.2,46.13,193.3,1
295.26,304.73,1604.5,53.37,181.9,1
301.68,311.59,1347.3,41.96,142.3,0
300.02,310.09,1415.0,54.58,89.7,0
300.71,310.85,1561.5,22.5,124.4,0
300.63,310.82,1543.5,24.54,133.4,0
300.23,309.87,1624.5,37.7,36.1,0
300.75,311.43,1128.4,28.7,138.5,0
299.6,310.23,1377.4,35.71,42.3,0
301.49,310.52,1347.4,45.8,142.8,1
301.48,311.53,1040.6,41.66,83.9,0
302.0,311.69,1533.4,32.67,183.1,0
302.51,315.08,1360.3,45.32,148.5,0
301.28,312.85,1394.3,40.58,238.2,1
297.3,307.08,1645.6,41.45,79.1,0
298.66,309.65,1492.5,53.62,104.2,0
301.11,311.11,1512.1,27.59,217.9,1
299.7,310.06,1506.2,28.88,100.5,0
302.19,311.38,1348.1,48.02,43.1,0
299.58,312.31,1434.5,58.17,45.1,0
301.24,309.66,1459.3,46.09,3.4,0
301.8,311.0,1374.8,29.27,130.7,0
300.57,310.89,1645.8,25.24,217.3,1
300.49,312.39,1390.0,45.67,202.9,1
302.84,313.26,1603.9,58.01,9.9,0
298.23,307.38,1674.5,37.69,108.0,0
299.81,310.67,1847.5,35.5,28.8,0
298.13,308.8,1433.9,34.08,170.2,1
300.61,311.64,1478.1,30.5,70.6,0
298.72,308.59,1588.4,35.66,199.2,1
299.42,308.82,1697.1,32.07,51.7,0
297.09,305.85,1665.4,29.4,202.3,0
297.46,305.9,1446.4,33.47,56.4,0
300.12,308.42,1428.0,51.79,185.6,1
300.85,309.42,1347.5,24.95,85.1,0
298.27,309.9,1396.3,34.4,137.9,0
299.02,307.75,1383.0,57.02,77.8,0
303.12,311.56,1353.4,43.53,49.9,0
302.18,312.57,1546.9,28.82,146.2,0
301.01,310.07,1313.3,41.17,190.7,1
300.79,308.45,1617.7,46.72,34.1,0
302.17,311.96,1397.4,29.86,37.0,0
299.51,310.6,1716.9,49.86,46.4,0
297.24,307.07,1583.3,48.37,56.6,0
297.27,305.21,1591.7,45.67,48.7,0
298.23,308.36,1286.8,36.4,211.1,1
304.11,315.68,1510.8,34.01,214.1,1
300.65,311.15,1431.2,45.4,222.4,1
299.87,309.25,1287.6,29.2,170.1,1
300.57,308.51,1392.7,34.33,74.9,0
297.44,307.62,1494.7,29.26,97.3,0
301.06,310.51,1554.6,42.85,60.7,0
301.77,310.35,1558.7,18.05,216.6,0
302.09,311.47,1311.9,41.99,169.1,0
298.38,306.84,1650.6,37.16,141.6,0
301.67,312.42,1544.0,53.47,208.9,1
301.7,310.67,1529.7,49.03,82.0,0
301.32,313.38,1608.5,46.98,61.1,0
301.42,314.49,1253.3,39.8,160.5,1
303.58,311.68,1147.4,50.78,84.9,0
297.87,306.91,1696.8,44.43,44.6,0
298.51,307.63,1509.3,44.12,41.8,0
299.97,309.28,1344.1,41.7,78.6,0
301.71,312.75,1244.5,32.96,29.0,0
299.73,308.5,1646.0,37.65,139.2,0
299.27,310.28,1439.4,49.24,118.2,1
296.92,307.56,1471.2,51.61,210.8,1
300.32,311.4,1680.0,38.87,182.6,0
298.73,309.79,1776.8,49.44,50.9,0
303.36,313.94,1405.7,39.74,69.9,0
298.16,305.73,1646.6,31.94,78.5,0
300.6,309.81,1642.7,57.89,99.5,0
297.83,309.49,1248.6,41.11,129.2,1
298.16,307.82,1880.1,40.08,117.3,1
298.17,309.18,1413.1,49.07,229.3,1
299.29,308.93,1553.3,39.9,25.4,0
302.88,312.79,1477.9,49.09,70.5,0
299.57,309.03,1534.3,33.92,41.6,0
300.05,310.32,1381.0,26.67,70.5,0
297.71,308.24,1457.0,50.21,201.1,1
301.75,310.73,1434.6,29.94,72.6,0
299.73,310.03,1794.5,44.1,156.4,1
293.84,304.36,1539.9,39.01,132.9,0
299.44,309.47,1576.9,53.0,34.1,0
298.99,307.93,1342.2,50.89,160.0,0
304.16,314.1,1392.8,21.72,8.1,0
299.72,307.08,1550.9,47.04,209.4,1
302.65,311.8,1535.2,36.1,171.4,0
304.16,313.95,1301.9,35.65,58.6,0
301.94,311.07,1332.8,48.89,210.2,1
299.43,310.49,1288.7,51.47,84.0,0
299.59,309.28,1618.7,41.43,174.0,1
300.05,310.66,1656.8,29.48,65.6,0
299.71,310.63,1522.5,39.27,10.4,0
298.52,306.87,1630.9,41.8,109.7,0
299.58,309.08,1502.0,32.92,202.7,1
299.16,307.82,1436.4,13.51,50.5,0
304.49,315.03,1748.0,33.71,1.1,0
300.43,309.49,1583.9,69.39,181.7,1
302.14,314.12,1370.2,28.24,59.4,0
302.58,312.75,1343.4,47.96,27.6,0
296.97,307.33,1440.6,37.09,80.3,0
299.36,309.81,1502.7,16.02,45.1,0
299.84,309.78,1529.3,35.1,36.2,0
297.9,309.48,1299.0,44.88,135.4,0
298.56,308.09,1192.6,43.52,45.4,0
299.76,308.88,1601.8,65.01,109.3,1
300.44,310.75,1559.3,45.36,115.0,0
297.95,307.81,1736.5,50.91,210.8,1
301.34,312.12,1396.4,44.42,65.9,0
298.93,310.97,1492.9,39.82,15.1,0
296.94,307.54,1330.2,40.1,203.1,1
294.49,305.49,1600.0,23.74,101.9,0
299.36,311.87,1529.6,25.74,117.3,0
301.05,311.63,1178.5,31.05,237.1,1
299.18,309.79,1285.4,40.7,21.5,0
300.82,312.59,1500.0,42.61,233.1,1
299.05,308.04,1581.6,37.39,79.9,0
301.14,311.33,1630.3,22.29,109.5,0
299.32,310.48,1652.1,41.42,134.8,0
297.32,308.23,1763.3,31.66,115.5,0
299.44,309.4,1429.7,40.08,57.6,0
299.33,308.55,1330.6,30.6,84.4,0
301.1,311.01,1636.0,21.97,124.0,0
298.4,307.95,1675.7,28.27,151.7,1
299.96,309.0,1586.9,43.97,97.0,0
300.25,313.44,1510.2,40.52,20.4,0
301.14,312.9,1559.1,45.9,174.3,1
299.27,308.09,1549.7,60.57,227.5,1
300.6,312.4,1488.7,36.37,52.9,0
296.4,306.97,1698.8,30.52,232.2,1
298.7,306.97,1369.4,19.13,87.8,0
297.6,308.29,1378.2,45.6,170.2,1
303.84,311.21,1566.3,44.68,232.5,1
300.47,309.77,1527.4,46.06,142.3,1
299.97,309.72,1454.7,22.69,216.4,0
298.6,306.93,1441.6,46.65,51.0,0
299.07,307.99,1669.4,40.65,107.4,0
302.0,311.26,1485.6,41.02,110.1,0
300.3,309.42,1218.1,43.69,95.1,0
300.28,309.67,1282.8,49.2,30.6,0
297.12,307.03,1727.6,37.15,52.2,0
302.97,311.58,1508.8,33.24,218.7,1
299.36,309.7,1493.7,27.74,102.6,0
301.87,311.94,1397.7,38.48,165.4,0
297.19,307.58,1529.9,44.86,20.1,0
299.72,308.94,1622.9,35.46,180.1,1
299.19,308.35,1737.0,34.17,204.8,1
299.65,313.35,1467.7,38.08,104.1,0
298.92,307.91,1456.5,37.82,13.6,0
301.03,312.91,1254.5,36.33,17.9,0
301.33,309.33,1540.3,38.16,165.2,0
299.09,310.16,1626.8,41.89,36.3,0
299.77,309.15,1639.1,31.83,70.1,0
303.76,313.13,1136.2,23.26,97.5,0
299.33,309.06,1543.1,36.75,200.0,0
301.46,311.86,1571.1,29.54,30.5,0
297.62,308.16,1394.1,28.0,157.6,0
302.67,312.43,1770.0,39.55,5.1,0
297.21,306.86,1455.0,44.71,72.2,0
298.68,309.42,1381.4,35.47,72.2,0
299.75,309.69,1420.3,30.89,69.6,0
302.18,311.3,1632.8,30.76,31.6,0
299.07,310.36,1682.4,23.9,24.1,0
300.57,309.73,1388.7,48.48,31.3,0
301.64,313.09,1463.1,40.61,211.5,1
297.4,306.39,1317.2,52.06,120.4,0
299.07,309.77,1713.6,29.97,11.6,0
299.91,311.12,1569.1,19.49,63.7,0
297.22,307.7,1576.1,46.01,160.1,0
298.93,309.14,1469.7,41.21,108.0,0
296.8,305.96,1394.4,51.53,214.8,1
298.68,309.74,1443.5,51.79,129.6,1
303.09,312.05,1419.7,28.66,144.0,0
297.7,307.91,1245.9,48.62,195.0,1
299.36,310.21,1443.1,54.49,122.9,1
299.7,309.54,1241.0,48.01,56.3,0
300.43,309.63,1542.2,60.41,2.3,0
297.29,306.24,1595.2,7.79,29.6,0
297.41,308.17,1459.2,33.06,31.4,0
302.41,313.71,1575.8,32.82,235.6,1
301.4,311.51,1503.3,38.8,84.6,0
301.95,311.59,1648.3,46.1,210.4,1
301.11,309.87,1303.2,40.33,171.0,0
299.92,310.77,1418.5,44.32,17.4,0
302.4,312.67,1494.0,39.56,162.1,1
301.37,310.08,1445.3,48.42,10.0,0
300.91,310.14,1503.1,38.9,98.5,0
298.52,309.27,1394.5,49.8,52.9,0
300.37,310.43,1588.6,19.61,91.8,0
299.41,309.82,1417.8,34.89,152.8,0
302.31,311.74,1654.3,41.92,32.4,0
300.21,310.74,1552.5,35.66,130.5,1
302.03,312.27,1505.0,41.49,117.6,0
301.66,312.98,1740.1,30.38,69.5,0
299.9,308.21,1456.3,27.03,156.0,0
297.24,305.71,1562.7,32.97,136.4,1
296.93,307.16,1321.3,38.53,170.0,1
301.18,311.22,1991.7,37.0,20.8,0
299.85,308.78,1549.2,22.37,210.2,1
296.46,305.52,1275.4,22.9,31.0,0
298.18,307.91,1381.2,28.74,15.2,0
296.53,306.51,1235.4,53.1,161.2,1
304.51,314.83,1385.7,39.33,210.4,1
304.7,313.34,1596.1,36.11,50.5,0
298.6,308.27,1416.7,37.77,38.3,0
302.24,313.2,1333.4,56.76,209.3,1
302.4,312.51,1450.7,52.95,41.5,0
297.87,306.79,1630.2,22.49,155.8,1
298.27,308.0,1399.0,42.99,88.3,0
298.74,308.97,1608.6,31.4,182.1,1
302.19,313.22,1478.1,52.5,182.9,1
298.33,308.73,1546.1,27.27,85.0,0
299.09,308.61,1452.6,35.69,214.4,1
299.87,308.64,1351.9,51.64,145.9,1
299.6,309.57,1543.1,33.91,45.5,0
301.1,313.0,1479.5,37.57,234.7,1
298.87,310.49,1523.9,29.46,96.1,0
299.33,308.35,1327.3,37.39,14.2,0
301.76,313.64,1466.8,25.2,33.3,0
295.43,305.24,1628.3,24.05,58.5,0
297.2,304.78,1607.2,35.36,201.4,1
300.98,309.29,1642.1,46.59,176.8,1
298.21,307.67,1617.4,51.82,142.4,1
302.69,312.41,1683.2,47.08,83.6,0
302.01,311.89,1351.2,21.01,40.9,0
303.66,314.93,1402.0,37.45,113.8,0
298.39,308.93,1460.3,39.78,134.3,0
300.79,309.31,1149.3,52.82,205.2,1
297.9,307.18,1736.3,35.11,136.8,0
296.83,306.1,1441.6,19.51,69.9,0
301.16,311.38,1572.5,65.37,64.3,0
300.3,310.04,1473.9,45.16,88.7,0
302.28,313.08,1456.9,32.42,96.7,0
299.94,309.44,1504.4,32.23,211.7,1
299.66,309.16,1588.2,47.72,194.9,1
299.59,310.45,1450.5,38.56,52.2,0
300.93,311.14,1449.1,31.96,53.5,0
298.07,308.83,1461.3,49.93,228.9,1
296.18,305.39,1555.5,43.08,13.9,0
298.13,307.63,1503.3,37.86,62.5,0
304.07,313.55,1276.6,54.67,132.7,1
296.9,307.7,1064.6,45.86,149.4,1
298.26,310.62,1640.1,41.68,172.0,1
299.97,309.28,1513.7,32.86,35.0,0
298.51,307.31,1345.6,39.66,157.7,1
300.66,311.29,1339.1,21.76,18.8,0
301.97,310.95,1482.3,52.23,230.3,1
299.87,310.2,1288.6,39.81,239.7,1
300.41,308.45,1305.1,59.15,35.4,0
299.74,309.85,1519.2,31.05,143.1,0
298.74,308.71,1290.9,31.5,191.5,1
299.16,307.49,1398.2,31.41,148.5,0
302.86,313.6,1430.2,14.07,143.4,0
300.34,310.55,1411.5,58.86,108.6,1
299.56,309.49,1550.0,43.17,91.8,0
297.74,307.19,1503.7,40.36,14.0,0
297.71,308.45,1423.3,37.77,19.2,0
298.24,307.42,1684.3,43.34,25.9,0
301.17,312.47,1495.3,35.78,31.0,0
298.62,309.33,1521.9,35.03,198.9,1
301.7,311.53,1762.5,51.46,195.8,1
300.69,311.22,1818.2,35.61,88.5,0
301.3,310.14,1878.8,47.91,134.5,0
300.71,310.82,1566.1,47.55,103.8,0
299.55,310.77,1338.7,35.78,23.4,0
303.68,313.35,1602.2,37.51,136.6,0
300.46,311.0,1607.6,42.64,155.0,1
299.37,310.02,1468.6,33.16,31.9,0
297.74,309.03,1458.8,43.77,34.6,0
298.07,307.06,1607.7,56.69,96.5,0
299.53,307.55,1587.8,58.98,70.0,1
300.39,308.5,1580.9,25.77,89.7,0
297.58,307.54,1534.5,20.17,165.2,0
298.06,308.14,1590.6,12.82,122.9,0
296.68,305.99,1444.4,33.2,82.3,0
301.8,311.33,1629.2,27.27,205.9,0
298.15,307.17,1595.3,56.61,11.1,0
302.84,312.74,1289.4,43.13,49.0,0
301.09,310.38,1329.7,49.17,158.8,1
296.98,306.82,1443.4,46.75,121.0,0
299.61,309.59,1411.0,41.91,33.0,0
301.02,310.29,1176.1,38.28,63.3,0
298.75,309.13,1616.7,30.2,107.8,0
300.57,310.3,1650.7,45.78,62.2,0
301.4,310.76,1898.5,45.41,82.6,0
300.28,308.49,1533.0,37.13,8.9,0
301.44,312.12,1710.9,38.6,10.3,0
296.63,306.28,1559.2,31.36,121.3,0
299.73,310.23,1575.9,44.91,67.3,0
300.78,310.73,1523.2,30.53,168.3,1
296.57,306.24,1767.5,38.6,78.2,0
299.15,307.62,1628.4,36.73,216.0,0
302.08,310.24,1514.2,49.04,93.9,0
302.66,312.69,1621.6,42.95,221.6,1
302.24,311.73,1374.8,40.71,89.5,0
298.31,306.88,1684.1,28.97,69.6,0
299.59,308.34,1758.7,33.34,75.5,0
300.26,311.75,1562.7,22.68,10.9,0
301.75,311.5,1486.2,35.28,100.5,0
301.85,311.58,1333.9,25.84,62.4,0
300.07,310.78,1652.5,43.18,155.3,1
300.32,310.56,1516.6,34.19,37.7,0
298.0,309.29,1324.4,26.04,215.0,0
300.94,310.62,1449.7,38.03,89.4,0
298.37,309.74,1640.7,52.01,123.1,0
297.21,307.0,1358.9,45.88,43.4,0
301.73,312.48,1439.5,33.08,151.0,0
301.0,311.23,1474.6,34.53,0.5,0
299.03,309.98,1226.7,36.03,102.5,0
301.89,314.89,1387.3,36.83,167.5,1
301.01,311.46,1668.1,27.62,228.1,1
299.71,308.4,1271.7,40.89,43.1,0
301.96,311.19,1593.3,52.87,103.8,0
304.3,314.88,1567.2,36.32,161.8,1
297.57,309.53,1396.7,26.48,194.2,1
302.43,312.97,1870.4,32.58,117.4,0
297.51,305.72,1384.1,43.71,98.7,0
299.75,308.25,1461.7,43.87,141.8,1
298.38,307.69,1413.5,41.88,165.1,0
298.75,308.26,1764.2,32.94,166.7,0
304.64,313.82,1354.0,37.75,45.6,0
296.97,305.21,1723.9,37.48,175.1,1
300.88,312.94,1641.9,36.7,121.1,0
299.62,310.84,1382.2,33.25,86.7,0
297.74,307.97,1611.4,32.44,39.2,0
301.95,311.63,1931.9,60.37,33.7,0
298.31,307.67,1522.6,55.36,115.1,0
303.16,313.53,1752.5,40.4,49.4,0
299.74,311.13,1617.8,54.56,217.1,1
298.48,308.53,1594.0,46.95,130.7,0
300.19,309.7,1556.9,47.12,178.4,1
300.2,311.23,1623.1,43.01,22.5,0
297.17,307.39,1255.1,38.02,163.3,0
299.26,308.07,1845.5,40.1,97.3,0
301.06,313.22,1628.3,39.77,146.6,1
302.16,312.74,1321.6,30.44,106.4,0
298.29,309.46,1408.9,12.76,149.0,0
299.58,311.14,1618.7,18.21,225.9,0
300.44,310.23,1356.5,60.59,222.6,1
299.09,311.89,1691.5,51.81,137.4,1
302.27,310.68,1381.6,41.64,226.3,0
302.28,312.35,1493.2,27.38,187.7,0
301.13,311.81,1359.1,47.01,127.5,1
294.28,304.21,1743.5,52.06,189.5,1
300.76,309.83,1403.6,41.83,81.4,0
299.18,308.51,1653.2,32.77,222.0,0
300.2,310.22,1701.4,47.82,158.6,1
298.24,308.61,1579.1,31.68,154.5,1
298.43,307.88,1263.7,42.25,134.8,0
296.58,307.22,1668.7,43.99,35.4,0
298.03,309.04,1284.6,30.24,207.5,0
304.13,314.43,1495.3,47.35,174.8,1
300.73,312.14,1312.4,41.02,119.8,1
299.18,309.9,1646.1,30.02,80.2,0
300.29,311.41,1455.2,41.86,47.8,0
300.25,309.3,1259.2,29.21,212.6,1
299.74,308.54,1541.5,24.47,7.1,0
300.02,310.94,1408.3,47.29,234.0,1
299.75,310.95,1603.9,31.75,203.4,1
304.29,316.27,1600.8,56.62,64.2,0
299.5,308.58,1372.7,40.99,149.4,0
296.8,308.36,1356.2,42.02,106.2,0
302.93,312.54,1403.2,50.32,189.3,1
298.58,308.83,1360.4,37.88,157.6,1
300.95,311.24,1450.7,36.7,78.9,1
300.31,310.42,1579.8,36.47,111.4,0
297.63,308.58,1774.4,46.65,109.3,1
301.8,311.9,1567.4,32.55,70.1,0
300.63,311.61,1611.4,28.94,135.1,0
298.23,309.88,1533.2,43.74,133.2,0
304.49,314.27,1379.7,39.41,66.7,0
297.49,308.12,1726.1,40.35,140.8,0
297.03,309.19,1519.2,48.73,90.6,0
302.91,313.37,1483.0,35.42,188.3,1
300.43,311.08,1503.9,54.87,17.8,0
299.43,309.59,1553.6,45.17,75.7,0
301.04,309.48,1417.2,39.03,156.0,0
302.02,312.2,1534.8,38.69,52.7,0
302.48,311.48,1441.1,38.43,74.0,0
301.2,310.53,1624.6,37.9,176.3,1
304.36,312.88,1172.9,34.92,229.0,1
297.91,307.47,1813.8,36.68,4.1,0
301.56,309.73,1514.1,32.46,181.9,0
303.49,315.0,1748.3,57.75,33.1,0
299.71,312.15,1675.3,40.84,190.8,1
299.11,308.91,1279.1,32.6,86.6,0
299.85,308.34,1559.6,38.16,139.3,1
301.5,310.89,1595.7,38.32,209.3,1
298.23,309.88,1349.0,45.69,229.1,1
298.94,309.49,1489.7,47.1,142.7,1
299.12,309.97,1651.5,42.94,154.1,1
298.86,310.31,1539.8,63.27,237.9,1
303.29,314.0,1623.9,26.85,236.0,0
299.11,309.58,1521.7,40.25,111.1,0
299.6,309.92,1527.9,32.84,45.2,0
298.38,306.43,1512.0,35.94,101.9,0
301.2,309.79,1347.3,34.44,169.3,0
300.88,310.99,1469.0,38.39,230.6,1
302.88,312.67,1338.8,51.69,122.1,1
299.43,310.24,1847.8,47.04,197.9,1
299.71,310.64,1380.6,46.03,99.4,0
301.64,311.68,1743.8,43.59,61.6,0
302.51,313.0,1647.9,37.18,109.6,0
299.37,309.34,1536.2,21.95,180.2,0
298.49,308.03,1516.3,49.88,216.8,1
299.3,308.64,1567.3,31.82,201.3,1
298.84,309.28,1583.2,48.6,79.9,0
301.71,312.25,1540.7,59.41,227.0,1
297.97,308.03,1298.9,20.95,128.1,0
298.98,308.42,1381.7,51.7,171.0,1
297.25,309.38,1638.7,35.75,62.6,0
298.49,307.87,1397.7,41.27,70.0,0
300.22,310.32,1340.4,57.58,63.2,0
302.16,310.04,1696.5,42.43,135.9,0
296.27,306.43,1156.1,34.32,157.0,1
299.69,309.04,1527.7,38.53,112.4,0
302.38,312.16,1375.1,39.21,23.8,0
299.74,308.8,1320.7,34.18,63.5,0
298.32,308.11,1761.1,51.22,147.5,1
298.26,309.32,1349.9,46.71,193.6,1
301.05,309.87,1635.2,54.03,99.6,0
299.7,309.58,1475.3,42.65,194.5,1
302.16,312.06,1442.7,47.78,219.4,1
296.92,307.15,1547.0,56.75,223.2,1
299.46,310.04,1500.2,46.7,59.2,0
300.11,311.83,1625.0,43.98,96.1,0
303.4,313.21,1446.0,40.63,56.4,0
300.43,312.35,1501.2,28.88,25.5,0
301.66,311.93,1543.1,38.48,46.0,0
302.12,314.83,1841.3,44.53,172.9,1
302.76,312.22,1421.8,25.5,90.2,0
297.5,308.02,1512.7,44.17,85.6,0
302.9,313.15,1257.2,49.91,197.0,1
301.36,311.16,1726.3,60.4,27.9,0
304.1,314.68,1607.2,25.66,93.0,0
300.29,310.3,1226.8,50.38,39.4,0
300.52,310.51,1512.9,35.57,132.7,1
303.6,314.54,1353.4,32.97,52.3,0
299.88,309.54,1121.5,43.36,122.1,0
300.33,308.95,1726.0,20.23,193.0,0
294.56,304.38,1738.0,44.34,102.7,0
302.35,312.74,1397.0,47.08,28.8,0
297.66,308.67,1402.5,44.96,86.3,0
295.52,304.34,1473.2,37.73,130.3,0
303.31,312.84,1547.9,50.47,156.3,0
300.64,310.92,1437.3,56.18,150.5,1
300.56,307.48,1383.7,52.23,130.9,0
298.68,310.85,1635.9,44.46,23.9,0
301.03,310.44,1180.2,43.33,151.7,1
302.01,310.77,1358.2,43.55,24.2,0
298.42,308.15,1275.9,36.56,51.5,0
300.9,311.27,1529.4,48.19,6.7,0
300.16,308.93,1339.5,42.88,74.3,0
298.34,307.08,1341.6,44.6,12.0,0
300.69,310.07,1756.9,43.4,56.7,0
299.09,309.27,1551.3,38.92,218.4,1
299.07,308.92,1527.3,31.12,198.8,1
298.34,309.08,1534.9,32.29,19.0,0
300.86,309.48,1405.6,47.32,165.7,0
300.16,309.68,1472.2,43.63,177.4,1
298.99,307.53,1700.4,24.4,191.1,1
296.87,307.16,1388.4,27.01,187.1,1
301.75,311.75,1784.1,45.19,224.2,1
299.06,309.3,1494.8,38.86,239.5,1
303.68,314.92,1171.1,34.82,169.7,1
302.94,310.95,1241.8,28.06,239.4,0
299.27,309.37,1624.9,25.93,206.4,1
300.65,310.19,1451.8,60.34,124.0,1
302.65,314.63,1504.1,35.02,114.8,1
300.89,312.54,1370.5,40.65,208.6,1
301.14,310.95,1613.4,44.94,230.4,1
301.01,311.26,1380.2,32.52,14.6,0
303.11,312.32,1597.8,42.19,105.8,1
301.48,311.75,1563.7,33.94,237.9,1
298.3,309.18,1752.7,25.27,5.5,0
300.16,311.3,1617.9,38.3,101.0,0
303.22,313.74,1677.9,31.89,48.7,0
298.98,308.4,1558.0,44.67,176.0,1
298.11,309.74,1413.1,39.77,139.6,0
299.27,308.26,1448.1,39.73,32.6,0
301.11,310.37,1433.6,51.73,22.0,0
302.82,313.21,1630.1,56.66,195.5,1
298.67,308.02,1816.3,40.34,140.4,0
301.63,311.9,1605.9,40.13,206.8,1
298.18,308.36,1485.4,52.52,32.1,0
300.68,311.41,1569.0,33.26,192.5,1
301.09,311.78,1517.9,24.1,216.5,1
301.07,312.92,1700.1,43.61,207.5,1
301.69,311.83,1706.2,33.09,83.0,0
303.06,312.0,1458.0,37.28,105.9,1
300.18,310.07,1523.3,43.3,117.9,1
300.11,309.63,1499.1,35.6,49.0,0
301.67,311.45,1544.0,52.63,0.3,0
296.13,305.63,1322.5,41.19,218.6,1
302.98,311.8,1615.0,33.05,82.8,0
301.03,310.22,1520.0,46.12,72.3,0
299.56,310.75,1471.2,36.01,202.0,1
297.63,308.48,1350.0,51.06,199.7,1
305.04,314.42,1643.9,36.49,33.3,0
300.03,309.66,1329.2,25.85,80.4,0
300.09,309.73,1734.3,32.55,73.3,0
299.39,310.01,1804.8,39.55,59.4,0
300.06,309.3,1381.6,39.83,150.6,1
301.52,311.11,1365.3,40.91,104.6,0
297.9,307.92,1390.4,45.43,3.8,0
298.11,307.56,1539.0,36.66,53.7,0
300.86,311.75,1400.5,39.5,215.6,0
301.78,310.69,1498.1,54.77,106.6,0
301.54,311.52,1597.1,61.36,81.9,0
300.3,310.75,1572.1,49.12,124.1,1
301.87,311.99,1647.6,20.71,59.3,0
298.76,311.03,1380.3,32.48,87.7,0
294.78,304.01,1538.4,35.46,185.1,1
302.27,313.14,1583.3,45.49,3.7,0
300.85,312.11,1496.0,45.02,226.2,1
302.98,313.5,1653.7,65.75,20.4,0
303.54,313.91,1276.9,33.9,26.3,0
300.02,312.15,1242.6,51.74,43.6,0
303.23,313.07,1560.6,47.54,228.9,1
301.46,311.34,1585.2,52.6,162.1,1
302.8,311.74,1455.6,51.54,196.0,1
299.59,310.04,1525.5,38.91,115.8,0
301.45,310.24,1346.9,12.69,11.1,0
301.62,312.86,1478.7,55.6,149.9,1
297.08,307.36,1612.7,49.75,91.0,0
296.69,307.79,1601.8,50.51,221.7,1
302.14,313.0,1424.6,38.73,94.1,0
299.64,311.49,1356.4,23.45,3.2,0
301.65,311.22,1489.9,46.02,239.2,1
299.65,310.44,1438.6,31.43,178.5,0
294.6,306.05,1661.8,46.76,191.7,1
300.33,309.55,1585.2,42.43,115.8,0
302.23,312.02,1510.5,22.17,166.2,0
298.66,309.31,1379.5,36.41,136.8,0
297.63,307.88,1418.4,46.46,192.7,1
299.84,308.35,1610.0,36.15,176.6,0
301.55,309.72,1520.6,41.2,179.2,1
303.34,315.06,1293.9,43.93,77.1,0
300.77,312.02,1472.0,46.66,224.0,1
298.97,308.03,1331.0,43.44,88.8,0
302.11,312.43,1373.7,40.01,199.9,1
300.33,310.04,1476.9,52.83,103.2,1
296.28,305.51,1826.2,47.77,129.5,1
299.95,310.98,1368.9,31.38,3.8,0
301.71,310.56,1572.6,30.09,62.9,0
298.85,308.65,1554.7,46.24,87.8,0
299.88,310.32,1617.5,56.76,28.6,0
301.04,310.4,1588.3,46.63,209.4,1
300.31,309.48,1620.1,26.52,107.6,0
298.98,309.48,1473.1,41.55,180.0,1
299.42,309.95,1846.2,29.18,151.9,1
297.31,307.85,1692.7,32.64,154.3,0
300.7,310.0,1523.0,38.62,33.8,0
301.05,310.89,1553.2,49.85,48.8,0
301.3,311.44,1395.8,46.83,108.2,1
299.14,307.77,1622.6,46.78,148.0,0
301.16,312.12,1685.6,42.2,163.9,1
302.89,313.15,1670.6,17.39,149.9,0
299.14,307.35,1605.7,40.84,186.1,1
294.37,303.26,1365.3,36.61,179.6,0
304.49,314.12,1574.4,40.21,30.9,0
301.14,311.68,1387.3,45.02,163.6,1
298.75,308.79,1542.6,50.37,20.9,0
298.21,308.32,1668.4,52.28,42.1,0
298.47,308.66,1515.9,58.98,55.3,0
299.82,310.25,1382.8,44.83,135.3,0
298.92,309.37,1346.4,43.09,102.5,0
299.44,309.29,1659.2,44.25,65.1,0
299.3,308.33,1532.2,53.29,239.8,1
300.04,309.49,1508.9,46.83,47.7,0
302.84,312.31,1554.1,16.77,174.6,1
302.16,312.58,1195.7,28.53,235.2,1
297.47,307.06,1816.0,31.72,201.3,1
298.16,307.19,1561.2,28.93,22.7,0
299.96,309.87,1598.8,30.12,23.4,0
296.46,306.19,1242.8,33.74,194.4,1
298.01,307.58,1543.5,23.2,228.5,1
301.84,311.68,1455.3,51.3,109.5,0
303.98,312.4,1649.0,57.77,164.7,1
301.85,311.05,1642.2,32.69,33.8,0
301.53,312.99,1611.5,28.67,190.1,1
303.01,312.22,1440.4,29.66,142.3,1
299.83,308.82,1662.2,60.84,212.0,1
301.32,310.46,1355.1,39.12,163.5,0
301.04,311.09,1558.3,44.22,140.1,1
300.1,310.24,1508.2,48.28,130.2,0
298.69,309.33,1613.6,50.84,56.2,1
301.85,311.87,1752.6,37.26,100.2,0
300.03,309.0,1278.2,53.18,1.4,0
299.39,309.82,1653.2,32.91,91.9,0
296.5,306.86,1718.2,44.55,195.2,1
299.6,309.56,1651.6,35.51,230.7,1
300.36,311.71,1403.1,28.54,207.7,1
301.36,312.37,1603.6,39.39,78.9,0
302.33,311.62,1440.1,31.32,123.9,0
301.54,309.94,1727.5,40.84,202.7,0
301.48,311.96,1790.2,31.38,1.4,0
304.24,313.92,1396.5,53.95,172.3,1
303.26,313.03,1595.6,40.32,223.0,1
301.3,311.15,1591.7,24.43,229.6,0
301.37,310.3,1413.9,45.24,37.1,0
299.03,307.32,1767.8,38.95,102.7,0
301.02,311.78,1606.6,29.93,131.6,0
303.27,314.53,1359.7,33.05,25.1,0
298.07,307.73,1526.0,29.27,79.1,0
302.21,312.98,1704.3,32.87,220.8,1
298.12,308.07,1625.2,35.69,201.9,1
300.58,308.62,1464.5,36.26,222.5,1
300.97,311.21,1548.5,28.84,116.4,1
302.03,312.4,1353.4,34.33,154.4,0
302.59,312.73,1523.2,36.43,121.8,1
300.65,309.34,1591.9,38.78,121.5,0
300.86,311.01,1667.3,38.97,138.0,0
298.83,307.54,2067.3,46.85,8.3,0
301.91,311.27,1293.4,48.74,202.2,1
299.24,308.38,1398.0,41.14,178.7,1
300.95,310.55,1324.7,39.67,138.6,0
304.15,313.72,1399.8,40.32,42.0,0
302.5,314.65,1636.5,50.35,32.8,0
299.23,308.5,1350.5,23.76,143.6,0
304.85,316.16,1779.0,31.78,235.9,1
301.1,312.31,1400.3,39.07,27.5,0
301.69,312.4,1450.9,39.94,116.1,1
297.44,306.24,1401.9,32.0,94.0,0
300.45,309.7,1354.0,43.74,207.5,1
298.09,307.51,1389.9,45.34,122.1,0
299.26,309.83,1426.8,23.37,161.7,1
301.58,310.0,1640.1,43.41,62.1,0
299.47,310.44,1765.2,32.99,169.7,1
304.15,313.64,1579.3,48.76,150.7,1
300.02,309.55,1251.5,47.72,103.8,0
300.35,308.85,1518.9,37.54,205.9,0
301.76,311.41,1319.5,42.5,84.2,0
301.13,311.88,1660.9,40.33,184.3,1
299.24,310.32,1562.6,31.55,46.4,0
300.88,311.84,1603.4,51.78,129.5,0
297.88,306.36,1307.0,39.56,80.6,0
301.87,310.21,1386.6,44.58,128.3,0
299.97,310.4,1550.8,45.89,230.9,1
300.96,309.61,1432.5,33.46,221.8,1
296.62,306.57,1336.7,31.18,44.0,0
303.18,312.92,1531.8,40.11,228.8,1
301.11,309.23,1216.3,50.18,197.5,1
298.62,308.46,1433.8,39.23,172.1,0
299.93,308.4,1608.9,29.84,201.6,0
301.11,312.69,1605.4,40.98,88.2,0
298.98,308.93,1747.5,42.62,166.4,1
302.86,313.31,1504.0,51.51,47.8,0
301.18,310.4,1858.7,35.69,108.7,0
301.23,310.31,1259.1,42.79,210.7,1
301.12,312.19,1509.0,43.98,186.5,1
297.4,305.94,1362.6,50.89,24.1,0
297.55,308.2,1512.1,45.29,145.0,1
302.15,311.16,1510.0,40.09,27.0,0
300.83,309.81,1316.1,50.33,170.7,1
301.62,312.94,1417.6,48.62,48.3,0
295.43,304.61,1548.1,59.94,50.3,0
302.35,310.99,1371.3,36.44,52.9,0
300.35,309.27,1230.4,35.12,112.5,0
297.32,307.4,1442.6,47.41,236.7,1
299.64,308.52,1239.2,44.42,144.6,0
300.95,311.07,1490.8,47.25,29.7,0
300.61,311.24,1229.7,24.83,221.8,1
301.75,311.09,1485.3,39.41,163.0,1
302.63,315.39,1298.4,60.96,170.8,1
296.73,306.19,1550.1,47.6,70.6,0
302.68,312.41,1805.2,57.49,125.9,0
301.32,311.49,1548.2,46.44,1.6,0
304.6,314.19,1399.6,35.56,54.0,0
300.06,310.48,1371.8,24.96,97.0,0
302.52,313.52,1422.6,45.14,214.9,1
297.56,308.68,1549.4,38.89,9.5,0
301.6,311.26,1796.7,37.98,139.1,0
302.27,311.87,1607.4,34.78,43.7,0
294.67,305.58,1350.5,44.51,49.4,0
301.21,309.48,1746.4,35.32,19.9,0
297.33,306.34,1576.0,30.58,13.8,0
298.11,307.11,1426.8,40.87,234.8,1
298.61,307.0,1568.2,26.37,201.2,0
298.25,307.73,1700.3,50.07,144.3,1
302.14,310.18,1322.9,33.39,124.6,0
298.05,308.6,1893.5,44.58,87.9,0
298.56,307.53,1029.7,48.25,168.9,1
300.88,312.79,1672.7,35.65,6.7,0
299.77,309.0,1605.5,38.58,155.9,1
303.85,314.29,1558.0,46.11,123.4,1
300.45,309.29,1325.7,35.8,120.2,0
305.99,317.86,1771.5,49.38,6.6,0
297.51,308.31,877.3,49.91,209.0,1
298.63,309.89,1529.8,45.43,173.6,1
299.44,310.03,1648.1,41.29,154.0,1
300.53,310.63,1636.2,46.99,121.7,1
298.04,308.3,1774.7,43.54,4.6,0
301.29,310.9,1640.6,56.77,11.9,1
298.86,309.28,1698.1,20.51,74.1,0
301.61,311.26,1233.3,32.15,173.0,1
300.01,311.66,1626.5,32.23,10.9,0
300.88,310.27,1520.5,39.9,178.2,1
298.69,308.86,1724.4,39.25,222.7,1
297.3,305.91,1388.8,39.55,2.8,0
296.81,307.24,1594.3,40.64,95.6,0
297.55,308.7,1523.1,31.79,86.5,0
298.89,309.94,1167.6,27.03,136.4,0
302.52,310.98,1609.0,23.98,30.2,0
299.0,307.85,1346.9,42.85,206.4,1
300.52,308.08,1479.2,44.44,62.3,0
295.29,304.78,1760.0,48.46,10.3,0
299.1,310.31,1419.5,47.57,76.5,0
299.5,308.02,1606.3,54.17,121.8,0
300.29,310.3,1232.8,46.36,62.3,0
301.89,313.33,1672.8,25.32,100.2,0
300.69,311.78,1546.3,51.57,228.8,1
300.1,310.27,1169.1,22.96,158.4,0
298.93,308.82,1434.2,41.06,134.8,0
303.1,312.52,1478.6,38.11,122.2,1
299.31,309.37,1432.3,44.39,71.3,0
299.84,310.03,1640.6,51.66,184.7,1
302.05,311.25,1577.1,46.0,150.5,0
301.81,313.31,1200.6,42.73,68.6,0
295.0,303.61,1574.7,41.12,14.6,0
301.56,311.94,1305.8,33.8,110.2,0
301.18,310.04,1373.4,55.3,232.5,1
300.82,312.11,1370.2,35.85,116.5,1
301.86,312.55,1450.7,23.35,178.6,0
301.46,310.15,1447.0,52.43,190.6,1
299.73,308.22,1574.4,21.3,52.9,0
302.92,312.01,1572.1,53.02,69.7,0
298.5,308.89,1471.9,29.37,20.4,0
296.99,305.04,1501.5,44.92,60.7,0
297.99,308.42,1540.8,36.89,208.2,1
300.41,311.35,1638.6,36.45,123.7,0
296.61,307.74,1405.0,32.7,83.2,0
298.43,307.8,1796.9,47.19,111.9,1
296.28,305.77,1773.7,38.17,99.8,0
301.38,310.2,1445.5,46.42,235.9,1
302.66,313.17,1736.1,34.23,10.9,0
300.61,311.1,1531.8,42.59,86.5,0
299.32,307.51,1837.0,40.03,216.5,1
302.61,312.96,1608.5,39.42,116.3,0
298.17,308.9,1771.6,43.84,199.7,1
302.37,312.65,1171.7,39.53,85.2,0
300.71,310.21,1346.7,45.31,220.0,1
300.72,311.81,1219.0,26.04,210.6,0
301.05,309.86,1403.5,56.3,144.9,1
303.21,311.82,1572.2,42.37,210.0,1
299.9,307.53,1790.1,46.09,176.7,1
301.18,309.85,1602.0,52.95,62.9,0
299.79,310.63,1500.8,48.45,142.6,1
305.2,314.19,1408.1,47.85,30.8,0
301.91,311.76,1465.5,35.51,237.3,1
300.16,308.94,1539.5,43.59,237.7,1
296.96,308.57,1398.0,47.05,220.2,1
299.08,309.74,1705.8,29.96,39.9,0
301.22,311.23,1584.1,48.03,25.6,0
299.25,311.39,1481.6,39.49,186.8,0
298.96,309.29,1423.3,42.22,217.9,1
300.54,309.92,1477.2,48.72,14.0,0
299.09,310.69,1670.8,30.41,13.5,0
296.79,308.49,1594.8,24.33,125.8,0
299.71,311.77,1573.3,32.38,34.4,0
304.19,313.9,1389.9,31.79,168.7,1
300.13,307.95,1449.3,48.67,4.8,0
296.31,305.96,1722.4,38.63,116.2,0
297.77,306.71,1372.3,36.08,226.6,1
300.23,311.36,1513.2,53.59,196.1,1
300.41,312.17,1511.7,28.14,209.4,1
299.16,310.36,1547.8,46.5,119.3,1
302.3,310.95,1577.8,37.66,4.5,0
301.84,310.42,1417.0,37.97,176.6,0
301.74,311.59,1369.7,55.07,90.9,0
301.1,310.46,1495.3,38.63,120.8,0
297.77,308.83,1675.8,36.4,68.4,0
302.84,314.41,1470.0,31.53,137.4,0
298.6,307.85,1342.1,39.31,143.2,0
301.01,311.45,1876.2,53.7,215.3,1
300.41,309.54,1332.2,43.31,60.4,0
300.19,307.93,1343.7,50.35,89.9,0
300.24,308.13,1538.5,49.04,194.7,0
299.56,310.15,1381.4,31.98,174.1,1
297.11,307.48,1510.3,33.74,163.7,1
298.51,309.35,1561.6,36.41,76.3,0
303.51,314.69,1721.1,30.05,236.9,1
302.97,312.87,1526.0,44.87,91.0,0
300.69,310.37,1336.9,31.74,85.8,0
300.62,311.45,1563.1,62.96,171.7,1
297.23,306.15,1545.7,35.78,176.7,0
300.52,310.58,1368.4,22.35,133.5,0
302.41,311.89,1655.2,57.61,176.5,1
299.58,307.59,1582.4,34.32,24.8,0
298.73,309.71,1271.1,42.55,132.8,0
300.5,309.61,1466.5,37.32,191.7,1
302.21,312.08,1320.1,47.55,64.5,0
301.45,311.21,1385.2,34.62,229.8,1
301.29,310.99,1522.3,36.84,91.2,0
302.24,311.51,1411.6,34.22,39.9,0
301.07,310.03,1274.1,46.48,123.1,0
297.94,309.57,1368.5,29.17,110.0,0
297.68,307.52,1397.1,32.33,85.0,0
298.96,308.4,1772.4,46.99,163.6,1
295.7,305.22,1426.3,51.83,55.4,0
297.4,306.98,1641.1,29.95,209.2,1
301.39,310.87,1538.8,46.93,164.4,0
300.21,310.09,1366.8,57.1,132.7,1
295.16,304.72,1376.8,32.78,48.7,0
301.38,311.64,1351.2,40.98,165.7,1
299.92,309.26,1355.0,48.36,141.4,1
300.97,311.46,1559.6,45.37,176.4,1
305.0,316.47,1401.0,30.69,87.7,0
299.37,308.33,1572.3,22.48,203.7,0
299.8,308.98,1421.4,26.96,57.0,0
303.15,311.44,1756.3,36.07,150.8,0
294.31,304.93,1627.0,42.98,70.1,0
299.86,311.51,1418.4,47.27,198.6,1
306.85,317.97,1537.4,31.61,118.2,0
295.36,305.47,1315.4,45.7,17.8,0
298.55,309.04,1760.8,38.03,234.4,1
299.66,309.48,1264.7,41.75,154.0,0
297.94,307.79,1385.5,36.24,116.8,0
300.72,309.53,1380.7,14.0,134.8,0
301.96,313.15,1393.8,42.55,218.1,1
302.98,312.85,1465.9,28.43,40.7,0
298.66,310.14,1057.3,34.59,176.6,1
301.31,310.91,1445.4,39.63,236.2,1
301.91,311.36,1531.1,23.15,55.1,0
300.51,310.68,1491.3,31.41,84.1,0
297.25,305.59,1247.6,25.65,38.7,0
301.82,312.26,1695.3,33.61,48.8,0
296.83,305.75,1647.5,29.47,161.5,0
301.39,309.28,1552.7,38.86,120.1,1
299.71,309.67,1443.4,59.59,3.0,0
302.12,312.84,1424.0,34.23,15.7,0
303.01,313.68,1332.6,57.92,83.6,1
298.0,307.36,1563.1,39.19,24.8,0
300.61,311.71,1477.2,37.79,154.6,0
301.12,310.13,1666.9,50.44,227.0,1
300.11,312.46,1306.0,44.57,67.2,0
298.77,306.52,1435.3,20.46,174.0,1
299.12,310.34,1426.5,37.21,65.9,0
299.25,309.37,1400.1,33.75,217.0,1
300.84,312.82,1521.6,51.51,45.1,0
300.58,311.56,1526.8,40.89,232.2,1
302.36,311.76,1406.2,39.87,121.8,0
298.81,309.64,1402.0,18.4,74.0,0
297.44,307.23,1549.6,47.45,61.8,0
298.63,308.75,1299.8,42.36,118.3,1
298.29,308.05,1722.4,57.13,195.9,1
299.4,308.68,1576.2,37.63,91.3,0
301.18,310.72,1454.2,33.17,229.7,1
299.54,309.31,1385.6,32.94,239.9,1
300.66,310.84,1483.3,23.75,12.7,0
299.27,308.16,1432.5,26.4,25.0,0
297.38,308.99,1400.9,39.43,94.1,1
300.59,311.48,1636.8,47.82,101.4,0
302.18,312.35,1579.5,50.86,78.3,0
303.39,314.67,1271.7,44.51,138.3,0
300.12,310.88,1376.6,37.4,157.2,1
298.09,307.72,1475.0,56.94,182.7,1
300.46,311.42,1378.5,40.2,29.9,0
302.42,311.99,1419.6,56.46,157.2,1
300.08,309.79,1626.8,33.71,27.5,0
299.06,308.35,1526.0,23.14,149.2,0
302.98,313.22,1440.5,27.15,162.9,0
301.6,313.37,1393.3,52.44,28.0,0
301.2,311.04,1469.7,41.39,79.8,0
299.62,309.22,1740.0,36.81,103.9,0
299.28,309.92,1390.5,42.07,92.1,0
301.11,312.36,1323.1,31.89,150.7,0
302.4,311.29,1551.3,25.83,131.8,0
300.83,311.3,1697.2,31.88,34.9,0
301.2,310.99,1417.1,36.3,99.0,0
299.26,309.98,1369.0,39.51,167.3,1
301.3,311.42,1516.2,47.5,220.5,1
298.06,307.31,1356.6,22.63,33.5,0
300.4,311.13,1429.1,41.94,129.9,1
301.2,311.13,1276.1,35.64,156.7,1
299.2,309.69,1745.2,51.26,63.9,0
302.48,311.59,1462.0,27.57,27.0,0
301.09,308.81,1364.8,29.95,204.7,1
299.17,310.73,1668.5,52.66,216.5,1
298.2,308.05,1495.6,24.19,197.1,0
304.48,316.29,1550.2,55.14,105.9,1
298.97,308.46,1614.0,47.8,237.1,1
302.21,312.2,1164.6,42.88,80.0,0
301.5,311.86,1572.5,36.68,39.6,0
299.69,310.1,1545.0,35.97,43.5,0
302.17,312.24,1545.7,31.84,198.6,1
300.29,309.41,1557.4,32.8,8.7,0
299.46,309.95,1410.8,24.28,98.7,0
301.22,310.77,1619.0,43.71,234.9,1
298.42,310.91,1636.5,45.81,227.0,1
296.35,307.19,1399.4,46.22,123.4,0
302.81,312.77,1298.4,43.28,36.3,0
299.09,310.01,1169.1,57.78,61.8,0
299.66,310.0,1439.8,47.41,180.2,1
300.33,310.07,1458.7,19.81,210.8,0
300.02,309.66,1365.6,56.58,209.0,1
298.1,309.18,1754.9,35.65,152.0,0
303.59,313.49,1738.5,27.47,5.2,0
302.63,312.84,1523.9,31.99,121.0,0
301.06,312.05,1467.1,48.07,194.0,1
299.6,307.26,1547.3,48.09,37.5,0
300.85,311.74,1422.2,21.88,120.6,0
297.05,307.33,1589.0,50.3,132.0,0
300.36,308.96,1267.1,40.47,165.1,0
298.52,309.6,1687.7,32.03,225.8,1
302.25,312.16,1480.9,33.41,138.0,0
298.94,309.11,1390.2,38.33,166.8,1
300.6,309.51,1160.5,37.43,31.1,0
300.82,311.48,1769.4,27.77,186.8,1
297.84,307.05,1591.1,20.03,215.0,1
300.2,310.56,1521.2,42.56,187.5,1
298.9,309.47,1495.6,24.96,219.4,1
296.49,305.07,1528.9,11.66,134.9,0
301.63,311.92,1412.4,46.5,177.7,1
302.69,313.1,1496.8,35.73,117.1,0
298.19,306.53,1492.3,52.84,98.0,0
300.17,312.05,1457.4,54.57,94.4,1
299.41,310.03,1568.0,40.07,74.6,0
298.52,308.72,1343.8,41.05,235.1,1
298.44,307.9,1414.3,33.08,148.1,0
301.94,312.1,1610.1,24.78,190.3,0
298.0,305.19,1409.6,42.88,99.4,0
302.37,312.3,1437.2,37.77,19.5,0
301.72,311.35,1683.4,35.35,122.4,0
298.86,310.22,1330.0,48.21,43.0,0
297.32,309.2,1227.3,30.44,212.3,1
303.38,314.48,1530.2,34.02,149.0,1
299.49,310.47,1443.0,27.0,206.4,1
300.38,310.26,1641.4,22.82,187.5,1
301.64,311.45,1611.5,22.68,153.3,0
298.44,309.4,1649.4,53.31,237.1,1
301.53,312.37,1488.6,37.98,206.1,1
298.97,310.52,1552.6,40.71,116.7,0
300.32,311.63,1306.7,32.92,213.3,1
300.53,309.77,1525.2,21.15,54.5,0
299.86,309.8,1512.4,50.12,225.0,1
302.33,313.12,1573.0,44.41,128.9,0
297.1,307.25,1700.7,41.16,212.1,1
301.99,312.84,1343.1,51.85,37.5,0
299.55,308.3,1687.1,33.49,110.5,0
298.22,308.27,1555.7,42.39,6.0,0
300.21,312.34,1408.6,29.81,6.8,0
299.69,309.34,1569.4,54.88,76.0,0
300.08,310.45,1517.2,50.03,92.9,0
301.48,312.49,1561.4,41.43,133.5,0
299.16,308.87,1497.1,28.23,145.5,0
302.96,314.46,1263.0,42.7,219.8,1
299.7,311.63,1643.3,36.07,13.3,0
297.56,305.76,1587.9,36.41,202.2,1
296.65,306.39,1328.6,36.97,196.0,1
299.41,309.47,1709.2,39.23,118.2,0
299.12,308.23,1432.3,29.55,147.9,1
302.88,313.51,1721.4,41.99,1.3,0
300.28,310.15,1322.2,20.67,17.2,0
299.59,311.34,1264.8,31.09,124.7,0
298.35,307.25,1607.8,45.02,88.1,0
300.97,311.03,1767.0,35.25,20.7,0
294.55,304.5,1310.8,42.52,22.4,0
301.87,312.03,1396.9,55.91,106.1,0
300.04,310.22,1434.6,58.59,33.5,0
299.5,309.92,1704.2,53.21,160.0,1
294.94,306.48,1709.2,53.22,212.2,1
302.25,311.58,1548.4,43.36,233.9,1
297.17,308.09,1040.5,27.05,148.4,0
300.04,311.41,1673.9,46.22,231.2,1
296.66,304.11,1176.2,38.54,198.2,1
300.71,310.63,1643.7,35.37,200.0,1
296.53,307.11,1439.6,36.13,132.8,0
299.82,309.54,1454.4,46.42,228.2,1
297.71,307.27,1600.4,36.15,170.8,0
299.09,309.46,1282.7,41.8,89.9,0
299.77,309.41,1650.9,50.23,215.7,1
302.78,312.17,1611.2,40.92,197.0,1
303.84,311.48,1402.1,28.86,204.3,0
298.02,308.0,1473.3,43.1,89.1,0
297.33,307.12,1411.4,37.15,44.8,0
298.75,308.23,1366.2,22.43,116.9,0
300.16,312.55,1434.7,45.82,197.7,1
303.08,313.04,1602.9,45.94,211.9,1
297.96,307.6,1517.4,38.41,202.3,1
296.93,306.02,1382.8,38.52,115.3,1
298.29,308.02,1480.7,32.25,148.0,0
302.33,312.01,1590.2,42.49,6.7,0
299.59,309.11,1617.8,47.94,193.5,1
301.32,312.82,1602.5,44.4,74.9,0
302.31,313.59,1933.2,29.84,165.2,0
298.17,309.14,1516.1,17.73,167.1,0
295.57,307.64,1515.4,33.08,159.1,1
300.48,310.77,1473.8,41.52,176.8,1
296.97,306.6,1612.1,31.17,14.8,0
297.48,309.1,1485.5,36.3,68.2,0
301.53,311.37,1418.2,34.11,185.7,1
300.8,308.75,1479.8,35.79,48.3,0
300.39,311.84,1239.9,37.97,74.5,0
301.93,312.52,1538.3,30.28,78.5,0
301.54,312.02,1749.8,52.14,123.6,1
305.23,316.28,1454.4,40.25,46.4,0
302.54,312.97,1485.6,41.07,46.6,0
302.21,310.34,1600.7,46.28,49.8,0
300.32,312.24,1469.7,18.8,222.4,0
297.43,308.89,1613.5,34.59,180.9,1
296.92,306.32,1482.1,45.09,68.1,1
302.02,311.88,1526.3,33.32,170.1,1
302.09,312.35,1620.3,13.73,56.3,0
299.01,308.37,1418.8,54.58,93.4,0
300.6,309.66,1747.7,57.82,187.0,1
298.27,308.39,1477.8,26.99,214.0,1
299.84,309.83,1586.0,45.38,25.4,0
301.14,311.48,1373.3,32.78,145.6,1
300.59,310.69,1629.4,36.59,1.9,0
302.43,313.5,1569.6,51.92,122.4,0
298.64,308.6,1100.0,30.71,8.3,0
298.54,306.97,1635.5,32.59,38.7,0
298.82,308.71,1603.4,38.86,141.0,0
297.42,307.21,1694.1,47.56,149.7,0
299.58,309.48,1314.1,25.9,87.9,0
302.58,311.95,1503.9,65.46,86.7,0
300.2,311.36,1537.5,29.73,188.6,1
299.86,309.2,1582.6,38.2,83.8,0
302.22,314.08,1777.8,40.79,175.1,1
301.28,312.03,1507.2,54.46,209.0,1
301.95,312.88,1330.0,56.76,145.4,1
300.55,310.28,1531.0,32.91,72.2,0
303.14,311.76,1596.3,56.16,93.9,0
298.64,309.74,1589.5,35.85,72.1,0
301.52,312.66,1586.1,26.66,105.7,0
300.83,310.37,1574.7,28.36,132.0,0
301.78,312.03,1486.7,47.68,64.7,0
300.65,312.14,1545.3,38.54,127.0,1
300.91,310.86,1413.4,36.37,113.5,0
299.9,309.53,1617.6,22.85,4.3,0
301.63,312.29,1606.0,30.62,39.6,0
297.3,307.31,1280.7,34.09,208.8,1
297.94,309.87,1631.1,41.3,136.4,0
299.95,311.03,1705.0,37.97,235.8,1
296.01,306.17,1395.6,60.17,7.4,0
303.28,313.17,1341.8,26.18,230.1,1
300.71,311.58,1561.7,39.34,213.3,1
304.54,314.52,1358.2,36.75,192.1,1
301.12,311.58,1596.6,52.62,222.4,1
294.94,305.77,1594.3,38.46,124.4,0
298.71,309.99,1382.0,41.73,236.5,1
298.51,308.62,1487.2,39.75,59.6,0
298.19,309.73,1322.8,29.41,80.9,0
301.94,309.84,1504.5,33.94,49.3,0
299.81,308.67,1487.6,31.72,52.6,0
302.3,312.47,1829.6,37.58,58.6,0
299.94,309.48,1423.2,44.0,84.3,0
300.8,310.59,1469.4,41.54,93.5,0
298.87,307.79,1378.2,37.36,207.2,0
300.34,309.89,1120.3,51.67,36.1,0
297.51,307.89,1504.3,40.02,238.7,1
300.09,310.58,1723.9,40.63,124.1,1
305.16,316.29,1353.5,57.67,52.5,0
301.08,310.45,1573.3,44.22,78.6,1
302.38,312.96,1615.5,47.24,18.9,0
299.96,310.17,1440.6,37.21,18.0,0
300.7,310.04,1735.7,25.19,58.6,0
300.43,310.39,1408.8,40.06,225.6,1
305.47,316.04,1678.5,60.78,128.1,1
298.3,308.2,1518.6,44.26,16.7,0
302.74,312.32,1542.8,21.43,115.3,0
297.94,308.52,1438.2,26.43,175.6,0
298.55,308.34,1441.9,29.58,77.0,0
301.14,312.06,1223.1,48.58,142.2,1
300.53,310.77,1726.0,32.21,59.3,0
297.03,307.75,1307.2,62.7,169.5,1
296.19,306.7,1415.2,39.74,176.8,1
301.05,310.26,1754.3,55.83,191.2,1
301.84,310.86,1589.9,29.56,147.6,0
296.9,306.44,1696.1,54.99,142.5,1
299.07,309.5,1296.8,32.47,97.0,1
301.44,311.16,1521.9,39.41,198.9,1
298.27,306.68,1678.5,64.7,95.4,1
301.56,311.63,1345.7,58.98,212.0,1
298.05,309.54,1486.5,56.35,110.8,0
299.83,311.31,1581.4,38.07,139.9,0
296.98,306.63,1406.5,30.38,185.4,1
298.31,307.6,1285.6,34.69,117.7,0
300.11,310.98,1809.8,45.75,206.8,1
300.11,310.04,1626.2,27.34,237.0,1
301.28,310.26,1501.4,27.37,54.6,0
302.73,312.01,1354.3,40.77,177.0,1
302.59,312.42,1785.9,22.98,9.5,0
300.39,309.44,1590.3,45.61,17.6,0
299.24,307.4,1470.3,44.13,94.3,0
299.18,309.93,1433.9,40.09,133.7,0
301.97,312.99,1313.5,62.55,61.8,1
302.41,311.24,1025.0,26.53,3.9,0
296.4,305.66,1533.1,34.44,226.5,1
302.81,312.09,1656.0,48.2,2.9,0
302.55,313.14,1673.5,45.15,133.9,1
300.37,311.24,1391.1,45.93,229.9,1
301.16,311.79,1421.0,45.57,136.1,1
304.77,312.74,1513.2,33.21,19.2,0
302.46,311.59,1222.3,43.15,187.7,1
298.37,308.9,1833.6,44.37,174.3,1
300.12,311.35,1659.5,30.67,200.4,0
298.78,307.99,1433.4,41.84,1.4,0
297.36,308.8,1531.7,33.42,220.8,1
302.48,312.19,1438.5,38.46,133.5,0
304.17,314.06,1340.7,36.61,159.8,0
300.73,309.74,1592.7,24.81,237.2,1
298.39,308.65,1193.9,51.93,110.7,1
299.09,309.36,1541.3,39.97,170.4,1
301.27,312.25,1192.6,57.8,211.0,1
305.05,315.35,1686.1,43.74,139.1,1
301.21,312.59,1551.3,38.1,165.8,0
300.2,309.57,1651.3,39.17,137.6,0
299.29,310.17,1600.3,32.58,188.3,1
303.56,315.19,1559.3,46.47,125.8,0
300.75,310.66,1673.2,37.51,219.9,1
298.74,308.29,1543.5,44.3,58.5,0
301.14,309.45,1785.1,24.79,34.9,0
301.5,312.51,1636.0,41.02,80.6,0
297.74,308.96,1638.5,36.96,87.4,0
299.49,309.45,1689.3,42.39,74.1,0
301.84,314.28,1455.9,44.94,108.7,0
304.06,314.51,1311.3,48.17,175.3,1
303.12,312.02,1417.5,27.49,136.8,0
301.53,311.54,1587.0,46.21,135.3,1
299.18,309.1,1542.3,54.73,185.1,1
301.19,310.19,1269.6,43.91,50.9,0
300.55,309.17,1609.9,31.75,1.9,0
298.7,308.58,1696.3,26.43,159.7,0
299.27,310.53,1380.3,37.31,105.5,0
302.04,310.17,1656.7,51.39,80.8,0
301.4,309.99,1728.8,30.12,58.6,0
301.9,311.22,1316.7,34.53,130.4,1
300.27,310.79,1783.4,48.86,89.6,0
299.53,308.69,1405.0,42.25,13.5,0
298.75,307.97,1457.1,38.32,23.8,0
299.6,309.72,1346.3,42.2,177.1,0
304.42,314.39,1588.7,45.31,109.9,1
301.77,311.29,1395.0,40.86,31.9,0
302.28,312.09,1412.8,38.63,140.2,0
302.66,312.66,1623.2,35.82,175.8,1
301.0,310.76,1774.4,27.31,130.3,0
295.05,305.03,1498.9,22.45,119.4,0
298.78,307.96,1370.0,55.22,139.9,0
301.05,310.81,1467.5,36.06,183.3,0
298.5,308.23,1353.7,50.21,125.5,0
300.95,310.82,1488.2,49.94,218.4,1
301.73,313.17,1406.8,56.02,209.3,1
301.15,310.61,1427.8,20.41,183.2,1
299.83,309.13,1519.4,31.53,8.2,0
294.19,303.45,1484.5,30.22,56.8,0
303.4,315.07,1488.9,39.42,4.5,0
299.89,309.7,1415.6,30.15,85.1,0
300.29,309.04,1477.9,38.97,211.5,1
298.05,309.0,1650.7,52.16,111.5,0
301.54,312.87,1206.3,38.95,98.7,0
301.86,314.9,1604.9,67.86,209.7,1
300.22,309.71,1482.1,35.08,81.2,0
297.57,306.53,1218.1,38.71,224.4,1
296.72,308.17,1648.5,18.84,119.3,0
302.41,312.57,1610.2,60.76,78.7,0
302.15,310.77,1374.7,51.23,49.4,0
300.19,308.84,1336.5,40.21,143.5,0
302.15,313.41,1497.7,38.23,30.8,0
299.63,311.87,1534.5,46.63,224.1,1
299.56,310.78,1343.9,50.42,220.5,1
301.41,311.24,1600.7,35.93,150.6,1
301.08,310.84,1527.2,46.11,28.3,0
301.72,311.64,1584.9,13.94,64.9,0
300.94,311.08,1329.1,53.28,108.8,0
298.84,306.46,1445.0,30.49,73.1,0
301.84,311.99,1595.2,48.82,192.3,1
300.2,311.47,1410.7,48.16,142.0,0
299.55,308.66,1504.3,53.01,111.5,1
299.58,310.44,1384.6,45.79,199.0,1
299.73,309.22,1507.9,44.55,50.9,0
304.83,315.77,1138.6,38.25,153.1,0
300.14,308.56,1618.9,37.48,102.3,0
300.76,310.13,1735.2,21.0,212.6,1
300.08,310.41,1485.4,22.96,147.3,0
300.81,310.31,1373.0,60.75,202.3,1
300.33,310.46,1519.3,44.64,75.5,0
298.18,307.54,1773.0,43.75,106.5,0
302.59,311.07,1449.4,48.73,34.4,0
299.55,309.54,1418.8,23.33,91.6,0
298.48,308.53,1546.3,30.37,133.0,0
297.99,306.27,1553.8,34.17,141.0,0
300.37,309.71,1419.4,38.58,80.0,1
298.72,307.28,1219.3,28.81,54.1,0
299.5,308.37,1532.4,36.19,217.1,0
302.1,312.18,1543.9,35.36,174.7,0
299.1,312.29,1603.0,27.23,75.7,0
299.35,308.8,1537.8,57.69,27.8,0
302.9,313.39,1456.2,24.03,91.7,0
297.05,307.19,1432.6,47.4,90.5,0
302.56,310.55,1509.2,38.53,37.4,0
300.77,311.42,1569.9,39.95,19.9,0
297.01,306.64,1418.6,28.5,158.9,0
301.29,309.76,1512.4,23.23,211.1,1
299.37,310.97,1289.9,58.75,208.0,1
301.97,311.21,1443.6,41.88,222.9,1
302.73,314.27,1407.2,32.35,211.5,1
299.19,307.98,1386.5,42.74,154.3,0
299.7,309.61,1354.8,36.73,185.3,1
299.79,311.73,1668.8,36.22,54.7,0
299.93,311.24,1650.6,26.34,198.3,1
296.14,306.09,1481.5,48.72,203.4,1
301.76,311.88,1238.3,55.53,115.0,0
300.87,311.15,1824.2,39.56,64.3,0
297.67,307.38,1499.8,32.34,72.5,0
296.67,305.03,1311.8,57.58,182.4,1
299.98,310.97,1238.5,41.87,164.7,1
298.41,306.91,1671.4,32.57,169.2,0
299.18,307.99,1578.0,58.62,149.5,1
303.29,312.51,1256.7,42.98,113.1,0
302.14,312.3,1318.5,39.54,135.3,1
298.39,309.83,1527.5,41.37,22.3,0
298.54,309.32,1657.8,45.95,170.9,1
301.63,310.21,1427.4,22.08,100.6,0
300.32,311.16,1398.1,38.84,64.5,0
298.97,310.57,1479.6,38.01,29.0,0
298.66,309.47,1521.6,46.84,13.2,0
299.15,309.88,1321.4,42.0,130.4,0
300.33,310.37,1389.3,43.79,111.2,0
298.44,308.5,1294.9,47.45,102.6,1
300.56,311.36,1803.2,27.36,31.9,0
299.02,306.23,1700.0,41.96,49.7,0
298.79,309.03,1800.9,41.9,194.3,1
298.39,307.03,1526.2,34.65,60.1,0
300.43,309.37,1449.5,42.05,188.2,1
301.75,312.95,1457.1,43.8,31.1,0
301.58,313.26,1616.7,46.18,134.1,1
300.41,308.71,1482.7,30.29,26.5,0
302.77,312.79,1166.9,35.32,43.8,0
298.48,309.47,1672.6,39.26,24.9,0
300.73,310.84,1606.8,46.11,228.7,1
296.88,306.3,1335.3,26.82,212.8,1
303.1,313.46,1543.4,33.65,229.6,1
301.27,310.88,1705.6,51.09,127.4,1
297.37,308.06,1340.0,57.85,124.1,1
298.01,308.49,2036.6,25.16,124.3,0
300.33,310.67,1327.4,34.13,87.3,0
301.5,311.31,1444.7,48.15,209.0,1
303.77,314.12,1460.9,27.42,126.4,0
305.37,313.84,1528.2,59.91,131.7,1
299.98,308.86,1463.7,30.82,46.6,0
304.63,315.67,1364.6,48.8,95.4,0
296.77,306.64,1816.4,25.27,25.6,0
302.39,313.15,1838.9,56.89,74.4,0
301.29,310.58,1538.7,56.87,191.5,1
299.85,308.94,1601.3,40.8,52.4,0
298.88,307.65,1306.2,29.56,114.7,0
301.2,310.8,1400.9,33.85,80.5,0
297.8,308.92,1517.7,44.84,43.9,1
299.25,308.21,1595.1,51.42,191.5,1
298.46,308.0,1430.7,21.85,224.9,1
299.1,308.83,1176.1,37.02,6.5,0
297.69,307.13,1322.4,35.63,133.1,0
300.41,311.16,1594.5,52.1,135.1,0
295.95,306.55,1585.2,45.25,83.8,0
298.96,309.77,1530.2,36.9,61.3,0
299.79,311.68,1479.0,51.7,98.5,1
298.74,310.22,1397.9,56.06,54.8,1
299.62,307.82,1537.1,35.83,124.2,0
299.74,309.59,1778.8,45.23,46.6,0
299.68,308.68,1447.9,56.25,40.4,0
301.72,311.62,1549.3,43.02,50.6,0
299.96,309.27,1628.1,50.31,36.8,0
300.31,311.02,1640.6,46.85,133.9,1
300.42,311.22,1254.8,36.27,206.5,1
300.58,310.07,1386.2,53.04,86.0,0
298.95,309.13,1637.0,26.26,93.6,0
299.64,308.44,1610.5,30.69,11.2,0
299.75,310.39,1466.1,47.45,37.8,0
296.65,307.23,1492.7,51.3,227.4,1
300.25,309.79,1198.0,51.68,194.1,1
302.87,314.36,1502.4,37.0,1.4,0
302.02,311.65,1642.9,23.57,186.8,0
299.98,311.57,1548.6,49.18,116.7,1
295.71,307.28,1535.2,68.04,219.6,1
298.5,307.84,1569.3,56.58,38.1,0
299.55,308.13,1614.2,38.47,127.6,0
300.08,309.62,1549.3,41.83,18.5,0
302.21,312.77,1512.0,33.29,194.5,1
297.44,307.75,1570.4,39.18,201.5,1
303.72,313.92,1584.9,29.76,73.8,0
299.33,309.38,1360.7,40.59,238.4,1
299.52,309.94,1514.7,31.97,112.2,1
302.03,310.32,1423.8,34.29,1.5,0
301.92,311.43,1408.1,42.09,112.8,0
297.86,308.33,1303.3,45.2,176.1,1
301.77,311.9,1333.9,41.63,201.2,1
300.74,310.07,1431.4,35.44,232.4,1
298.3,308.82,1477.0,40.44,87.0,0
300.14,310.03,1531.1,44.66,145.5,0
298.4,308.91,1764.8,44.46,164.2,1
300.26,310.62,1440.9,38.9,109.6,1
301.26,311.05,1437.9,49.84,146.5,0
297.07,307.45,1684.5,44.65,126.3,0
299.34,310.11,1442.5,44.23,112.5,1
296.43,306.23,1306.9,51.09,68.6,0
298.7,308.37,1446.9,32.76,89.9,0
299.31,310.38,1165.6,40.1,208.2,1
299.59,310.0,1493.0,45.26,94.0,0
303.41,313.57,1463.6,42.26,101.2,1
300.18,310.85,1511.2,43.0,150.7,0
296.94,307.0,1472.0,42.62,222.4,1
300.15,310.71,1643.7,39.57,137.3,0
298.32,306.72,1347.4,51.35,93.7,0
303.39,312.83,1226.9,39.48,90.8,0
304.73,313.77,1527.9,52.09,107.2,1
299.95,309.82,1858.1,31.52,165.4,1
299.72,310.95,1340.3,59.72,233.1,1
300.53,312.67,1372.3,33.96,225.2,1
301.12,311.89,1462.0,40.71,95.4,1
302.34,313.76,1328.1,36.57,222.2,1
299.81,309.37,1281.4,56.23,178.2,1
295.43,306.3,1656.6,49.55,164.7,1
300.52,310.51,1427.6,30.08,220.6,1
301.74,312.46,1772.0,43.37,2.0,0
301.87,311.73,1535.1,37.66,108.0,0
303.59,314.29,1572.9,31.17,91.9,0
300.52,310.46,1615.3,45.59,182.1,1
299.29,308.52,1469.7,30.85,110.5,0
300.36,310.29,1569.3,32.06,79.0,0
301.36,312.2,1811.4,48.36,153.5,1
303.89,315.41,1671.5,61.22,231.6,1
301.28,311.98,1536.6,25.33,63.9,0
299.1,309.73,1259.2,56.2,34.4,0
300.95,310.78,1602.0,24.81,9.5,0
302.22,311.87,1565.1,35.15,138.3,0
300.28,309.15,1333.7,43.93,151.5,0
299.57,308.26,1592.5,41.93,210.8,1
301.97,312.44,1671.5,44.31,43.9,0
299.51,311.03,1699.5,18.74,111.3,0
298.86,308.81,1578.5,38.71,51.9,0
302.21,312.67,1527.3,47.63,164.4,1
300.59,311.58,1346.6,30.96,218.1,1
299.0,307.99,1555.6,30.61,29.6,0
303.0,311.65,1465.2,25.76,76.7,0
300.57,308.51,1447.3,37.91,83.8,0
304.44,314.78,1510.4,30.13,121.6,1
300.8,311.39,1728.9,32.41,28.2,0
299.01,308.48,1618.4,36.52,147.3,1
301.21,310.24,1364.6,44.71,222.9,1
301.04,310.59,1583.1,45.57,239.8,1
297.95,308.53,1377.3,44.37,219.2,1
302.19,310.39,1612.0,31.14,91.4,0
301.21,310.67,1734.3,37.72,117.9,0
301.78,311.36,1982.0,43.32,138.2,0
300.32,311.1,1668.8,31.38,55.7,0
298.97,308.14,1480.5,37.14,136.8,0
301.25,311.05,1793.5,40.36,35.1,0
299.61,310.9,1654.1,39.46,18.9,0
300.7,308.84,1521.2,35.82,49.6,0
303.11,314.53,1314.8,43.9,225.6,1
299.64,309.46,1573.2,48.1,53.3,0
300.45,311.99,1548.1,44.08,114.1,1
300.17,310.59,1462.8,48.99,23.7,0
303.37,314.39,1284.3,57.52,108.6,1
295.55,305.1,1528.5,37.04,51.5,0
300.45,310.05,1643.7,39.9,208.0,1
299.66,308.33,1470.1,28.37,186.0,1
300.84,310.36,1665.9,39.04,67.9,0
297.86,310.52,1564.3,32.87,31.2,0
300.44,309.68,1600.6,56.92,120.3,0
298.96,307.36,1663.1,42.86,130.4,0
298.97,307.7,1551.8,34.21,175.3,1
299.71,310.51,1661.4,35.16,184.4,1
299.92,311.27,1556.2,40.61,185.7,1
298.78,308.15,1832.8,23.97,150.2,0
300.86,309.31,1561.6,33.56,145.2,0
299.79,309.58,1314.2,23.37,128.5,0
302.19,313.27,1355.3,50.98,198.2,1
299.9,310.57,1365.7,31.85,119.9,0
299.09,309.9,1412.7,40.26,82.7,0
302.23,313.27,1648.6,24.83,98.6,0
301.13,311.73,1468.8,25.17,226.3,1
303.06,313.09,1438.0,42.14,143.9,1
300.34,309.73,1360.7,42.1,9.9,0
301.24,311.46,1344.1,31.55,224.9,1
300.99,309.08,1630.1,40.44,20.4,0
301.52,311.07,1340.6,34.55,186.7,0
297.35,306.66,1624.4,56.47,188.0,1
299.44,309.38,1409.5,33.36,24.2,0
300.91,310.98,1262.2,48.7,91.4,0
302.03,311.96,1550.7,44.19,212.1,1
300.0,310.15,1531.0,42.68,72.5,0
298.73,309.74,1358.5,48.98,204.9,1
295.88,306.35,1222.7,38.92,175.2,0
298.56,309.84,1726.3,38.85,19.3,0
304.44,314.18,1248.4,51.75,195.5,1
300.63,311.73,1462.1,53.35,19.6,0
303.21,312.61,1341.7,48.87,133.8,1
296.19,306.48,1493.1,24.81,2.3,0
299.39,307.58,1537.8,52.04,70.8,0
302.64,313.33,1541.3,39.9,236.9,0
299.18,308.05,1316.7,49.55,223.3,1
301.77,313.0,1963.2,28.63,25.0,0
301.73,312.76,1380.9,28.77,113.9,1
299.54,312.43,1712.9,35.33,127.2,1
302.38,310.31,1627.7,41.86,63.6,0
297.74,307.43,1450.5,39.24,214.0,1
297.77,307.28,1808.1,38.55,86.6,0
301.12,310.72,1761.2,37.18,1.2,0
299.64,311.11,1371.0,28.44,107.9,0
301.48,311.69,1496.3,52.01,171.3,1
300.08,310.37,1642.9,29.35,119.6,0
298.48,307.57,1447.2,29.92,111.9,0
300.47,309.88,1234.0,43.78,20.4,0
302.13,311.87,1657.9,42.43,94.0,0
298.7,306.44,1582.0,30.76,152.0,0
303.29,313.07,1311.5,7.87,103.4,0
298.53,308.25,1472.7,44.01,193.6,1
301.45,310.84,1500.9,35.39,121.1,1
299.97,307.16,1354.3,31.5,113.2,0
300.47,308.88,1297.6,36.51,201.9,1
298.04,306.83,1243.6,25.38,77.7,0
299.06,307.56,1627.1,37.44,23.2,0
302.14,311.98,1618.8,37.93,40.8,0
297.85,307.93,1628.5,37.44,88.9,0
299.44,308.37,1329.7,41.02,31.5,0
302.53,312.06,1342.2,39.15,127.8,0
303.39,313.19,1377.3,36.22,114.2,0
299.92,308.4,1499.7,45.22,121.2,0
296.53,306.45,1100.3,13.8,93.1,0
299.67,307.37,1402.0,30.69,48.3,0
297.15,306.94,1375.0,30.06,86.3,0
301.79,311.76,1496.0,64.79,128.7,0
303.44,312.85,1434.5,38.49,194.1,1
296.69,308.34,1496.7,46.07,113.0,1
296.92,307.22,1438.8,41.26,62.3,0
298.71,309.13,1475.8,12.93,134.4,0
301.11,311.04,1495.1,10.64,45.8,0
296.13,306.32,1394.3,42.38,222.7,1
297.26,308.6,1609.5,50.13,106.4,1
301.1,311.65,1470.9,45.46,42.4,0
298.8,308.78,1538.9,31.84,10.6,0
300.42,310.28,1288.6,54.17,17.7,0
302.65,312.54,1457.3,45.11,33.1,0
301.87,311.0,1803.2,53.56,90.3,0
300.96,312.26,1599.3,42.88,1.9,0
297.55,307.01,1210.2,22.13,55.8,0
301.93,312.86,1425.3,46.24,154.2,1
298.11,307.56,1698.0,57.17,41.5,0
299.75,310.14,1527.2,48.86,197.7,1
299.44,309.87,1724.8,50.28,159.6,1
302.22,311.79,1440.8,39.56,191.7,1
298.68,309.53,1444.6,50.05,237.8,1
301.61,313.23,1508.7,51.61,113.9,1
299.21,308.66,1603.7,45.74,129.1,1
300.74,310.29,1620.4,52.27,25.8,0
299.21,308.22,1736.3,48.14,174.3,1
298.91,308.95,1542.4,21.65,48.5,0
302.41,312.29,1383.1,38.02,43.2,0
300.6,309.84,1627.7,38.28,158.6,1
300.71,311.77,1270.2,49.16,31.2,0
296.54,306.72,1393.1,34.39,208.7,1
301.87,312.54,1623.7,35.68,70.4,0
303.57,314.1,2026.7,34.3,11.3,0
299.08,309.51,1639.9,29.6,212.7,1
302.22,310.59,1547.7,32.54,157.5,0
302.44,312.71,1442.7,27.0,88.8,0
300.24,309.37,1361.2,27.95,191.4,0
300.57,311.44,1859.3,45.89,98.2,0
299.06,309.26,1559.6,56.33,143.0,0
299.79,309.92,1358.5,43.77,92.5,0
301.09,308.81,1333.1,25.83,219.4,1
301.94,312.85,1482.3,22.44,9.4,0
303.19,311.39,1360.4,22.14,27.0,0
300.33,309.62,1629.2,38.74,155.1,0
299.88,306.88,1846.8,20.16,238.2,1
296.07,305.66,1595.5,44.17,131.5,1
302.04,312.39,1439.4,29.45,46.5,0
299.54,308.55,1175.9,42.01,86.1,0
299.13,308.84,1491.0,39.01,173.2,0
304.3,312.2,1258.8,41.99,193.5,0
297.75,308.78,1674.7,58.06,101.2,0
302.95,313.3,1582.6,29.71,3.7,0
299.36,310.96,1558.9,41.28,112.8,1
303.46,314.74,1536.8,39.07,46.8,0
298.98,308.42,1369.8,38.98,149.1,0
300.36,311.41,1353.4,62.66,175.5,1
301.26,311.33,1573.3,35.21,196.4,0
296.82,306.96,1583.9,41.94,60.7,0
300.51,309.58,1323.2,37.28,208.1,0
300.64,308.73,1491.2,30.71,69.3,0
298.75,309.28,1416.2,41.58,134.9,0
299.38,309.67,1258.9,27.26,88.2,0
302.03,311.1,1546.5,43.62,53.9,0
300.67,312.98,1780.0,21.95,198.7,1
303.65,314.11,1719.2,53.73,183.1,1
297.77,308.25,1474.0,56.1,28.0,0
297.21,307.9,1544.4,51.8,44.0,0
300.38,309.95,1513.6,45.6,83.9,0
298.58,307.35,1763.3,29.03,57.7,0
303.45,313.54,1415.0,34.17,102.6,0
300.25,309.7,1660.7,57.37,160.9,1
299.59,310.74,1862.7,22.44,166.6,1
297.77,307.2,1619.7,33.37,202.3,1
299.75,310.98,1381.5,53.6,166.4,1
301.39,310.33,1408.2,53.59,108.3,0
299.53,309.62,1380.8,41.41,83.1,0
300.34,311.13,1621.3,36.37,217.9,1
304.56,314.38,1650.3,47.59,106.5,0
298.84,308.14,1816.7,48.3,123.0,1
300.1,310.45,1609.5,28.88,58.4,0
299.92,311.19,1480.0,32.88,23.9,0
303.25,312.02,1657.4,38.73,20.6,0
298.33,308.16,1352.1,36.64,26.0,0
299.17,309.76,1841.4,44.96,122.3,1
300.29,309.71,1482.9,32.32,232.5,1
305.23,314.86,1595.6,42.98,83.2,0
300.86,311.31,1596.1,33.13,3.6,0
297.46,307.53,1625.3,62.65,224.0,1
303.09,313.85,1353.1,33.2,13.9,0
297.68,307.92,1706.6,31.18,23.0,0
298.94,308.3,1641.9,44.22,176.2,1
304.62,313.85,1571.1,51.1,169.1,1
300.2,311.72,1657.2,38.9,73.5,0
297.73,307.42,1591.1,46.3,174.5,1
297.02,307.29,1666.3,52.61,155.7,1
299.41,310.06,1103.7,32.28,44.4,0
300.68,312.34,1668.9,44.85,129.7,1
297.8,308.31,1597.0,34.22,130.5,0
300.39,311.43,1564.6,31.51,156.6,0
301.21,309.99,1435.1,29.22,172.3,0
300.83,310.68,1773.3,36.25,228.9,1
302.65,311.75,1598.1,40.84,198.1,1
300.08,310.32,1624.2,49.96,109.5,1
301.73,312.32,1573.8,45.52,91.5,0
299.03,308.78,1581.9,18.79,79.4,0
300.75,310.08,1462.6,37.57,15.3,0
299.76,311.99,1702.5,46.46,63.3,0
298.35,309.05,1150.3,44.79,49.7,0
304.57,313.97,1387.3,42.42,133.7,0
296.23,305.68,1558.2,41.67,235.7,1
298.97,308.33,1350.3,35.07,85.9,0
297.06,307.05,2016.6,24.59,10.8,0
300.16,308.68,1564.5,52.47,9.6,0
301.25,311.49,1500.1,32.69,52.1,0
299.54,310.11,1499.9,35.99,210.1,1
299.79,309.32,1527.1,26.73,238.4,1
297.35,308.07,1563.3,32.15,113.3,0
300.58,312.5,1527.0,27.62,223.9,1
299.68,309.78,1686.3,45.04,25.6,0
301.53,312.46,1365.2,52.3,104.9,0
301.01,311.67,1529.6,37.61,111.8,0
301.52,311.65,1374.9,34.87,227.6,1
299.3,308.0,1459.1,64.88,9.8,0
300.94,311.21,1518.0,26.7,99.4,0
300.52,310.33,1623.6,48.8,148.5,1
301.44,313.18,1502.7,30.11,80.2,0
299.55,310.02,1585.6,24.37,97.7,0
303.41,314.23,1662.7,34.86,149.6,0
303.8,313.82,1494.0,29.65,59.5,0
304.14,316.0,1491.7,40.82,48.4,0
301.17,311.11,1774.7,35.73,31.4,0
297.92,308.66,1504.7,31.97,133.7,0
298.21,308.4,1406.3,42.28,227.6,1
298.4,306.59,1422.3,34.04,175.7,1
301.44,312.24,1819.8,38.35,48.8,0
296.48,305.89,1408.1,52.13,127.5,0
302.48,311.06,1543.1,33.59,70.6,0
301.16,311.12,1776.2,35.77,66.8,0
298.73,308.63,1464.0,39.98,188.5,1
299.81,309.06,1313.8,38.11,44.4,0
298.79,309.45,1273.1,35.18,181.7,1
301.74,311.51,1493.9,24.71,21.7,0
298.6,307.52,1438.4,34.71,142.7,0
297.99,306.64,1641.8,34.79,174.6,1
302.68,312.76,1527.2,50.39,74.1,0
298.52,308.39,1420.4,45.15,198.5,1
301.86,311.66,1500.0,40.86,48.3,0
303.16,312.51,1482.9,53.16,65.6,0
300.66,311.49,1551.5,61.54,202.0,1
301.25,310.87,1470.7,21.44,202.6,0
300.65,311.71,1473.0,32.04,22.3,0
300.26,310.44,1559.2,30.22,151.0,0
302.75,312.2,1569.9,44.16,95.4,0
299.51,309.59,1635.0,46.85,72.0,0
299.54,309.06,1445.2,26.59,144.8,1
300.73,310.42,1213.5,29.9,6.7,0
298.53,308.45,1532.0,29.86,149.7,0
301.18,311.16,1926.2,49.65,26.6,0
300.26,311.23,1642.1,56.58,141.9,1
301.31,311.17,1376.8,31.48,91.6,0
302.34,311.65,1811.7,46.65,44.2,0
299.27,310.16,1473.1,52.12,61.6,0
296.69,307.2,1355.5,43.25,59.7,0
296.14,307.03,1378.9,39.33,16.1,0
303.71,312.56,1202.1,19.97,125.3,0
300.85,311.38,1793.9,43.75,169.0,1
298.82,307.32,1603.4,30.84,24.2,0
301.42,311.89,1505.3,55.39,1.7,0
298.75,310.29,1240.1,43.51,60.1,0
301.08,310.3,1443.2,51.94,130.2,1
298.73,309.27,1538.7,46.72,200.2,1
303.78,313.14,1800.0,29.86,135.6,0
301.46,312.15,1374.3,44.81,65.9,0
299.1,309.87,1265.6,15.14,55.6,0
299.81,310.86,1568.2,49.44,183.4,1
301.58,310.86,1487.1,33.44,117.1,1
300.06,308.79,1392.8,29.49,81.0,0
301.21,311.62,1748.0,43.58,140.4,1
299.85,309.61,1438.5,48.99,96.8,1
298.3,306.19,1463.0,35.85,182.8,0
297.76,307.02,1470.5,36.16,195.8,1
303.39,312.46,1570.3,37.49,90.1,0
299.47,310.5,1543.9,49.85,121.2,0
299.16,310.13,1429.1,55.02,198.8,1
298.28,309.72,1594.5,40.53,71.2,0
300.31,309.94,1694.0,49.04,58.0,0
298.56,307.45,1468.7,53.9,101.1,0
301.02,312.61,1473.2,46.87,69.0,0
301.31,311.66,1471.8,24.31,11.2,0
300.5,310.66,1684.3,47.08,135.8,1
299.58,307.24,1493.3,25.95,27.6,0
300.85,311.03,1174.5,43.56,47.3,0
300.94,312.18,1270.8,61.19,177.0,1
300.95,309.39,1424.6,35.29,100.1,0
300.17,311.97,1516.6,29.43,34.9,0
299.63,309.64,1529.1,46.96,73.7,0
301.21,310.79,1388.2,38.27,218.5,1
302.04,312.43,1457.8,42.12,31.4,0
300.41,311.33,1387.1,22.75,136.7,0
301.17,311.12,1569.7,60.21,51.4,0
299.62,310.06,1453.8,57.98,75.6,1
299.02,308.55,1417.7,41.43,90.7,0
295.87,305.33,1390.6,51.28,38.5,0
303.0,310.05,1512.2,36.04,108.8,0
301.72,310.98,1375.6,30.49,73.4,0
298.45,307.91,1357.4,21.75,187.0,0
299.69,312.02,1726.0,37.1,129.4,0
298.16,307.89,1250.9,47.45,106.1,1
298.4,307.36,1427.3,27.73,87.0,0
300.62,310.25,1726.6,28.39,164.7,0
302.0,312.52,1689.9,42.37,136.8,0
299.21,309.88,1508.2,30.21,211.1,1
304.46,316.44,1467.1,56.49,43.1,0
299.48,308.79,1645.5,44.7,132.6,0
299.32,310.61,1376.3,46.96,149.5,1
298.17,309.03,1507.9,32.6,230.0,1
299.18,309.75,1694.0,33.09,199.0,0
300.02,309.72,1570.8,30.78,169.3,0
301.64,311.76,1595.6,35.88,144.1,1
300.66,310.52,1358.1,38.42,22.7,0
300.17,309.61,1468.6,43.86,101.1,0
296.59,306.83,1395.5,27.22,26.8,0
302.57,313.26,1636.2,46.67,47.8,0
298.89,308.94,1731.7,36.39,113.7,0
300.19,308.57,1373.7,39.5,36.4,0
299.3,309.05,1776.4,40.77,105.9,0
299.5,307.49,1545.3,42.85,183.4,1
302.38,312.05,1345.0,44.22,212.0,1
297.25,307.67,1593.8,34.06,215.7,1
298.12,308.91,1327.3,31.22,226.9,1
302.12,311.51,1585.4,41.7,99.5,0
298.2,307.83,1353.0,49.72,146.8,1
297.5,307.56,1620.5,46.64,64.2,0
294.1,303.26,1802.3,48.17,20.2,0
299.78,308.89,1517.4,40.55,51.3,0
302.61,313.23,1594.9,26.68,10.2,0
301.98,312.68,1246.2,48.74,91.5,0
297.39,305.39,1648.9,36.57,30.2,0
302.27,314.04,1417.5,31.02,219.7,1
296.82,306.12,1397.8,31.76,32.9,0
301.78,310.29,1345.1,36.97,115.8,0
298.71,309.56,1566.2,58.11,215.3,1
301.8,313.33,1491.4,42.88,231.8,1
297.21,308.28,1674.6,32.34,26.5,0
301.7,312.95,1508.7,39.27,204.7,1
298.14,308.03,1784.5,56.86,233.8,1
300.47,309.99,1358.9,54.23,63.9,0
301.06,311.21,1171.8,48.78,64.5,0
302.12,313.97,1595.0,38.76,130.3,1
302.82,312.34,1331.4,45.25,226.3,1
299.15,309.28,1482.9,32.52,42.0,0
299.43,308.07,1692.5,57.98,140.1,1
301.62,313.37,1497.3,41.88,132.2,1
300.97,313.0,1458.1,60.27,108.6,0
301.08,312.48,1505.7,44.87,179.8,0
303.01,313.27,1620.9,43.22,179.7,1
302.3,312.42,1586.4,50.1,56.1,0
301.77,310.66,1802.6,19.77,223.3,1
302.21,311.91,1531.7,37.49,209.8,1
299.14,308.76,1528.9,31.42,134.9,1
301.16,310.81,1373.7,46.86,100.5,0
300.66,312.71,1867.8,50.92,43.5,0
300.78,310.19,1565.8,25.19,10.8,0
299.92,310.26,1487.2,36.73,214.9,1
299.36,310.06,1725.4,24.01,147.5,0
302.43,312.82,1270.3,33.15,207.9,1
298.77,310.02,1322.8,30.04,222.3,1
301.17,311.24,1719.7,47.52,204.5,1
301.11,312.17,1444.3,38.36,43.8,0
299.68,308.61,1388.7,53.53,2.1,0
300.01,309.74,1256.3,58.66,19.9,0
302.13,313.28,1661.6,47.9,149.4,1
302.4,311.81,1441.3,38.24,154.4,1
303.82,312.31,1649.2,21.38,62.6,0
298.07,308.87,1223.0,52.67,136.4,0
299.65,309.74,1360.1,44.77,26.0,0
302.82,314.27,1481.4,50.42,141.3,1
300.29,310.97,1680.6,41.17,26.6,0
301.62,313.21,1556.4,45.02,47.5,0
299.35,310.33,1546.5,46.94,159.8,0
303.18,311.5,1524.7,59.75,24.4,0
300.85,310.1,1483.9,51.4,131.8,1
297.86,307.23,1778.7,51.52,120.5,1
297.7,307.23,1291.6,37.45,210.7,1
300.47,311.19,1577.7,36.12,18.0,0
302.35,311.94,1725.8,21.87,237.9,1
301.29,310.47,1886.8,41.32,127.8,1
297.27,305.5,1736.0,37.4,183.7,0
301.37,311.29,1473.4,33.55,156.4,0
300.79,309.99,1445.4,41.12,46.1,0
299.63,309.92,1521.7,37.37,225.1,1
301.45,309.97,1472.6,21.27,226.1,1
300.37,309.07,1570.3,19.53,118.2,0
300.34,311.37,1283.3,51.6,137.8,1
297.46,307.23,1418.9,40.76,142.0,0
300.11,309.68,1593.9,47.72,203.7,1
297.03,306.7,1360.7,36.21,227.2,1
300.22,309.19,1557.3,27.4,170.6,0
302.36,312.25,1559.6,29.02,234.8,1
299.18,309.99,1468.2,45.81,90.3,1
298.33,308.58,1503.1,33.23,34.7,0
298.1,310.22,1655.1,59.36,91.4,1
298.93,309.98,1344.3,40.55,141.0,0
298.89,309.94,1332.9,42.14,37.2,0
301.51,311.52,1393.1,56.35,80.7,1
302.31,312.12,1786.3,28.34,213.2,1
301.09,310.44,1509.2,16.2,80.1,0
302.16,313.9,1481.9,42.58,24.0,0
300.4,310.78,1314.6,33.42,141.5,1
299.76,310.69,1506.7,36.54,26.7,0
300.75,311.18,1661.9,45.18,117.0,0
299.13,308.1,1403.9,31.17,2.8,0
301.87,311.89,1448.3,51.21,199.6,1
301.63,311.59,1403.4,26.65,42.6,0
303.54,313.84,1515.1,31.48,162.7,1
299.6,310.21,1584.6,39.62,7.6,0
304.03,314.19,1234.0,45.57,163.6,0
299.83,310.86,1290.3,53.05,23.3,0
302.18,311.39,1599.0,35.18,14.8,0
302.03,311.73,1225.6,33.03,233.5,1
297.82,307.94,1458.5,45.88,19.7,0
299.36,309.09,1343.9,38.05,8.7,0
305.94,315.86,1477.7,38.21,36.7,0
299.03,308.23,1457.7,57.32,11.7,0
299.87,309.72,1178.6,29.56,150.4,0
301.09,310.87,1722.0,41.68,31.3,0
300.84,309.37,1347.0,33.65,58.2,0
301.03,309.26,1609.1,39.07,47.9,0
297.17,307.43,1623.8,45.0,150.7,0
300.13,309.84,1383.9,15.7,211.6,0
300.44,310.36,1638.9,37.63,228.1,1
303.24,313.74,1657.6,26.83,160.4,0
298.84,309.81,1342.2,26.64,231.7,1
300.07,309.35,1742.9,17.71,165.5,0
304.09,314.29,1469.5,48.24,69.8,0
302.38,310.84,1287.5,48.31,32.1,0
301.71,310.32,1501.1,31.85,59.0,0
301.71,311.5,1565.5,41.96,194.4,1
298.02,306.69,1425.9,42.67,186.0,0
302.34,313.04,1702.5,41.22,222.6,1
301.36,310.76,1605.0,31.72,20.5,0
296.98,306.18,1566.0,38.53,108.5,0
304.46,313.37,1387.5,38.78,215.4,1
301.79,313.64,1542.2,41.73,190.4,0
302.22,312.18,1450.3,27.74,74.4,0
298.52,309.29,1361.7,52.92,15.6,0
297.68,307.28,1382.4,27.68,178.4,0
301.53,313.02,1486.0,45.01,96.9,0
299.26,310.58,1448.8,38.85,56.7,0
298.24,309.82,1358.0,37.06,122.2,1
301.69,312.26,1530.2,42.36,115.2,0
298.47,308.23,1363.3,37.89,151.3,1
299.8,309.81,1408.3,25.04,60.2,0
296.89,306.84,1372.6,40.9,238.9,1
299.42,309.0,1462.4,35.88,148.5,0
299.47,308.43,1498.8,42.94,148.8,0
297.66,307.61,1613.7,25.94,130.8,0
296.75,307.52,1554.6,26.22,88.8,0
299.78,307.96,1502.1,37.77,59.4,0
300.29,312.63,1479.2,45.98,221.3,1
300.44,310.38,1490.7,52.54,141.4,1
299.87,310.9,1783.8,35.44,3.1,0
296.44,306.89,1579.4,54.78,123.5,0
299.85,310.92,1578.7,45.32,174.6,1
301.43,310.36,1642.8,33.6,147.9,0
299.79,311.07,1227.4,48.42,77.1,0
299.1,307.63,1422.7,60.95,207.0,1
301.89,312.14,1553.0,27.47,130.9,0
300.68,310.16,1508.3,60.72,159.1,1
301.97,311.61,1432.5,40.67,206.9,1
299.55,309.55,1336.0,38.82,170.2,1
303.13,312.81,1463.2,32.29,15.4,0
298.42,311.4,1453.1,33.1,66.0,0
299.8,310.11,1580.6,41.89,1.8,0
297.56,305.55,1591.2,45.62,226.9,1
299.92,308.8,1465.5,27.44,156.0,0
300.59,309.48,1601.5,46.61,215.6,1
301.64,312.15,1608.0,44.75,163.9,1
298.33,309.2,1458.2,29.17,34.0,0
299.69,311.19,1653.8,20.77,18.8,0
298.51,308.14,1252.0,45.64,62.6,0
298.75,309.75,1455.7,48.82,26.3,0
297.5,307.26,1401.9,45.72,139.3,1
296.94,308.3,1384.0,51.87,225.9,1
304.15,315.47,1263.2,49.77,122.7,1
297.44,307.12,1358.2,32.27,213.1,1
300.32,310.88,1531.5,49.12,92.5,0
299.96,308.88,1609.9,49.8,67.4,0
301.53,313.85,1847.6,36.61,114.8,0
299.36,309.5,1755.4,28.48,33.2,0
302.23,311.46,1435.8,39.31,189.8,1
301.23,312.58,1418.8,50.95,4.0,0
297.41,307.49,1498.0,45.55,157.9,1
302.99,311.52,1667.1,32.44,69.9,0
299.52,308.2,1605.4,24.03,15.0,0
300.25,310.92,1434.2,32.97,158.5,1
295.25,304.25,1515.0,48.9,149.8,1
297.19,306.83,1460.8,46.18,23.5,0
298.95,308.51,1635.6,47.42,124.3,0
297.65,309.22,1612.9,33.14,231.6,1
300.46,309.04,1483.0,28.17,17.5,0
301.71,310.6,1263.9,28.84,145.3,0
303.32,312.38,1280.3,28.26,70.1,0
300.59,311.24,1549.8,37.25,90.4,0
298.22,308.35,1563.5,45.59,75.0,0
297.73,308.61,1452.5,39.16,130.9,0
296.8,305.45,1491.6,59.7,228.4,1
300.95,310.81,1264.9,38.85,86.7,0
296.97,305.93,1640.1,21.46,223.1,1
296.64,307.31,1424.0,37.62,164.4,0
296.61,307.14,1472.8,51.64,178.3,1
301.25,311.27,1566.4,47.95,32.3,0
299.84,308.39,1531.9,31.42,65.3,0
300.39,310.35,1312.4,39.7,152.4,1
300.94,310.13,1683.5,31.77,106.7,0
300.64,309.94,1580.7,42.44,148.4,0
298.12,307.69,1536.1,31.78,75.1,0
299.39,309.76,1479.9,34.1,130.7,1
300.14,309.87,1609.1,43.34,48.5,0
298.53,310.05,1820.0,40.95,64.0,0
298.98,306.91,1551.0,37.24,17.9,0
297.91,305.89,1678.2,36.02,82.1,0
298.4,308.12,1428.9,50.51,66.8,0
299.16,307.15,1634.5,26.51,121.7,0
297.48,308.34,1388.9,22.62,101.3,0
298.25,306.94,1586.1,62.78,153.7,1
304.58,314.63,1535.9,38.67,110.9,0
302.07,314.05,1571.6,50.35,42.2,0
299.15,308.34,1339.2,45.26,74.9,0
301.53,312.47,1718.8,53.64,58.3,0
296.92,308.39,1536.9,42.97,158.5,1
295.42,306.64,1338.3,31.98,196.8,1
299.07,308.61,1663.1,28.65,190.2,0
299.53,310.35,1148.1,14.89,145.6,0
296.55,306.23,1419.5,34.53,166.0,1
301.04,312.79,1458.1,28.74,207.1,1
297.09,307.59,1291.7,52.81,75.3,0
301.47,311.72,1535.2,40.38,34.3,0
296.0,307.19,1369.3,35.77,145.3,0
298.3,309.35,1513.4,55.53,8.7,0
301.25,308.31,1486.8,31.05,154.7,0
301.81,314.68,1452.6,44.58,169.5,1
299.36,309.3,1637.8,45.41,63.4,0
303.24,312.76,1887.5,28.24,138.5,1
297.53,309.13,1532.6,15.34,49.1,0
302.26,311.77,1671.5,32.38,233.9,1
298.72,306.27,1348.2,42.82,236.3,1
297.35,307.67,1740.5,44.96,227.9,1
300.07,308.95,1268.7,34.14,65.1,0
300.98,311.21,1758.5,44.85,5.8,0
299.76,310.82,1719.9,43.56,97.7,0
298.76,307.71,1605.0,55.54,141.6,0
301.1,312.74,1374.1,53.74,125.5,0
295.08,306.08,1512.6,45.32,147.5,1
297.01,307.03,1636.8,35.02,111.0,0
298.17,308.08,1379.5,42.6,124.3,0
300.03,310.34,1338.6,37.54,125.2,1
299.01,310.67,1855.4,45.47,120.8,1
301.55,310.7,1295.3,40.0,33.4,0
298.7,310.39,1555.8,28.86,198.7,1
299.46,308.46,1419.4,43.2,56.4,0
297.94,308.63,1711.8,41.6,153.6,1
299.81,312.61,1576.4,56.21,118.1,1
298.05,307.37,1712.2,47.49,37.3,0
300.1,309.42,1486.9,51.69,145.1,0
300.54,309.64,1479.6,33.38,74.9,0
299.01,309.22,1316.1,30.77,156.0,0
293.41,302.88,1568.7,45.39,19.4,0
300.79,311.54,1325.8,32.84,95.8,0
301.88,312.07,1515.1,53.67,192.4,1
301.37,310.15,1532.9,49.11,164.6,1
298.97,308.07,1599.9,58.05,25.0,0
300.75,309.27,1524.1,35.14,57.2,0
300.28,311.71,1545.4,48.08,169.4,1
299.4,307.55,1659.3,54.79,1.2,0
303.87,312.26,1456.7,38.31,69.7,0
298.05,309.21,1399.4,42.83,103.2,0
297.79,307.85,1534.4,44.65,215.2,1
301.01,311.64,1604.1,49.89,56.4,0
303.0,312.97,1265.3,29.71,163.7,1
301.67,311.94,1474.6,64.53,118.0,1
299.52,309.91,1606.2,35.17,79.5,0
298.07,308.19,1380.2,39.92,174.8,1
302.31,313.52,1401.7,28.68,170.1,0
299.61,309.59,1578.8,40.47,192.9,1
298.32,309.23,1493.7,41.92,179.0,1
296.15,304.91,1590.0,33.76,138.2,0
299.31,312.18,1802.6,41.32,188.1,1
304.23,314.33,1317.6,27.0,191.9,1
298.18,307.18,1645.6,52.04,85.8,0
298.31,308.12,1581.6,64.74,24.9,0
298.71,308.88,1657.4,27.74,196.0,1
301.15,311.08,1375.7,32.64,128.0,0
303.69,313.01,1503.7,46.36,28.1,0
300.17,308.71,1496.5,43.75,186.8,1
298.43,308.92,1473.3,46.66,105.2,1
300.62,310.68,1374.4,30.27,153.9,0
300.29,309.53,1382.9,25.77,181.8,0
298.46,307.19,1576.2,39.17,35.2,0
301.0,310.67,1542.8,53.54,199.0,1
301.39,312.2,1381.2,21.4,211.3,1
300.81,312.72,1457.7,46.63,232.1,1
299.75,308.68,1427.0,33.73,223.8,1
297.83,308.49,1520.4,28.23,84.7,0
300.46,311.92,1391.4,35.26,206.1,0
302.43,312.4,1857.9,18.46,85.0,0
300.65,312.44,1388.1,32.48,170.2,1
298.78,308.99,1501.8,61.74,31.4,0
296.36,305.63,1545.0,36.44,133.8,0
297.93,306.75,1601.5,31.62,124.4,0
298.96,309.22,1052.0,29.95,79.8,0
302.7,311.54,1372.2,21.65,147.8,0
299.49,309.93,1468.5,44.57,167.6,1
302.78,314.51,1472.7,19.98,73.7,0
304.56,314.57,1612.4,38.41,205.4,0
298.72,308.6,1569.9,29.71,188.9,1
301.5,311.54,1564.4,37.46,79.0,0
300.74,310.8,1232.0,23.88,191.5,0
301.16,311.22,1556.7,60.7,75.4,1
298.69,309.31,1287.3,56.21,56.8,0
299.38,309.16,1275.1,34.96,32.4,0
300.09,311.11,1267.4,40.48,90.2,0
303.01,312.55,1380.1,34.82,213.7,1
302.65,314.32,1287.1,57.67,15.1,0
301.01,312.17,1596.2,53.52,23.1,0
300.34,311.08,1637.7,53.27,68.1,0
297.08,305.72,1462.5,51.49,184.4,1
296.48,306.45,1495.3,51.17,93.4,0
299.3,308.69,1395.2,35.31,83.7,0
301.15,310.42,1518.4,46.45,199.2,1
301.53,311.27,1253.4,29.47,187.0,0
298.48,307.01,1465.2,42.3,14.6,0
300.83,310.73,1500.2,34.24,80.7,0
301.73,310.9,1700.8,35.81,193.1,1
299.36,309.73,1444.5,33.36,123.4,0
299.63,309.77,1106.0,44.98,141.5,1
302.24,312.05,1392.9,48.97,231.2,1
300.8,310.02,1563.9,49.35,177.3,1
299.35,309.32,1540.6,29.88,29.7,0
299.65,309.66,1804.1,51.5,24.4,0
299.21,306.78,1658.8,48.49,67.2,0
302.45,313.5,1549.7,45.42,90.5,0
296.15,305.3,1490.8,29.39,80.7,0
294.25,302.6,1459.4,39.35,217.9,1
299.82,311.11,1930.8,46.01,98.9,1
301.27,311.62,1471.9,20.47,168.6,1
299.03,309.77,1460.4,35.06,233.8,1
299.16,308.76,1396.6,44.83,10.3,0
300.33,309.07,1577.4,59.5,154.2,1
299.65,311.47,1568.0,40.94,99.7,0
304.01,314.32,1461.0,55.87,150.0,1
303.37,314.33,1762.2,46.31,205.5,1
299.63,308.97,1772.0,29.75,20.3,0
297.16,306.12,1661.1,57.55,75.6,0
303.93,313.77,1419.3,40.32,66.6,0
300.72,311.68,1469.3,25.15,6.1,0
299.53,309.32,1385.6,39.66,75.4,0
296.78,307.13,1644.1,43.07,75.6,0
298.2,307.92,1482.3,39.96,18.8,0
302.5,311.17,1620.4,32.03,205.2,1
301.45,311.18,1520.1,42.75,26.4,0
295.63,305.78,1443.4,45.58,189.2,0
300.64,310.8,1368.6,31.87,99.9,0
295.97,304.55,1525.4,40.68,199.2,1
300.43,309.84,1641.0,38.07,199.0,1
299.71,308.64,1344.5,39.57,192.0,1
303.02,312.4,1573.5,25.68,7.8,0
299.48,308.38,1408.4,40.93,54.7,0
298.8,308.44,1423.6,22.3,200.4,0
297.22,306.71,1639.7,32.01,67.6,0
297.8,308.49,1494.7,32.86,9.8,0
297.44,307.35,1416.6,50.64,82.8,0
300.72,310.79,1481.1,43.13,31.9,0
299.35,308.01,1475.6,34.45,144.8,1
299.34,308.99,1416.0,32.55,100.0,0
303.66,313.39,1730.9,37.75,197.4,1
297.05,306.56,1752.4,51.24,97.9,0
299.99,310.66,1422.3,73.48,16.9,1
298.96,308.97,1541.0,50.35,25.3,0
301.0,310.37,1502.4,24.98,15.9,0
300.37,309.41,1579.9,29.12,191.0,1
302.63,312.57,1682.9,61.16,22.2,0
298.64,309.46,1420.8,53.49,114.9,1
297.78,305.92,1465.5,31.2,231.0,1
298.77,307.7,1411.1,47.54,189.9,1
300.29,310.99,1600.4,40.31,32.1,0
298.97,311.05,1499.9,26.33,150.3,1
299.13,310.07,1483.7,28.07,13.3,0
303.1,311.69,1456.6,32.02,125.9,0
302.92,313.39,1450.1,35.59,118.4,0
301.38,310.83,1464.1,49.86,201.4,1
303.15,313.93,1717.7,44.84,238.8,1
301.64,313.28,1549.0,38.84,143.1,1
297.01,307.25,1402.4,31.64,217.6,1
300.74,311.04,1534.6,29.52,161.0,0
297.42,308.95,1561.2,57.27,231.5,1
297.58,305.88,1348.4,31.12,2.8,0
299.48,310.48,1574.9,35.96,235.1,1
301.62,312.51,1341.2,50.34,83.5,1
302.79,312.06,1614.3,29.0,46.5,0
298.71,308.65,1380.2,43.77,151.6,1
298.5,308.96,1453.2,42.42,121.7,0
302.26,311.64,1611.6,41.55,161.5,1
297.53,308.31,1545.0,47.92,34.6,0
299.68,309.83,1761.8,42.43,200.7,1
303.09,312.01,1285.5,47.91,204.4,1
298.89,308.04,1265.1,30.59,93.7,0
301.97,311.21,1541.3,58.29,140.2,1
298.85,308.26,1473.4,45.86,182.2,1
299.43,308.93,1484.2,59.48,216.5,1
302.68,313.23,1465.6,50.44,81.9,0
300.1,310.38,1577.4,43.34,65.8,0
299.08,309.19,1449.0,68.21,91.7,1
301.82,310.16,1257.2,27.49,113.6,0
301.62,312.49,1591.7,35.75,111.7,0
301.65,312.39,1505.4,31.85,183.6,1
300.0,309.86,1593.0,40.33,36.8,0
299.59,309.66,1566.5,37.96,194.3,1
300.09,309.0,1546.5,49.5,105.6,0
302.42,311.94,1118.0,31.48,111.5,0
301.93,310.52,1638.0,53.46,197.2,1
298.65,307.16,1333.3,39.96,144.3,0
303.17,315.5,1370.8,32.88,97.6,0
303.38,312.28,1616.6,39.56,163.5,1
301.23,311.52,1300.3,48.54,59.0,0
300.36,310.28,1600.5,34.79,101.5,0
299.4,309.93,1655.3,45.5,147.9,0
297.84,308.72,1482.3,41.06,191.2,1
299.28,308.68,1322.0,40.25,53.3,0
296.95,305.68,1527.4,38.89,78.7,0
301.29,312.82,1631.3,40.13,235.7,1
303.28,313.76,1534.9,32.53,223.8,1
298.95,307.51,1484.5,61.11,215.1,1
299.72,309.62,1819.3,34.43,17.9,0
301.7,311.59,1656.9,41.19,41.8,0
299.43,310.34,1693.6,38.07,69.3,0
303.52,313.12,1412.1,33.04,162.3,1
300.34,310.22,1422.5,34.17,65.3,0
303.39,313.12,1463.5,42.74,223.0,1
300.18,308.95,1619.2,51.88,158.9,1
303.28,313.3,1523.5,34.67,209.1,1
303.53,314.15,1731.6,38.11,55.2,0
296.77,304.87,1578.5,50.28,67.0,0
296.95,306.96,1366.7,52.41,53.3,0
301.19,311.11,1791.9,40.22,96.2,1
302.25,309.49,1441.9,46.47,37.6,0
301.0,310.14,1388.4,33.42,209.8,0
300.93,311.27,1637.2,44.89,215.9,1
297.87,309.03,1625.5,39.57,126.0,0
297.97,308.54,1401.4,39.37,106.4,0
299.28,308.94,1375.2,44.79,93.6,0
302.6,310.84,1299.0,27.9,103.5,0
302.56,310.35,1382.8,31.01,21.6,0
299.13,310.99,1569.1,28.5,217.5,1
303.09,311.95,1536.6,40.13,112.3,0
298.99,309.1,1376.5,37.57,176.2,1
301.5,310.87,1427.5,48.99,172.6,1
301.47,310.88,1312.1,26.01,237.3,0
299.2,307.44,1472.8,31.21,121.0,0
300.77,312.04,1546.1,35.2,190.1,1
299.07,309.87,1648.7,49.01,236.4,1
301.49,309.6,1339.2,46.41,3.2,0
298.7,308.91,1361.3,29.68,134.2,0
303.32,313.21,1710.0,25.37,66.3,0
304.15,314.25,1530.7,25.84,136.5,1
301.65,311.83,1379.1,31.21,173.8,0
304.33,314.27,1428.1,20.99,2.3,0
299.54,308.1,1552.0,42.01,39.3,0
299.42,310.69,1515.7,55.39,156.6,1
294.26,303.16,1703.0,32.34,166.3,0
302.91,313.53,1415.5,26.28,237.2,1
302.53,312.15,1620.6,33.55,128.1,0
296.75,305.99,1577.2,39.84,69.6,0
296.24,307.2,1386.2,16.43,153.9,0
298.24,308.32,1318.4,38.85,212.0,1
300.47,311.49,1671.6,57.45,27.6,0
297.31,308.83,1579.5,28.93,12.4,0
299.58,310.7,1309.6,37.5,140.2,0
298.61,308.27,1580.5,37.48,216.5,1
301.46,311.97,1752.1,36.65,79.8,0
298.85,309.2,1477.9,29.55,37.5,0
301.34,312.94,1670.9,41.4,212.8,1
302.33,311.91,1662.8,40.74,81.4,0
297.71,308.59,1420.7,23.54,25.2,0
302.6,311.48,1349.9,32.64,209.6,1
300.77,310.26,1046.1,30.12,10.7,0
297.46,306.83,1535.5,30.23,39.5,0
303.15,314.22,1609.1,30.74,74.6,0
298.17,307.8,1585.5,27.69,156.9,0
301.44,312.19,1533.2,39.88,171.1,0
301.74,311.1,1683.7,50.22,28.4,0
297.57,306.81,1353.6,38.42,163.5,1
298.25,308.93,1563.1,38.99,18.4,0
300.8,312.89,1454.0,29.74,147.5,0
298.86,308.58,1047.7,35.1,132.8,0
300.3,309.37,1615.8,52.27,120.7,0
302.04,313.27,1459.3,45.68,112.7,0
299.5,309.91,1520.5,45.54,119.7,1
300.18,309.45,1610.3,46.88,45.8,0
299.27,309.9,1498.3,18.52,167.2,0
301.5,310.56,1558.4,35.12,9.9,0
300.06,309.41,1405.0,36.3,137.7,0
300.08,309.98,1413.7,22.51,164.2,0
299.11,308.98,1203.8,33.66,95.8,0
301.03,311.16,1532.2,37.57,169.3,0
300.28,310.4,1620.2,39.09,188.3,1
300.5,308.65,1545.4,49.63,28.8,0
299.31,308.85,1433.7,41.45,2.9,0
296.33,307.52,1492.2,40.28,219.2,1
298.75,309.41,1526.2,43.08,163.6,0
298.49,308.03,1514.1,32.51,225.7,1
300.7,311.41,1340.2,30.54,231.0,1
299.44,309.78,1177.3,44.07,164.5,1
300.92,310.56,1515.4,55.41,152.1,1
297.15,308.01,1382.8,44.34,82.2,0
303.9,311.86,1425.3,43.32,70.9,0
297.92,308.64,1333.1,54.54,64.9,0
299.34,309.44,1654.2,40.11,229.0,1
300.12,309.57,1531.2,36.19,133.6,0
298.9,308.02,1705.5,41.01,183.8,1
298.69,309.37,1397.0,25.55,164.2,0
298.37,308.98,1427.7,57.23,3.9,0
298.74,309.2,1559.7,39.0,175.5,0
299.03,308.4,1695.4,26.95,212.2,1
299.1,308.28,1311.8,43.23,90.0,0
298.89,307.67,1389.9,52.3,173.8,0
301.7,311.3,1759.4,32.81,153.7,0
299.48,309.92,1601.3,55.64,77.8,1
294.94,303.8,1742.5,44.18,28.8,0
303.39,314.12,1479.2,36.79,57.7,0
300.07,309.24,1697.7,46.67,2.3,0
298.53,308.57,1556.5,32.82,122.9,0
299.56,310.95,1438.9,54.3,221.1,1
298.37,307.4,1399.4,45.22,130.0,1
301.31,312.84,1584.8,45.71,152.4,1
302.1,311.66,1452.2,56.63,85.4,0
298.72,307.86,1393.9,23.62,5.5,0
300.17,311.3,1417.0,36.38,165.1,0
298.17,307.36,1425.4,41.99,106.2,0
298.56,310.61,1540.9,36.41,101.2,0
296.87,306.96,1399.6,42.41,150.6,0
300.48,309.5,1416.9,49.23,91.7,1
298.6,308.26,1425.3,44.29,209.6,1
299.87,308.38,1729.2,59.99,31.1,0
296.08,305.21,1584.7,28.56,130.7,0
302.54,311.9,1525.2,34.51,55.2,0
298.44,308.27,1447.3,31.46,167.0,0
300.82,310.78,1743.9,45.11,159.2,1
301.6,312.38,1776.3,59.8,157.8,1
300.89,312.7,1357.6,32.2,92.1,0
300.11,307.84,1690.7,51.09,39.2,0
300.02,311.2,1578.3,38.69,0.1,0
301.45,309.61,1408.2,29.76,196.6,0
299.75,308.87,1607.7,47.41,136.3,1
300.28,310.55,1284.9,54.8,120.1,1
302.64,313.85,1334.9,37.15,126.7,0
303.45,313.05,1296.5,48.32,39.5,0
294.73,304.01,1453.1,54.17,154.8,1
301.65,310.59,1545.9,35.72,156.6,0
298.65,308.82,1444.3,34.01,80.9,0
298.71,310.44,1396.1,44.65,55.8,0
300.53,311.07,1409.7,46.17,31.1,0
297.56,308.59,1429.5,54.93,126.6,1
299.34,310.15,1689.1,33.66,43.3,0
303.38,312.74,1546.6,55.29,111.2,1
302.94,314.95,1651.0,35.31,88.0,0
299.46,309.11,1145.2,32.65,68.9,0
300.22,310.86,1656.5,29.37,166.4,1
300.42,309.9,1419.8,33.67,86.5,0
297.58,306.38,1355.1,30.88,149.0,0
300.68,311.64,1827.7,27.13,86.9,0
297.93,307.55,1875.4,32.56,131.4,1
302.63,312.2,1665.6,33.72,83.6,0
301.42,312.04,1490.8,42.41,147.0,1
298.56,308.84,1747.8,27.62,15.2,0
299.05,308.83,1581.0,40.14,211.8,1
299.32,310.06,1470.1,35.98,7.7,0
299.74,308.97,1610.8,52.31,104.5,0
302.63,312.84,1444.5,52.57,95.4,0
301.26,311.42,1419.1,63.29,190.5,1
299.71,309.09,1447.7,36.03,2.0,0
296.91,306.36,1455.9,37.36,224.3,1
299.55,310.03,1417.3,40.38,115.3,0
301.5,313.12,1540.1,49.91,34.0,0
297.77,307.7,1479.1,38.59,39.8,0
300.64,309.71,1702.8,53.96,75.1,0
302.11,313.6,1414.4,35.36,228.5,1
301.13,311.65,1668.8,32.36,128.8,0
298.68,309.67,1466.9,54.47,176.2,1
300.81,309.81,1245.8,47.15,205.9,1
298.62,309.87,1487.4,45.17,64.2,0
299.26,309.69,1636.3,29.14,141.2,0
298.95,308.12,1676.8,54.54,174.4,1
298.36,310.82,1422.8,36.22,83.4,0
300.4,309.74,1441.1,41.25,62.0,0
295.9,304.55,1628.6,42.42,179.5,1
301.08,310.37,1369.7,33.26,162.2,0
300.23,308.81,1648.9,44.52,48.5,0
293.15,302.49,1687.7,49.34,168.4,0
301.37,312.1,1821.6,36.54,121.0,0
298.83,309.62,1458.1,53.21,180.4,1
297.66,308.61,1627.6,43.05,155.6,1
298.15,307.4,1373.0,37.82,111.7,0
297.93,309.11,1478.3,29.74,219.2,0
298.05,308.56,1532.5,42.02,103.6,0
295.41,305.9,1455.8,28.69,14.1,0
298.7,308.71,1282.5,42.88,212.6,1
298.97,309.34,1709.1,40.07,189.6,1
297.76,307.71,1553.9,37.85,19.6,0
301.09,311.45,1731.8,40.76,63.3,0
299.0,310.07,1665.7,26.96,147.3,0
298.45,308.86,1427.2,21.02,169.6,0
301.26,311.9,1209.8,44.72,197.7,1
300.96,311.48,1610.8,43.59,164.8,1
301.45,313.17,1528.4,48.58,41.2,0
302.34,311.4,1585.1,47.27,119.3,0
303.06,312.84,1583.7,35.6,23.4,0
301.89,312.04,1372.2,45.31,34.5,0
302.05,311.63,1411.3,46.57,129.3,1
299.61,310.58,1502.3,47.65,193.7,1
295.99,306.78,1445.3,36.13,72.9,0
300.17,312.52,1573.6,32.82,79.5,0
302.39,312.75,1510.0,37.01,138.2,0
295.4,304.17,1701.0,41.85,42.8,0
301.49,312.66,1495.2,35.6,20.1,0
298.65,308.84,1399.5,37.55,219.7,1
297.61,307.47,1474.7,38.51,50.5,0
301.09,311.97,1621.3,35.98,214.2,1
302.09,312.42,1370.9,30.39,115.9,0
298.34,308.92,1372.9,57.49,114.7,0
299.35,307.42,1353.4,55.64,26.2,0
298.59,310.63,1569.8,51.3,7.6,0
298.83,308.66,1816.3,26.68,180.1,0
301.76,311.84,1350.9,43.07,189.2,1
297.92,306.65,1626.3,51.33,178.7,1
301.03,310.57,1910.1,33.82,15.8,0
298.64,309.87,1377.4,32.68,231.2,1
302.25,312.0,1479.2,38.86,119.7,0
299.96,310.21,1720.1,58.07,44.6,0
300.06,308.44,1585.3,22.08,38.6,0
296.98,305.46,1377.9,37.45,100.6,0
298.68,309.01,1558.2,33.8,94.0,0
301.48,312.54,1628.5,35.98,109.1,0
300.86,312.4,1438.5,53.11,233.2,1
300.35,311.04,1489.6,49.54,24.1,0
300.9,310.33,1323.4,38.37,204.0,1
300.33,310.01,1659.0,30.35,94.3,0
299.5,309.57,1524.6,37.53,175.4,1
300.39,310.61,1783.3,47.81,125.6,0
301.2,311.6,1717.9,39.32,209.9,1
300.93,309.71,1660.9,49.97,239.7,1
297.73,307.36,1393.9,47.15,227.9,1
300.81,311.39,1310.5,58.55,167.1,1
300.36,308.54,1601.3,55.94,116.4,1
299.38,309.73,1710.4,61.67,16.4,0
302.9,312.55,1645.1,37.83,55.8,0
294.59,305.1,1758.9,54.37,19.2,0
299.69,310.46,1550.3,36.96,77.7,0
300.37,308.66,1544.6,42.93,71.9,0
299.25,310.47,1598.0,42.68,175.1,0
299.74,307.84,1586.7,43.44,189.3,1
302.38,312.03,1587.9,36.82,55.6,0
303.77,314.66,1391.5,22.31,194.2,1
298.83,309.97,1568.0,40.44,86.8,0
302.69,312.42,1637.9,34.71,56.3,0
303.13,313.26,1619.0,40.87,199.2,1
302.53,313.01,1203.3,44.43,86.8,0
301.63,312.81,1624.4,33.86,60.0,0
300.53,309.69,1253.6,50.1,106.1,1
301.3,311.05,1716.0,50.0,150.8,1
297.67,305.6,1492.5,45.11,218.2,0
300.65,311.51,1752.0,55.17,176.1,1
302.42,311.75,1475.9,31.69,149.1,1
297.05,308.03,1588.6,29.99,185.0,0
299.81,310.79,1734.8,46.26,199.4,1
298.38,309.96,1445.1,32.98,84.7,0
300.27,310.56,1416.7,30.43,7.6,0
302.69,313.83,1404.6,43.17,203.9,1
299.66,309.56,1707.1,43.49,151.5,0
302.58,312.08,1511.3,41.48,89.7,0
300.95,311.75,1417.9,52.21,206.0,1
301.05,311.28,1531.0,43.45,161.3,1
299.66,310.61,1193.5,27.04,58.7,0
300.55,309.59,1495.0,19.37,50.1,0
300.99,311.74,1271.2,44.2,4.1,0
300.89,310.5,1460.3,49.32,236.0,1
299.36,308.46,1647.2,33.46,92.2,0
302.16,313.26,1337.1,42.54,130.2,0
300.22,309.27,1821.4,45.71,198.7,1
300.46,309.52,1238.6,46.34,187.9,1
299.9,309.71,1327.9,47.13,98.3,0
298.97,308.28,1556.6,40.53,41.2,0
296.96,307.91,1348.6,36.89,78.8,0
300.04,310.18,1442.3,41.24,160.3,1
303.25,313.55,1463.3,38.23,39.5,0
300.08,311.19,1626.7,34.71,93.7,0
299.05,307.78,1369.1,29.63,161.7,0
297.13,308.9,1465.6,54.21,34.7,0
299.6,308.17,1437.3,38.81,0.4,0
296.26,306.37,1504.9,30.27,226.8,1
299.76,309.55,1343.2,22.99,229.3,1
304.5,314.99,1547.5,33.63,70.4,0
298.63,311.06,1483.6,37.77,37.8,0
301.33,312.61,1583.8,50.51,12.2,0
298.63,308.7,1479.7,48.27,19.7,0
302.31,312.77,1228.8,23.06,166.6,0
302.26,310.35,1569.3,46.15,168.3,1
301.52,312.04,1617.4,42.35,226.6,1
299.1,308.23,1644.3,43.17,17.7,0
299.1,309.94,1370.8,36.27,239.6,1
301.94,311.6,1601.1,49.05,63.8,0
301.13,312.68,1514.6,40.96,26.3,0
298.08,307.19,1631.6,15.85,164.7,0
297.45,308.79,1662.4,37.07,91.5,0
303.11,311.81,1610.2,29.99,148.1,1
300.71,310.46,1657.2,37.39,198.3,1
297.72,308.62,1397.8,36.86,203.4,1
302.32,313.75,1304.1,42.79,219.6,1
303.04,313.86,1408.8,51.92,46.1,0
300.54,311.08,1447.4,41.67,101.8,0
300.49,310.4,1703.1,30.6,77.2,0
302.59,311.53,1370.1,32.95,206.5,0
300.8,312.24,1568.0,31.89,238.8,1
299.56,309.38,1668.2,55.43,114.5,1
302.95,313.52,1592.2,25.14,2.8,0
303.44,313.24,1300.7,46.89,9.1,0
299.32,310.43,1366.7,27.36,148.4,0
303.2,313.98,1402.7,36.49,50.7,0
295.58,305.75,1488.1,40.63,24.1,0
300.83,310.88,1505.5,35.84,188.2,1
298.32,306.96,1525.4,26.68,139.9,0
302.25,311.47,1552.3,26.35,124.9,0
301.87,310.45,1440.0,44.22,239.2,1
298.8,308.61,1463.0,33.9,10.9,0
300.43,311.71,1297.2,20.65,190.4,0
304.3,314.03,1437.4,51.5,156.5,1
299.73,311.56,1578.9,25.5,62.4,0
300.42,308.59,1287.4,42.69,99.0,0
299.8,310.29,1474.3,60.54,84.8,0
300.58,310.11,1457.4,59.55,177.7,1
302.52,313.17,1333.5,57.28,216.9,1
300.41,311.25,1452.7,21.68,199.6,0
296.88,305.4,1510.3,39.73,80.6,0
299.7,310.57,1830.6,57.66,218.2,1
300.55,309.27,1523.0,48.59,133.6,1
299.31,309.42,1616.0,43.54,0.4,0
298.94,308.61,1472.8,25.36,145.4,0
301.49,310.82,1443.4,34.37,80.0,0
298.08,308.75,1454.9,47.78,35.0,0
297.34,307.28,1686.5,20.99,54.1,0
301.3,311.42,1668.2,32.0,181.6,0
301.55,310.22,1515.0,30.51,151.3,0
302.53,313.38,1490.9,34.83,205.3,1
297.34,307.71,1405.3,48.64,19.6,0
299.1,310.42,1710.8,51.04,235.3,1
301.41,310.43,1678.0,46.13,42.5,0
299.19,309.13,1301.9,38.85,122.6,0
304.36,312.26,1107.1,43.27,199.5,0
300.52,310.78,1623.9,38.04,150.3,0
299.92,310.95,1564.9,57.99,49.8,0
295.85,305.7,1376.4,49.67,164.1,0
300.32,309.76,1743.5,28.27,45.6,0
298.88,309.17,1422.1,17.64,51.8,0
303.6,312.29,1421.4,43.58,35.2,0
297.01,307.17,1414.3,35.25,129.2,0
299.99,310.66,1417.2,38.02,88.9,0
299.34,308.96,1371.3,55.95,69.2,0
297.16,309.05,1508.8,27.42,194.8,0
298.25,307.58,1552.1,30.57,70.5,0
297.87,309.73,1454.5,41.75,155.4,1
297.32,306.73,1292.0,36.28,189.0,0
300.89,311.56,1528.2,36.4,27.7,0
299.91,311.01,1597.8,34.4,196.1,1
299.19,308.68,1409.0,34.71,239.6,1
300.51,310.65,1492.2,59.93,69.2,0
300.7,310.55,1592.2,39.87,92.4,0
300.99,313.0,1499.2,42.34,62.5,0
300.45,310.28,1209.4,19.74,229.8,1
298.48,308.25,1354.5,29.21,183.6,1
300.29,310.65,1509.4,47.18,195.3,1
299.81,311.12,1358.3,24.68,78.0,0
302.38,313.4,1222.2,37.66,36.3,0
301.87,311.91,1307.6,54.58,135.5,1
298.57,309.82,1341.9,74.96,199.6,1
301.5,311.22,1481.3,48.9,180.8,0
298.0,309.4,1614.0,51.54,14.9,0
299.76,310.02,1714.5,29.76,179.5,0
297.28,306.21,1301.2,43.24,167.5,1
301.36,312.31,1659.3,51.74,48.6,1
299.05,307.54,1664.0,42.22,170.7,0
298.64,309.63,1545.8,40.83,136.4,0
297.91,307.33,1469.2,38.13,75.6,1
298.5,308.9,1367.0,50.3,157.8,1
299.14,310.72,1508.8,47.3,156.9,1
296.72,307.32,1468.0,25.58,177.6,1
302.21,312.79,1315.0,48.63,16.5,0
302.03,311.25,1258.1,29.95,197.2,1
299.97,310.55,1488.9,32.28,193.2,1
302.97,313.22,1525.7,43.03,144.1,1
304.33,312.84,1576.4,36.78,70.6,0
300.52,310.92,1508.1,55.95,211.2,1
299.19,309.32,1561.6,51.17,88.9,1
299.7,310.05,1335.8,48.06,179.9,1
299.87,308.99,1402.4,34.03,62.9,0
297.8,307.11,1358.9,40.05,70.2,0
299.63,309.03,1735.6,38.7,48.0,0
301.72,311.53,1447.3,17.24,79.9,0
298.52,308.3,1367.3,68.32,144.1,1
300.2,310.96,1414.8,44.04,126.6,1
296.96,306.74,1670.2,50.17,112.8,0
299.47,309.58,1461.6,44.42,158.3,1
296.89,304.55,1324.6,31.57,238.3,0
303.17,314.33,1464.5,40.84,180.4,1
301.87,311.8,1562.2,48.02,38.9,0
301.01,310.13,1278.3,41.5,20.2,0
301.68,310.16,1576.9,42.7,105.2,0
303.82,314.42,1553.2,50.94,90.0,0
298.63,309.3,1394.4,54.67,193.0,1
300.51,310.43,1795.5,38.47,94.5,0
298.42,307.75,1601.3,55.86,136.4,0
298.26,308.96,1499.0,38.53,136.1,1
300.77,309.0,1428.1,42.64,16.0,0
300.37,309.19,1645.8,30.22,62.7,0
300.83,310.37,1428.3,39.08,35.0,0
299.49,309.5,1340.6,55.23,237.7,1
296.41,306.31,1307.8,48.99,85.6,0
297.9,307.52,1287.2,43.44,10.6,0
302.6,312.73,1513.8,29.37,109.0,0
301.5,311.55,1489.4,43.68,130.8,0
296.32,307.22,1221.2,40.65,117.3,1
297.8,309.1,1331.8,38.1,51.6,0
300.06,309.7,1408.9,44.42,195.6,1
298.08,306.48,1642.3,58.22,16.0,0
299.64,307.9,1841.9,39.51,7.5,0
297.23,306.5,1513.5,34.1,238.6,1
300.86,309.33,1488.8,35.34,115.9,0
300.38,311.97,1495.9,42.99,34.2,0
300.51,310.97,1417.6,43.99,11.4,0
299.35,309.2,1580.5,37.0,230.1,0
302.54,313.18,1810.6,36.53,134.8,0
303.04,313.81,1565.4,40.72,98.2,0
299.34,308.72,1485.2,33.73,73.3,0
299.58,310.08,1201.6,30.69,17.9,0
298.03,308.2,1297.0,31.14,126.6,0
299.55,310.14,1631.8,53.48,46.3,0
301.58,310.45,1177.9,30.65,54.6,0
301.32,311.81,1443.9,42.56,120.5,0
301.61,311.76,1418.6,41.46,212.2,0
301.18,311.45,1851.8,50.84,223.7,1
297.51,305.46,1572.9,34.03,155.1,0
297.19,306.47,1280.7,34.33,112.9,0
300.34,309.68,1483.2,42.16,87.0,0
300.12,309.8,1675.5,46.01,152.3,0
300.09,310.98,1371.9,31.14,170.1,1
298.33,307.24,1432.8,47.4,22.7,0
299.3,309.46,1698.1,40.11,226.5,1
298.43,308.42,1275.2,40.72,140.5,0
295.24,305.85,1293.9,39.06,143.1,1
301.82,310.87,1417.6,53.03,178.6,1
299.25,307.77,1763.3,42.02,168.4,1
301.04,309.54,1931.3,40.99,154.5,1
301.59,311.77,1611.5,40.99,6.1,0
295.52,305.83,1551.8,34.94,99.2,0
300.47,309.71,1565.4,41.95,229.1,1
298.96,307.6,1665.1,43.47,219.0,1
298.51,308.37,1494.0,39.78,80.1,0
299.59,308.71,1571.0,31.61,6.1,0
301.32,309.07,1798.8,30.33,120.2,0
301.75,312.23,1419.5,49.94,34.2,0
302.95,312.65,1385.7,39.48,119.6,0
297.69,308.14,1470.9,39.22,185.8,1
297.23,307.76,1541.9,45.58,151.2,1
298.95,306.86,1586.0,37.89,47.9,0
300.94,310.92,1470.4,47.29,238.8,1
299.05,311.03,1406.7,45.76,37.7,0
298.68,310.73,1392.9,41.09,211.3,1
300.51,311.57,1389.3,14.92,180.9,0
305.21,313.88,1633.0,29.45,27.0,0
295.96,306.09,1676.4,23.26,47.4,0
298.07,308.66,1445.4,30.51,192.8,1
301.66,313.13,1427.3,37.76,236.8,1
300.09,309.99,1480.0,52.43,29.8,0
302.62,311.2,1548.8,39.03,201.4,1
300.95,309.6,1650.2,40.95,142.1,0
302.06,312.51,1578.6,22.07,28.8,0
301.6,309.99,1733.0,58.62,129.2,1
300.61,310.3,1352.6,39.72,146.7,1
302.17,311.72,1561.6,37.0,170.5,0
299.54,310.52,1412.0,43.39,151.3,1
298.92,307.77,1667.4,29.35,163.7,0
303.07,312.57,1605.8,55.71,140.5,1
298.62,309.38,1656.3,46.21,142.6,1
300.01,310.6,1603.3,44.89,209.3,1
297.57,308.18,1576.8,42.58,181.2,1
302.59,314.1,1408.6,27.9,58.5,0
301.55,312.1,1602.2,34.08,136.4,0
302.2,312.97,1564.3,25.66,13.5,0
300.45,311.76,1416.3,42.79,206.3,1
302.05,312.04,1451.2,35.91,2.4,0
297.68,307.18,2005.9,41.41,234.2,1
299.03,308.51,1512.7,43.71,117.3,0
305.94,317.28,1687.2,34.13,103.5,0
303.43,312.55,1506.9,54.01,171.1,0
297.16,307.66,1668.6,33.38,97.7,0
295.72,307.29,1440.4,35.69,116.1,0
300.42,309.05,1612.2,23.2,56.8,0
296.47,306.01,1513.7,46.72,202.9,1
302.22,312.51,1296.7,51.19,155.4,1
302.82,312.99,1471.9,50.1,126.9,1
299.98,308.66,1624.3,18.17,107.1,0
298.85,309.3,1554.8,46.13,88.1,1
300.99,309.06,1503.9,43.0,76.3,0
298.84,308.19,1702.2,27.75,41.9,0
300.62,311.63,1575.4,18.77,172.8,0
303.87,312.24,1560.8,50.96,16.7,0
301.12,310.46,1528.6,40.2,118.9,0
300.08,310.31,1315.6,47.16,66.9,0
299.78,309.43,1431.7,32.03,27.3,0
300.1,311.46,1379.1,43.14,169.3,1
296.3,304.98,1558.1,51.69,217.1,1
299.53,308.01,1607.3,18.25,44.1,0
301.41,310.94,1653.1,49.2,228.6,1
301.27,311.59,1448.4,33.31,39.5,0
300.46,310.63,1383.4,34.24,148.4,1
300.44,310.29,1297.9,30.76,228.6,1
300.79,311.71,1673.0,56.71,194.6,1
300.99,309.77,1442.6,41.64,94.2,0
299.41,310.23,1767.4,53.25,222.0,1
297.26,308.84,1352.1,45.34,15.5,0
303.19,314.0,1501.6,37.45,54.8,0
303.29,312.16,1813.8,33.44,8.3,0
297.68,306.67,1412.4,55.1,24.9,0
298.97,308.78,1661.8,37.87,15.4,0
299.02,310.73,1615.8,29.78,155.7,0
299.34,308.19,1726.1,38.03,152.8,0
300.49,309.93,1495.2,42.04,35.0,0
299.18,309.81,1546.1,41.19,23.4,0
302.1,311.46,1523.0,40.86,59.6,0
298.57,308.87,1413.3,36.29,23.6,0
301.7,312.82,1406.1,47.99,128.1,0
297.98,308.91,1713.0,25.85,32.3,0
302.08,312.31,1487.9,56.78,226.4,1
300.13,309.91,1406.3,41.73,130.1,1
296.35,306.84,1671.7,41.81,108.8,0
300.37,310.7,1513.1,45.68,182.7,1
298.76,307.21,1347.9,38.67,191.8,1
303.34,313.34,1637.5,44.5,95.8,0
300.44,311.39,1523.8,30.28,186.0,1
303.34,313.73,1397.8,60.09,30.0,0
301.65,312.01,1623.9,46.16,238.7,1
302.17,312.09,1450.2,28.89,170.5,0
299.41,309.41,1279.9,26.04,141.8,1
294.86,303.07,1270.6,34.53,113.0,0
299.51,310.13,1489.6,22.96,156.6,0
302.64,313.01,1337.5,38.31,92.5,0
305.28,313.76,1525.2,42.28,86.2,0
300.23,309.04,1791.5,25.03,219.1,0
298.64,308.01,1631.3,38.13,236.5,1
298.17,308.46,1335.5,49.51,210.0,1
299.29,308.93,1767.4,40.4,126.5,0
298.18,308.11,1664.1,41.4,57.9,0
297.94,306.67,1427.2,42.86,17.0,0
297.28,307.11,1466.9,33.48,179.2,1
302.86,314.08,1236.2,25.72,91.3,0
302.15,313.0,1480.9,20.25,105.3,0
303.28,311.89,1470.1,28.44,126.4,0
300.84,312.25,1683.5,52.61,181.3,1
298.71,308.05,1163.8,59.37,96.3,0
303.28,312.69,1477.8,45.54,152.9,0
298.94,308.31,1734.1,48.68,88.5,0
300.32,309.48,1778.2,32.9,171.9,0
299.8,310.36,1182.9,17.59,230.2,0
301.32,311.16,1545.2,34.68,3.2,0
298.23,307.76,1462.9,61.28,128.8,1
304.72,316.27,1530.1,43.28,49.5,0
298.64,307.18,1417.4,55.56,121.9,1
298.75,308.65,1598.1,26.26,11.9,0
302.7,312.34,1614.5,50.26,9.7,0
303.24,311.29,1300.7,34.29,129.5,0
299.62,309.02,1416.6,39.97,123.6,0
298.82,310.19,1477.4,41.2,24.7,0
301.53,311.41,1342.2,51.73,238.6,1
301.29,313.11,1317.4,42.72,66.0,0
300.9,311.36,1425.7,43.09,53.6,0
301.34,311.86,1805.2,32.43,120.2,0
297.28,310.03,1335.4,21.25,23.8,0
300.09,309.67,1923.9,40.36,69.7,0
302.86,313.2,1426.8,42.48,84.0,0
302.68,312.85,1363.7,33.44,161.0,1
302.05,311.46,1478.2,36.0,68.9,0
304.25,312.5,1409.1,38.67,37.9,0
298.96,310.9,1620.4,47.62,82.3,0
300.57,311.03,1395.2,38.5,199.7,0
295.63,306.68,1677.8,35.42,95.1,0
300.86,311.23,1530.4,50.76,187.1,1
298.47,307.83,1599.2,47.79,91.6,0
301.43,311.94,1339.2,37.48,48.9,0
301.7,310.46,1186.1,47.26,49.5,0
301.7,312.97,1428.8,34.4,29.6,0
298.96,308.91,1741.2,37.51,178.8,1
298.69,308.46,1478.6,46.61,99.0,0
298.91,309.02,1410.5,23.02,167.0,1
299.89,310.33,1673.8,35.36,0.3,0
299.8,308.57,1384.9,45.75,116.8,0
297.66,308.68,1393.4,46.82,10.0,0
298.68,308.02,1326.3,40.31,84.7,0
304.0,316.72,1778.1,37.23,181.1,0
299.82,309.51,1479.7,36.06,5.2,0
299.19,308.87,1500.0,34.47,232.0,1
301.8,311.15,1729.9,45.98,108.6,0
301.43,312.39,1327.0,39.97,99.9,0
298.14,307.5,1360.6,38.73,152.7,1
298.86,310.38,1520.0,46.9,143.7,1
296.92,306.59,1444.0,52.2,228.8,1
298.67,307.57,1335.2,23.5,143.4,0
303.52,314.13,1381.1,46.23,132.5,0
297.04,304.57,1816.1,30.43,66.2,0
297.64,308.12,1434.5,37.46,221.1,1
301.76,311.77,1810.0,45.6,146.2,0
300.71,307.94,1628.6,53.91,141.8,1
301.24,311.32,1555.7,51.21,182.4,1
296.76,307.89,1440.4,54.61,205.1,1
300.49,310.27,1272.1,21.08,117.7,0
298.07,308.87,1467.7,32.18,45.7,0
297.04,306.53,1515.4,55.23,99.5,1
298.47,309.49,1504.3,27.08,49.1,0
297.48,307.94,1551.2,38.6,102.7,0
298.92,307.11,1572.9,36.64,150.3,0
302.21,312.24,1470.1,52.46,101.1,1
298.75,308.89,1397.3,32.79,29.3,0
299.09,308.13,1501.2,37.03,41.8,0
300.85,311.36,1754.0,32.88,39.8,0
301.4,310.86,1398.1,52.85,178.1,1
300.89,310.65,1461.9,40.78,7.9,0
302.73,311.38,1473.3,42.75,123.4,0
300.37,309.66,1475.2,51.85,16.4,0
296.75,306.47,1450.7,49.71,60.4,0
300.52,311.08,1354.7,47.11,174.2,0
299.71,309.59,1383.7,45.9,208.2,1
299.81,309.7,1594.3,45.02,23.8,0
300.44,310.84,1280.9,43.71,222.9,1
296.6,306.83,1371.3,41.11,14.9,0
300.87,312.33,1487.2,30.64,85.4,0
300.28,310.65,1680.6,30.59,33.8,0
298.55,308.69,1721.7,20.83,17.4,0
300.27,309.84,1758.5,44.39,46.2,0
298.14,308.35,1490.3,34.61,54.4,0
301.31,312.33,1224.9,31.91,95.5,0
298.44,308.96,1182.0,28.26,183.7,1
299.73,309.93,1501.6,40.78,38.2,0
300.82,311.46,1562.4,40.81,141.9,1
303.39,314.61,1539.0,40.7,136.4,1
299.33,308.14,1538.3,30.93,200.0,0
302.21,312.51,1465.8,47.07,117.6,1
297.94,306.48,1442.7,51.92,225.2,1
303.75,313.67,1638.0,45.27,75.6,0
300.84,310.74,1535.9,47.51,185.1,1
300.93,310.7,1417.8,44.72,91.9,0
302.42,312.56,1638.0,37.05,222.4,1
300.33,307.97,1444.3,38.55,225.0,1
298.48,308.7,1489.3,29.86,154.2,0
301.47,310.22,1481.2,44.65,132.5,1
301.34,311.77,1385.2,46.65,3.6,0
298.63,308.41,1508.4,39.06,181.5,1
299.17,308.28,1584.3,45.55,13.8,0
298.62,309.05,1733.6,45.37,225.0,1
297.2,308.3,1644.3,22.33,174.8,0
297.93,308.48,1492.2,16.24,205.5,1
301.39,310.65,1441.4,36.33,151.7,1
300.28,310.0,1337.3,49.4,53.7,0
299.41,310.09,1360.5,46.3,125.9,1
298.14,308.75,1644.2,42.79,199.8,1
299.53,309.18,1438.5,30.21,223.9,1
296.75,305.58,1432.5,26.34,169.8,0
304.07,314.65,1491.8,40.59,174.2,0
302.48,314.05,1612.1,23.82,22.2,0
298.12,308.55,1505.2,50.79,100.4,1
300.99,310.79,1726.4,31.49,198.8,1
301.8,313.83,1180.1,55.5,0.3,0
303.68,312.23,1261.1,33.06,194.8,0
302.75,312.04,1571.0,51.46,86.2,0
300.3,311.36,1524.5,52.78,188.9,1
300.61,312.21,1266.6,37.67,159.2,0
300.46,311.17,1503.7,43.9,216.7,1
298.72,309.97,1359.3,26.81,3.6,0
297.5,307.9,1487.5,31.27,195.4,0
302.45,313.87,1425.3,30.83,182.7,1
303.82,313.12,1253.0,40.33,70.1,0
298.92,309.57,1354.5,41.99,151.8,1
301.72,311.02,1656.1,50.44,78.2,0
298.8,309.15,1566.8,29.35,83.9,0
300.11,312.04,1651.2,33.28,161.8,1
296.91,307.13,1319.1,33.71,3.2,0
300.91,309.99,1499.0,52.22,167.1,1
300.92,310.41,1354.4,36.76,133.2,1
298.52,309.48,1565.1,53.68,163.1,1
298.0,307.85,1543.1,43.52,118.5,0
297.26,307.99,1380.9,30.06,131.2,1
299.86,310.62,1661.5,27.99,100.1,0
300.44,311.67,1644.7,34.67,36.5,0
302.62,312.49,1387.3,49.08,16.3,0
295.07,304.81,1672.0,25.76,117.2,0
294.24,305.63,1398.2,35.79,226.4,1
300.25,310.45,1536.4,32.41,90.0,0
304.09,314.5,1383.5,52.69,43.8,0
298.78,308.19,1720.1,34.82,194.3,1
299.4,307.86,1522.0,31.43,215.5,1
295.98,305.07,1338.9,37.48,76.0,0
299.25,308.98,1845.8,32.61,84.0,0
297.05,306.79,1491.8,44.37,203.2,0
303.0,311.47,1514.0,52.56,92.9,1
302.23,312.71,1524.8,51.11,17.1,0
301.92,311.23,1626.1,29.28,124.5,0
297.63,306.96,1436.5,33.94,10.8,0
301.41,311.11,1385.4,39.82,101.5,0
293.76,303.91,1290.3,48.83,165.5,1
299.77,309.98,1600.6,45.31,146.3,1
297.42,307.71,1582.5,34.05,55.9,0
301.49,310.02,1426.7,25.88,188.7,1
301.54,310.59,1471.8,44.74,215.9,1
303.43,315.33,1580.8,40.76,147.8,0
300.25,310.61,1762.8,32.28,125.2,0
296.64,307.43,1315.7,43.05,198.2,1
298.48,308.71,1216.5,35.55,208.5,1
304.23,315.13,1423.3,30.84,186.2,1
298.9,308.85,1431.5,31.97,104.3,0
303.91,315.45,1608.9,45.02,104.3,1
299.94,309.59,1647.3,43.2,7.9,0
300.5,310.8,1600.2,33.72,228.2,1
297.33,307.06,1224.4,37.29,98.9,0
302.71,312.72,1411.5,29.4,213.3,0
299.0,308.13,1564.1,49.85,4.4,0
300.7,312.21,1337.4,33.79,58.1,0
299.39,310.63,1600.4,49.28,223.1,1
300.43,310.49,1552.5,40.18,8.8,0
302.09,311.68,1331.0,64.32,73.1,1
298.31,307.86,1695.7,39.28,239.7,1
302.58,312.92,1576.3,39.73,66.7,0
302.84,314.09,1359.3,35.04,161.7,0
299.72,310.21,1738.3,25.82,218.4,1
300.44,313.07,1284.9,38.34,235.7,1
299.92,310.81,1481.6,42.36,8.6,0
297.77,308.49,1412.7,53.85,119.2,0
300.07,310.05,1490.8,31.14,132.0,0
300.41,310.09,1474.3,43.76,9.2,0
299.42,307.82,1286.5,46.43,37.7,0
303.21,312.32,1281.2,32.83,184.9,0
299.68,309.74,1341.5,25.46,206.5,1
299.31,309.08,1651.6,33.63,228.9,1
303.61,315.49,1551.6,47.35,106.4,1
296.91,306.86,1301.7,39.61,173.0,1
298.88,308.89,1636.9,34.67,92.2,0
301.7,312.9,1570.9,31.89,234.5,1
301.9,312.98,1695.0,53.68,111.6,0
297.0,307.71,1722.2,31.59,88.5,0
300.29,310.66,1459.1,44.03,186.8,1
301.88,313.06,1529.9,31.45,132.4,0
299.96,309.29,1447.1,50.74,147.4,1
301.02,310.82,1532.0,28.73,178.4,0
303.44,315.24,1402.3,31.16,175.5,0
302.27,311.69,1607.1,32.5,5.4,0
299.19,309.94,1559.7,32.15,134.2,1
300.16,310.37,1323.8,43.26,64.2,0
301.63,311.48,1439.5,45.96,130.8,1
301.05,309.63,1523.2,54.66,7.5,0
298.36,308.36,1577.8,30.33,150.2,0
300.65,309.85,1210.2,24.15,192.1,0
300.2,309.9,1372.0,57.94,138.0,1
303.55,314.35,1822.6,51.0,142.1,1
302.69,313.24,1446.0,40.32,163.5,0
298.66,305.87,1809.8,30.79,125.7,0
301.7,310.84,1604.1,55.66,116.0,0
301.84,313.03,1622.8,55.74,227.5,1
300.21,311.2,1669.4,43.9,7.4,0
301.23,311.97,1594.5,38.89,89.8,0
299.08,308.8,1341.6,44.67,106.1,1
302.25,312.44,1322.9,33.2,19.3,0
297.92,307.36,1765.1,22.32,96.0,0
297.07,308.72,1452.7,54.3,125.2,0
298.05,306.86,1586.4,49.7,201.8,1
300.41,309.67,1260.0,51.73,46.6,0
299.21,309.97,1449.2,42.47,45.4,0
303.08,312.23,1272.1,41.9,111.0,1
297.92,305.55,1493.0,48.53,113.5,0
303.07,312.58,1523.8,45.89,122.2,1
301.01,312.34,1547.9,49.5,48.5,0
300.64,309.61,1461.6,45.57,43.6,0
300.51,310.37,1399.7,28.6,205.2,1
301.69,312.29,1591.9,36.91,180.7,1
299.43,309.76,1556.2,40.64,27.9,0
301.32,311.36,1456.0,45.58,9.8,0
297.21,308.02,1564.7,51.55,24.5,0
296.45,305.63,1524.1,34.42,41.9,0
296.31,305.68,1537.6,65.43,4.4,0
299.2,308.65,1645.8,53.58,32.8,1
300.67,311.05,1284.3,55.46,86.6,1
301.87,313.55,1322.0,37.59,203.9,1
300.26,309.53,1496.3,37.03,221.2,1
300.02,311.07,1646.8,47.74,216.8,1
301.22,311.85,1454.1,45.97,110.0,0
299.65,309.41,1683.1,37.49,192.2,1
298.75,307.62,1661.5,24.15,58.3,0
300.8,310.01,1715.2,36.18,182.1,1
299.22,309.49,1702.9,29.43,41.0,0
298.09,306.97,1599.0,36.65,45.0,0
300.66,309.62,1488.6,36.75,44.9,0
301.35,310.6,1276.0,46.46,87.4,0
300.79,312.86,1488.6,37.6,68.6,0
301.22,311.0,1430.5,41.16,149.2,0
297.87,308.15,1559.6,34.75,221.4,1
297.96,306.46,1493.1,47.03,60.2,0
300.79,310.39,1439.3,35.71,123.3,0
302.29,311.35,1417.1,33.51,54.3,0
301.3,311.46,1525.8,30.35,215.5,1
301.02,310.0,1684.9,35.35,94.5,0
297.47,307.29,1392.4,11.25,125.9,0
300.86,310.98,1515.1,56.15,21.9,0
299.8,309.0,1293.0,50.65,18.5,0
300.48,310.75,1495.9,42.32,54.5,0
299.31,311.95,1392.6,34.11,135.4,1
300.29,309.86,1253.8,32.41,63.9,0
297.47,308.12,1650.8,43.92,109.0,1
294.31,303.59,1811.7,38.81,236.7,1
301.22,310.67,1298.9,46.74,120.6,1
300.7,308.57,1700.0,32.46,213.0,0
296.72,305.41,1556.3,45.17,31.0,0
297.89,306.19,1385.6,33.5,172.1,0
296.48,307.96,1533.4,20.62,169.3,0
296.89,304.98,1618.5,45.77,205.9,1
299.42,309.97,1212.2,25.69,126.8,0
298.36,307.54,1583.0,41.55,6.6,0
300.29,309.95,1417.8,36.63,229.3,1
296.79,306.3,1823.0,50.56,202.7,1
300.15,309.05,1416.6,38.89,161.6,1
299.22,308.95,1487.9,43.09,57.6,0
302.57,313.05,1860.5,33.69,223.5,1
301.78,311.94,1575.6,44.61,169.5,1
300.45,311.17,1351.9,45.18,198.8,1
302.7,312.0,1766.3,31.1,96.7,0
299.19,308.91,1291.4,35.12,225.2,1
301.42,311.28,1395.2,44.34,179.3,0
297.99,307.48,1523.6,48.18,67.8,1
299.17,308.77,1324.6,48.29,137.7,1
298.17,308.21,1580.3,42.69,146.0,1
296.91,306.47,1657.4,35.75,134.3,1
300.29,310.44,1439.9,42.84,31.2,0
298.8,309.31,1382.4,40.48,182.2,1
302.12,311.65,1329.6,41.57,32.1,0
300.43,310.73,1480.3,38.89,223.9,1
300.7,311.36,1383.9,64.97,83.8,1
302.03,311.86,1466.1,41.07,192.9,1
299.81,310.03,1530.1,40.53,198.4,1
298.62,309.82,1553.8,39.91,192.4,0
301.54,311.47,1729.4,40.29,34.1,0
299.41,310.47,1522.7,49.35,109.4,1
298.64,306.88,1360.7,55.43,154.1,1
295.95,306.65,1708.2,51.91,28.2,0
297.65,308.74,1452.2,31.86,30.9,0
301.19,312.83,1284.8,39.55,13.4,0
299.38,310.3,1601.5,65.84,19.0,0
299.99,307.66,1427.9,51.33,186.5,1
300.84,310.58,1400.2,31.46,30.4,0
300.8,311.35,1286.9,37.03,64.3,0
300.45,309.1,1482.2,34.78,167.1,1
300.38,309.47,1415.4,51.1,102.6,1
298.57,308.29,1255.8,43.69,199.7,0
300.41,308.91,1536.3,27.1,98.5,0
305.89,314.6,1584.4,30.98,74.5,0
301.77,311.8,1509.0,42.98,1.2,0
299.23,309.7,1354.8,42.12,221.4,1
299.86,308.18,1420.8,60.25,112.8,0
302.17,313.34,1386.2,36.92,6.7,0
299.39,310.49,1372.4,37.69,143.1,1
296.62,307.2,1460.6,16.77,14.7,0
298.92,309.15,1558.6,49.08,22.9,0
300.72,311.69,1526.8,25.65,68.9,0
299.9,309.84,1330.7,46.86,200.3,1
298.21,307.07,1654.9,31.53,229.8,1
299.09,311.02,1529.9,39.79,0.9,0
300.89,310.21,1423.5,43.92,193.5,1
302.96,312.16,1605.1,52.99,218.9,1
300.46,309.98,1499.2,19.8,156.8,0
299.69,311.09,1329.6,37.19,174.8,0
300.97,310.84,1634.5,38.89,17.2,0
301.99,309.84,1563.6,28.5,210.3,0
301.29,312.07,1422.8,37.74,190.2,1
299.02,309.44,1468.2,49.08,214.8,1
300.37,310.56,1693.5,34.39,174.2,0
302.91,313.71,1545.2,37.55,19.8,0
300.34,312.59,1415.3,34.77,129.2,0
300.41,311.48,1518.9,49.21,140.1,0
300.99,310.0,1354.5,48.16,226.3,1
299.57,310.31,1729.4,21.95,51.4,0
297.84,307.48,1661.3,52.12,206.1,1
301.4,309.81,1463.8,37.76,169.7,0
303.44,314.24,1402.4,51.21,36.9,0
299.02,308.35,1497.9,24.55,92.8,0
302.03,310.73,1816.1,44.76,46.3,0
299.97,309.06,1276.3,53.28,79.1,0
298.44,308.91,1297.0,31.03,64.8,0
302.2,313.53,1507.8,25.79,212.9,0
300.42,311.52,1498.4,38.28,99.1,0
299.51,311.63,1732.0,39.39,233.1,1
298.89,308.31,1499.9,41.12,199.5,1
298.13,308.68,1527.2,65.51,17.1,0
302.25,311.49,1521.0,30.58,141.6,0
299.85,310.21,1489.9,44.6,141.4,0
298.65,310.33,1548.5,38.72,175.8,1
299.26,311.63,1548.5,45.97,115.4,0
300.16,307.73,1738.6,47.06,166.2,1
301.24,311.26,1253.8,58.0,71.1,1
298.25,307.46,1170.0,31.44,131.2,0
297.62,307.56,1521.7,33.43,83.6,0
296.42,305.56,1298.4,32.18,51.5,0
299.05,309.02,1738.2,17.19,189.1,0
300.4,310.64,1405.1,50.64,149.2,0
300.75,311.31,1648.9,48.41,18.1,0
297.87,307.63,1686.4,33.87,145.4,0
302.12,309.21,1687.0,42.08,85.9,0
302.38,313.16,1261.7,47.16,181.5,1
298.21,307.64,1498.7,28.13,189.0,0
302.05,310.35,1332.8,28.03,42.5,0
299.21,310.69,1618.4,34.74,198.6,0
298.94,307.31,1589.9,33.5,18.3,0
301.76,311.63,1432.1,26.44,96.7,0
300.36,310.13,1535.7,23.38,220.0,1
299.51,307.69,1279.0,44.77,200.0,0
299.39,307.83,1579.5,31.71,176.3,1
301.49,311.87,1432.2,30.53,208.4,1
300.97,311.39,1357.9,45.49,214.1,1
298.2,306.73,1404.5,51.32,27.4,0
301.27,311.94,1756.0,48.65,39.2,0
301.66,311.6,1507.1,42.32,81.4,0
299.84,309.25,1356.1,49.42,56.3,0
299.01,308.11,1511.2,49.31,139.2,1
300.99,311.83,1716.5,34.18,64.7,0
299.2,309.57,1564.4,25.23,210.1,0
298.72,307.78,1244.2,47.39,25.5,0
301.5,310.13,1463.9,50.74,180.2,1
300.16,307.89,1121.3,37.93,113.3,0
297.57,309.0,1434.5,26.05,122.6,0
297.7,305.58,1614.1,45.54,75.0,0
299.87,310.65,1431.3,48.77,48.0,1
302.66,313.14,1765.7,40.73,185.0,1
297.34,307.45,1530.2,32.18,71.3,0
300.73,311.52,1367.0,42.27,144.7,1
297.87,308.75,1432.9,34.04,52.9,0
298.19,307.35,1592.2,39.47,22.3,0
300.73,312.07,1539.3,29.95,66.8,0
300.18,308.49,1603.6,40.25,190.1,0
299.14,310.48,1824.9,32.15,36.3,0
296.41,306.2,1600.6,36.49,69.0,0
301.13,311.28,1292.7,35.37,148.7,1
299.15,309.79,1430.6,39.0,92.6,0
297.96,307.63,1609.3,38.9,128.6,0
301.6,311.51,1517.0,38.38,128.5,1
300.48,311.1,1391.8,46.52,186.6,1
297.66,307.91,1503.7,42.3,25.3,0
301.29,310.81,1513.7,57.39,102.2,1
299.34,310.6,1543.1,27.47,181.4,0
299.79,311.59,1378.1,63.48,212.7,1
299.95,308.1,1369.3,35.05,3.1,0
299.19,309.38,1482.9,47.29,239.8,1
299.29,309.43,1419.4,52.53,178.5,1
297.15,306.91,1532.8,28.42,94.5,0
302.39,312.4,1429.9,43.92,232.1,1
297.26,305.69,1334.2,29.05,64.7,0
298.91,308.61,1414.7,47.25,223.2,1
298.49,310.52,1569.4,47.34,176.3,1
301.44,311.91,1692.4,32.15,48.9,0
301.94,312.34,1410.3,39.97,101.2,0
298.67,306.28,1387.4,29.19,24.7,0
299.25,307.85,1644.2,27.72,83.8,0
301.26,312.16,1758.2,32.5,142.9,0
301.92,311.98,1455.4,46.97,4.7,0
300.4,310.26,1742.5,40.5,132.6,1
302.12,311.23,1578.1,23.87,188.2,1
297.54,308.24,1518.8,46.61,111.9,0
296.97,307.36,1475.9,39.53,161.7,0
303.85,314.49,1486.1,47.39,206.4,1
299.41,311.36,1566.3,37.76,235.9,1
302.08,311.8,1580.4,34.91,26.7,0
299.66,310.84,1548.0,32.96,18.4,0
300.65,309.22,1401.2,32.33,159.9,0
302.63,314.65,1389.6,25.11,150.8,0
299.53,309.4,1262.5,39.01,99.0,0
301.78,310.31,1607.1,43.59,41.4,0
301.26,312.49,1325.9,49.13,140.7,0
302.06,313.13,1384.1,37.52,86.3,0
295.06,304.01,1443.3,32.72,33.2,0
299.83,310.84,1212.5,46.3,151.0,0
301.27,311.36,1601.4,44.87,188.5,1
298.51,307.99,1251.7,45.72,189.5,1
299.81,309.01,1522.4,21.07,234.2,0
303.47,313.65,1714.2,43.05,122.9,1
299.38,308.96,1496.0,56.24,7.3,0
299.21,307.84,1454.9,34.8,119.2,0
298.61,306.89,1497.7,54.24,51.6,0
302.64,311.63,1429.2,29.97,55.4,0
302.0,311.03,1621.5,33.1,139.7,0
300.93,310.18,1414.5,49.81,187.9,1
301.8,311.81,1143.9,36.76,232.1,1
302.24,312.52,1538.6,33.41,184.0,1
300.04,310.23,1632.4,37.04,160.8,1
300.53,310.48,1771.3,54.09,130.8,1
299.15,309.62,1202.9,34.75,145.7,0
302.14,311.54,993.5,32.93,197.1,1
297.78,307.42,1464.3,36.36,15.4,0
300.12,310.17,1495.1,33.58,197.8,1
300.03,309.93,1463.8,50.81,12.8,0
298.02,308.2,1460.6,33.96,199.3,0
300.82,310.74,1543.2,28.08,98.1,0
301.77,311.81,1368.6,27.97,105.2,0
298.45,309.34,1409.1,43.4,155.3,0
299.6,309.96,1441.8,33.29,196.6,1
298.88,307.23,1609.7,27.78,200.8,0
300.16,310.82,1701.0,45.48,66.8,0
302.46,312.94,1507.0,37.46,133.3,0
296.98,307.96,1339.7,49.01,71.7,0
297.24,307.41,1748.5,34.54,188.3,1
303.02,312.22,1482.2,56.94,26.7,0
302.19,310.91,1451.6,61.13,20.3,0
300.0,307.55,1474.2,23.16,141.9,0
297.0,306.03,1552.9,33.45,151.2,0
300.97,309.83,1711.5,49.44,101.1,0
298.87,308.6,1380.5,37.55,187.9,0
303.56,311.86,1507.2,44.25,33.6,0
301.29,310.56,1617.4,22.58,151.5,0
297.36,307.79,1386.5,24.99,190.6,1
303.75,313.49,1674.3,50.3,184.9,1
298.46,309.24,1753.9,32.26,64.7,0
303.76,312.08,1490.9,35.03,90.2,0
298.37,305.32,1453.7,53.39,15.7,0
296.53,306.5,1357.3,50.87,176.9,1
296.1,308.09,1401.6,43.55,147.2,1
299.49,311.14,1662.4,44.27,75.4,0
300.4,311.69,1394.2,43.13,136.7,0
300.28,311.17,1573.3,42.22,113.5,0
297.0,308.29,1732.4,32.74,44.7,0
299.73,311.31,1627.2,49.72,168.2,1
302.43,312.12,1573.7,36.7,216.7,0
300.63,311.46,1373.6,30.05,58.4,0
299.69,309.71,1329.8,36.94,52.8,0
299.58,309.33,1268.7,49.85,59.0,0
301.94,310.79,1359.2,46.05,49.4,0
300.17,308.93,1673.8,28.95,139.7,0
300.8,309.96,1438.1,51.75,138.3,0
299.32,311.42,1392.4,22.04,50.3,0
299.97,308.87,1650.6,42.38,39.5,0
301.31,312.83,1488.4,39.82,111.1,0
300.46,310.13,1485.6,64.22,30.7,0
302.03,313.18,1278.8,32.94,58.0,0
301.1,311.87,1555.5,33.1,115.2,0
299.8,309.93,1598.0,34.46,176.7,0
299.85,309.38,1648.8,38.36,89.9,0
297.86,306.5,1457.0,42.01,106.7,0
302.22,314.13,1728.7,48.4,169.4,1
298.38,309.25,1175.8,52.37,9.0,0
299.59,309.61,1768.9,31.04,30.3,0
299.32,310.75,1288.7,50.61,60.3,0
299.46,310.51,1772.2,41.46,91.3,0
299.4,308.49,1296.4,56.58,198.5,1
298.31,308.49,1366.3,54.44,215.9,1
298.34,308.29,1620.7,27.02,110.4,0
299.57,310.37,1249.9,39.2,180.5,1
298.24,309.77,1623.7,40.65,56.5,0
298.86,309.92,1415.3,42.86,190.1,1
300.01,311.34,1496.7,47.63,65.2,0
297.46,308.26,1458.3,47.84,223.4,1
304.36,314.96,1468.3,61.74,60.6,1
298.36,308.35,1447.4,36.92,113.1,1
298.62,309.44,1071.8,36.33,77.7,0
300.07,311.8,1549.6,22.94,212.2,0
299.52,309.72,1339.3,16.53,81.4,0
296.74,306.05,1559.7,42.68,44.8,0
299.95,310.26,1779.4,50.0,192.2,1
302.44,312.78,1547.7,36.29,185.8,1
300.49,310.84,1656.3,40.19,49.2,0
300.57,311.51,1301.5,40.74,69.5,0
301.13,311.39,1485.0,53.29,146.4,1
298.98,308.88,1447.9,50.41,191.4,1
298.98,309.69,1696.0,28.91,40.4,0
301.59,314.44,1646.2,46.27,37.8,0
301.73,310.71,1585.6,39.4,155.6,1
301.71,311.05,1454.7,23.41,19.1,0
298.04,308.39,1400.6,41.66,211.1,1
300.73,311.85,1512.1,44.09,206.0,1
300.44,312.04,1504.2,38.57,221.3,1
297.76,306.03,1397.2,42.34,100.9,0
301.1,312.09,1431.3,36.37,195.3,1
297.56,309.36,1701.1,45.25,63.6,0
302.17,310.33,1421.0,39.01,182.1,0
300.67,308.47,1568.3,38.43,29.4,0
300.12,308.87,1228.0,47.07,192.5,0
299.06,310.67,1586.4,29.02,173.1,1
295.87,305.57,1513.2,19.7,212.3,0
299.15,309.32,1691.9,44.32,218.2,1
302.12,312.16,1383.3,52.29,211.9,1
300.14,310.55,1331.8,49.11,98.5,0
304.57,315.58,1562.0,40.13,0.8,0
299.49,309.31,1223.1,37.99,146.6,0
299.6,310.81,1152.9,39.66,110.2,0
300.01,308.43,1358.3,42.47,34.0,0
297.82,308.35,1386.9,37.85,161.7,0
299.09,310.21,1596.4,53.25,48.7,0
302.46,313.87,1448.9,42.08,165.9,1
301.11,308.33,1462.8,42.43,197.7,0
300.65,309.63,1484.1,26.53,150.5,0
299.53,311.16,1602.9,27.35,214.2,1
303.65,312.47,1437.5,26.79,189.2,0
302.11,313.55,1802.6,46.1,26.5,0
300.96,309.66,1602.3,45.14,236.7,1
302.91,312.93,1384.4,30.74,225.5,1
300.18,309.37,1619.7,30.94,71.4,0
298.75,309.72,1795.9,43.08,65.9,0
299.77,309.8,1497.5,41.81,58.2,0
301.5,311.4,1345.9,32.51,233.3,1
297.67,307.27,1594.7,34.35,204.3,1
300.73,308.48,1423.2,51.51,112.2,0
300.32,311.73,1920.4,28.38,86.4,0
296.94,306.89,1509.1,48.4,137.1,1
301.41,311.93,1636.3,27.89,235.8,1
303.75,313.99,1551.9,54.37,138.4,1
300.46,311.96,1377.3,43.11,187.2,0
303.35,314.01,1956.6,31.65,7.5,0
295.12,302.27,1750.0,27.28,206.3,0
299.83,308.57,1553.4,27.76,193.8,1
299.02,310.59,1463.5,35.08,181.6,0
300.79,310.46,1656.5,39.86,78.4,0
298.8,308.01,1382.9,33.35,82.9,0
302.94,312.31,1492.6,35.95,77.2,0
299.46,309.1,1744.2,40.12,237.6,1
303.15,314.69,1539.3,38.84,211.6,1
299.26,308.65,1344.7,42.25,46.3,0
303.82,313.58,1349.2,52.33,121.2,0
300.91,310.84,1192.9,46.33,202.2,1
300.97,310.69,1919.4,28.66,214.1,0
300.51,312.57,1471.4,50.91,27.5,0
299.48,308.79,1451.8,53.3,194.3,1
299.88,310.07,1474.9,40.77,1.6,0
301.18,311.47,1739.0,23.94,82.3,0
299.35,311.15,1610.8,52.0,226.7,1
304.04,312.33,1235.5,27.94,97.6,0
301.14,310.15,1506.1,30.27,217.1,1
298.75,310.04,1354.2,40.69,27.1,0
300.98,310.01,1503.4,49.67,235.6,1
299.49,309.48,1627.5,43.18,183.2,1
298.74,310.06,1331.9,37.71,212.1,1
298.76,309.12,1273.1,42.36,180.6,1
305.82,315.18,1604.1,35.93,46.3,0
298.08,308.13,1521.6,23.89,59.8,0
295.48,306.9,1329.6,42.32,162.2,1
303.24,312.25,1421.8,30.76,225.6,1
300.62,310.57,1573.8,43.2,2.5,0
301.0,310.04,1384.8,51.23,122.6,1
299.69,308.37,1497.6,28.98,15.8,0
301.29,309.94,1865.4,36.79,204.8,1
300.99,309.71,1652.3,41.88,39.5,0
298.73,308.87,1503.4,39.62,205.9,1
300.15,308.08,1322.3,18.93,49.2,0
300.42,308.34,1776.5,27.43,81.3,0
297.98,309.77,1567.8,44.82,156.2,1
301.81,310.73,1238.4,48.34,239.3,1
303.08,313.46,1349.3,59.59,96.6,1
301.21,312.6,1528.8,37.99,117.7,0
299.56,310.51,1641.0,44.55,3.2,0
304.34,313.65,1472.3,25.88,15.1,0
299.38,307.96,1737.8,41.05,235.2,0
300.4,310.35,1526.2,21.69,49.2,0
299.43,309.8,1631.7,48.96,108.5,0
300.63,309.71,1547.6,39.11,35.0,0
295.9,306.33,1517.2,10.94,226.4,1
298.12,308.43,1547.0,35.82,27.2,0
304.22,314.38,1687.5,42.39,59.5,0
297.75,306.67,1421.4,37.18,51.6,0
302.58,312.19,1389.6,43.9,236.1,1
300.87,309.52,1460.5,33.03,135.2,0
302.77,312.65,1497.6,25.27,222.0,1
299.35,309.08,1307.0,22.98,63.5,0
299.64,309.43,1608.0,63.0,221.9,1
299.8,310.53,1227.5,32.99,203.5,1
302.42,312.82,1583.1,20.82,12.3,0
302.47,311.79,1324.3,35.97,74.4,0
304.21,316.44,1538.2,42.44,165.3,1
295.65,302.87,1524.1,52.11,139.3,0
299.77,310.7,1532.5,52.45,214.6,1
303.06,313.91,1519.0,31.78,237.5,1
299.4,309.62,1220.7,34.03,113.9,0
299.18,308.8,1507.5,35.13,24.7,0
298.23,307.88,1225.9,49.63,37.9,0
297.68,306.89,1389.5,34.9,198.4,1
299.47,308.87,1604.3,39.09,233.3,1
302.1,311.58,1513.6,50.52,177.6,1
302.35,311.99,1233.4,22.57,212.3,1
302.95,312.54,1362.0,41.27,213.2,1
296.65,305.44,1395.6,29.25,179.4,1
297.94,305.78,1321.5,38.18,54.4,0
300.67,310.74,1465.3,39.43,33.8,0
299.67,309.97,1502.6,33.24,175.2,1
297.91,306.29,1384.5,51.28,198.0,1
297.68,308.33,1578.4,20.75,133.8,0
303.87,315.47,1394.6,41.24,225.2,1
299.98,309.53,1450.0,36.8,183.9,1
298.4,309.35,1526.0,53.96,238.9,1
297.93,306.74,1639.0,47.1,215.7,1
300.11,309.76,1325.7,36.0,223.4,1
298.76,306.23,1491.8,44.19,223.2,1
299.6,309.38,1670.3,41.05,99.3,0
298.36,308.51,1303.1,52.03,76.4,0
298.41,308.24,1455.6,27.97,223.1,1
296.95,305.67,1415.8,26.79,129.8,0
300.97,311.27,1502.5,28.83,170.9,0
302.41,311.35,1594.9,50.07,112.2,0
299.95,310.06,1451.0,40.81,35.7,0
301.33,312.09,1545.3,24.55,238.1,1
301.61,312.83,1433.2,43.04,129.6,0
302.83,312.34,1525.6,38.45,145.7,0
300.73,311.43,1734.8,40.58,29.8,0
298.1,309.01,1514.4,35.85,237.5,1
300.05,311.18,1503.4,39.73,187.7,0
299.83,308.48,1624.6,41.82,174.0,0
301.54,311.84,1638.6,58.76,19.0,0
296.06,304.68,1776.2,35.47,147.5,0
299.88,310.99,1625.2,47.96,156.1,1
298.24,309.37,1474.3,29.67,54.1,0
298.77,308.72,1496.0,38.35,24.8,0
296.27,305.6,1370.7,27.17,179.9,0
299.8,310.11,1532.5,55.86,140.0,1
300.12,308.36,1548.7,46.64,158.9,1
301.72,312.47,1387.0,38.04,43.7,0
305.93,317.36,1532.2,24.02,50.0,0
302.33,311.75,1340.2,27.2,2.4,0
299.6,310.74,1240.4,60.2,114.0,1
301.37,311.24,1345.3,33.58,83.1,0
297.87,308.59,1227.1,33.6,216.3,1
298.45,308.14,1608.3,34.23,105.0,0
299.72,309.15,1363.1,47.12,111.9,0
300.66,310.27,1478.3,33.17,210.7,1
299.97,310.34,1687.3,30.48,81.1,0
300.99,311.67,1675.2,32.47,139.2,0
304.59,313.19,1656.5,46.88,226.8,1
301.3,311.84,1641.2,56.89,230.3,1
297.33,306.29,1342.5,46.92,13.8,0
296.87,307.38,1661.6,62.37,233.9,1
298.93,309.0,1446.7,29.77,7.5,0
300.99,310.19,1460.8,46.77,136.9,0
301.14,310.11,1326.7,30.95,80.7,0
303.84,313.95,1340.6,47.07,10.3,0
300.24,311.86,1788.1,44.71,146.3,0
295.05,305.43,1637.7,36.16,169.6,1
302.14,312.79,1648.8,35.56,84.0,0
300.17,310.52,1452.4,42.9,4.8,0
301.78,310.59,1656.0,40.31,24.0,0
297.6,306.59,1214.8,46.93,17.2,0
298.65,308.05,1404.2,49.66,231.2,1
302.83,313.14,1367.6,35.91,183.7,0
300.26,310.07,1551.3,5.42,49.9,0
298.56,308.8,1472.0,42.41,45.9,0
304.69,313.88,1421.6,32.72,52.0,0
300.22,308.11,1348.0,21.12,184.8,0
300.8,310.93,1636.8,32.0,13.3,0
301.35,311.31,1498.9,26.12,69.3,0
300.36,307.57,1636.7,51.17,193.8,1
297.96,307.56,1542.0,40.83,100.8,0
298.59,308.52,1436.5,34.84,222.6,1
300.81,312.23,1412.6,48.17,66.7,0
300.48,310.16,1718.2,28.47,72.0,0
301.04,310.94,1482.6,31.25,20.5,0
296.81,306.79,1617.5,53.64,177.2,1
301.79,311.17,1789.5,34.5,175.0,0
301.44,310.67,1576.8,33.5,180.2,0
298.51,307.86,1712.5,49.91,18.8,0
302.05,311.74,1226.0,38.42,42.4,0
299.33,310.18,1528.5,55.37,219.2,1
298.58,307.08,1520.9,40.91,200.3,1
299.03,307.95,1183.1,31.85,72.8,0
297.7,307.97,1401.4,35.0,9.9,0
301.04,309.77,1150.6,44.17,14.7,0
299.61,309.13,1257.8,42.12,162.0,0
301.5,310.31,1620.7,47.54,124.7,0
300.46,310.1,1896.7,61.83,3.5,0
301.56,313.19,1732.3,47.79,229.2,1
298.66,307.67,1466.1,29.28,223.0,0
299.32,310.15,1468.0,34.72,126.1,1
300.99,311.06,1617.2,36.41,8.6,0
302.76,313.15,1630.8,41.22,29.8,0
296.28,308.02,1509.2,40.96,123.2,1
295.58,305.74,1438.3,27.61,61.1,0
297.11,307.42,1472.9,41.02,5.9,0
298.48,308.58,1328.3,40.65,98.9,0
298.16,308.32,1402.6,51.6,151.9,0
300.85,309.89,1347.0,38.66,41.6,0
301.27,310.28,1484.7,42.89,155.7,0
298.61,308.22,1579.5,28.93,183.4,0
300.45,308.57,1584.2,44.77,222.0,1
296.96,306.15,1408.1,43.44,37.0,0
300.38,310.64,1341.1,30.75,203.0,1
298.95,309.52,1660.1,31.53,69.9,0
298.92,308.45,1763.3,42.33,164.6,1
298.79,310.55,1549.6,33.46,198.3,1
297.04,307.2,1772.0,37.15,99.3,0
301.49,311.08,1378.6,40.13,67.7,0
298.1,308.57,1725.8,37.72,72.5,0
303.27,313.97,1578.0,42.4,198.1,1
301.38,311.6,1452.3,39.72,100.4,0
299.97,309.34,1469.3,46.19,93.8,1
299.06,309.48,1421.0,18.55,15.0,0
301.87,310.73,1279.0,49.98,157.3,1
300.49,309.94,1473.8,35.91,188.5,1
301.73,313.42,1574.1,56.81,129.3,0
299.2,309.97,1343.1,42.51,123.6,0
300.15,311.51,1282.5,46.77,231.2,1
299.09,309.84,1622.8,21.31,55.2,0
298.19,308.83,1379.0,33.57,59.5,0
298.91,310.02,1740.4,42.96,108.8,0
301.87,312.52,1423.8,40.89,7.9,0
300.26,310.89,1542.2,59.32,68.7,0
299.24,308.73,1651.2,48.01,16.1,0
303.41,313.2,1485.2,26.63,212.4,0
301.1,311.2,1270.7,43.47,129.7,0
301.93,313.02,1513.6,46.31,162.5,1
296.69,307.52,1506.9,35.0,92.2,0
300.76,310.02,1391.0,54.43,7.6,0
302.29,313.04,1389.9,34.85,169.8,0
298.46,307.06,1730.0,52.42,218.4,1
298.13,306.85,1194.8,42.27,192.8,1
301.46,309.65,1098.1,44.36,7.9,0
301.17,313.84,1534.4,26.01,217.0,1
300.72,310.42,1489.5,60.65,50.0,0
298.1,308.02,1545.1,20.09,2.0,0
297.89,308.0,1768.1,40.05,170.7,1
301.2,310.77,1611.1,28.26,200.7,1
301.3,310.06,1645.1,44.08,109.9,0
299.92,310.31,1852.5,39.14,148.1,0
299.16,309.64,1220.5,53.25,120.6,0
302.18,311.99,1621.7,53.34,176.1,1
297.0,307.36,1436.0,21.0,72.8,0
300.05,309.08,1598.4,38.81,40.5,0
301.33,311.83,1705.0,18.01,42.4,0
300.12,308.63,1541.0,25.08,131.0,0
300.21,310.69,1610.8,42.82,194.8,1
298.42,309.53,1781.2,45.68,216.2,1
302.76,312.9,1332.9,37.37,91.4,0
299.09,309.17,1616.3,35.72,138.8,0
297.46,311.46,1684.5,26.47,16.2,0
302.16,311.24,1607.9,40.72,92.8,0
295.49,305.87,1380.6,39.32,134.8,0
299.15,309.36,1579.6,43.38,28.8,0
301.4,313.0,1456.3,30.14,212.9,1
298.26,308.51,1682.2,39.56,140.6,1
300.66,309.73,1353.7,37.82,149.6,0
300.63,310.87,1524.1,46.46,170.1,0
299.56,308.46,1662.4,49.85,109.5,0
304.31,310.58,1491.1,45.51,129.5,0
297.34,306.77,1670.7,40.87,55.8,0
300.93,310.36,1622.1,45.92,81.7,0
301.63,312.64,1411.5,44.25,125.4,1
297.15,307.11,1702.8,43.9,153.5,0
299.65,308.3,1352.1,41.38,48.3,0
301.25,310.67,1429.3,31.53,64.7,0
302.52,314.38,1419.6,41.68,171.2,1
298.56,309.09,1698.1,51.57,23.9,0
300.7,309.98,1473.2,28.6,40.4,0
298.01,307.29,1590.5,38.77,56.2,0
299.49,309.17,1638.2,42.41,161.9,1
296.76,307.31,1417.3,36.52,31.1,0
299.41,308.07,1504.3,38.1,48.3,0
298.88,308.66,1390.4,30.86,235.1,1
298.2,308.46,1432.2,41.51,57.1,0
295.91,307.16,1511.0,45.25,121.2,1
298.18,309.15,1710.4,15.61,220.2,0
296.47,306.57,1647.6,31.81,140.3,0
303.22,314.42,1494.5,33.66,150.6,0
298.93,309.26,1583.8,37.39,22.3,0
301.02,311.67,1696.4,34.97,120.9,0
301.68,313.31,1538.3,40.04,25.8,0
300.39,310.02,1521.6,43.15,2.0,0
299.1,308.61,1752.7,37.67,148.6,0
299.61,309.79,1534.4,41.39,116.0,0
294.69,304.94,1438.8,41.02,238.4,1
305.6,315.89,1740.0,34.87,201.5,1
301.4,311.76,1512.3,46.42,77.9,0
300.22,311.68,1570.8,33.86,21.7,0
302.6,312.55,1643.3,42.11,233.5,1
296.73,306.38,1242.8,39.71,77.9,0
301.12,311.21,1545.9,27.33,227.5,1
297.38,306.67,1496.3,33.62,88.0,0
299.02,309.45,1717.7,55.76,174.6,0
299.81,310.46,1573.1,50.99,52.3,0
295.87,306.99,1769.3,23.67,194.0,1
299.29,308.35,1539.0,3.3,82.3,0
300.43,310.77,1624.5,30.28,153.8,0
301.85,310.18,1755.4,62.59,27.5,0
301.53,311.44,1520.9,57.09,49.6,0
297.04,307.16,1443.7,36.66,201.4,1
303.74,314.47,1314.9,40.0,75.3,0
298.06,306.91,1604.4,52.47,58.0,0
301.31,312.23,1669.9,63.04,3.5,1
301.46,310.9,1384.5,29.62,99.7,0
304.31,314.06,1491.7,33.31,209.0,1
300.36,309.07,1337.9,17.46,101.1,0
299.07,309.28,1284.3,46.47,224.3,1
299.55,310.12,1609.5,24.73,12.6,0
299.08,307.74,1508.7,19.15,19.5,0
299.4,309.58,1762.1,48.79,72.1,0
302.05,311.46,1733.3,46.6,104.2,0
298.22,309.49,1499.4,29.39,103.2,0
301.0,311.0,1444.7,29.48,225.2,1
304.21,313.82,1277.3,34.2,199.0,1
302.2,312.8,1549.9,45.23,231.7,1
296.87,306.55,1398.7,41.7,211.4,1
298.44,307.6,1375.7,51.6,124.9,0
301.2,312.82,1512.9,45.42,146.3,1
299.59,311.23,1436.6,29.19,66.2,0
298.34,309.71,1801.3,49.82,69.6,0
299.84,309.5,1504.2,55.81,71.0,0
300.99,310.7,1613.5,53.23,101.7,0
298.93,308.56,1745.1,37.3,78.7,0
299.62,308.92,1642.7,42.02,27.4,0
299.82,309.33,1440.4,24.85,91.9,0
301.18,311.17,1638.9,44.79,116.5,0
299.89,310.0,1295.7,36.74,27.7,0
304.03,315.25,1322.1,42.89,140.5,1
298.2,308.75,1369.8,38.59,24.8,0
302.64,313.38,1235.0,42.99,190.8,1
299.69,309.76,1489.9,37.98,36.9,0
298.13,308.45,1372.8,46.11,142.9,1
298.58,309.83,1488.5,48.98,108.0,0
299.85,309.21,1397.4,33.63,35.3,0
300.38,309.29,1530.6,46.86,30.9,0
302.14,313.64,1247.6,41.9,145.2,1
300.77,309.12,1412.4,40.73,9.4,0
301.33,311.41,1535.7,19.32,184.5,0
300.61,311.18,1246.7,20.35,197.6,0
304.66,314.79,1595.3,31.9,10.5,0
302.99,312.6,1386.7,47.16,10.0,0
297.78,307.74,1552.8,43.9,146.0,1
298.2,309.22,1539.2,39.68,237.1,1
295.88,305.5,1407.2,52.32,141.0,0
298.27,306.39,1593.3,38.02,139.9,0
300.18,309.27,1589.6,70.06,231.4,1
298.56,309.11,1555.7,41.59,155.8,1
302.9,311.67,1487.3,30.2,100.8,0
302.32,311.63,1617.0,40.6,145.0,0
301.89,312.16,1436.1,34.6,149.1,1
301.31,310.57,1537.8,42.36,237.3,1
301.36,310.53,1594.4,42.5,128.7,1
298.07,307.71,1380.8,52.97,78.8,1
300.6,310.55,1545.7,33.24,239.1,1
297.91,307.04,1862.5,43.2,160.4,1
301.28,311.65,1626.5,44.32,121.2,1
298.33,309.54,1164.8,45.46,157.8,1
301.69,311.62,1501.9,23.51,100.6,0
299.17,309.4,1541.9,51.48,44.0,0
300.14,310.01,1450.0,34.52,162.1,1
301.29,312.23,1477.6,45.6,162.3,1
302.97,314.57,1330.1,55.0,213.6,1
300.79,311.08,1386.7,42.94,162.8,0
301.01,311.4,1295.5,29.87,48.4,0
298.96,308.64,1822.9,45.08,16.3,0
298.94,309.13,1647.8,32.34,71.2,0
300.8,310.57,1632.7,29.34,38.7,0
300.1,308.95,1742.9,29.24,7.9,0
301.05,310.2,1796.5,43.42,141.4,1
303.27,314.55,1171.9,40.41,176.9,1
303.88,314.17,1568.5,38.16,132.7,1
299.89,308.93,1429.2,39.83,103.6,0
300.86,311.32,1151.3,24.44,117.5,0
301.44,310.08,1615.0,46.29,32.5,0
300.53,310.38,1632.7,40.45,216.6,1
301.95,310.54,1795.8,49.77,78.9,0
298.03,307.97,1295.1,37.3,27.3,0
302.79,312.06,1717.7,24.17,173.1,0
298.92,309.11,1591.1,38.85,144.7,0
300.27,310.81,1401.3,40.21,201.1,1
298.27,307.96,1277.2,32.09,49.0,0
299.98,310.27,1225.0,38.75,9.8,0
298.88,308.95,1371.6,23.93,198.8,0
299.2,310.07,1557.7,29.13,181.3,0
299.65,310.89,1519.8,20.0,187.2,0
298.25,306.73,1605.4,37.7,116.9,0
301.61,312.07,1453.5,33.78,40.7,0
302.27,312.84,1333.0,44.6,149.1,1
300.98,309.07,1464.2,60.12,74.1,0
303.07,312.49,1475.7,30.56,161.4,0
306.21,316.13,1480.5,51.88,44.8,0
297.25,305.48,1670.2,57.04,83.4,0
302.16,313.19,1667.2,33.19,68.5,0
298.2,306.89,1418.9,34.34,110.5,0
297.19,307.05,1482.3,23.54,105.2,0
299.05,308.28,1442.8,55.82,147.6,1
300.83,310.62,1782.4,41.22,44.0,0
299.06,309.96,1618.9,43.09,45.9,0
297.19,306.16,1497.6,48.35,77.1,0
300.17,309.75,1690.9,48.88,102.5,1
301.49,311.99,1438.4,48.23,164.1,1
298.31,308.42,1421.1,57.73,203.7,1
300.8,311.62,1541.2,34.28,165.5,0
297.83,307.78,1523.6,47.31,6.9,0
299.44,308.1,1553.1,44.56,101.0,0
300.67,312.23,1566.4,32.28,51.2,0
301.62,312.23,1297.2,38.21,74.3,0
298.61,307.58,1510.6,37.94,25.8,0
298.81,309.03,1628.9,29.81,198.1,1
301.34,311.49,1298.8,31.38,179.0,1
299.59,309.05,1423.5,54.86,168.8,1
300.45,308.88,1628.3,27.36,230.3,1
301.19,310.99,1657.0,73.22,117.7,1
300.57,309.78,1573.1,42.45,52.6,0
299.43,309.14,1408.7,35.81,95.6,0
303.48,314.8,1632.4,31.97,159.7,0
298.73,307.39,1710.6,52.19,145.1,1
302.87,313.18,1368.0,43.18,232.0,1
297.48,307.06,1557.1,42.52,167.5,1
300.93,309.85,1522.4,28.85,122.4,0
296.21,306.06,1429.1,30.3,7.3,0
301.2,311.47,1490.7,30.61,227.5,1
301.81,310.91,1408.8,32.49,21.8,0
298.41,308.44,1618.0,57.03,133.8,1
297.24,308.05,1215.5,35.11,162.9,1
301.56,310.74,1250.9,41.18,229.0,1
296.45,305.42,1513.9,48.6,178.6,1
300.37,310.91,1456.1,43.28,133.6,1
299.39,310.19,1430.8,33.03,116.4,0
300.88,311.32,1619.9,35.65,148.5,0
298.47,307.08,1504.3,27.04,54.5,0
302.42,313.54,1842.9,46.86,73.3,0
299.5,308.07,1595.0,29.04,33.2,0
298.18,307.52,1676.4,51.56,115.6,0
299.72,308.77,1480.8,44.29,108.6,0
300.79,311.45,1248.5,36.96,33.9,0
302.02,312.38,1401.7,32.06,206.0,1
300.57,309.84,1443.2,46.47,160.4,1
303.73,313.62,1591.3,40.0,74.7,0
301.4,311.46,1256.8,30.01,130.5,0
298.35,308.01,1416.5,38.12,196.2,1
298.84,309.04,1566.7,33.7,167.0,1
302.35,311.32,1377.0,33.84,191.6,1
300.75,308.91,1328.7,18.48,61.3,0
301.71,310.52,1696.9,46.67,186.0,0
300.66,312.17,1376.1,36.16,91.3,0
299.89,309.56,1275.9,37.06,91.3,0
298.59,307.37,1240.5,52.6,230.6,1
299.09,308.34,1657.1,29.25,119.1,0
299.75,308.77,1409.6,27.99,107.8,0
296.94,307.17,1483.6,20.02,130.0,0
298.19,307.16,1283.1,37.0,68.2,0
301.25,313.43,1646.6,52.31,187.9,1
299.08,309.2,1659.2,20.43,147.8,0
299.97,307.97,1293.5,44.01,217.4,1
298.83,308.85,1622.9,32.35,70.9,0
303.12,312.91,1414.5,24.01,129.9,0
298.39,309.25,1551.5,47.79,48.1,0
299.49,309.76,1632.4,25.16,18.8,0
300.93,310.74,1364.6,28.72,24.1,0
299.51,308.42,1651.9,44.25,34.0,0
302.13,314.26,1558.9,22.08,60.3,0
300.88,311.48,1388.6,35.75,181.4,1
297.0,307.98,1499.2,34.84,115.6,1
298.44,308.7,1441.3,22.03,89.8,0
296.18,306.07,1447.8,36.33,60.0,0
301.04,311.79,1399.7,36.35,45.7,0
301.62,311.78,1808.7,45.62,19.5,0
298.43,310.34,1325.7,46.43,13.8,0
295.86,305.66,1446.0,43.07,115.8,0
300.68,309.83,1438.8,31.52,120.9,0
300.4,309.79,1594.3,25.35,57.3,0
301.68,310.49,1254.6,32.76,50.9,0
297.16,306.42,1342.2,44.91,147.1,1
298.66,309.87,1502.0,28.28,44.1,0
299.76,311.56,1484.2,28.74,168.5,1
304.37,314.83,1563.2,33.24,125.3,0
301.77,309.78,1582.7,43.26,195.0,1
299.72,308.09,1513.9,38.8,214.7,1
298.85,309.45,1547.0,31.0,188.7,1
296.57,304.54,1588.1,55.54,181.0,1
300.28,309.15,1312.0,44.6,73.7,0
302.25,313.4,1433.7,37.96,6.9,0
298.56,307.5,1498.1,28.93,12.8,0
296.42,307.17,1582.0,24.87,104.4,0
301.7,311.12,1457.0,34.55,60.5,0
304.33,312.97,1411.6,51.03,86.9,0
301.3,311.28,1532.5,46.79,79.3,0
300.85,309.88,1768.0,51.02,100.7,0
298.47,307.64,1440.6,58.35,178.8,0
300.97,310.89,1667.4,33.9,85.6,0
300.07,309.49,1578.1,36.31,71.3,0
299.58,308.61,1551.6,40.34,106.3,0
297.4,307.41,1597.4,36.5,112.1,0
299.82,308.05,1400.8,28.54,110.6,0
300.91,311.56,1575.4,28.95,222.2,0
297.93,308.44,1411.4,31.04,7.7,0
300.28,309.58,1400.9,40.34,148.8,1
299.3,310.77,1618.3,40.99,179.4,1
299.32,309.09,1619.5,41.65,146.7,1
304.13,313.47,1262.6,47.86,52.9,0
304.21,315.08,1553.8,27.89,65.5,0
298.84,309.58,1598.0,30.44,178.6,0
300.92,311.46,1205.8,42.55,229.4,1
299.3,308.3,1598.5,19.82,82.2,0
301.25,313.05,1315.2,41.5,188.4,1
296.95,307.25,1327.2,24.9,227.0,1
301.35,312.07,1489.6,31.14,123.4,0
299.79,309.79,1625.9,52.71,239.2,1
304.85,314.51,1803.0,38.31,21.1,0
295.9,305.77,1713.2,56.48,203.9,1
296.41,306.47,1556.5,37.3,53.6,0
297.27,307.11,1511.0,54.25,192.4,1
297.76,307.61,1502.8,43.37,57.9,0
300.52,309.92,1496.1,36.29,159.0,0
299.85,309.84,1346.7,20.32,19.0,0
299.67,309.6,1332.6,42.47,162.1,0
302.14,311.51,1378.9,43.3,210.2,1
302.84,313.07,1327.5,48.13,122.6,0
298.59,309.7,1571.5,37.25,48.9,0
298.15,308.02,1592.4,28.0,10.5,0
298.12,307.54,1620.5,45.88,189.0,1
298.34,308.09,1456.8,55.51,234.2,1
296.56,305.99,1581.3,23.63,45.6,0
297.42,307.87,1377.2,41.0,47.2,0
300.36,310.44,1526.8,45.48,150.2,1
298.4,310.19,1331.6,31.9,83.9,0
300.63,310.87,1767.8,54.08,116.5,0
303.56,314.78,1531.0,27.13,73.8,0
300.34,310.98,1418.1,52.72,162.8,1
300.77,311.14,1707.0,38.49,92.0,0
300.17,309.67,1439.4,49.05,237.0,1
303.77,313.73,1695.3,46.72,198.2,1
296.14,305.13,1486.2,26.28,132.0,0
301.3,312.01,1305.1,45.05,34.5,0
299.38,308.89,1478.5,23.1,67.9,0
300.8,310.69,1551.5,30.03,217.4,1
298.81,307.26,1680.2,32.09,216.6,1
301.27,310.7,1710.5,36.08,223.8,0
301.12,310.43,1535.7,35.77,76.2,0
299.45,308.71,1499.4,32.2,97.8,0
302.79,313.93,1542.6,61.22,42.2,1
298.86,309.17,1681.8,31.56,161.1,1
298.47,308.93,1595.7,24.93,61.1,0
297.47,307.58,1521.2,45.2,35.0,0
297.44,308.14,1573.2,31.62,208.2,1
297.86,308.64,1321.1,44.61,13.4,0
303.23,312.24,1524.1,28.89,116.0,0
300.25,309.41,1900.4,34.58,89.1,0
300.0,310.37,1549.0,49.67,201.4,1
299.97,311.02,1608.6,40.94,18.5,0
300.89,310.25,1420.2,29.84,179.8,0
300.94,312.23,1643.9,24.61,140.0,0
296.74,307.65,1610.9,34.59,196.4,1
300.57,310.74,1297.1,41.16,7.0,0
297.13,305.81,1489.7,21.16,222.8,0
299.65,309.53,1728.7,52.65,209.8,1
300.42,312.45,1576.5,49.32,36.0,0
299.62,309.72,1370.5,38.02,56.5,0
298.76,309.51,1429.2,42.77,178.0,0
301.38,310.48,1590.5,42.57,171.7,0
301.08,310.72,1662.1,43.73,115.2,0
300.14,311.01,1602.0,26.37,202.3,1
303.46,311.78,1522.6,36.48,83.4,0
298.4,309.56,1358.4,55.64,77.6,1
304.73,314.43,1264.0,34.06,46.3,0
302.52,311.28,1575.0,38.83,189.3,1
300.23,312.1,1562.9,44.21,223.0,1
299.03,309.49,1649.3,40.11,138.6,0
300.73,310.48,1494.7,54.86,26.8,0
297.04,307.2,1535.4,43.75,113.1,0
298.66,309.33,1194.5,43.19,91.0,0
299.48,309.35,1612.0,19.09,177.0,0
301.12,310.0,1608.6,30.65,228.2,0
298.39,308.0,1432.6,55.34,47.0,0
299.59,309.48,1320.1,20.27,52.1,0
300.05,310.14,1192.1,33.77,126.2,0
301.12,311.25,1501.0,42.48,55.0,0
301.07,311.49,1537.5,22.54,232.4,1
299.66,309.52,1456.9,33.52,120.0,0
298.67,308.9,1548.5,28.83,0.8,0
299.13,310.26,1829.4,64.0,177.4,1
298.2,309.32,1476.0,40.87,221.7,1
300.1,311.06,1436.0,40.01,111.3,0
296.28,307.43,1557.5,35.45,40.0,0
298.96,309.93,1486.9,33.3,170.3,1
299.59,308.73,1256.3,58.58,27.5,0
298.28,308.27,1595.6,37.02,203.7,1
298.08,307.55,1434.1,23.12,142.3,0
299.99,309.17,1779.6,33.79,3.8,0
303.22,312.65,1711.4,44.57,3.7,0
299.05,307.18,1382.2,47.46,72.3,0
300.35,309.29,1452.4,58.44,14.2,0
301.16,313.26,1481.0,51.01,31.1,0
299.85,310.66,1470.9,43.54,178.2,1
301.49,312.27,1567.1,29.48,117.8,0
303.73,315.99,1511.1,47.07,35.9,0
300.93,310.65,1639.4,46.26,3.8,0
298.53,306.07,1440.7,23.43,162.3,0
299.99,308.65,1140.6,29.68,153.7,0
302.14,311.87,1594.0,47.96,84.9,0
299.78,310.35,1952.0,50.58,174.6,1
299.14,308.66,1613.1,38.07,172.6,0
301.4,311.83,1364.5,43.01,220.6,1
301.16,311.09,1377.4,23.02,56.0,0
301.49,311.45,1537.8,24.13,152.6,0
299.79,308.69,1456.4,22.98,134.3,0
297.85,307.75,1781.4,31.89,143.2,0
297.37,307.94,1840.9,44.89,237.2,1
296.24,306.82,1449.0,33.18,188.2,1
303.84,313.66,1711.3,35.27,156.3,0
297.75,308.64,1307.1,29.41,30.1,0
299.39,306.91,1496.4,44.79,163.5,1
304.27,313.43,1419.8,34.84,73.1,0
295.95,306.0,1314.5,36.17,57.4,0
305.84,316.16,1722.2,25.39,231.9,1
300.22,310.66,1380.7,54.36,203.1,1
301.56,310.35,1567.2,44.79,168.6,1
301.63,310.51,1330.2,40.94,124.5,0
300.51,310.46,1382.7,9.29,96.0,0
298.39,307.31,1399.7,32.65,85.7,0
303.15,314.38,1375.9,50.03,137.9,1
299.0,311.22,1475.3,29.18,58.4,0
297.43,307.39,1336.0,50.03,22.7,0
302.64,310.57,1389.8,38.68,45.5,0
299.48,310.78,1325.8,48.53,68.4,0
298.47,307.37,1692.3,50.8,130.7,1
298.51,307.89,1598.5,51.23,135.3,0
296.83,306.84,1355.1,50.61,78.4,1
296.98,307.32,1630.7,44.18,232.6,1
295.75,306.65,1401.0,31.13,116.4,0
300.14,308.8,1619.7,49.24,73.9,0
299.99,307.2,1626.4,24.43,26.4,0
301.0,311.1,1954.2,55.61,202.1,1
296.68,307.62,1619.9,37.21,182.2,1
300.7,311.02,1530.3,34.6,143.5,0
298.97,310.57,1471.8,49.65,230.1,1
301.71,312.45,1378.3,49.54,196.6,1
300.08,308.89,1114.7,38.01,197.8,1
302.47,311.48,1484.4,36.48,223.5,1
297.67,307.83,1646.5,34.31,218.7,1
301.07,311.9,1613.4,34.97,71.8,0
298.31,308.94,1541.4,37.58,82.3,0
299.81,310.76,1294.6,43.4,38.7,0
300.1,310.58,1358.2,47.64,50.4,0
300.04,309.53,1293.1,39.51,58.8,0
300.61,311.4,1423.9,36.22,204.2,1
302.46,312.33,1322.6,38.47,58.5,0
299.87,311.27,1588.2,28.05,71.0,0
296.81,307.44,1832.5,44.95,69.2,0
295.33,305.09,1210.0,35.37,104.5,0
299.3,308.53,1484.5,59.72,136.4,1
305.33,313.79,1421.4,30.96,109.6,0
299.39,308.58,1327.0,44.79,33.6,0
302.1,313.23,1492.1,30.07,22.6,0
302.73,312.38,1840.2,44.34,152.6,1
301.85,310.52,1718.3,44.69,37.9,0
300.48,310.12,1544.3,29.43,40.8,0
302.3,310.51,1713.5,33.07,197.7,0
297.08,307.65,1247.2,16.99,151.1,0
299.92,308.91,1493.8,35.27,182.6,0
303.57,312.03,1512.0,52.02,66.6,0
304.82,314.44,1473.8,37.13,102.6,0
299.48,311.37,1623.3,32.24,231.0,1
296.6,305.8,1184.7,34.91,144.3,0
299.9,310.61,1493.3,53.53,215.2,1
301.73,310.63,1284.2,50.15,163.0,0
298.23,306.1,1316.3,47.56,201.0,1
301.06,311.74,1570.9,35.33,204.6,1
298.13,307.06,1589.5,46.13,38.8,0
300.36,310.18,1536.3,40.29,30.4,0
299.44,309.77,1417.1,31.1,166.1,0
302.6,311.83,1747.0,53.66,230.2,1
299.76,311.31,1377.5,41.8,162.9,1
303.24,314.04,1768.2,33.82,226.1,1
301.56,311.13,1624.9,25.51,128.0,0
296.93,307.56,1623.3,23.48,137.7,0
301.85,313.09,1532.9,43.8,207.4,1
299.73,310.96,1587.7,39.69,126.7,0
296.56,306.76,1420.7,20.85,39.5,0
299.02,307.24,1580.1,22.46,12.5,0
301.76,310.71,1517.7,39.4,73.9,0
298.24,307.58,1482.1,29.42,49.8,0
298.93,307.25,1410.3,47.52,116.7,0
299.97,311.67,1603.9,55.66,41.5,0
299.12,309.86,1637.0,42.76,23.3,0
298.53,310.0,1485.0,49.89,104.1,0
299.92,309.93,1594.4,37.06,50.8,0
299.04,309.17,1318.7,38.85,55.7,0
298.09,307.65,1723.1,39.03,70.3,0
300.52,310.01,1234.6,38.36,79.6,0
299.47,309.76,1424.2,37.42,142.6,0
300.31,310.56,1364.1,49.72,67.9,0
300.64,310.51,1587.1,43.4,42.0,0
301.82,314.64,1329.5,51.18,221.4,1
298.9,307.97,1613.9,33.23,185.8,1
301.23,311.21,1337.4,28.2,160.4,0
302.65,312.57,1452.0,25.28,5.9,0
300.16,310.97,1452.9,29.18,112.4,0
300.75,311.83,1484.4,27.15,43.7,0
301.57,309.89,1544.5,41.06,168.5,0
300.6,311.38,1748.6,54.8,68.5,0
300.97,311.02,1584.9,30.63,74.6,0
299.55,309.91,1624.2,29.28,214.7,0
299.25,309.3,1555.8,40.99,237.1,1
301.67,312.53,1458.1,44.91,146.1,1
302.64,311.51,1492.8,22.28,125.8,0
301.44,311.12,1540.5,47.15,203.7,1
297.44,306.77,1415.2,37.89,159.3,0
299.97,312.09,1536.0,59.12,56.7,1
301.83,310.52,1379.6,41.58,150.7,0
304.63,315.01,1525.0,26.83,178.6,0
302.61,312.27,1499.9,31.22,119.1,0
297.32,306.76,1505.8,40.48,31.2,0
297.43,308.88,1624.0,53.76,85.8,0
302.21,312.15,1552.4,45.76,188.6,1
299.24,309.12,1549.5,31.4,47.9,0
302.87,313.3,1662.2,47.66,49.3,0
300.15,307.66,1420.9,43.81,107.0,0
302.81,313.45,1322.4,32.13,152.9,0
301.13,309.54,1535.7,43.78,122.2,0
300.29,308.6,1604.4,41.33,45.1,0
296.13,306.52,1343.3,57.53,229.1,1
302.16,313.27,1857.4,26.34,34.1,0
299.38,310.19,1259.5,35.6,82.7,0
300.92,311.96,1551.9,24.43,202.8,0
297.52,305.87,1698.2,35.52,214.3,1
299.42,310.03,1518.2,36.91,116.3,1
299.91,311.65,1495.8,34.97,114.7,0
301.07,312.15,1603.1,34.92,188.7,1
302.19,312.31,1446.9,34.86,221.1,1
300.39,309.96,1380.2,44.16,39.8,0
300.94,310.93,1422.4,32.63,98.5,0
302.09,311.11,1299.7,54.6,74.3,0
300.59,311.8,1545.8,46.73,35.3,0
305.13,315.89,1444.2,42.64,66.9,0
302.44,312.95,1447.0,45.18,89.0,0
302.15,312.98,1388.6,33.31,51.5,0
298.65,307.84,1225.8,29.29,13.7,0
302.74,312.94,1443.7,31.39,165.3,0
296.61,305.96,1337.2,39.21,217.4,1
300.05,308.91,1492.5,47.16,117.3,0
296.03,305.32,1611.8,31.06,5.8,0
301.47,309.41,1440.1,46.31,69.3,0
300.74,309.28,1505.8,44.02,79.9,1
301.09,311.48,1452.6,43.81,116.4,0
299.45,309.7,1265.9,47.59,190.8,1
301.4,312.09,1722.8,63.85,3.6,0
299.68,309.17,1399.9,46.25,103.8,0
297.39,307.28,1260.3,41.51,81.1,0
301.83,311.61,1463.2,36.31,97.9,0
297.68,307.89,1421.2,28.85,89.9,0
300.96,310.56,1551.7,33.92,180.9,1
297.58,308.45,1373.3,41.55,93.1,0
301.4,312.1,1372.6,47.44,177.5,1
299.86,311.64,1583.3,26.99,75.9,0
299.75,308.5,1602.0,44.65,141.0,0
301.81,310.93,1530.8,25.99,163.4,0
300.94,312.6,1566.8,27.57,95.8,0
303.77,312.49,1616.2,53.33,75.2,0
293.46,303.42,1813.8,50.36,137.8,0
300.71,309.31,1534.5,43.16,150.4,0
302.74,313.43,1398.5,33.05,81.0,0
298.97,311.19,1516.8,35.86,163.0,1
297.08,306.43,1451.2,41.51,161.0,0
302.24,312.05,1508.9,48.13,160.2,1
300.3,310.85,1380.9,37.69,85.3,0
300.29,309.96,1228.9,39.42,3.8,0
302.72,313.59,1638.1,40.76,196.8,1
299.43,309.72,1631.8,47.89,187.8,0
300.24,309.27,1681.0,33.27,167.4,1
298.66,307.98,1571.5,36.8,170.7,1
300.21,309.96,1362.4,47.53,198.0,0
301.2,311.5,1490.7,38.57,15.8,0
302.83,312.51,1453.8,43.83,60.8,0
300.49,310.47,1481.5,42.41,112.7,0
302.45,312.62,1623.3,45.47,25.4,0
302.4,312.18,1563.6,48.03,162.4,1
297.01,306.33,1424.9,42.47,99.9,0
297.21,307.94,1453.1,23.52,201.1,1
301.7,312.6,1412.9,44.58,79.6,0
301.57,312.96,1437.3,53.99,223.5,1
299.49,310.01,1419.9,52.56,156.2,1
298.59,309.17,1621.8,18.93,25.9,0
296.51,308.47,1460.5,47.19,235.2,1
301.77,311.35,1455.9,22.78,200.7,0
300.11,310.57,1485.2,41.16,148.9,1
301.91,311.5,1780.6,39.73,228.6,1
303.22,311.8,1479.4,33.93,119.2,0
301.48,310.88,1512.8,54.07,97.8,0
300.41,310.64,1272.5,52.27,203.3,1
301.72,310.62,1562.1,47.11,142.1,0
298.95,308.07,1404.4,63.34,164.1,1
300.41,309.96,1341.4,56.49,190.6,1
297.74,309.13,1759.7,41.17,210.8,1
300.33,310.72,1632.7,43.97,112.9,0
297.41,306.73,1452.2,53.7,126.5,1
298.53,307.73,1335.1,42.97,114.3,0
298.3,308.91,1530.0,43.8,200.2,1
298.91,309.33,1130.5,42.81,105.4,0
302.64,313.16,1679.8,38.51,100.7,0
302.11,313.37,1455.9,49.85,61.6,0
297.56,309.34,1706.1,35.34,63.5,0
300.08,310.63,1628.9,38.6,185.0,0
300.47,310.72,1421.7,31.9,119.2,0
300.65,311.3,1481.5,30.94,78.2,0
303.23,313.05,1411.7,42.23,143.1,1
297.23,306.28,1516.3,61.61,118.7,1
298.63,307.52,1753.2,41.08,37.8,0
297.32,305.79,1450.7,20.19,195.1,1
303.52,315.11,1502.5,45.5,21.0,0
299.58,307.51,1468.2,42.47,204.6,1
300.93,311.86,1633.6,28.21,93.3,0
301.1,308.78,1422.7,38.03,141.2,0
297.28,305.78,1546.1,44.86,198.1,1
296.62,306.41,1768.4,56.29,52.4,0
301.69,312.41,1332.0,39.31,133.6,0
300.56,310.9,1602.7,39.95,42.9,0
300.77,311.31,1313.6,35.96,21.0,0
298.52,307.29,1421.3,40.96,46.3,0
297.19,307.89,1546.4,43.28,236.1,1
300.58,312.38,1437.9,29.0,47.7,0
297.87,308.16,1607.6,53.16,72.4,0
302.12,313.02,1431.8,29.33,21.2,0
298.46,308.18,1386.3,25.47,17.0,0
298.01,308.41,1444.1,25.63,230.7,1
297.55,306.94,1653.1,53.29,23.5,0
298.98,308.07,1653.9,33.75,176.8,1
300.6,311.69,1564.5,44.41,85.4,1
298.55,308.32,1361.1,50.74,24.0,0
298.74,306.82,1564.2,36.71,183.9,1
298.03,307.73,1539.4,36.82,234.4,1
302.57,313.34,1505.0,36.24,119.6,0
302.22,312.42,1563.2,52.65,174.2,0
300.12,310.0,1462.3,39.59,67.9,0
299.39,308.68,1424.7,43.25,30.4,0
299.2,308.89,1705.2,42.51,237.5,1
298.45,307.84,1453.7,30.22,212.2,1
298.11,308.05,1441.0,53.84,29.0,0
301.49,311.66,1303.7,38.03,175.6,1
296.08,306.65,1535.4,41.2,177.2,1
300.07,310.26,1553.9,22.59,37.4,0
299.84,310.38,1466.4,43.31,63.1,0
299.44,309.08,1506.4,35.09,59.5,0
305.11,313.77,1669.5,42.18,149.6,1
298.11,305.74,1771.4,23.44,23.0,0
302.39,311.77,1739.4,40.15,25.9,0
301.92,311.47,1132.2,47.71,146.6,1
298.66,307.38,1734.8,35.63,178.8,1
301.27,312.26,1589.1,31.18,63.1,0
299.86,308.06,1611.4,37.48,3.9,0
296.35,306.4,1673.5,53.75,207.7,1
299.4,310.36,1350.5,31.05,188.8,0
300.96,309.69,1620.9,57.74,83.6,0
300.28,309.62,1464.1,49.7,127.0,0
299.01,310.73,1648.3,29.63,65.1,0
299.26,310.52,1340.4,35.91,185.3,0
296.81,305.19,1658.1,51.46,13.5,0
301.56,313.11,1775.8,38.19,72.6,0
299.98,310.45,1383.7,40.61,166.1,0
301.06,311.26,1440.3,31.78,224.1,1
300.81,309.8,1709.4,42.1,174.3,0
300.36,309.83,1346.4,35.93,190.6,0
300.25,310.32,1807.8,32.32,216.3,1
300.3,310.58,1546.8,46.66,131.2,1
302.18,313.09,1626.6,39.46,150.5,1
300.93,310.49,1655.1,16.94,236.9,0
304.88,314.31,1449.4,44.27,163.0,0
298.95,309.77,1469.7,38.98,51.2,0
300.08,307.13,1582.0,33.61,17.7,0
295.28,304.7,1695.8,40.62,128.5,1
299.4,310.46,1454.0,37.15,156.1,0
298.1,308.38,1601.3,27.68,46.4,0
300.5,312.11,1677.8,25.38,111.2,0
296.7,306.18,1138.0,50.6,68.2,0
300.49,310.94,1332.8,38.78,97.0,0
300.2,311.95,1676.3,33.75,196.1,1
300.2,309.29,1416.1,44.52,106.2,0
298.12,308.12,1646.4,39.6,50.8,0
300.99,310.7,1544.5,37.34,75.4,0
298.54,309.24,1454.9,46.88,130.7,0
303.21,314.0,1440.9,22.74,19.8,0
300.73,311.29,1572.2,55.32,52.8,0
297.75,306.01,1915.9,31.01,90.3,0
298.4,308.85,1766.0,56.36,104.9,1
300.01,309.53,1417.8,33.57,32.5,0
300.38,310.73,1704.9,47.23,193.3,1
297.27,305.66,1469.7,39.28,132.8,0
300.19,311.02,1646.6,36.5,181.7,0
298.5,308.08,1609.0,40.13,28.2,0
302.42,311.05,1244.8,25.55,93.4,0
297.89,308.01,1334.2,38.92,30.2,0
297.35,308.03,1372.8,46.99,72.0,0
299.68,310.67,1255.9,32.0,226.5,1
301.12,311.01,1764.0,49.23,115.0,0
300.86,312.23,1258.2,37.22,9.3,0
301.72,312.79,1355.2,40.01,51.1,0
297.71,307.6,1610.2,32.71,200.0,0
298.79,310.3,1484.8,15.36,222.1,1
300.04,308.03,1577.1,38.94,16.9,0
301.33,311.45,1499.7,63.61,178.8,1
298.34,307.61,1353.1,46.72,116.1,0
299.6,309.86,1673.5,41.05,204.5,1
298.77,310.7,1612.5,52.19,175.7,1
298.69,308.35,1611.8,36.83,201.1,1
300.66,310.89,1719.3,31.81,194.8,0
299.86,310.56,1559.1,13.67,12.4,0
301.97,309.79,1761.5,44.35,23.2,0
301.14,309.64,1485.8,41.34,171.8,1
297.03,308.83,1140.2,53.83,128.6,1
298.43,309.07,1390.5,39.48,124.5,0
299.1,309.44,1491.3,23.12,100.2,0
298.45,307.98,1340.3,44.85,119.2,0
299.04,308.81,1749.2,31.39,65.7,0
297.55,307.05,1517.2,34.63,97.2,0
300.92,311.18,1312.5,40.9,239.4,1
303.0,314.09,1737.7,44.19,147.9,1
297.91,309.2,1786.1,45.82,27.8,0
302.4,312.2,1621.7,45.69,105.7,0
302.89,312.1,1283.4,48.72,134.9,1
300.03,309.08,1532.5,50.39,151.8,0
297.16,307.01,1401.2,48.13,173.8,1
301.73,309.92,1480.5,25.95,231.7,0
303.48,314.89,1568.9,47.57,177.6,1
301.82,311.63,1762.8,47.61,201.2,1
300.55,311.28,1561.1,30.92,227.7,1
299.47,308.8,1498.4,37.0,13.5,0
299.5,309.37,1698.3,52.38,219.2,1
303.0,313.05,1186.0,35.69,221.4,1
297.55,308.62,1480.4,46.62,234.3,1
302.0,312.41,1742.5,30.3,139.2,0
300.51,309.5,1337.4,23.26,111.9,0
295.02,307.79,1357.1,44.41,92.4,1
302.19,313.97,1537.3,27.45,124.1,0
302.07,309.81,1472.1,36.61,160.1,0
304.36,312.6,1639.6,33.13,46.5,0
299.93,310.08,1396.6,28.67,210.3,0
299.93,311.45,1512.8,28.64,168.8,0
298.52,307.94,1505.4,51.83,135.6,0
297.9,306.2,1532.3,12.7,23.9,0
303.61,311.98,1677.8,18.73,115.0,0
296.62,308.02,1471.8,19.19,234.3,1
298.8,309.63,1398.0,43.4,160.4,1
300.22,308.4,1569.9,47.68,49.1,0
299.62,310.27,1491.1,37.22,151.6,0
297.67,308.95,1624.9,69.04,131.9,1
298.04,307.03,1252.7,47.88,123.4,0
299.61,308.56,1594.9,54.76,126.9,1
300.62,310.54,1546.8,35.12,199.8,0
295.87,306.35,1621.0,24.63,163.5,0
302.41,311.74,1747.1,46.86,213.7,1
300.79,310.05,1493.2,39.98,240.0,1
298.24,308.94,1213.9,36.28,179.4,1
302.8,312.98,1644.1,54.29,179.7,1
301.3,312.38,1391.2,47.08,1.9,0
300.77,311.21,1586.9,42.47,81.1,0
299.71,308.91,1425.8,44.68,230.6,1
300.76,309.52,1371.3,36.59,138.1,1
300.68,311.44,1480.3,38.75,7.5,0
297.26,308.01,1605.8,31.67,155.9,0
301.65,313.25,1640.1,40.46,68.2,1
301.68,311.98,1192.7,47.3,193.6,1
298.52,307.41,1711.4,55.49,185.1,1
299.29,308.66,1595.2,30.14,66.3,0
300.92,308.89,1637.4,47.45,225.3,1
296.01,307.9,1592.4,49.83,206.0,1
298.42,307.88,1729.3,46.77,143.1,0
295.88,304.05,1555.7,37.2,90.2,0
297.21,309.32,1459.2,76.88,154.2,1
298.02,308.63,1666.5,38.73,29.5,0
302.7,312.76,1431.0,48.64,23.4,0
302.8,313.65,1351.5,42.42,56.2,0
299.77,308.89,1581.9,50.46,144.3,1
300.45,309.97,1732.0,36.54,46.3,0
298.24,309.93,1673.4,51.39,58.1,0
300.27,311.99,1353.0,20.36,66.4,0
301.03,312.09,1647.7,21.72,11.7,0
298.51,308.69,1554.8,56.67,221.2,1
300.64,309.54,1679.3,47.92,84.2,0
299.9,311.18,1728.8,33.91,188.0,1
297.04,305.69,1589.4,29.27,149.1,1
298.77,308.89,1529.4,39.41,162.1,1
298.52,308.55,1568.2,32.13,38.6,0
300.38,310.98,1538.8,25.97,219.2,1
297.12,307.38,1321.2,46.76,3.7,0
302.75,313.66,1291.6,31.02,168.1,1
299.32,307.95,1385.7,38.54,167.9,0
297.62,307.94,1535.6,47.24,178.0,1
298.55,306.87,1444.3,41.11,148.2,1
298.34,306.26,1437.6,45.6,192.5,1
299.73,309.45,1266.1,39.41,13.6,0
299.98,308.91,1503.0,48.42,42.3,0
300.14,310.05,1799.4,36.51,61.4,0
294.84,305.46,1637.6,36.29,143.0,0
301.56,312.52,1432.3,53.12,124.5,1
299.79,308.75,1614.3,42.41,160.3,1
301.08,313.19,1731.0,14.08,100.8,0
298.18,308.49,1680.7,31.99,28.9,0
301.99,312.13,1508.5,35.28,129.4,0
300.95,310.69,1736.2,56.8,148.3,1
301.07,311.33,1644.6,24.28,211.9,0
295.93,306.42,1631.2,36.29,193.5,1
299.09,309.86,1590.6,40.81,68.9,0
300.07,310.73,1675.1,39.58,93.4,0
294.79,305.93,1359.4,45.07,32.6,0
300.04,310.08,1667.6,33.99,61.1,0
297.92,306.75,1512.8,37.92,140.7,0
298.67,309.88,1586.3,63.15,90.5,1
299.84,309.97,1434.1,31.46,151.4,0
300.35,308.8,1464.5,34.62,11.5,0
298.52,307.67,1293.8,47.04,133.3,1
299.66,309.53,1563.6,40.32,107.6,0
299.51,308.47,1059.2,37.95,116.6,0
301.3,311.31,1489.6,45.29,158.2,1
298.63,309.58,1646.3,46.19,52.3,0
303.32,312.28,1494.9,28.73,214.2,1
298.58,309.8,1346.5,36.77,110.1,0
297.89,309.37,1452.4,44.36,55.0,0
298.35,307.21,1639.9,35.84,67.6,0
297.97,307.94,1663.9,26.8,230.9,1
298.37,308.79,1496.8,47.1,236.0,1
298.52,308.17,1717.6,30.4,199.7,0
300.5,309.54,1590.4,28.52,183.4,0
301.28,311.35,1523.8,47.35,197.2,1
299.74,310.11,1214.4,47.53,53.0,0
299.15,308.79,1483.5,54.78,29.8,0
300.96,311.86,1381.7,24.62,221.5,0
301.65,311.57,1279.3,57.68,139.5,1
301.24,310.12,1360.1,25.4,20.6,0
298.37,307.34,1487.2,44.27,5.3,0
296.49,306.89,1701.8,37.87,178.1,1
300.83,310.48,1519.2,35.91,230.3,1
299.8,309.06,1401.7,34.85,155.2,1
300.01,310.36,1101.5,32.05,27.3,0
301.28,310.35,1219.2,45.63,21.2,0
299.55,310.05,1361.7,49.16,63.9,0
298.83,308.57,1730.6,52.55,189.5,1
299.86,309.67,1305.0,33.4,70.0,0
300.48,310.49,1569.4,49.01,210.3,1
298.31,308.99,1482.3,58.83,92.4,1
303.89,316.26,1683.0,40.82,169.6,1
301.86,310.98,1223.5,51.62,71.3,0
302.55,310.12,1583.8,38.19,173.5,0
298.27,307.84,1577.9,30.67,179.4,0
300.49,310.6,1520.7,34.71,34.0,0
297.99,309.76,1422.4,43.12,107.7,0
299.12,310.79,1413.5,48.48,216.3,1
303.82,313.36,1707.8,31.3,79.8,0
300.02,310.09,1487.4,43.18,216.7,1
300.43,310.35,1474.6,42.19,22.1,0
299.05,310.68,1393.2,54.39,71.2,0
297.86,306.49,1454.1,55.08,208.4,1
297.6,307.78,1462.5,52.12,31.4,0
302.73,311.46,1464.1,23.65,55.9,0
298.52,308.43,1891.7,33.25,157.6,0
300.16,309.57,1608.0,47.24,47.7,0
301.27,311.96,1183.5,50.09,128.7,0
301.06,310.43,1359.0,50.16,19.1,0
298.35,308.84,1490.0,58.41,20.3,0
302.12,313.01,1231.7,39.79,11.5,0
299.8,311.15,1412.5,39.3,138.4,0
299.26,309.37,1811.2,47.8,205.9,1
303.87,313.67,1425.2,25.35,180.7,1
302.51,310.98,1466.4,47.48,206.3,0
298.63,306.62,1374.4,37.84,75.8,0
302.48,312.08,1789.4,41.53,125.3,0
300.39,311.71,1616.1,21.08,180.0,0
299.87,309.37,1235.9,20.52,38.4,0
300.03,310.34,1659.2,39.16,65.7,0
301.23,311.87,1423.3,46.88,41.9,0
303.48,314.75,1481.7,55.26,171.5,1
299.61,310.86,1499.1,42.66,199.6,1
298.69,310.67,1821.4,37.63,147.0,1
298.95,309.1,1640.0,37.04,3.0,0
299.81,308.86,1251.7,35.29,137.0,0
300.72,310.8,1394.2,37.99,20.0,0
297.69,308.31,1617.2,34.57,179.9,1
299.72,310.62,1555.5,48.09,7.3,0
298.16,308.82,1471.9,34.88,43.1,0
297.98,306.85,1540.2,18.21,165.5,0
303.32,313.72,1343.6,49.44,2.9,0
299.8,309.61,1737.2,38.64,3.7,0
300.46,310.01,1130.5,41.67,207.7,1
299.43,309.22,1428.2,27.55,18.3,0
301.42,310.83,1465.5,47.9,158.0,0
299.83,310.68,1873.1,51.66,204.4,1
302.28,311.9,1682.5,27.34,106.2,0
301.92,314.34,1634.5,29.5,209.7,1
302.23,311.73,1348.4,36.11,148.0,0
302.51,312.97,1715.0,53.59,41.6,0
299.3,307.59,1454.4,38.42,192.0,1
299.51,308.17,1424.2,30.85,79.8,0
298.65,307.04,1388.7,43.55,174.5,1
301.95,313.34,1574.6,33.45,126.9,0
301.21,311.55,1192.6,55.3,232.2,1
300.16,311.66,1496.8,60.86,106.5,1
298.2,309.68,1507.3,19.62,165.5,0
300.23,310.08,1406.8,32.29,71.1,0
302.92,312.68,1428.8,40.74,148.8,0
296.17,306.51,1581.1,52.49,199.7,1
299.95,309.68,1557.1,39.78,197.3,1
298.63,309.1,1499.9,48.43,37.7,0
302.0,310.82,1909.4,37.41,61.0,0
296.04,304.76,1362.3,41.68,55.1,0
298.03,306.76,1431.9,36.99,155.8,1
299.34,309.5,1425.4,27.73,22.6,0
298.2,307.74,1342.5,42.64,232.8,1
298.45,307.75,1270.6,43.92,231.9,1
299.89,309.65,1510.3,32.18,24.9,0
298.96,308.26,1405.8,44.22,26.9,0
300.18,309.64,1497.4,30.65,120.8,0
295.88,307.14,1581.8,45.89,19.7,0
300.62,312.1,1268.0,44.79,200.0,1
299.88,309.04,1560.4,35.21,11.2,0
297.47,306.95,1462.8,36.29,123.1,0
303.66,314.01,1586.2,36.19,170.5,1
300.36,308.07,1580.0,40.1,73.2,0
300.21,307.69,1460.2,38.45,99.9,0
297.75,308.95,1753.0,40.29,225.1,1
300.39,308.97,1741.4,43.59,94.6,0
300.95,310.17,1489.9,43.37,140.0,0
302.04,312.94,1367.6,58.82,48.6,0
301.39,310.49,1433.0,52.09,167.6,1
298.87,309.43,1226.8,51.34,141.1,1
298.62,308.06,1262.9,60.61,38.9,0
299.1,308.23,1821.0,38.76,127.4,0
297.2,304.59,1641.2,46.29,151.8,0
298.24,307.59,1660.3,29.67,105.8,0
298.4,307.28,1412.4,42.91,37.1,0
298.84,309.33,1054.9,30.7,152.3,0
300.3,310.41,1741.2,35.55,188.3,1
299.02,308.7,1559.4,42.87,95.7,0
297.47,309.35,1566.0,60.42,226.3,1
297.41,308.13,1614.5,36.76,238.2,1
300.8,311.6,1642.5,46.29,134.4,0
298.23,308.13,1407.7,46.9,210.4,1
299.89,310.73,1753.5,49.91,200.4,1
300.97,309.33,1332.4,31.18,133.1,1
301.75,311.84,1569.9,41.5,178.1,0
298.55,309.94,1551.0,11.37,27.4,0
303.12,313.51,1534.4,59.33,70.3,0
301.91,311.2,1543.2,29.9,129.3,0
299.29,310.25,1256.4,34.92,66.5,0
300.9,311.4,1382.7,48.07,173.3,1
300.02,307.87,1668.5,33.6,101.9,0
301.39,312.36,1441.4,47.63,203.9,1
302.45,311.17,1688.8,40.08,46.3,0
299.39,309.82,1613.0,51.46,155.3,0
299.55,310.29,1347.6,47.53,98.9,0
301.12,309.44,1670.4,33.19,15.6,0
299.04,311.03,1611.9,24.18,88.5,0
296.94,307.74,1622.4,38.6,158.1,0
297.19,306.43,1536.1,54.38,173.3,1
301.35,310.81,1344.3,42.42,137.3,0
303.28,311.6,1370.9,33.6,116.7,0
300.01,309.62,1635.8,42.29,111.7,1
296.21,307.29,1610.5,31.95,180.9,0
300.64,310.72,1714.8,51.59,25.7,0
302.59,312.04,1270.9,24.27,52.4,0
299.37,310.92,1698.1,30.53,68.5,0
302.35,313.33,1589.5,51.97,197.6,1
300.4,309.24,1519.4,45.74,198.3,1
299.32,307.87,1537.1,25.98,63.3,0
299.33,310.05,1488.5,33.15,81.7,0
301.13,312.39,1350.1,56.69,171.2,1
298.46,309.59,1415.4,41.45,59.1,0
299.07,307.03,1459.0,50.72,51.8,0
302.58,311.06,1491.7,32.89,61.7,0
296.13,306.44,1515.6,38.2,182.7,1
299.05,307.9,1309.5,47.53,147.8,1
301.89,312.46,1311.8,41.7,81.3,0
302.52,313.63,1403.3,43.44,23.6,0
300.59,311.03,1420.4,35.9,90.9,0
302.57,310.52,1699.3,56.16,165.3,1
301.14,310.18,1600.8,28.48,237.7,1
300.77,310.5,1668.3,44.22,123.3,0
302.66,313.12,1924.3,35.18,120.9,0
296.7,307.55,1470.7,63.08,228.8,1
296.24,306.35,1499.5,45.89,137.2,1
304.42,313.91,1577.0,35.76,74.9,0
297.47,306.58,1622.3,40.06,137.6,0
299.48,308.57,1217.9,49.25,21.8,0
303.02,312.89,1580.2,35.13,107.0,0
300.22,309.46,1880.2,22.63,147.4,0
298.44,309.08,1653.3,53.08,221.6,1
298.95,308.86,1303.4,42.71,117.9,0
300.3,312.52,1690.7,48.9,56.0,0
300.73,311.17,1390.4,22.16,184.3,0
300.97,310.75,1136.0,38.4,9.2,0
299.96,310.96,1472.1,38.24,91.2,0
301.58,311.96,1228.9,49.75,152.5,1
300.74,310.99,1580.0,36.72,176.2,0
299.52,310.17,1317.2,33.12,160.4,0
300.54,309.98,1372.6,29.93,76.4,0
299.55,309.58,1712.6,43.58,199.9,1
298.62,309.89,1320.2,62.64,238.1,1
302.02,313.66,1312.2,42.03,123.2,1
299.59,310.77,1301.3,26.88,165.4,1
300.74,310.33,1406.3,30.85,186.2,0
300.96,309.25,1400.7,50.11,91.3,0
300.6,311.89,1659.0,39.24,22.5,0
299.1,308.57,1734.3,30.34,73.8,0
301.91,311.96,1294.6,30.27,155.7,1
298.34,309.72,1288.7,45.95,104.8,0
296.33,305.23,1408.6,35.85,16.2,0
299.83,312.11,1446.4,42.76,88.8,0
298.65,309.11,1382.6,38.24,27.5,0
299.79,311.03,1406.3,35.99,13.3,0
296.19,304.9,1734.5,40.61,118.5,0
304.06,314.37,1464.0,39.91,21.2,0
299.61,311.87,1542.4,14.14,59.7,0
296.41,307.6,1387.1,38.75,116.1,1
296.92,307.29,1463.7,45.84,106.8,0
300.65,312.32,1317.4,40.01,77.3,0
297.37,306.73,1754.1,40.19,202.4,1
300.33,310.93,1963.2,60.47,73.8,0
299.63,311.94,1689.6,30.28,51.8,0
301.83,311.36,1486.3,39.52,130.4,0
300.69,310.9,1342.6,29.06,126.3,0
300.76,311.23,1461.3,39.73,22.1,0
302.74,312.11,1468.2,38.9,85.4,0
301.4,311.17,1696.5,52.15,17.8,0
298.93,309.57,1407.7,34.41,141.6,0
301.54,313.49,1624.7,41.81,13.6,0
302.27,311.67,1284.6,38.21,80.0,0
299.36,309.62,1615.3,33.07,127.0,0
304.29,312.54,1458.9,38.16,155.8,0
300.73,310.79,1396.2,57.55,115.6,1
305.04,315.39,1434.1,49.42,107.7,1
300.45,309.82,1490.9,43.09,209.4,1
298.87,310.44,1717.1,53.22,36.9,0
300.32,310.21,1578.1,34.81,1.7,0
299.65,310.25,1619.5,36.03,170.3,1
298.93,309.21,1454.7,38.66,142.2,1
301.03,312.37,1485.8,36.12,207.1,1
298.21,307.96,1542.6,45.07,39.9,0
297.09,305.1,1538.4,55.76,140.6,0
299.83,309.74,1432.0,18.24,28.1,0
298.37,308.12,1290.1,33.83,127.1,0
298.69,310.25,1420.5,64.45,115.3,1
296.39,305.29,1284.8,40.49,40.9,0
301.1,309.5,1484.5,52.57,195.6,1
302.24,309.7,1542.5,62.76,218.8,1
299.21,309.49,1671.4,43.79,210.6,1
297.21,307.07,1298.3,11.44,183.1,0
299.24,308.31,1649.7,40.28,170.3,1
300.15,311.65,1520.9,38.57,148.9,0
300.13,308.7,1526.1,38.17,70.8,0
299.77,310.19,1473.4,40.13,76.0,0
301.27,309.66,1692.6,44.52,135.6,0
301.64,312.58,1531.0,45.3,208.3,1
295.82,306.99,1637.6,32.61,27.9,0
297.13,307.0,1393.1,23.25,4.0,0
297.95,308.7,1330.8,59.81,108.1,1
299.75,308.29,1411.1,35.23,165.8,0
301.59,312.03,1552.7,40.7,219.1,1
300.63,310.38,1453.8,31.72,70.1,0
298.3,308.6,1371.4,44.44,34.9,0
297.41,306.05,1581.5,47.27,201.7,1
303.19,314.5,1370.2,42.21,21.5,0
300.06,310.45,1349.5,34.59,154.1,1
302.08,313.18,1454.1,30.64,224.5,1
302.74,313.19,1500.1,36.75,7.5,0
299.91,309.27,1479.4,35.58,91.7,0
299.95,309.91,1188.7,33.77,40.0,0
300.95,313.14,1460.6,37.38,63.6,0
301.22,309.88,1712.5,60.74,106.6,0
295.94,307.01,1592.4,32.45,40.7,0
299.08,308.28,1495.5,35.58,175.2,1
296.9,306.92,1657.6,34.38,64.7,0
305.76,314.31,1773.3,47.44,113.7,0
301.18,311.62,1310.1,23.42,12.2,0
300.42,312.56,1500.4,36.46,44.9,0
299.08,308.15,1588.1,43.43,47.6,0
301.33,311.27,1616.2,45.2,137.5,1
300.55,311.28,1707.9,29.45,193.3,0
301.12,311.3,1482.8,29.74,92.7,0
301.01,310.79,1365.2,41.69,117.1,0
301.88,312.32,1348.1,40.83,12.1,0
302.11,312.57,1631.4,41.54,97.3,1
302.45,313.77,1375.6,46.86,76.5,0
304.59,312.68,1546.5,57.97,45.0,0
298.28,307.79,1292.5,43.59,109.9,0
300.19,309.47,1528.2,36.88,35.9,0
294.23,303.97,1706.5,36.6,8.1,0
299.77,309.24,1261.3,38.84,32.4,0
298.23,308.09,1524.3,50.76,27.7,0
297.67,306.91,1663.4,52.62,91.7,1
297.97,308.98,1630.3,39.95,23.1,0
303.21,313.84,1544.8,52.31,222.0,1
298.74,308.13,1790.0,41.66,20.0,0
301.03,309.79,1885.9,32.06,80.2,0
297.76,307.51,1584.8,30.76,118.8,0
300.88,311.07,1464.4,24.15,73.3,0
300.2,309.49,1225.7,38.16,26.1,0
301.86,312.31,1261.2,46.13,161.7,1
300.45,311.89,1693.4,41.29,62.1,0
298.23,309.35,1718.2,45.79,161.5,1
297.18,307.81,1188.5,54.29,39.6,0
301.8,311.24,1375.8,56.51,54.5,0
299.97,309.48,1514.4,40.83,217.6,1
299.14,310.15,1690.6,26.04,125.4,0
300.16,309.46,1457.6,49.08,79.7,0
304.41,315.17,1598.3,37.74,12.2,0
300.03,311.58,1471.0,30.71,148.1,0
303.29,313.61,1541.3,60.81,178.2,1
298.88,307.83,1463.6,42.29,149.5,1
298.77,309.78,1480.8,52.6,40.9,0
302.01,311.3,1589.6,43.7,225.7,1
300.06,310.44,1474.8,46.13,107.0,0
300.12,309.39,1494.5,64.85,31.6,0
297.8,306.5,1431.7,44.51,60.7,0
302.73,312.29,1490.7,45.0,69.7,0
296.57,306.13,1604.6,38.36,100.4,0
299.09,308.11,1443.9,55.0,199.6,1
299.33,308.96,1440.9,45.08,53.3,0
301.6,310.8,1750.7,46.13,91.6,0
303.9,315.44,1417.7,21.18,70.2,0
301.95,312.5,1590.8,25.54,196.5,0
298.66,308.55,1698.9,37.65,169.6,1
298.34,310.85,1375.1,24.92,189.4,1
297.15,308.5,1432.2,47.67,13.4,0
299.09,310.1,1417.1,17.65,47.5,0
303.71,312.99,1470.8,27.98,134.7,0
297.42,307.3,1829.9,40.5,112.8,0
297.79,309.3,1564.0,39.21,121.4,0
299.22,308.97,1277.9,41.3,72.4,0
297.27,307.84,1395.5,52.6,215.6,1
300.12,310.14,1637.9,49.56,27.8,0
298.52,307.52,1518.6,32.36,140.7,0
302.92,313.62,1678.7,31.99,197.1,0
301.58,311.36,1330.7,40.26,16.6,0
299.73,309.49,1367.7,48.5,82.8,0
300.51,311.1,1571.2,25.17,27.9,0
301.55,310.11,1329.4,25.24,198.8,0
301.67,311.53,1518.7,22.6,112.2,0
300.07,309.72,1315.1,27.21,138.0,0
300.25,308.31,1520.8,39.63,206.7,1
297.65,310.48,1448.5,42.65,167.2,1
304.45,315.83,1181.0,49.86,59.8,0
296.47,306.04,1713.5,17.97,17.2,0
296.18,306.35,1752.6,18.23,9.4,0
297.24,306.58,1819.0,31.98,20.1,0
300.53,309.43,1682.9,25.86,95.7,0
302.02,312.15,1510.3,45.03,228.5,1
297.15,308.58,1390.8,54.7,83.7,1
300.2,308.71,1650.6,38.0,203.7,1
300.98,312.3,1501.4,39.09,154.5,1
298.49,308.59,1685.8,25.54,60.9,0
300.76,312.56,1238.0,45.1,24.9,0
297.72,306.85,1735.5,59.25,57.0,0
300.56,310.59,1565.8,43.78,163.3,1
297.05,306.29,1615.9,37.2,43.8,0
298.25,308.68,1349.1,45.1,7.2,0
301.99,312.5,1406.6,33.4,221.5,1
302.53,312.22,1710.2,52.25,152.9,1
300.43,310.88,1302.7,47.62,51.5,0
300.93,311.9,1462.4,48.6,159.6,1
299.61,310.51,1621.5,34.2,129.6,0
299.27,309.83,1580.2,43.53,51.7,0
296.98,305.09,1810.4,40.99,204.3,1
297.65,308.19,1516.0,53.02,135.0,1
298.72,308.34,1343.1,39.81,122.2,1
302.45,312.69,1452.1,34.04,186.0,1
299.72,310.06,1326.0,16.3,100.7,0
297.93,308.31,1171.5,43.71,0.1,0
298.84,309.54,1518.1,19.7,84.3,0
301.05,309.47,1307.4,49.13,127.0,1
297.84,306.78,1243.6,38.32,182.4,1
299.56,310.14,1430.2,47.01,233.3,1
300.26,308.91,1500.1,50.85,39.3,0
298.17,307.43,1624.2,37.53,101.7,0
303.6,314.11,1506.7,18.89,29.0,0
300.11,308.83,1282.9,39.76,59.3,0
300.06,310.89,1615.5,34.39,155.9,1
299.94,308.84,1970.2,28.95,23.9,0
301.16,311.19,1606.7,21.03,85.1,0
295.61,306.31,1497.5,51.76,73.8,0
299.38,309.58,1634.2,65.38,169.3,1
300.58,310.88,1602.8,43.5,233.6,1
299.13,310.16,1595.2,44.09,84.4,1
300.25,311.69,1807.4,33.17,177.7,1
298.4,309.58,1463.4,15.34,35.9,0
298.39,308.49,1539.6,24.12,180.2,1
296.11,305.74,1716.3,32.71,177.2,1
297.29,307.72,1488.6,37.89,41.7,0
297.76,306.85,1648.1,34.68,79.7,0
304.65,315.98,1495.7,40.03,97.7,0
299.45,310.52,1419.1,57.84,24.0,0
298.8,308.9,1088.9,23.42,76.1,0
297.06,308.12,1673.6,43.74,11.1,0
300.89,309.47,1563.2,48.5,116.9,0
297.47,306.14,1256.8,19.63,137.9,0
297.99,310.35,1658.9,42.42,60.7,0
298.15,307.29,1592.7,39.6,111.1,1
303.54,313.17,1446.0,32.71,3.2,0
298.96,308.89,1783.2,37.78,198.4,1
299.27,310.03,1459.6,34.5,118.3,0
298.67,308.16,1622.1,48.51,189.4,1
300.94,310.92,1571.2,45.72,168.4,0
303.62,312.58,1635.7,36.52,103.9,0
299.51,307.98,1517.6,52.72,205.0,1
300.98,311.7,1610.2,41.58,179.7,1
297.76,307.97,1394.0,41.32,98.1,0
299.25,311.01,1372.7,34.4,86.5,0
301.39,312.36,1472.4,12.63,63.3,0
300.22,310.05,1419.7,25.56,31.3,0
297.06,306.9,1636.5,50.57,175.2,1
301.0,310.5,1439.3,52.82,91.3,0
304.22,314.57,1522.7,34.96,118.6,0
300.69,310.64,1475.1,34.94,182.6,0
299.6,310.53,1574.0,29.86,145.6,0
299.56,310.43,1338.7,40.75,14.7,0
302.34,312.34,1218.1,32.96,219.3,1
301.24,311.23,1347.2,27.69,234.6,1
298.38,307.92,1354.0,35.68,60.5,0
299.78,309.76,1401.9,49.82,26.7,0
297.57,306.02,1530.9,54.58,30.5,0
301.07,311.92,1414.4,52.25,51.7,0
297.77,308.27,1220.9,34.38,84.4,0
300.59,310.06,1263.8,40.37,59.0,0
300.62,312.07,1473.6,34.33,160.8,0
297.29,309.48,1609.6,35.48,235.7,1
300.97,311.03,1289.7,31.0,126.8,0
300.35,310.4,1342.6,43.89,33.3,0
300.12,308.42,1696.1,33.58,182.9,1
302.99,312.8,1345.7,64.09,155.2,1
297.24,308.4,1676.8,45.91,91.8,0
301.08,310.94,1551.9,34.01,50.8,0
296.64,307.06,1673.5,24.52,48.7,0
298.71,308.22,1697.9,37.96,137.4,1
301.83,313.83,1569.9,42.07,162.3,1
299.17,310.36,1515.6,34.59,47.3,0
299.97,308.33,1385.5,24.06,175.1,0
298.06,307.8,1397.1,42.6,107.4,0
301.3,311.75,1505.5,52.11,159.6,1
300.0,310.47,1600.7,24.59,52.5,0
301.39,313.49,1794.5,15.76,42.2,0
297.31,306.14,991.4,26.43,52.5,0
299.49,309.3,1394.9,39.45,186.1,0
296.63,306.89,1463.1,35.16,85.5,0
302.98,314.07,1526.2,21.57,160.0,0
299.88,310.43,1690.3,28.46,159.6,1
295.21,304.48,1541.1,41.55,151.4,0
297.05,308.25,1454.2,49.65,145.5,1
299.27,310.37,1632.9,32.19,38.8,0
300.21,310.92,1535.0,31.03,194.4,1
298.81,309.64,1469.3,50.69,9.2,0
298.78,309.27,1588.7,32.91,220.6,0
298.4,309.73,1713.8,57.62,168.0,1
300.99,310.42,1540.4,45.51,202.9,1
296.56,305.01,1477.4,39.86,54.5,0
302.83,309.91,1757.0,34.33,135.6,0
297.92,307.75,1678.6,27.95,223.8,1
303.08,314.64,1240.7,37.08,183.8,1
300.68,309.76,1603.3,45.06,237.2,1
299.25,310.67,1870.0,35.9,202.9,1
297.51,306.08,1411.8,42.61,160.6,0
299.14,310.83,1567.4,27.75,174.6,1
302.47,314.21,1495.8,24.5,23.4,0
303.79,314.34,1717.2,18.73,174.7,0
297.39,308.63,1199.4,34.91,180.0,0
299.7,310.62,1651.6,26.11,68.1,0
299.39,310.13,1466.5,46.68,118.5,0
299.54,310.24,1417.4,43.82,148.2,0
301.5,313.14,1564.8,43.53,211.3,1
298.61,308.4,1360.1,33.47,79.3,0
300.21,310.05,1666.2,26.89,50.2,0
301.19,311.23,1647.2,67.53,18.5,0
298.19,309.41,1345.4,48.56,116.4,1
299.84,311.1,1902.5,39.19,216.6,1
300.5,311.06,1311.2,30.95,120.5,0
303.95,314.61,1604.6,48.31,74.1,1
302.4,314.09,1614.3,11.17,220.0,1
298.94,309.74,1364.6,39.97,234.6,1
298.63,308.18,1312.7,52.17,157.9,0
302.0,312.4,1481.4,30.81,37.2,0
296.94,308.63,1523.2,36.06,90.0,0
299.12,311.92,1547.5,43.52,66.6,0
299.11,309.13,1267.1,51.42,177.2,0
297.67,307.61,1552.4,47.51,15.7,0
300.6,311.28,1562.1,50.53,121.3,1
302.54,313.6,1435.3,30.02,9.9,0
300.51,310.2,1443.5,39.44,1.2,0
300.65,311.15,1480.0,34.77,163.1,1
304.24,313.65,1248.0,35.04,156.1,0
298.74,311.63,1341.9,41.45,48.8,0
302.17,311.69,1328.0,24.77,103.3,0
298.01,309.09,1285.7,38.82,168.0,0
301.28,312.3,1202.6,29.1,82.6,0
302.11,312.6,1415.2,27.62,137.4,0
299.64,310.03,1619.0,21.95,151.3,0
300.95,311.61,1470.7,30.3,114.8,0
300.31,309.54,1629.3,38.97,69.3,0
300.41,308.26,1383.2,48.96,113.7,0
300.95,310.3,1475.7,32.14,5.2,0
300.19,309.47,1560.5,54.84,80.6,0
300.26,310.75,1174.7,38.41,16.1,0
297.87,307.09,1389.2,34.82,165.1,0
297.31,306.63,1450.2,48.72,203.0,1
302.45,312.46,1646.8,55.51,89.2,1
298.2,307.41,1821.3,23.19,175.1,1
295.9,305.16,1601.3,32.69,200.2,1
299.54,310.82,1648.7,41.15,35.4,0
299.33,309.61,1374.8,43.11,106.4,1
300.34,310.14,1231.4,41.04,234.2,1
301.75,311.42,1691.3,46.33,16.4,0
298.19,307.13,1467.3,39.23,64.7,0
298.97,309.69,1486.9,31.65,46.9,0
300.98,310.53,1505.7,41.91,192.4,0
301.86,310.74,1518.9,39.09,112.7,0
299.72,307.06,1245.6,31.2,106.4,0
299.51,310.38,1434.3,33.57,74.2,0
300.14,308.25,1650.8,54.24,34.2,0
299.04,307.97,1357.8,55.52,135.4,0
302.58,310.84,1537.6,27.55,201.8,0
298.83,308.03,1024.3,31.65,47.3,0
303.56,312.92,1325.4,41.09,216.3,1
300.11,311.07,1346.9,23.62,119.9,0
301.37,311.3,1474.1,30.33,52.0,0
302.68,310.69,1386.6,37.11,160.3,0
302.28,314.15,1578.1,37.47,233.1,1
303.29,311.97,1530.3,18.92,44.9,0
295.5,305.88,1819.3,36.57,123.5,0
302.21,312.64,1812.8,41.53,204.9,1
301.33,311.26,1239.7,35.26,94.7,0
297.72,307.04,1490.7,14.22,12.0,0
300.1,309.65,1542.5,27.21,83.2,0
300.1,311.76,1494.4,61.52,10.9,0
301.17,309.81,1314.0,43.92,198.4,1
295.94,306.09,1405.2,55.34,128.0,0
300.98,310.57,1778.2,54.53,164.6,1
299.73,310.75,1394.0,52.59,143.9,0
304.01,314.37,1534.7,28.21,103.2,0
303.4,313.05,1682.5,35.97,94.8,0
301.54,307.59,1670.4,24.65,126.5,0
297.49,307.23,1377.7,31.05,81.6,0
298.68,309.06,1200.2,57.99,62.2,0
297.58,306.93,1681.2,48.36,42.4,0
297.22,307.52,1424.4,46.44,48.6,0
299.59,310.09,1625.4,36.55,130.8,0
298.66,309.36,1839.0,29.4,78.5,0
298.43,307.36,1878.9,36.99,124.0,0
298.61,310.24,1420.8,40.26,23.2,0
297.32,307.93,1605.8,43.12,117.6,0
295.75,306.1,1825.9,40.03,72.4,0
297.05,307.82,1601.9,47.93,46.5,0
298.7,307.72,1472.9,46.97,119.3,0
303.61,314.49,1642.2,35.33,117.8,0
300.97,311.66,1726.7,22.19,154.8,0
301.29,311.64,1611.2,56.83,98.7,1
302.41,311.99,1435.3,52.62,108.1,1
301.99,312.33,1616.6,50.92,188.4,1
302.43,312.14,1710.4,44.03,70.1,0
300.79,309.75,1508.5,42.86,177.3,1
299.24,309.14,1444.1,32.74,24.2,0
298.72,308.57,1417.2,30.74,30.3,0
298.5,308.87,1405.0,34.51,139.7,1
299.65,309.27,1214.9,34.98,192.9,1
298.6,309.56,1597.6,28.45,95.1,0
299.4,309.51,1421.2,49.06,96.5,0
297.28,306.92,1401.7,31.29,93.9,0
297.62,307.39,1625.1,26.9,84.1,0
302.17,313.83,1726.8,49.76,143.0,0
302.36,313.45,1453.5,21.93,59.5,0
297.17,307.5,1590.3,35.59,142.8,1
299.21,307.57,1610.6,31.86,228.5,1
305.08,314.01,1738.3,37.02,15.9,0
297.85,308.81,1437.3,19.76,8.8,0
303.04,312.59,1695.5,35.1,130.6,0
300.79,310.06,1472.9,31.14,113.7,0
300.53,311.03,1504.5,50.26,127.8,0
300.3,309.86,1622.5,49.27,58.1,0
305.47,316.53,1551.8,38.73,181.1,1
300.94,310.6,1320.4,38.62,203.8,0
296.35,306.6,1384.6,39.43,208.1,1
302.89,312.15,1438.7,56.3,15.6,0
301.82,312.19,1602.2,25.28,186.5,1
301.32,311.77,1561.4,44.42,100.7,1
299.27,309.84,1670.3,40.76,85.0,0
300.45,309.35,1334.0,47.94,100.6,0
297.16,306.85,1349.5,34.26,196.4,1
299.42,310.53,1397.6,41.41,221.7,1
298.52,307.23,1348.2,54.18,120.8,1
303.09,313.46,1493.8,50.2,92.3,0
300.05,309.78,1430.9,40.32,55.5,0
299.91,310.19,1404.3,38.86,10.4,0
300.86,312.08,1634.8,31.45,214.5,1
297.98,309.83,1531.9,50.37,197.2,1
300.83,312.43,1495.4,40.04,42.3,0
296.16,306.71,1710.0,44.09,126.3,0
299.69,311.26,1569.4,35.85,66.8,0
301.17,311.85,1640.7,42.63,86.7,0
299.37,309.83,1569.3,55.94,150.3,1
301.27,310.25,1751.2,44.17,104.8,0
305.53,314.76,1417.4,41.48,144.3,0
300.07,310.8,1636.1,47.93,208.9,1
302.95,311.42,1571.5,48.17,227.8,1
299.92,309.99,1387.0,42.22,210.7,1
299.57,310.9,1380.4,38.74,214.3,1
299.91,310.7,1338.5,32.73,222.5,1
299.59,310.13,1284.3,38.13,92.5,0
303.25,312.45,1682.5,61.6,5.5,0
303.37,313.89,1507.2,34.4,194.9,0
298.45,308.73,1304.9,39.37,170.8,0
300.75,311.96,1315.7,38.53,108.6,0
298.66,308.88,1490.6,35.52,149.4,0
298.39,309.18,1532.4,40.76,178.4,1
301.19,310.71,1482.7,37.61,178.8,1
300.6,309.72,1696.5,30.14,13.4,0
301.76,312.48,1445.6,21.58,96.7,0
300.63,309.17,1671.0,38.39,91.1,0
302.33,311.8,1655.5,37.38,45.6,0
301.65,311.84,1364.6,37.67,205.0,1
301.8,311.51,1429.4,48.38,58.2,0
298.04,310.0,1712.9,39.8,234.5,1
301.57,312.02,1476.6,46.63,101.4,0
300.38,310.37,1800.0,75.54,70.9,1
298.96,307.81,1402.5,53.93,76.9,0
295.28,304.78,1824.9,23.3,31.6,0
296.85,307.33,1425.9,60.55,216.8,1
301.75,310.77,1659.1,55.64,215.1,1
299.72,310.69,1404.9,51.07,160.2,1
298.74,307.84,1782.8,37.54,62.0,0
299.33,309.71,1679.6,38.09,190.4,1
299.94,307.02,1583.4,46.55,200.8,1
300.77,310.25,1257.1,29.99,16.8,0
298.44,308.65,1621.9,33.44,191.9,1
302.82,313.56,1560.8,27.15,217.9,0
302.68,312.13,1500.0,29.52,225.1,1
301.77,310.13,1645.0,37.67,159.5,1
297.18,306.93,1440.7,34.63,194.5,1
302.44,311.57,1450.7,37.78,57.5,0
299.55,309.36,1366.6,24.02,223.9,1
300.35,310.98,1650.7,43.06,235.3,1
300.96,310.96,1446.2,58.27,173.8,1
298.66,309.5,1574.6,35.85,119.7,0
298.4,307.06,1322.3,40.61,144.8,0
301.96,310.52,1640.2,35.19,79.9,0
298.99,308.52,1435.6,60.84,47.6,0
301.76,313.61,1662.4,45.05,74.4,0
301.1,311.3,1358.7,45.54,223.2,1
297.15,306.16,1259.6,47.56,194.7,1
298.72,309.39,1344.4,41.61,33.6,0
296.31,306.53,1448.2,37.85,82.7,0
299.65,309.09,1675.2,54.16,238.2,1
302.52,312.59,1546.9,28.95,147.3,0
299.2,310.05,1567.8,29.09,177.3,0
298.86,308.3,1518.9,42.81,216.4,1
298.16,307.86,1376.0,52.22,32.3,1
305.13,315.03,1577.4,56.35,132.3,0
299.81,308.16,1400.9,42.29,224.1,1
300.93,311.39,1556.8,42.24,199.2,1
297.15,304.66,1393.6,31.96,33.1,0
300.0,309.32,1657.8,38.67,109.2,0
297.19,306.2,1310.5,45.57,134.5,0
301.76,312.63,1612.9,49.5,190.7,1
302.57,311.63,1708.4,28.28,167.5,0
302.07,312.11,1138.5,46.08,114.1,0
301.0,310.79,1601.0,26.82,130.5,1
301.52,312.63,1784.3,50.6,175.5,1
297.88,308.33,1564.9,37.01,42.1,0
300.1,309.68,1527.9,50.07,215.1,1
298.28,307.47,1407.8,23.03,223.7,1
300.73,311.21,1408.3,33.24,205.9,1
301.41,311.04,1353.1,33.96,165.4,0
301.19,311.43,1377.5,32.07,87.1,0
301.03,311.95,1786.7,36.0,57.1,0
299.75,310.28,1317.6,45.82,84.3,0
301.1,309.89,1579.9,31.84,36.8,0
300.46,311.7,1610.6,29.2,40.9,0
296.99,305.36,1561.1,41.43,123.5,0
298.33,306.23,1513.4,40.49,144.5,1
302.34,312.7,1200.4,33.35,76.9,0
300.36,310.12,1378.4,53.2,148.4,1
302.01,310.71,1479.0,51.07,170.3,1
301.32,312.96,1583.5,35.01,179.3,0
296.46,306.34,1500.8,35.62,80.1,0
300.43,310.96,1257.6,35.73,201.1,1
298.4,306.62,1671.7,39.48,190.5,1
299.65,308.19,1504.8,41.92,71.7,0
298.51,308.18,1496.7,47.23,23.4,0
301.89,310.92,1510.5,49.85,62.5,0
300.67,310.48,1703.2,39.75,115.8,0
296.89,305.8,1655.8,40.96,150.8,1
300.4,311.51,1500.0,57.2,96.2,1
300.09,309.88,1344.7,37.09,204.7,1
300.13,310.49,1501.0,21.77,78.2,0
299.11,309.63,1459.4,43.07,198.8,1
297.75,309.62,1592.9,41.97,79.8,0
297.58,305.51,1586.1,49.16,237.5,1
302.65,312.62,1697.7,40.93,32.2,0
300.74,309.85,1492.7,40.31,139.3,0
302.53,313.54,1338.4,49.58,34.4,0
302.53,312.0,1318.7,34.23,1.1,0
296.35,307.54,1350.3,30.86,122.1,0
298.7,311.01,1452.2,43.1,201.9,1
300.63,311.91,1349.0,32.15,1.0,0
301.03,312.27,1546.1,19.25,91.6,0
300.71,310.6,1544.4,41.04,113.8,0
302.49,311.97,1536.1,41.61,73.6,0
301.73,311.91,1628.6,33.08,116.2,0
298.69,309.81,1618.7,49.55,41.9,0
298.03,309.93,1427.1,46.81,235.7,1
299.52,308.5,1503.7,42.04,15.8,0
300.49,309.45,1822.7,38.77,28.7,0
299.62,309.43,1405.6,63.46,201.5,1
300.58,311.82,1420.1,31.95,236.4,1
300.71,310.53,1541.0,30.42,145.6,0
300.45,310.15,1482.1,28.4,81.2,0
303.05,311.84,1799.1,28.48,213.2,1
298.99,309.79,1261.1,41.72,197.1,1
300.34,310.04,1577.1,32.17,233.3,1
299.82,309.02,1543.2,35.13,31.0,0
302.12,312.03,1570.5,54.02,156.3,1
302.9,312.63,1464.7,42.5,10.5,0
302.42,312.52,1482.1,54.86,154.7,1
300.96,310.01,1658.4,37.92,75.0,0
298.73,307.42,1472.5,12.88,132.0,0
302.41,312.55,1814.9,36.34,120.1,0
299.85,309.34,1653.5,25.17,205.9,0
299.47,310.04,1652.4,54.0,93.2,0
300.28,310.62,1538.0,45.72,67.9,0
298.65,308.04,1441.6,63.41,124.0,1
298.31,309.09,1495.1,27.87,178.9,0
299.68,309.55,1832.0,35.19,19.2,0
300.13,311.06,1634.6,33.12,116.4,0
300.05,309.97,1527.3,25.18,184.4,1
300.56,309.17,1487.4,31.24,104.8,0
299.93,309.34,1393.0,39.08,220.9,1
302.93,313.57,1480.9,45.2,3.2,0
299.84,310.24,1706.1,41.99,201.6,1
299.27,308.67,1205.6,39.91,0.9,0
302.21,311.06,1494.9,37.75,2.1,0
300.6,310.96,1551.6,55.39,220.3,1
297.46,307.9,1486.3,29.59,22.9,0
297.17,307.48,1342.6,39.1,220.0,1
298.53,308.32,1701.3,32.36,16.5,0
299.78,308.36,1507.9,26.96,44.8,0
301.29,311.33,1391.8,36.81,35.4,0
302.99,312.45,1443.9,33.2,220.5,1
298.32,309.82,1288.4,38.47,184.6,1
300.66,309.93,1680.7,36.29,1.6,0
301.16,309.89,1442.8,40.03,46.8,0
302.89,312.32,1672.5,41.93,155.4,0
300.31,310.47,1626.1,28.73,82.6,0
302.57,313.77,1492.9,40.79,125.9,0
299.93,308.51,1269.8,57.21,51.4,0
297.51,307.13,1333.1,34.41,3.9,0
301.22,309.45,1130.5,30.87,101.3,0
300.07,309.65,1468.3,30.76,86.8,0
297.7,306.84,1373.4,35.92,63.2,0
300.79,311.92,1298.1,40.32,87.0,0
304.08,312.28,1066.6,42.55,108.4,0
303.18,314.04,1352.7,45.97,58.4,0
300.7,310.89,1463.2,45.42,74.8,0
299.11,309.53,1445.1,60.13,198.4,1
302.78,312.91,1569.4,66.75,61.3,1
299.12,309.19,1700.9,37.79,28.3,0
300.95,311.22,1546.8,52.33,154.1,1
303.64,315.68,1576.4,24.53,27.3,0
298.14,308.63,1375.9,24.4,38.7,0
297.45,306.82,1336.8,35.95,158.4,0
299.79,310.17,1348.7,27.19,232.8,1
299.56,308.63,1655.1,41.93,18.4,0
298.52,308.65,1451.2,31.07,79.3,0
298.44,308.99,1514.3,26.02,53.9,0
297.94,306.79,1479.2,38.49,15.3,0
298.35,306.94,1409.3,34.45,32.6,0
298.99,309.46,1618.4,21.57,217.2,0
302.35,313.0,1609.9,49.89,108.2,1
300.13,310.27,1630.3,44.83,133.1,1
297.85,308.43,1642.6,33.04,209.4,1
298.25,308.78,1276.7,36.06,52.4,0
303.28,312.74,1431.0,39.22,222.2,1
302.74,312.45,1415.6,43.8,121.6,0
301.4,311.96,1637.0,37.42,135.6,1
304.94,315.73,1705.8,34.04,237.2,1
298.36,309.2,1363.8,16.57,141.3,0
300.93,311.12,1377.5,45.7,114.8,0
300.46,309.92,1808.7,40.37,188.6,1
301.16,311.01,1324.1,48.11,171.9,1
299.93,310.81,1674.2,56.29,113.2,1
300.13,309.22,1360.3,42.71,28.9,0
301.12,310.67,1253.3,35.5,103.2,0
301.45,309.15,1507.0,41.3,213.5,1
299.92,309.61,1445.1,31.55,139.1,0
300.75,309.1,1375.1,33.13,149.6,0
300.64,311.83,1319.1,37.09,130.4,0
298.37,307.82,1523.9,48.67,201.5,1
302.24,310.73,1423.3,58.86,65.4,0
300.4,310.68,1474.9,50.4,103.2,0
299.22,307.82,1737.2,32.83,73.5,0
300.01,312.03,1789.7,31.6,193.5,1
300.16,312.36,1606.3,31.7,226.7,1
301.19,311.78,1178.1,42.02,51.2,0
300.39,311.37,1472.6,48.47,191.0,1
301.52,313.38,1570.6,34.87,183.3,1
301.33,312.04,1484.9,48.88,211.2,1
299.75,310.89,1249.2,29.34,59.4,0
299.87,309.67,1191.7,39.08,237.0,1
297.97,307.33,1657.1,25.36,189.7,1
301.99,311.69,1669.2,46.55,165.0,1
303.97,315.45,1179.6,29.67,80.3,0
300.15,309.9,1432.1,40.29,104.7,0
301.19,310.83,1537.2,51.17,4.5,0
302.13,310.45,1400.9,47.47,160.9,0
299.6,309.3,1412.5,41.87,47.0,0
299.9,310.12,1399.0,40.8,41.3,0
296.35,306.52,1626.6,47.29,184.1,1
299.17,310.07,1437.9,33.86,145.0,0
300.84,310.99,1358.4,33.58,213.0,1
298.79,310.04,1334.7,30.01,59.6,0
304.39,314.68,1477.2,26.89,43.8,0
304.8,313.27,1428.4,32.59,76.9,0
299.2,308.63,1657.6,40.77,34.0,0
298.99,309.36,1426.1,38.33,82.1,0
300.54,310.41,1351.2,41.55,101.6,0
302.13,311.68,1742.9,26.79,151.8,0
303.68,314.31,1398.4,43.58,143.6,1
297.07,306.66,1566.3,47.72,83.2,1
300.6,310.88,1221.2,24.68,150.4,1
300.03,310.3,1463.3,53.74,192.5,1
301.0,311.25,1769.3,54.17,216.5,1
296.35,307.18,1673.7,39.3,21.9,0
301.99,311.54,1396.7,38.49,113.3,0
299.91,309.45,1483.4,36.5,18.3,0
298.92,309.55,1635.7,36.63,216.6,0
300.91,309.88,1473.1,30.62,234.4,1
301.91,311.73,1306.4,43.83,216.2,1
301.65,311.48,1461.0,36.24,180.5,1
304.28,314.64,1418.6,37.4,203.3,1
296.54,307.94,1463.6,63.01,226.7,1
299.58,309.56,1531.2,40.97,18.8,0
296.55,306.31,1583.8,65.13,229.9,1
299.23,309.06,1766.8,47.36,235.6,1
301.27,311.88,1350.0,46.15,176.1,1
304.03,314.98,1566.1,38.99,226.4,1
298.25,305.79,1691.0,51.44,2.1,0
297.52,308.41,1292.5,65.13,164.3,1
298.99,309.49,1629.1,22.51,34.4,0
300.37,311.33,1826.3,21.4,61.4,0
299.73,307.96,1665.7,32.94,113.8,0
298.64,308.47,1428.1,45.18,118.8,0
303.14,313.1,1380.3,36.93,172.1,1
299.3,308.16,1654.9,31.64,102.1,0
303.45,313.45,1429.2,25.19,81.2,0
301.01,309.66,1502.1,43.36,24.8,0
302.4,311.78,1739.3,23.38,238.1,1
297.96,308.5,1306.3,28.2,199.7,0
299.42,310.7,1235.9,36.85,219.7,1
299.47,311.45,1343.6,48.84,150.6,1
301.16,309.22,1439.1,31.79,68.0,0
297.7,305.83,1685.4,47.19,70.5,0
301.52,311.08,1531.9,44.28,163.6,1
301.22,310.9,1573.6,40.25,0.8,0
299.29,307.98,1491.8,15.18,236.5,0
298.63,307.67,1469.8,47.71,25.1,0
298.6,307.67,1550.9,26.65,41.9,0
297.58,307.18,1657.2,43.25,139.0,1
302.18,310.89,1318.1,50.9,215.7,1
302.37,310.76,1689.8,53.73,115.8,0
302.86,311.82,1348.3,51.86,228.0,1
297.77,307.63,1343.0,45.2,94.5,0
301.79,312.98,1810.5,34.47,12.7,0
297.74,307.24,1495.9,42.31,57.4,0
301.61,311.23,1357.5,30.37,108.3,0
300.23,311.61,1209.7,10.29,63.8,0
298.79,307.98,1380.9,51.21,230.9,1
298.84,308.26,1638.8,30.53,101.0,0
298.8,307.19,1703.7,41.24,71.7,0
298.74,310.91,1533.2,18.74,43.8,0
301.62,311.67,1576.8,29.77,214.4,1
296.85,306.31,1480.0,36.29,31.9,0
300.72,310.07,1595.1,41.73,35.6,0
299.37,309.5,1526.8,46.2,89.0,0
301.43,311.32,1617.8,54.01,4.7,0
301.37,310.13,1786.7,30.74,93.2,0
300.46,310.49,1184.1,34.82,153.4,0
300.72,310.03,1436.0,35.81,220.0,1
297.73,306.68,1461.5,46.64,159.4,1
295.92,306.23,1631.5,31.1,176.5,1
302.1,312.99,1575.6,25.11,157.4,0
301.09,310.28,1524.8,32.88,235.3,1
301.11,312.55,1791.2,33.43,143.6,0
300.22,310.91,1950.6,39.93,179.3,0
300.38,310.14,1435.0,32.43,156.7,1
300.01,311.47,1733.7,40.76,122.7,0
301.36,309.19,1449.5,42.96,112.9,0
298.86,309.3,1216.2,25.62,210.5,0
298.98,308.55,1523.0,16.51,171.0,0
299.68,309.53,1606.7,45.68,29.2,0
301.51,311.89,1274.2,30.99,114.5,0
302.75,312.65,1550.9,51.27,195.8,1
303.1,312.86,1541.6,36.49,187.2,1
299.87,309.99,1443.3,36.76,22.6,0
298.63,308.13,1745.5,45.9,8.0,0
299.19,309.21,1691.6,46.73,10.4,0
299.11,310.95,1623.5,52.06,195.0,1
299.96,308.25,1667.8,35.03,182.0,0
303.86,315.6,1845.9,44.11,47.6,0
301.23,312.08,1202.3,39.08,134.4,0
298.7,307.87,1872.4,44.89,77.2,0
298.99,307.91,1441.4,26.09,129.7,0
300.63,311.59,1410.9,19.83,79.5,0
301.66,311.2,1423.7,47.2,75.9,0
297.31,307.73,1809.1,26.19,206.7,1
299.33,310.14,1785.0,40.5,85.5,0
300.74,310.01,1389.1,46.81,19.2,0
295.93,307.42,1608.6,48.78,64.2,0
305.49,315.53,1267.5,30.99,203.6,1
295.1,305.64,1129.3,43.85,234.8,1
300.06,309.17,1503.7,61.04,94.9,0
298.61,308.29,1584.6,43.38,101.1,0
299.18,309.73,1558.0,48.6,49.1,0
301.54,310.21,1570.1,48.56,194.5,0
298.85,308.24,1535.1,54.94,57.9,0
298.57,309.29,1519.1,37.79,175.5,1
298.9,308.72,1444.5,42.88,14.9,0
299.34,310.16,1644.8,20.75,124.9,0
302.24,312.93,1578.7,40.4,87.0,0
299.26,309.1,1613.8,37.31,78.9,0
299.35,308.15,1438.3,37.47,69.9,0
298.66,308.67,1494.1,45.54,201.1,1
301.35,313.1,1753.5,54.05,40.9,0
299.93,309.51,1685.9,40.32,176.4,1
300.25,310.25,1257.7,59.06,225.6,1
300.82,310.89,1458.6,42.27,120.4,1
302.5,312.03,1680.9,51.4,75.5,0
299.75,311.52,1387.8,46.85,126.4,0
298.08,307.79,1710.4,32.15,217.6,0
298.42,308.08,1468.4,36.93,214.1,1
298.32,308.94,1424.8,40.27,234.1,1
299.61,309.3,1716.8,39.61,54.8,0
300.33,309.6,1434.8,43.86,63.1,0
298.16,307.58,1434.9,33.43,129.3,0
295.63,306.21,1665.9,31.6,26.2,0
298.86,308.96,1340.1,38.64,14.9,0
301.41,311.59,1483.0,47.75,218.0,1
303.29,314.3,1523.9,44.58,116.2,0
303.88,313.51,1607.5,40.48,200.2,1
303.73,313.23,1334.6,39.15,30.5,0
301.24,311.14,1373.9,35.8,31.4,0
300.16,311.09,1237.1,29.28,191.8,1
297.62,306.9,1732.1,40.32,24.2,0
298.84,308.83,1479.8,35.81,6.0,0
300.01,309.09,1152.0,33.52,12.3,0
301.14,309.88,1212.7,44.16,162.7,0
303.45,313.56,1438.1,49.61,51.5,0
301.14,311.45,1631.3,43.07,90.3,0
298.73,308.49,1388.1,38.01,71.5,0
302.35,314.14,1731.8,35.1,60.4,0
301.01,312.27,1481.5,19.41,29.0,0
300.4,309.93,1736.1,42.87,121.8,0
297.8,306.66,1644.0,37.43,117.9,1
303.49,314.31,1321.2,23.5,177.1,0
299.69,308.43,1631.7,64.83,42.9,0
298.02,306.68,1497.5,33.81,63.2,0
299.49,309.93,1287.3,57.91,201.4,1
302.76,313.42,1674.8,44.2,150.7,1
300.45,312.72,1627.7,32.32,92.3,0
301.4,311.13,1546.5,45.1,45.0,0
298.78,307.76,1714.7,37.73,25.7,0
302.7,313.93,1722.4,41.3,101.3,1
299.12,309.14,1472.8,37.77,9.3,0
302.16,312.15,1588.8,29.35,203.5,1
302.03,311.81,1247.7,33.23,206.3,1
303.76,313.35,1486.0,36.51,116.1,0
301.01,310.74,1619.6,36.57,48.9,0
299.61,311.08,1550.5,44.8,25.1,0
301.86,312.84,1275.8,51.56,201.1,1
301.67,311.07,1510.1,31.53,87.4,0
304.03,315.24,1218.3,33.95,126.7,0
298.99,309.44,1492.1,35.02,54.4,0
299.91,310.48,1623.3,57.38,129.6,0
299.11,308.3,1351.9,31.04,237.2,1
297.36,308.31,1521.8,46.16,51.8,0
301.15,310.23,1507.6,35.24,130.7,0
298.08,308.12,1402.0,36.34,105.9,0
301.39,310.29,1452.2,41.44,107.4,0
300.84,311.4,1486.0,40.48,29.2,0
299.87,311.69,1328.4,43.85,102.5,0
299.11,308.59,1574.6,17.67,72.3,0
298.37,309.21,1317.6,54.43,19.4,0
300.95,309.78,1378.2,61.36,191.6,1
301.31,310.84,1519.5,59.1,220.1,1
299.89,310.89,1754.2,24.93,72.6,0
299.4,308.27,1310.9,43.26,84.9,0
299.74,309.18,1468.1,35.85,193.5,1
297.79,308.82,1721.7,41.55,137.2,0
301.24,310.79,1610.1,42.08,221.8,1
299.2,309.59,1575.0,34.59,123.6,0
301.39,310.09,1541.4,49.44,25.7,0
302.58,311.77,1381.6,36.05,52.5,0
295.54,304.23,1293.2,29.94,138.4,0
295.36,305.26,1411.1,42.06,208.5,1
301.19,311.05,1639.8,49.37,224.5,1
299.29,308.67,1334.7,33.81,196.8,1
297.78,307.23,1523.4,30.45,4.0,0
302.09,313.58,1414.5,42.41,71.6,0
298.83,307.94,1439.8,48.01,146.1,0
299.0,310.72,1571.8,43.94,164.9,1
298.94,307.81,1502.0,30.33,161.0,0
300.85,311.79,1554.1,56.46,37.3,0
299.0,309.81,1716.5,51.96,8.6,0
296.98,307.48,1597.4,47.64,208.0,1
297.4,307.23,1511.9,53.51,141.2,1
302.02,312.26,1399.1,47.36,94.8,0
299.64,308.98,1339.0,37.2,108.5,0
298.65,308.11,1587.6,30.33,224.6,0
298.03,306.34,1577.4,50.1,122.9,1
298.51,309.03,1329.3,10.24,30.5,0
299.95,309.02,1647.2,37.63,188.1,1
300.26,309.62,1435.3,37.42,186.3,0
296.92,307.67,1428.8,32.56,82.2,0
300.62,310.64,1579.6,26.8,17.2,0
300.53,310.98,1679.8,43.85,62.3,0
300.12,311.34,1597.9,27.43,19.4,0
304.4,313.83,1631.4,45.68,175.2,1
298.44,307.42,1523.8,53.14,168.0,0
302.25,312.39,1567.6,41.68,221.1,1
298.69,309.47,1203.4,40.99,38.9,0
300.2,310.14,1500.6,37.84,190.2,1
296.03,306.3,1662.6,18.53,199.2,0
301.11,312.27,1687.4,37.33,126.6,0
300.69,311.95,1502.3,50.51,9.1,0
300.55,311.2,1443.0,32.37,235.6,1
298.07,308.14,1333.0,21.76,59.1,0
298.25,308.45,1304.1,29.46,132.9,0
298.0,307.35,1443.5,32.7,190.0,1
300.88,312.64,1674.6,48.93,103.0,0
299.35,308.28,1414.1,43.45,52.9,0
301.65,312.86,1454.7,43.47,221.6,1
300.27,308.78,1550.3,36.53,230.3,1
299.85,309.33,1429.2,39.16,21.5,0
302.85,312.23,1675.7,23.59,66.4,0
300.77,310.73,1590.0,30.74,175.1,0
299.08,308.67,1591.3,45.39,0.5,0
299.83,310.06,1367.2,37.01,139.5,0
298.13,309.08,1520.9,54.49,35.7,1
297.92,307.42,1431.0,53.03,160.8,0
299.17,309.29,1352.8,31.78,183.8,0
296.98,307.73,1641.2,43.79,5.0,0
298.83,308.4,1658.8,36.18,15.7,0
300.65,311.62,1511.0,27.53,20.1,0
301.63,311.82,1314.2,20.89,230.5,1
296.67,307.28,1618.2,48.09,235.8,1
299.29,309.47,1440.7,29.33,156.1,0
297.4,308.48,1583.9,54.11,75.1,0
301.35,310.77,1623.0,46.19,62.9,0
298.97,308.37,1515.4,39.89,183.4,0
295.7,304.94,1491.7,31.83,56.1,0
301.99,311.02,1490.5,48.84,139.8,1
299.81,309.88,1646.6,35.42,10.3,0
297.41,307.11,1466.6,45.75,157.9,1
298.17,308.35,1588.9,58.76,30.2,0
301.49,311.54,1396.3,56.62,53.0,0
299.16,308.29,1079.0,25.26,78.6,0
299.02,306.25,1315.4,38.58,73.8,0
299.87,307.9,1555.4,37.81,235.6,0
300.33,310.05,1348.8,29.46,83.2,0
299.51,309.08,1569.2,35.45,193.8,1
298.82,309.33,1370.2,29.75,124.0,0
298.03,309.49,1559.1,20.53,4.5,0
303.51,314.86,1274.8,37.22,136.2,0
300.48,309.41,1454.4,49.72,233.4,1
299.79,312.27,1633.9,42.2,42.5,0
299.65,311.36,1477.4,40.15,105.0,0
299.66,309.04,1398.0,31.01,224.3,1
298.28,307.66,1286.1,40.27,151.1,0
300.7,309.88,1504.2,28.67,216.0,1
300.81,310.9,1617.1,27.05,169.6,1
300.67,311.23,1921.5,32.51,192.9,1
299.82,309.82,1389.7,17.93,122.6,0
304.27,314.89,1192.9,40.45,83.5,0
298.38,309.29,1502.1,38.96,17.1,0
298.02,308.82,1664.8,38.2,36.4,0
297.22,304.99,1495.4,65.0,213.6,1
301.36,311.72,1807.9,34.81,91.0,0
298.18,310.78,1681.4,30.76,177.5,1
301.33,310.61,1170.7,60.89,161.8,1
295.64,305.96,1460.9,49.82,229.1,1
300.05,311.38,1457.9,50.84,11.1,0
298.95,307.18,1464.1,46.37,100.2,0
299.64,309.39,1583.2,33.51,192.5,1
300.43,310.58,1467.9,39.46,87.0,0
296.39,307.07,1566.3,47.08,210.6,1
301.78,313.34,1305.5,32.07,213.8,1
298.84,310.28,1337.7,45.0,72.8,0
300.85,311.22,1180.3,61.8,100.8,0
302.62,311.49,1288.3,41.83,74.9,0
302.86,312.84,1536.1,39.71,120.0,0
301.49,311.18,1637.3,42.92,58.7,0
303.31,312.82,1386.1,35.0,225.1,1
300.76,310.63,1318.1,32.11,36.1,0
301.47,310.33,1749.6,50.35,145.4,1
299.3,307.89,1239.7,32.46,145.1,0
301.06,312.2,1445.2,45.62,21.5,0
301.08,311.34,1479.0,55.32,196.1,1
299.57,308.77,1169.0,44.61,143.2,0
299.08,308.75,1527.2,48.26,197.0,1
299.85,309.81,1703.6,30.76,112.0,0
299.31,308.37,1617.5,43.87,77.1,0
301.07,312.12,1434.0,36.16,116.0,1
299.44,310.99,1490.6,34.51,109.5,0
298.1,308.54,1703.4,52.15,101.2,0
297.98,307.86,1343.1,39.78,35.9,0
299.72,307.89,1677.0,43.53,73.6,0
297.94,308.51,1466.2,56.62,211.0,1
301.81,310.22,1587.4,45.88,192.8,1
301.0,312.13,1511.9,28.25,12.9,0
301.54,311.03,1499.2,47.56,222.5,1
298.99,309.5,1642.2,45.37,185.0,1
301.72,311.59,1476.5,30.42,14.0,0
299.59,310.55,1391.5,41.26,57.2,0
298.47,309.33,1369.6,40.65,83.2,0
296.66,305.87,1508.1,37.5,77.3,0
301.51,311.8,1564.7,52.0,62.4,0
299.95,313.44,1405.7,49.59,111.9,0
302.41,312.79,1408.5,29.06,33.1,0
298.69,308.8,1371.3,36.63,44.3,0
300.26,310.86,1415.3,45.6,25.6,0
300.36,309.22,1562.9,46.15,62.8,0
300.31,310.01,1616.1,36.23,114.9,0
300.66,309.44,1277.8,40.41,226.9,1
302.63,312.6,1619.6,41.23,99.2,0
299.77,309.35,1299.2,35.48,153.4,0
303.38,310.62,1658.1,31.83,110.5,0
297.61,307.68,1469.2,29.39,30.8,0
299.81,310.5,1439.8,37.57,85.6,0
300.33,309.79,1575.7,47.68,147.4,1
299.3,310.75,1473.9,41.63,216.7,1
301.54,309.68,1161.5,28.76,140.5,0
302.37,313.1,1342.8,32.28,96.8,0
298.89,310.81,1142.9,49.01,214.0,1
298.29,307.31,1566.3,51.47,26.4,0
300.55,311.95,1537.4,39.04,188.6,1
296.93,307.09,1563.9,44.17,100.0,0
294.9,303.56,1626.4,43.26,11.2,0
299.28,308.34,1700.2,31.78,143.3,0
301.3,311.79,1409.6,38.03,87.6,0
297.08,306.92,1503.4,33.64,131.6,0
297.54,307.68,1533.9,32.93,149.3,0
300.79,311.5,1542.8,31.83,236.2,1
299.48,309.26,1518.9,36.19,122.4,0
296.66,306.95,1513.3,41.13,15.7,0
299.14,309.76,1334.2,30.51,149.7,1
299.09,310.03,1275.6,25.13,196.2,1
294.87,305.84,1531.5,37.48,141.2,0
301.78,311.83,1319.1,41.14,109.2,0
299.31,309.25,1612.7,32.57,113.9,0
300.35,310.33,1570.8,32.44,107.2,0
301.16,311.21,1514.5,51.59,81.9,0
298.81,307.78,1496.1,23.79,152.0,0
301.46,311.51,1587.9,49.23,111.2,0
298.9,309.61,1614.1,54.02,229.5,1
303.52,313.37,1523.0,57.66,188.5,1
301.52,311.97,1411.5,55.06,80.6,1
301.48,311.37,1249.8,49.7,46.7,0
299.8,310.17,1303.5,50.64,116.1,0
301.52,312.68,1343.8,38.35,32.3,0
302.01,311.8,1361.3,45.03,201.4,1
300.16,310.18,1650.1,53.53,55.0,0
299.26,310.32,1458.6,41.49,15.7,0
301.86,311.81,1542.1,52.74,195.9,1
300.47,309.58,1458.0,55.44,48.3,0
297.16,306.44,1426.8,46.02,70.6,0
297.63,307.27,1321.8,47.88,33.5,0
295.9,308.04,1337.6,51.62,53.8,0
299.64,310.76,1820.3,36.13,11.9,0
301.61,314.27,1638.7,44.83,39.6,0
302.04,309.9,1280.8,31.67,87.0,0
300.9,310.71,1545.2,44.35,210.2,0
300.55,311.24,1539.3,48.16,71.1,0
304.2,314.56,1347.8,34.54,156.3,0
294.69,304.24,1459.9,20.12,211.5,0
299.88,310.52,1429.8,19.52,61.9,0
299.28,307.09,1394.0,45.36,81.8,0
301.97,312.78,1211.7,39.4,60.3,0
300.11,310.16,1430.2,38.28,52.8,0
299.2,311.12,1432.1,44.57,157.4,0
299.2,309.83,1675.1,31.99,184.6,1
295.88,304.07,1341.2,50.09,19.0,0
299.51,309.02,1384.9,54.53,175.5,1
295.51,305.74,1657.9,16.45,64.4,0
301.34,310.71,1416.5,57.61,44.2,0
299.4,308.83,1512.7,41.53,62.5,0
299.79,309.85,1725.3,51.9,83.0,0
301.77,312.76,1525.5,38.32,111.8,0
301.97,311.61,1429.9,31.49,72.9,0
300.01,312.0,1410.3,45.92,26.8,0
300.93,309.07,1645.2,27.15,115.5,0
296.57,306.6,1445.1,51.14,113.3,1
294.13,303.29,1519.9,46.38,155.9,1
299.68,310.83,1327.2,40.11,89.0,0
298.48,308.78,1603.7,32.06,99.0,0
301.22,310.82,1485.7,42.27,213.9,1
298.39,307.57,1451.9,33.89,113.1,0
301.35,313.88,1460.1,50.24,43.7,0
297.33,308.67,1639.8,27.31,58.0,0
299.15,308.54,1304.5,46.08,161.9,1
301.45,311.69,1803.5,47.15,170.3,0
300.18,309.98,1576.8,38.83,44.1,0
299.58,309.33,1712.9,34.13,65.2,1
300.41,311.35,1288.3,46.39,212.1,1
301.65,311.55,1496.5,47.07,27.5,0
297.67,309.29,1275.1,40.01,140.1,1
301.64,311.97,1811.9,39.7,235.5,1
300.08,311.07,1607.5,47.19,73.6,1
298.72,308.78,1577.5,23.81,156.0,0
300.06,309.61,1821.8,42.94,231.0,1
301.11,311.57,1716.6,36.36,20.9,0
300.94,309.41,1494.7,42.79,68.6,0
301.04,310.91,1445.8,46.66,123.5,1
300.07,310.91,1629.8,33.7,76.3,0
301.76,311.75,1459.5,49.47,137.7,1
296.81,306.64,1367.8,49.54,204.9,1
300.91,311.28,1387.8,38.36,129.1,0
300.18,309.7,1488.0,46.86,24.4,0
298.88,308.88,1743.9,57.38,125.4,1
298.38,309.2,1475.1,36.69,161.2,0
299.32,308.13,1746.0,28.67,11.5,0
298.52,309.0,1322.1,18.38,194.8,1
301.76,312.27,1669.5,48.4,89.3,0
302.22,312.03,1260.2,36.51,196.0,1
299.75,310.37,1505.0,41.52,109.3,0
300.74,310.8,1475.4,29.16,139.8,0
297.73,309.02,1350.6,57.04,232.0,1
301.71,309.91,1774.7,32.26,15.5,0
301.46,310.97,1494.8,23.49,205.4,0
299.58,309.52,1642.5,35.69,9.9,0
297.62,308.68,1566.0,61.95,73.2,1
301.09,309.85,1428.1,41.37,46.1,0
299.74,309.98,1621.3,36.26,224.2,1
298.12,308.69,1299.0,25.81,123.1,0
299.96,308.01,1319.4,36.41,2.6,0
296.72,307.59,1457.5,43.24,15.9,0
299.87,310.12,1381.7,44.84,74.0,0
299.27,309.58,1511.4,41.1,202.0,1
300.77,311.35,1554.7,34.07,96.9,0
301.01,308.71,1890.9,61.16,41.2,0
300.13,311.44,1220.3,40.48,198.6,1
301.69,313.05,1740.8,34.07,81.4,0
301.0,312.29,1643.0,36.63,86.1,0
302.04,313.46,1635.8,37.05,145.8,1
298.81,310.34,1364.1,45.26,112.0,0
298.29,307.7,1362.7,29.76,21.4,0
301.24,310.88,1190.2,53.96,154.7,1
296.76,307.04,1407.1,53.78,172.5,1
301.64,311.33,1621.1,32.43,213.4,1
298.76,309.99,1333.2,38.9,11.3,0
301.02,310.75,1434.0,49.35,155.0,1
297.51,306.92,1509.0,33.86,233.3,1
296.86,308.43,1284.1,19.81,102.2,0
300.36,311.72,1636.2,46.62,36.0,0
301.39,312.16,1550.0,61.42,165.5,1
300.6,310.75,1639.1,35.36,97.3,0
298.76,309.23,1478.4,34.35,9.2,0
299.05,308.21,1502.0,28.53,183.4,0
297.85,307.85,1926.3,38.52,184.2,1
302.91,312.3,1498.9,36.79,35.2,0
301.28,312.91,1246.0,36.3,199.5,1
299.16,310.64,1388.2,39.2,127.1,1
300.13,311.09,1669.7,46.18,25.3,0
302.43,311.84,1340.9,58.35,134.6,1
299.85,309.4,1283.9,26.09,77.1,0
302.35,312.23,1472.9,35.01,195.3,1
301.51,311.75,1509.4,47.04,99.7,0
299.79,310.89,1525.0,45.73,237.8,1
298.53,307.68,1519.9,53.77,99.4,0
297.87,305.68,1431.2,47.94,144.3,1
300.35,309.13,1187.1,43.85,119.9,0
301.66,312.84,1674.9,38.8,209.7,1
299.89,309.2,1571.9,34.77,238.1,1
298.49,309.21,1416.3,27.21,37.6,0
300.02,310.43,1625.2,24.83,138.4,0
300.14,307.91,1500.1,19.51,77.6,0
300.33,310.06,1662.9,40.2,124.6,0
301.87,311.85,1362.3,49.42,214.9,1
303.62,312.95,1505.1,54.41,182.1,0
299.79,310.87,1306.0,45.19,65.2,0
302.21,313.06,1432.0,49.7,195.2,1
299.35,308.6,1408.7,45.14,90.7,0
303.33,314.11,1496.2,51.38,105.2,0
301.23,310.58,1677.9,18.81,209.7,1
302.61,312.4,1514.9,48.51,189.0,1
302.78,313.92,1820.8,49.47,68.3,0
300.15,310.66,1525.1,38.41,35.8,0
301.51,311.62,1464.8,25.48,77.7,0
304.62,314.56,1241.8,29.45,143.7,0
301.04,311.1,1232.2,43.46,1.0,0
297.75,309.83,1151.2,37.18,193.6,1
300.85,310.42,1712.5,49.45,225.4,1
302.28,313.07,1501.5,33.17,77.2,0
300.59,310.4,1510.0,44.93,87.3,0
300.69,311.88,1201.8,47.1,87.2,0
301.12,311.91,1391.7,30.67,105.4,0
302.95,312.41,1703.6,32.39,195.4,0
299.87,310.86,1649.2,46.21,213.5,1
300.5,308.29,1706.7,39.29,64.7,0
300.32,309.11,1397.0,27.09,79.9,0
301.14,310.91,1281.0,37.63,166.4,1
299.39,307.34,1273.0,50.31,98.7,0
302.51,312.44,1324.8,37.5,28.7,0
300.33,309.79,1575.7,39.66,232.5,1
296.35,306.0,1397.8,44.39,168.5,1
301.17,309.91,1733.7,48.33,29.1,0
300.74,311.35,1475.5,21.41,215.8,1
302.44,312.2,1098.3,40.3,17.9,0
304.51,314.35,1565.5,41.86,66.4,0
299.24,309.78,1615.0,51.5,72.6,1
300.91,309.38,1411.1,23.22,219.1,1
295.37,305.76,1206.3,68.55,191.8,1
304.54,314.44,1258.0,47.83,92.4,0
301.68,312.26,1584.0,35.25,36.5,0
299.64,309.61,1549.3,31.52,130.7,0
300.14,311.07,1658.2,38.9,201.5,1
297.61,307.22,1615.5,38.07,106.6,0
302.15,310.49,1517.7,41.92,162.6,0
297.65,307.34,1518.5,30.33,29.6,0
302.31,311.69,1712.4,22.77,190.1,1
299.18,309.52,1503.3,56.81,42.1,0
296.71,307.54,1697.3,31.82,180.4,1
300.36,310.19,1523.6,40.31,41.4,0
301.85,312.31,1703.6,41.08,60.5,0
299.17,308.81,1344.4,37.49,45.9,0
297.78,306.35,1608.6,34.41,22.0,0
300.83,311.19,1281.7,27.44,32.4,0
303.18,312.41,1294.4,36.58,163.3,0
299.47,307.49,1776.7,27.18,121.5,0
297.1,306.14,1443.1,15.91,187.3,0
300.85,312.12,1668.7,24.16,209.9,1
303.01,314.03,1420.7,41.52,133.4,0
305.89,314.92,1288.7,47.84,235.3,1
300.35,311.31,1484.1,22.4,137.9,0
301.29,310.84,1450.0,44.74,239.4,1
295.19,305.56,1749.4,39.95,18.2,0
299.2,307.95,1613.9,44.87,188.1,1
300.35,311.88,1405.8,40.67,188.0,1
300.03,309.09,1686.6,48.31,47.8,0
303.27,313.54,1482.9,38.15,193.8,1
299.05,309.24,1226.2,46.4,200.8,1
301.73,310.34,1414.2,37.11,132.3,1
305.18,314.9,1563.4,34.25,133.4,0
301.99,312.01,1605.1,28.82,44.5,0
296.53,306.09,1348.0,39.19,216.0,1
299.35,311.11,1542.7,33.77,60.4,0
300.96,308.91,1509.4,49.89,205.2,1
300.87,312.62,1398.0,34.64,139.1,1
298.6,308.44,1635.0,25.2,200.9,1
301.29,311.01,1857.4,25.02,155.0,0
300.14,309.99,1355.3,46.38,187.3,1
297.35,307.35,1639.4,30.75,180.2,0
297.1,308.5,1591.5,36.66,49.8,0
296.82,308.19,1435.5,31.18,101.6,0
302.65,312.83,1425.5,35.45,236.5,1
298.17,309.98,1447.7,42.71,218.1,1
298.7,308.21,1260.3,32.12,132.0,1
300.92,310.31,1412.2,30.71,17.5,0
298.21,308.34,1526.4,28.23,62.4,0
299.28,310.45,1795.0,20.61,16.6,0
300.19,311.9,1231.4,43.81,208.3,1
301.04,310.85,1277.8,35.62,78.0,0
300.01,309.46,1667.6,46.35,126.0,1
299.29,309.35,1552.8,37.02,129.1,0
301.19,309.58,1705.1,41.15,44.4,0
300.39,310.83,1694.7,28.22,84.1,0
300.37,310.49,1546.0,45.21,39.5,0
301.15,311.16,1470.9,47.11,4.6,0
302.06,312.44,1629.7,44.4,216.2,1
302.21,311.71,1618.6,40.33,114.9,0
297.51,306.52,1283.8,35.99,25.8,0
300.02,310.42,1565.1,34.52,117.0,0
297.74,306.76,1613.6,37.56,55.8,0
296.37,305.58,1221.2,47.93,35.7,0
301.45,311.59,1642.0,29.17,224.9,0
298.26,308.07,1711.1,34.61,177.2,0
301.25,309.04,1526.0,34.88,228.3,0
298.98,308.16,1628.5,33.57,17.3,0
299.69,309.34,1492.3,40.08,23.9,0
298.32,306.78,1746.3,45.43,135.4,1
298.6,308.75,1416.3,40.86,160.3,1
301.76,313.14,1758.1,45.01,23.0,0
302.05,312.81,1598.8,45.11,158.5,1
300.06,311.17,1534.5,48.24,9.7,0
302.77,313.33,1277.2,39.95,64.9,0
304.65,313.42,1537.9,27.98,5.1,0
297.82,306.92,1567.2,30.8,14.0,0
300.43,310.25,1613.0,62.46,34.6,0
297.92,308.34,1310.8,36.1,151.4,1
301.14,311.19,1537.6,35.44,52.2,0
301.0,310.38,1536.6,30.93,149.6,0
298.62,311.25,1440.5,40.72,22.9,0
298.4,309.12,1623.2,61.86,53.4,0
298.41,307.48,1417.7,39.44,206.7,1
298.7,307.92,1674.6,40.35,227.9,1
299.51,312.29,1431.7,40.96,14.2,0
298.72,309.6,1559.3,45.41,14.1,0
299.09,308.56,1545.4,47.92,123.0,0
298.19,307.23,1760.2,33.57,230.7,1
297.12,306.64,1620.5,39.97,94.1,0
301.55,312.43,1470.3,68.95,137.6,1
299.61,309.89,1413.4,40.26,149.6,0
303.43,313.55,1424.2,55.85,211.8,1
300.63,312.09,1494.0,33.06,13.1,0
299.08,310.58,1521.3,45.92,9.9,0
300.77,310.41,1496.7,20.39,69.2,0
299.31,305.96,1298.5,31.13,46.9,0
300.08,311.03,1481.0,40.0,191.9,1
299.16,309.26,1569.8,49.38,111.9,0
300.31,311.32,1649.8,42.32,225.1,1
300.82,311.62,1784.3,47.46,110.8,0
298.57,307.7,1543.3,43.54,107.1,0
299.52,309.77,1474.2,36.67,24.9,0
297.97,308.1,1588.4,39.2,207.5,1
295.24,304.74,1443.4,36.28,124.5,0
297.49,307.94,1778.7,39.01,78.1,0
298.46,307.6,1756.9,30.69,170.5,0
298.36,309.85,1493.1,54.54,22.5,0
299.39,309.1,1465.5,36.13,3.5,0
300.58,309.76,1534.1,31.34,140.0,1
299.18,308.38,1599.7,37.04,53.9,0
295.83,305.57,1479.3,45.0,146.6,0
295.88,307.08,1672.0,38.82,232.8,1
300.08,310.29,1454.3,53.62,111.5,0
300.83,311.61,1632.8,41.39,159.4,0
297.68,306.68,1504.7,59.98,166.5,1
299.36,309.71,1500.6,39.48,195.9,1
298.82,307.77,1678.7,52.52,182.2,1
299.1,309.63,1824.9,36.87,239.0,1
298.02,307.41,1279.1,54.29,40.5,0
298.04,309.13,1481.2,48.21,212.7,1
298.72,307.55,1522.6,47.36,8.8,0
298.3,309.98,1642.5,26.45,28.5,0
298.56,309.01,1413.5,26.18,188.1,1
298.28,308.62,1316.2,46.8,195.6,1
299.58,308.68,1858.3,41.65,67.8,0
301.76,312.25,1865.4,32.52,79.6,0
299.57,309.91,1336.6,32.51,3.6,0
301.09,311.47,1661.6,42.14,174.4,1
299.82,309.85,1457.4,32.42,127.2,1
299.01,309.12,1674.2,20.27,119.6,0
298.82,309.65,1195.6,45.59,231.2,1
298.64,310.52,1588.0,40.46,176.2,1
296.85,305.39,1574.0,47.49,70.8,0
295.96,306.09,1220.3,61.51,63.0,0
303.15,311.99,1606.6,37.94,67.9,0
299.22,309.05,1206.7,34.36,90.3,0
298.74,309.29,1666.1,46.99,167.5,1
299.47,311.63,1532.6,36.44,216.2,1
298.56,307.87,1739.0,33.07,109.0,0
300.25,309.81,1537.7,42.31,6.7,0
301.52,311.76,1239.6,50.13,233.2,1
299.6,309.11,1568.4,43.8,130.3,0
303.36,312.12,1523.6,35.08,16.5,0
298.84,308.25,1361.6,31.19,190.4,1
301.26,311.21,1390.6,45.06,201.8,1
300.09,309.2,1776.6,31.2,68.8,0
302.69,313.0,1463.4,29.5,181.0,0
301.48,309.58,1636.1,42.23,228.6,1
299.68,311.34,1470.3,31.04,170.0,0
302.49,312.77,1434.0,54.7,57.4,0
301.6,311.64,1599.7,31.49,19.0,0
300.09,308.89,1420.5,45.61,68.2,0
299.84,310.89,1446.8,51.75,199.3,1
299.0,309.27,1506.7,49.43,203.0,1
300.14,310.76,1439.6,43.23,26.5,0
296.69,306.95,1457.5,39.84,182.8,1
300.45,308.67,1683.5,57.74,18.8,0
301.53,311.81,1540.2,45.0,154.4,0
300.37,309.49,1592.8,30.89,86.8,0
302.33,312.48,1608.9,42.64,133.4,1
302.17,312.41,1687.2,42.67,122.0,0
301.17,309.44,1248.1,37.03,141.4,1
302.61,313.73,1519.9,37.07,127.2,0
297.89,306.35,1300.5,38.32,211.7,1
303.28,314.68,1221.1,26.89,161.1,0
297.75,306.73,1381.5,40.75,63.0,0
302.03,311.94,1667.0,36.39,189.4,1
296.77,305.38,1533.1,35.34,114.5,0
301.27,311.35,1556.4,34.52,18.8,0
296.62,308.2,1702.1,42.82,167.1,0
300.0,310.59,1704.6,25.32,165.9,1
300.1,310.34,1576.2,44.71,205.5,1
305.02,316.58,1695.5,73.28,195.3,1
300.81,311.67,1469.9,47.41,217.1,1
299.34,309.89,1463.2,48.76,164.5,1
300.02,310.09,1446.6,41.16,142.6,1
299.67,310.27,1355.5,44.4,144.7,0
298.88,308.56,1507.5,36.51,209.3,1
301.58,311.92,1433.8,57.54,70.8,0
300.55,309.99,1660.7,13.43,22.7,0
300.1,309.07,1510.3,40.53,164.8,1
300.09,310.15,1513.5,38.85,2.4,0
298.89,310.15,1712.6,37.43,97.1,0
300.04,310.1,1717.5,32.77,39.3,0
301.67,310.69,1066.2,35.41,197.2,1
299.63,309.72,1424.9,19.99,218.8,0
299.7,310.57,1513.3,17.7,31.4,0
301.07,309.96,1775.9,60.09,49.3,1
300.43,310.76,1645.1,56.57,184.5,1
298.72,309.84,1543.6,25.22,221.0,1
299.92,311.14,1490.4,39.12,135.1,1
300.17,309.5,1573.2,26.66,36.3,0
298.87,308.89,1454.4,42.89,25.3,0
302.66,311.21,1466.2,31.8,9.6,0
298.56,308.48,1220.4,28.15,108.1,0
299.34,308.41,1536.6,44.28,110.0,0
301.25,310.48,1707.9,51.07,21.2,0
298.84,307.69,1659.3,46.9,45.6,0
296.95,305.95,1811.9,32.46,132.8,0
300.06,309.57,1474.8,19.68,135.4,0
301.14,311.27,1440.0,30.39,78.6,0
300.23,309.55,1146.0,29.37,111.4,0
299.96,310.51,1332.1,47.08,220.4,1
296.18,304.36,1495.7,52.26,215.7,1
298.64,309.07,1361.2,41.09,163.7,1
297.75,307.58,1741.1,25.69,98.5,0
300.7,310.26,1343.1,46.95,82.0,0
300.68,310.57,1405.6,63.77,194.3,1
302.12,311.36,1432.2,35.76,66.5,0
300.25,310.72,1424.1,37.98,220.0,1
300.18,309.75,1586.7,45.04,171.1,1
301.6,311.18,1431.8,56.72,161.4,1
299.78,310.54,1560.6,38.95,72.6,0
300.97,312.29,1532.0,61.15,27.1,0
297.44,309.92,1557.5,30.42,111.3,0
296.84,306.61,1713.9,57.24,56.2,0
300.18,310.54,1582.6,42.35,105.3,0
300.74,312.2,1561.0,37.89,47.0,0
296.39,306.05,1401.8,43.46,86.4,0
298.11,308.35,1445.3,33.12,116.5,0
298.05,308.95,1620.1,35.28,58.1,0
301.81,313.14,1729.4,27.7,126.2,0
298.65,309.44,1385.8,40.69,6.6,0
302.31,310.76,1652.7,33.38,199.2,1
303.57,314.24,1576.3,49.77,13.2,0
302.52,312.44,1662.5,45.43,215.7,1
303.5,311.99,1496.1,43.81,236.6,1
301.34,311.2,1545.8,42.85,135.2,1
303.52,315.01,1470.0,44.64,143.7,0
298.91,310.5,1245.6,27.39,150.1,0
299.29,308.23,1066.7,49.04,114.4,0
300.29,309.29,1255.6,60.62,111.3,1
298.56,309.0,1493.1,36.89,98.6,0
301.65,312.15,1543.7,54.19,184.1,1
302.66,312.48,1485.3,45.34,95.9,1
296.62,306.85,1647.3,38.47,168.2,1
297.77,307.98,1295.3,49.57,104.9,1
300.02,310.69,1596.8,38.75,57.2,0
299.78,309.02,1445.9,38.18,193.6,1
298.28,307.19,1350.0,36.73,240.0,1
297.15,307.7,1284.6,24.86,56.9,0
300.67,308.36,1311.5,26.47,216.5,0
299.22,309.78,1403.3,41.96,142.4,0
303.77,316.25,1321.7,34.9,54.0,1
300.11,311.05,1300.8,47.69,46.3,0
298.37,305.83,1775.4,31.98,124.6,0
300.44,310.54,1211.1,35.76,38.9,0
299.75,310.05,1485.1,45.55,197.8,1
301.29,309.86,1525.4,44.66,4.1,0
299.91,310.37,1597.1,25.12,199.7,0
295.41,304.57,1309.5,39.0,189.4,0
297.69,306.13,1514.7,49.0,87.3,0
297.51,309.57,1499.2,46.47,135.7,0
296.89,308.69,1522.4,46.32,12.1,0
299.59,308.49,1407.1,41.39,159.5,1
301.26,311.19,1339.3,43.99,212.8,1
297.68,307.08,1268.5,46.03,92.0,1
300.75,310.64,1519.7,43.03,152.9,0
300.1,311.83,1507.2,34.84,38.3,0
297.97,307.08,1404.1,43.38,202.7,1
300.46,309.77,1468.9,30.85,108.9,0
296.52,309.05,1382.4,38.8,63.6,0
300.74,310.72,1354.1,48.73,60.2,0
298.27,308.94,1366.4,30.55,129.7,0
297.51,307.8,1799.8,26.59,96.5,0
303.32,314.44,1469.9,42.74,145.5,1
299.8,311.65,1559.7,29.18,48.8,0
301.69,313.67,1664.3,34.18,113.9,0
300.32,310.94,1512.0,46.48,222.9,1
299.21,310.09,1322.8,27.61,59.0,0
299.49,308.48,1717.8,32.64,168.7,1
299.33,310.55,1550.0,60.16,52.3,0
297.89,307.97,1624.1,37.14,80.7,0
304.02,313.58,1378.2,34.55,46.4,0
299.45,309.78,1551.4,53.96,225.5,1
299.35,308.87,1436.1,44.21,151.8,1
298.28,307.9,1333.6,24.39,94.4,1
298.16,306.03,1652.4,33.41,17.4,0
303.83,314.19,1468.5,36.73,180.4,0
302.89,313.46,1549.3,56.81,112.8,1
301.05,312.04,1431.3,51.6,165.9,0
299.63,308.53,1609.4,24.06,80.3,0
296.44,305.66,1198.4,38.02,15.7,0
299.75,309.97,1376.4,52.51,36.8,0
300.46,311.16,1427.9,27.97,24.6,0
301.37,312.31,1368.5,53.76,138.0,1
305.25,315.47,1395.0,44.3,101.9,0
300.25,311.31,1606.9,23.89,70.4,0
297.06,307.39,1659.3,49.16,195.0,1
302.23,311.77,1516.6,35.54,94.6,0
298.48,309.79,1482.0,56.68,118.7,1
298.23,307.8,1608.3,42.14,54.6,0
303.16,312.88,1849.3,46.61,140.0,0
303.56,312.61,1543.4,64.29,55.8,0
301.94,311.34,1367.5,59.97,236.5,1
301.76,312.02,1591.3,41.8,36.1,0
303.52,313.38,1496.5,32.92,72.1,0
304.26,312.72,1522.6,47.69,122.2,0
298.08,308.57,1504.1,32.83,70.2,0
301.16,310.65,1419.2,46.15,143.5,0
302.15,312.0,1508.0,31.85,181.2,1
299.22,310.54,1529.0,55.72,82.9,1
300.44,309.44,1540.3,21.53,119.7,0
296.59,306.2,1345.1,37.96,217.9,1
295.66,306.8,1882.7,38.6,199.8,1
300.1,309.66,1504.1,47.98,160.7,1
298.83,309.05,1659.2,21.72,200.2,1
300.76,310.28,1412.3,25.85,139.5,0
300.92,310.26,1412.6,35.08,63.3,0
300.36,311.7,1578.2,40.05,155.7,1
299.72,309.44,1551.3,28.33,13.7,0
302.35,310.36,1515.9,48.85,225.1,1
301.66,310.44,1720.9,51.13,218.7,1
298.66,308.01,1714.4,42.5,84.9,1
302.46,313.46,1161.6,49.75,107.6,0
301.48,312.88,1464.9,45.27,56.3,0
302.08,311.22,1333.4,30.02,187.9,1
299.39,308.77,1487.2,41.62,168.6,1
299.48,310.87,1218.8,59.27,137.5,1
305.44,315.3,1402.5,32.67,68.6,0
298.13,309.33,1689.2,40.81,52.3,0
302.92,310.78,1754.4,56.77,126.3,1
298.4,309.17,1346.7,37.1,159.1,0
298.75,308.98,1218.4,30.32,174.7,0
297.05,305.71,1447.6,24.18,35.6,0
302.65,311.89,1531.5,38.63,36.4,0
297.56,307.24,1816.9,37.74,147.9,1
298.52,308.75,1524.2,48.08,238.2,1
300.93,309.58,1562.7,38.89,65.3,0
301.93,313.13,1391.4,58.27,132.2,0
301.79,310.77,1728.8,55.73,182.2,1
300.37,310.54,1622.4,31.12,0.5,0
300.18,308.64,1624.5,40.27,0.1,0
298.73,308.06,1503.5,57.77,37.2,0
300.92,310.65,1409.9,44.65,29.6,0
301.79,310.88,1273.1,41.91,158.1,1
303.44,313.5,1384.0,48.05,161.2,1
300.87,310.56,1404.7,48.2,95.8,1
301.31,310.81,1533.8,30.2,189.1,0
299.97,309.86,1385.9,57.36,147.4,1
296.6,306.42,1729.1,43.34,221.4,1
295.23,303.66,1421.7,55.27,3.8,0
300.44,311.69,1315.3,42.3,216.0,1
298.34,309.21,1333.3,34.64,154.1,1
298.1,308.2,1714.9,36.84,181.1,1
299.46,309.96,1399.4,51.76,71.8,0
300.93,312.0,1562.6,46.44,215.5,1
300.41,309.93,1428.1,37.83,222.2,1
300.86,311.42,1680.8,40.2,150.2,1
299.97,311.67,1417.4,25.62,64.2,0
300.61,310.68,1352.7,47.44,213.0,1
298.41,307.27,1573.4,48.09,168.0,1
296.75,308.02,1753.2,43.67,168.9,1
299.13,309.41,1362.4,40.73,134.1,0
301.6,311.42,1617.3,33.79,70.7,0
300.19,310.1,1540.9,46.44,52.0,0
300.87,310.34,1408.8,29.59,198.0,0
300.75,309.86,1407.7,48.72,79.4,0
301.47,309.01,1703.4,48.7,72.9,0
295.26,305.31,1447.3,28.99,142.8,0
303.28,313.84,1371.2,33.23,19.1,0
298.67,307.89,1495.9,38.19,218.4,1
300.93,310.79,1807.2,56.25,226.4,1
298.34,308.26,1442.7,45.82,204.3,1
301.38,311.72,1535.1,30.87,141.2,0
299.29,310.31,1531.3,58.43,214.6,1
304.66,314.93,1217.4,53.07,147.8,1
298.52,306.76,1482.5,30.97,126.4,0
301.86,312.15,1583.2,40.29,180.7,1
300.14,311.24,1425.0,53.84,150.2,1
300.49,310.96,1500.7,31.27,166.8,1
298.84,309.47,1510.8,37.94,176.4,0
302.27,313.28,1587.8,51.52,83.7,0
300.46,309.08,1564.0,52.3,168.1,1
300.3,309.83,1646.1,51.33,146.2,0
299.64,310.23,1540.5,56.95,59.6,0
299.82,307.36,1392.5,51.99,104.5,0
300.91,311.21,1370.8,38.37,124.7,1
299.52,310.39,1504.8,29.52,119.3,0
299.1,309.27,1287.7,20.85,33.5,0
296.41,307.32,1618.1,53.95,142.3,1
296.91,307.52,1523.2,45.15,137.2,1
301.54,312.9,1594.6,43.0,171.3,1
299.88,310.74,1418.0,31.21,234.5,1
299.97,310.22,1341.7,34.85,22.7,0
298.63,309.48,1582.9,44.12,228.7,1
303.67,315.01,1391.5,48.74,64.5,0
298.37,308.69,1527.8,42.74,16.2,0
301.08,311.28,1480.9,48.86,44.5,0
301.15,311.44,1601.9,43.93,91.0,0
297.34,306.44,1387.0,39.21,196.6,1
299.53,309.89,1473.9,52.49,93.8,0
299.63,309.99,1666.8,21.21,203.0,0
297.63,307.57,1644.3,54.9,164.7,1
303.96,315.69,1415.0,31.49,173.8,0
299.21,308.77,1383.4,53.76,88.4,1
297.66,307.7,1428.9,56.31,235.1,1
299.62,310.31,1480.2,32.57,90.0,1
301.9,311.78,1712.6,46.02,130.8,0
296.76,305.22,1408.8,33.97,162.4,1
302.43,312.39,1599.7,51.59,14.8,0
303.88,315.01,1408.3,40.1,212.7,1
302.72,312.62,1609.5,43.26,83.7,0
299.38,308.85,1691.8,18.51,172.5,1
299.37,308.01,1497.4,32.48,198.4,0
302.42,312.35,1472.2,43.33,239.3,1
298.29,306.57,1809.9,34.57,224.5,1
301.05,313.2,1369.2,56.33,66.0,1
302.19,310.33,1545.1,48.58,155.7,0
302.09,311.68,1556.1,36.24,125.1,0
300.2,309.42,1519.4,47.35,111.9,0
300.44,310.03,1456.7,32.2,195.9,1
303.72,313.67,1242.0,44.58,73.9,0
297.26,307.79,1383.7,41.49,16.7,0
297.3,306.11,1376.9,36.85,111.9,1
302.14,312.57,1573.2,37.62,176.9,1
291.95,301.23,1643.5,30.85,12.1,0
298.55,309.99,1576.5,47.47,200.8,1
301.99,310.16,1680.3,53.27,4.5,0
303.31,314.53,1456.8,37.47,194.8,1
301.27,311.25,1493.0,42.25,56.5,0
300.25,310.07,1569.5,32.39,99.1,0
296.16,307.59,1252.3,37.82,6.2,0
302.17,311.57,1297.2,32.25,157.1,0
297.23,306.65,1462.9,41.52,158.4,1
300.86,310.86,1351.6,47.17,104.3,0
300.73,311.56,1421.3,37.35,208.9,1
298.15,308.42,1284.3,40.24,141.0,1
302.05,314.52,1495.9,42.13,235.1,1
297.97,308.19,1502.0,59.61,89.9,0
299.71,311.05,1305.6,45.01,103.6,0
300.5,310.53,1430.9,56.67,158.4,1
299.51,310.32,1584.8,62.34,226.4,1
305.04,315.43,1346.3,33.45,59.8,0
302.29,313.28,1629.5,52.56,218.4,1
299.66,309.98,1503.2,30.66,200.7,1
297.97,308.31,1842.1,54.39,191.3,1
300.45,309.69,1548.5,32.78,154.1,0
299.23,309.07,1394.6,56.51,101.6,1
300.67,310.97,1663.5,51.2,122.7,0
298.11,307.47,1527.5,38.75,2.9,0
299.97,309.4,1741.7,50.59,45.6,0
301.09,310.72,1410.0,51.3,233.1,1
299.12,310.18,1520.9,33.06,32.0,0
298.23,307.37,1616.9,48.97,117.6,0
299.39,308.61,1265.0,48.35,73.3,0
301.27,312.92,1696.2,32.05,214.0,1
298.92,310.84,1486.7,35.14,165.2,0
298.53,310.21,1251.1,35.78,29.0,0
300.96,312.76,1482.6,49.12,67.4,0
298.51,307.19,1690.8,29.04,110.4,0
300.39,309.49,1343.7,29.3,136.7,0
301.64,312.74,1330.9,42.23,129.4,0
299.72,309.4,1627.4,43.41,27.7,0
300.58,308.55,1328.0,40.49,238.4,1
301.44,311.34,1410.5,42.97,91.8,0
301.75,310.4,1562.0,25.61,10.3,0
298.18,308.43,1340.2,20.63,56.7,0
300.72,311.83,1554.2,40.86,153.4,1
300.8,312.11,1489.1,43.15,200.5,0
301.06,310.71,1469.0,40.03,85.9,0
300.93,311.55,1123.8,43.66,2.8,0
298.27,308.6,1397.6,48.78,101.2,0
300.5,309.71,1364.8,25.48,159.5,0
299.43,308.75,1435.6,42.12,56.3,0
298.55,309.07,1422.9,39.29,174.8,1
297.69,308.74,1396.5,33.25,216.8,1
300.9,309.95,1693.7,34.14,198.7,1
300.45,309.34,1385.5,41.68,147.4,0
300.38,308.8,1641.6,42.63,121.2,0
299.4,309.55,1537.4,28.93,42.5,0
301.62,310.54,1248.3,51.67,200.0,1
300.7,310.79,1500.9,39.14,117.8,0
297.93,307.48,1480.7,38.45,84.7,0
302.05,311.65,1400.0,51.14,98.6,0
299.93,310.2,1543.7,45.17,198.6,1
299.68,309.07,1509.3,43.01,215.7,0
298.46,308.44,1382.0,52.34,206.6,1
300.63,311.65,1524.4,42.65,22.3,0
298.45,308.46,1808.6,29.73,234.9,1
299.14,310.86,1387.5,23.4,99.7,0
298.32,307.62,1366.5,41.31,144.9,0
300.29,309.81,1125.1,40.62,7.2,0
302.85,313.65,1472.7,58.86,34.8,0
301.22,310.84,1261.3,38.9,149.4,0
299.23,311.21,1293.4,39.68,113.0,0
302.53,311.39,1335.7,32.59,236.0,1
302.25,313.61,1603.2,45.84,215.1,1
298.06,307.92,1662.9,27.82,202.8,1
302.97,311.8,1536.0,48.32,194.6,1
303.8,314.22,1497.9,46.16,139.7,0
302.11,314.3,1579.0,43.08,142.6,0
299.06,308.28,1577.0,35.77,176.2,0
298.38,308.89,1570.6,44.08,24.2,0
301.79,312.71,1663.6,43.68,208.3,1
297.85,308.1,1429.9,44.9,178.9,0
299.2,308.82,1601.8,24.95,171.2,1
300.22,310.16,1569.9,50.43,230.2,1
300.93,312.17,1369.1,38.12,31.9,0
300.21,311.93,1499.7,37.69,44.8,0
298.17,307.29,1517.5,39.74,164.4,0
304.4,314.9,1581.3,43.13,219.3,1
302.84,312.67,1601.4,48.92,193.7,0
298.48,308.47,1670.3,33.08,43.6,0
302.4,311.96,1429.6,41.83,52.7,0
300.39,310.61,1444.8,37.97,79.3,0
298.15,309.03,1486.7,59.18,13.1,0
301.99,312.78,1446.0,39.66,237.7,1
299.15,308.09,1496.5,50.57,163.5,0
301.3,311.14,1658.2,43.37,134.0,0
303.46,315.87,1627.9,28.09,5.8,0
299.7,311.96,1471.1,59.77,11.5,0
301.16,312.26,1492.2,34.2,90.5,0
300.61,311.3,1682.3,35.24,227.9,1
297.62,307.63,1346.9,42.99,140.1,1
299.62,311.78,1516.3,53.51,78.0,0
298.62,309.26,1413.7,36.34,113.9,0
299.87,307.89,1623.7,34.02,59.1,0
299.88,308.6,1533.3,31.39,184.8,0
301.41,313.6,1692.9,36.68,122.6,0
299.75,309.29,1614.6,40.81,185.3,0
297.46,308.19,1356.6,30.37,8.2,0
300.3,310.06,1631.8,45.84,46.9,0
302.7,313.45,1637.2,41.35,29.9,0
300.28,308.93,1696.2,41.18,71.6,0
303.31,313.58,1522.7,15.36,95.0,0
303.85,314.14,1630.9,48.93,224.6,1
298.11,308.87,1531.7,33.61,184.2,1
298.98,309.25,1340.0,57.81,74.1,1
297.9,307.02,1268.3,49.26,169.7,1
297.97,308.24,1377.8,37.04,117.0,0
299.49,309.85,1595.3,50.83,124.5,1
300.96,312.19,1649.9,35.44,143.8,0
297.44,307.6,1711.7,35.86,144.1,0
302.5,312.69,1492.7,37.01,121.2,0
299.02,309.24,1499.7,38.59,159.4,0
297.8,306.96,1633.7,50.85,6.8,0
296.49,306.13,1372.8,55.08,192.9,1
299.54,310.49,1643.4,44.73,166.6,1
298.14,307.95,1473.2,52.3,97.4,0
300.73,310.6,1512.5,25.18,124.5,0
303.1,312.49,1443.7,51.66,91.9,0
300.08,309.68,1563.3,38.79,1.3,0
300.56,309.61,1780.5,46.71,153.5,1
300.72,310.2,1680.5,39.73,41.6,0
301.66,311.88,1455.0,60.2,146.4,1
299.56,310.05,1265.4,38.74,227.7,0
298.41,308.18,1225.1,52.5,196.2,1
300.01,311.57,1334.0,40.71,97.6,0
298.62,309.21,1678.2,21.4,93.9,0
297.89,306.54,1415.1,48.71,92.9,0
298.86,307.08,1321.8,28.53,154.9,0
301.39,312.32,1678.3,39.24,8.2,0
301.37,309.84,1644.1,8.04,158.7,0
298.35,306.86,1513.9,50.64,165.3,1
301.15,311.22,1489.5,35.13,38.9,0
300.25,311.29,1344.9,35.01,219.9,1
299.67,308.21,1275.1,31.92,172.6,1
299.73,308.38,1414.7,39.74,141.2,0
299.53,308.45,1197.3,54.95,223.0,1
299.53,309.71,1445.5,48.92,181.4,1
301.43,310.87,1577.1,54.16,17.5,0
300.75,311.65,1772.3,43.58,231.5,1
300.42,310.8,1469.1,35.98,148.8,1
298.34,307.72,1317.9,37.16,75.2,0
301.63,312.78,1475.4,49.46,81.4,0
299.17,311.31,1623.7,23.85,223.6,1
295.89,305.87,1423.1,37.43,134.3,0
299.46,309.83,1514.4,40.41,87.7,0
300.59,308.04,1626.1,57.95,71.6,0
298.66,309.37,1514.5,16.89,5.8,0
300.07,309.78,1385.7,35.6,133.6,0
296.24,307.26,1558.5,48.95,233.2,1
299.63,308.31,1485.3,52.25,120.6,0
300.1,310.26,1231.7,39.28,118.4,0
297.87,307.74,1246.7,39.21,45.1,0
301.55,311.21,1691.6,46.45,139.6,0
300.35,311.21,1516.5,59.13,142.2,1
297.78,308.28,1409.8,44.87,170.4,1
298.78,307.86,1685.3,31.98,80.8,0
305.14,315.82,1428.3,51.9,147.3,1
299.87,308.6,1387.7,66.01,58.1,0
298.66,308.62,1376.9,38.25,220.3,1
296.41,305.63,1618.0,48.9,200.1,1
299.93,310.83,1360.4,42.3,55.2,0
299.82,311.43,1374.7,49.1,43.6,0
300.33,310.57,1512.6,47.1,66.1,0
299.07,310.03,1392.1,43.33,50.8,0
298.93,308.48,1681.1,45.29,161.2,1
299.88,310.41,1195.3,44.47,163.4,1
300.63,310.48,1809.6,64.29,127.1,1
301.01,311.2,1430.0,37.3,3.4,0
300.68,310.39,1147.4,46.83,196.3,1
300.56,309.85,1492.4,56.53,45.6,0
303.0,313.09,1527.0,46.65,102.7,0
300.34,309.41,1584.6,38.53,46.8,0
295.88,304.87,1772.4,52.97,133.8,0
303.31,313.19,1475.2,40.08,75.0,0
298.2,308.26,1620.2,54.93,131.5,0
299.27,310.12,1439.6,30.42,200.1,1
300.85,309.78,1319.5,37.48,120.6,1
300.63,308.81,1457.0,45.58,23.9,0
303.45,313.35,1357.6,51.25,195.2,1
300.81,309.5,1639.3,28.51,137.4,0
302.7,311.83,1640.2,48.45,53.0,0
299.84,309.98,1335.1,34.59,62.1,0
295.69,305.09,1526.2,38.39,12.7,0
299.73,309.4,1887.3,20.39,9.9,0
300.16,309.42,1619.5,27.65,83.6,0
299.8,309.12,1463.1,60.91,8.8,0
298.55,307.3,1580.7,24.77,95.5,0
300.44,309.45,1659.1,41.05,4.0,0
299.14,308.15,1306.9,42.49,230.3,1
302.11,312.6,1242.1,51.94,16.9,0
297.79,309.17,1614.7,42.26,14.8,0
300.36,310.69,1196.8,63.05,173.9,1
296.02,306.48,1685.5,47.34,3.6,0
298.49,307.85,1548.8,45.08,87.2,0
300.79,310.77,1580.6,24.75,173.8,1
303.98,313.54,1584.3,41.97,133.2,1
300.84,309.81,1671.2,31.41,106.6,0
301.14,311.65,1603.5,31.83,190.3,1
298.75,309.8,1444.4,53.29,170.8,1
304.26,315.0,1733.0,51.68,11.4,0
296.51,306.74,1699.0,43.65,225.4,1
300.86,310.28,1578.0,22.59,158.9,0
300.85,310.73,1666.2,35.12,23.1,0
301.45,309.9,1678.1,44.98,47.8,0
299.22,309.71,1400.9,42.79,73.9,0
302.02,311.8,1559.0,36.97,195.4,1
302.31,312.26,1556.6,49.67,17.7,0
301.39,311.38,1492.9,25.05,142.8,0
299.27,307.42,1733.8,17.1,99.0,0
299.26,309.18,1347.2,58.77,16.5,0
304.12,315.22,1448.5,39.44,112.4,0
297.16,307.46,1687.0,46.99,4.1,0
300.1,308.75,1536.8,43.1,236.1,1
301.77,312.24,1472.3,32.41,170.2,1
302.28,311.88,1401.8,44.0,126.2,0
298.4,309.1,1429.6,43.76,16.0,0
304.12,316.16,1405.7,49.19,163.9,1
301.48,312.03,1456.4,33.07,79.8,0
301.73,311.99,1683.1,36.66,204.5,1
297.76,306.58,1713.1,42.66,168.0,1
299.86,312.03,1484.1,32.51,214.5,1
300.23,310.96,1287.5,43.47,45.8,0
300.95,311.48,1354.7,38.16,45.9,0
294.83,304.84,1194.9,40.19,80.1,0
300.03,307.28,1227.4,43.29,127.9,0
296.9,306.01,1742.0,36.93,231.8,1
300.52,311.07,1462.5,37.16,233.9,1
298.83,309.1,1548.9,40.7,74.1,0
300.66,312.17,1523.3,41.37,95.0,1
298.94,309.57,1657.3,44.78,71.4,0
297.27,306.25,1761.2,43.86,155.3,1
299.16,308.1,1409.1,47.13,185.6,1
301.05,312.07,1540.4,42.69,15.0,0
299.65,309.98,1518.7,34.93,149.1,0
300.12,309.67,1540.8,40.02,76.2,1
299.33,308.71,1511.7,32.27,49.9,0
297.71,308.87,1495.6,34.41,73.4,0
301.0,310.89,1203.0,40.52,201.0,1
295.26,306.65,1657.7,26.77,24.6,0
300.67,311.26,1442.4,44.35,93.1,1
299.24,308.78,1596.9,44.41,109.2,0
297.47,308.11,1780.1,27.73,209.6,0
298.62,310.07,1548.9,56.36,215.4,1
299.58,309.66,1439.5,29.96,51.7,0
305.2,314.94,1393.1,52.7,231.2,1
298.19,308.66,1519.2,59.24,95.9,0
301.23,313.68,1435.7,46.25,78.6,0
298.72,308.09,1689.6,37.15,125.2,0
300.72,310.23,1449.5,58.08,14.1,0
301.78,311.37,1484.4,69.38,29.3,1
300.42,309.83,1462.7,43.14,221.2,1
301.73,312.36,1566.7,29.05,132.9,0
295.61,306.5,1643.2,31.9,162.0,1
298.74,309.2,1772.5,34.94,148.1,0
300.8,310.56,1623.7,38.6,96.3,0
297.72,308.88,1529.8,39.61,187.1,1
297.91,307.58,1403.9,13.31,70.2,0
300.65,310.02,1536.9,39.93,127.6,0
298.6,308.04,1691.0,27.75,105.7,0
302.16,312.26,1348.9,38.18,65.2,0
300.71,312.5,1514.9,28.89,56.1,0
300.0,310.22,1786.9,37.7,212.3,1
301.04,310.95,1300.5,58.26,105.8,1
304.2,314.83,1654.5,34.21,85.9,0
299.52,310.18,1586.3,41.91,139.3,0
300.29,308.36,1401.5,50.94,151.7,1
299.71,310.68,1300.6,39.23,151.6,0
299.75,309.73,1443.8,30.18,6.5,0
302.67,313.12,1427.3,45.54,91.5,0
300.56,311.2,1378.1,46.76,82.6,0
299.84,309.93,1397.7,34.72,155.6,1
302.59,312.88,1531.6,44.64,16.4,0
298.31,307.73,1719.2,28.51,226.5,1
300.87,311.13,1530.0,45.03,60.7,0
300.54,308.27,1316.6,36.88,222.8,1
297.43,308.47,1317.1,49.29,22.1,0
298.5,309.25,1766.8,35.21,218.5,1
299.26,308.95,1544.0,27.46,164.0,1
303.67,312.72,1524.9,55.86,109.9,0
298.48,309.0,1624.7,48.54,103.9,0
301.64,310.67,1376.5,42.55,114.2,0
302.05,312.07,1378.8,30.35,37.3,0
298.93,307.94,1585.4,41.7,175.4,1
300.36,311.13,1501.7,22.01,207.7,1
295.45,305.61,1618.7,36.16,146.1,0
296.36,306.35,1608.3,28.92,26.1,0
301.9,314.48,1748.8,37.09,119.3,1
299.69,308.94,1648.7,33.12,60.1,0
299.37,310.48,1420.2,67.65,36.8,0
300.54,310.67,1375.8,58.78,14.6,0
301.55,310.89,1400.3,30.37,150.1,0
300.51,312.32,1436.0,29.72,21.4,0
303.34,314.35,1594.3,31.21,109.3,0
301.0,311.59,1718.2,41.28,10.4,0
298.28,309.0,1551.1,45.13,29.0,0
300.15,310.77,1428.5,19.42,238.5,1
300.92,312.37,1363.1,62.62,11.2,0
298.47,307.93,1377.6,34.29,195.8,0
296.56,306.73,1672.7,52.56,172.1,1
299.71,310.81,1331.6,30.59,196.7,1
297.41,308.22,1507.2,38.26,204.8,1
305.14,313.81,1175.6,29.39,192.2,0
297.35,308.18,1601.3,39.57,32.3,0
299.16,307.94,1593.3,33.52,56.2,0
298.57,310.22,1512.4,33.49,127.2,0
300.23,309.26,1465.7,25.09,206.8,1
297.4,307.78,1384.4,39.49,27.1,0
301.6,311.93,1619.8,42.88,37.6,1
298.06,308.78,1419.4,34.27,48.0,0
300.6,309.58,1435.3,59.23,19.7,0
301.33,312.56,1510.0,50.91,133.5,0
298.19,307.33,1521.5,48.16,50.8,0
297.57,306.83,1308.1,30.66,218.5,1
299.57,309.34,1521.7,35.0,10.7,0
299.25,310.3,1421.9,50.72,72.0,0
299.84,309.4,1522.3,48.28,9.4,0
299.59,310.12,1297.0,22.1,134.4,0
297.48,308.49,1590.3,42.98,52.3,0
300.57,311.5,1388.5,29.3,161.0,0
302.89,312.69,1257.4,37.63,167.5,1
299.08,310.59,1321.0,45.93,59.2,0
294.26,304.69,1516.6,37.72,130.8,1
296.76,306.45,1643.5,29.73,50.4,0
296.77,308.02,1495.6,48.02,147.1,1
297.85,305.27,1514.8,44.24,213.2,1
302.96,312.88,1583.3,28.86,42.6,0
298.39,309.0,1565.7,57.02,62.6,0
303.95,314.08,1623.8,58.28,34.9,0
298.27,308.5,1485.6,28.19,90.5,0
300.27,308.11,1400.4,50.73,231.3,1
301.45,311.33,1580.5,32.31,39.0,0
298.25,308.83,1529.4,44.45,3.3,0
300.09,308.3,1498.9,22.19,135.8,0
298.73,308.82,1464.4,48.57,225.6,1
298.18,306.33,1461.0,31.69,12.3,0
302.69,312.33,1266.1,40.48,233.7,1
301.58,312.57,1354.5,28.01,186.3,0
295.59,305.83,1459.5,32.8,60.5,0
299.9,309.37,1439.8,54.17,216.7,1
299.03,307.75,1440.2,40.32,227.2,1
301.71,310.92,1509.1,42.28,16.9,0
297.22,307.32,1327.8,47.27,5.0,0
298.17,307.6,1407.6,46.17,209.7,1
300.42,309.39,1335.7,53.26,136.2,1
300.86,311.68,1328.4,39.49,145.2,0
301.66,311.48,1440.9,41.14,111.2,1
301.21,310.89,1670.5,33.56,89.5,0
302.13,311.61,1640.7,20.49,20.3,0
304.29,313.33,1463.5,40.75,201.2,1
301.81,312.59,1750.2,39.15,20.2,0
302.78,315.36,1497.8,38.05,235.2,1
300.01,308.71,1381.0,46.43,110.1,1
297.49,306.88,1190.3,36.82,75.8,0
302.69,314.66,1577.4,28.5,202.5,1
300.76,312.08,1571.7,37.96,159.9,0
300.93,310.31,1516.0,33.71,127.7,0
296.93,307.74,1659.8,53.33,107.5,1
301.73,310.6,1470.8,38.95,72.1,0
300.45,310.43,1444.9,53.12,191.5,1
299.48,310.37,1351.7,35.74,222.8,1
302.46,313.49,1417.9,33.15,114.3,1
297.27,307.18,1404.2,31.73,234.6,1
298.67,308.07,1388.9,40.85,208.4,1
297.35,307.6,1561.1,46.65,210.1,1
306.54,314.94,1510.4,48.71,9.8,0
300.38,310.46,1589.7,55.28,37.7,0
301.64,312.79,1464.9,40.02,116.7,1
296.55,304.98,1639.2,49.4,63.6,0
302.36,311.27,1411.7,37.45,148.5,0
299.88,309.16,1668.3,31.69,38.1,0
302.66,312.48,1330.2,34.44,123.1,0
298.78,308.38,1810.6,23.34,81.0,0
306.7,317.16,1296.7,24.88,191.0,1
302.56,314.15,1552.8,30.5,101.6,0
300.01,310.67,1654.7,42.76,139.4,1
301.05,311.95,1394.3,51.8,214.1,1
302.76,312.36,1509.7,41.24,213.4,1
299.46,308.69,1274.3,50.59,104.9,0
300.84,309.49,1482.2,27.5,230.9,1
298.12,309.3,1356.0,34.37,160.9,1
299.99,309.8,1713.4,45.63,11.6,0
299.13,310.86,1477.5,57.54,22.5,0
299.05,308.58,1693.1,36.16,160.3,1
300.78,310.12,1646.9,33.55,84.6,0
299.34,310.25,1478.1,38.84,53.5,0
299.29,308.6,1543.3,40.99,165.3,1
299.51,310.38,1504.4,32.39,100.1,0
295.87,305.44,1190.4,48.05,177.2,1
296.35,306.22,1363.4,29.69,148.8,0
299.25,310.07,1358.4,31.52,29.3,0
303.05,312.41,1250.4,28.73,181.4,0
303.41,314.21,1415.5,40.95,122.7,0
299.28,308.3,1598.2,25.15,43.8,0
299.95,308.9,1259.9,38.74,77.8,0
298.45,307.28,1625.6,37.9,77.9,0
302.4,312.42,1305.6,42.97,118.9,1
299.47,310.6,1308.9,48.46,217.8,1
301.86,310.3,1744.7,33.41,229.5,1
299.38,307.37,1643.0,34.63,36.3,0
298.14,308.2,1318.9,42.46,64.3,0
299.6,308.75,1563.5,33.31,123.7,1
299.66,310.21,1590.8,42.83,80.9,0
300.56,310.99,1761.8,45.56,183.4,1
301.65,312.1,1323.0,37.35,236.7,1
298.75,308.47,1562.6,23.18,104.8,0
301.55,310.77,1379.6,50.49,209.9,1
299.36,308.18,1720.7,44.01,196.5,1
298.7,310.41,1483.1,27.92,153.4,0
301.74,311.82,1858.8,56.26,102.4,1
299.34,309.46,1506.4,36.84,160.9,1
301.67,311.58,1552.9,30.37,220.1,1
299.88,309.62,1465.1,31.94,137.5,0
297.07,309.42,1588.9,38.73,6.3,0
297.57,309.34,1496.0,25.27,67.5,0
299.68,309.28,1332.5,42.69,186.9,1
298.22,307.73,1363.6,43.31,25.9,0
298.52,309.91,1544.9,34.05,71.7,0
298.92,309.08,1766.6,41.89,14.0,0
297.06,308.52,1715.0,55.78,103.1,0
297.55,307.17,1379.9,20.34,78.2,0
301.64,312.93,1652.3,37.77,185.4,1
298.12,308.84,1506.8,49.73,8.5,0
296.09,307.71,1701.6,39.76,12.3,0
299.3,310.73,1556.4,58.95,90.7,0
301.79,311.66,1490.3,47.86,32.5,0
294.11,304.76,1524.7,41.08,214.7,1
297.67,308.71,1291.9,45.73,24.0,0
295.87,306.49,1696.9,40.09,18.5,0
302.24,312.31,1526.0,33.65,46.9,0
300.4,309.25,1711.6,54.94,0.3,0
301.79,312.94,1365.4,44.45,86.2,0
298.98,307.0,1295.3,49.01,207.3,1
303.72,312.22,1650.2,42.81,188.6,1
300.73,310.16,1385.4,33.41,217.5,1
302.02,311.78,1550.4,39.0,177.7,1
301.34,310.18,1093.6,36.87,228.9,0
300.71,308.85,1549.9,47.54,228.1,1
299.3,308.86,1506.7,29.61,122.5,0
301.35,312.65,1423.1,38.33,86.8,0
304.3,314.32,1753.4,38.58,234.2,1
300.04,309.88,1639.6,44.99,166.3,1
300.44,309.1,1495.3,38.41,177.3,1
298.4,307.52,1690.3,49.96,73.8,0
299.56,309.16,1687.6,49.5,218.9,1
301.31,312.79,1498.3,52.43,69.8,0
300.96,311.24,1548.0,48.98,216.2,1
303.05,312.34,1250.4,40.05,225.4,1
302.18,312.72,1367.4,33.28,43.9,0
296.55,306.64,1435.9,52.06,0.9,0
304.2,314.79,1677.4,32.66,39.6,0
301.69,309.13,1772.3,39.46,117.9,0
301.84,311.72,1540.7,30.08,227.7,1
299.1,309.72,1642.6,44.23,119.7,0
298.98,307.61,1442.8,24.76,131.8,0
299.77,309.7,1486.0,44.02,232.2,1
302.41,313.08,1617.6,45.02,131.4,1
296.13,306.66,1462.8,44.31,85.9,0
299.45,309.8,1692.6,49.23,218.1,1
300.64,310.97,1341.8,26.71,202.0,1
300.86,309.91,1500.4,31.6,119.5,0
300.07,308.63,1485.6,44.3,224.7,1
299.88,309.79,1411.7,36.09,222.3,0
295.68,304.9,1526.8,37.6,210.8,1
298.52,306.96,1639.2,64.28,180.4,1
302.12,313.02,1484.7,23.25,35.4,0
300.63,308.9,1570.1,30.52,95.3,0
298.86,308.77,1393.6,21.12,150.5,0
300.36,310.85,1501.6,32.82,98.6,0
300.77,310.92,1397.7,37.79,168.4,0
299.8,309.58,1443.1,54.46,194.1,1
297.18,307.77,1513.6,30.73,232.7,0
299.09,309.26,1194.9,45.91,164.9,1
299.77,310.79,1674.6,47.22,189.7,1
302.27,311.99,1427.5,51.61,61.7,0
300.15,308.23,1434.7,42.05,39.8,0
296.55,306.19,1369.8,43.31,161.1,0
298.81,309.79,1539.3,33.31,156.9,1
295.86,305.73,1458.9,18.2,57.5,0
302.0,311.05,1422.3,25.5,236.3,1
297.75,309.1,1513.9,46.37,67.5,0
300.01,309.58,1644.6,24.94,194.5,1
302.1,312.21,1363.4,44.5,215.3,1
300.64,310.98,1567.0,43.05,134.6,0
300.05,309.15,1578.8,48.44,220.8,1
299.42,309.48,1468.0,42.23,12.3,0
300.43,309.56,1326.1,46.06,131.0,1
303.61,312.37,1346.8,37.43,121.2,0
298.73,308.79,1307.1,59.77,122.0,1
302.26,312.55,1525.0,45.69,99.7,1
299.81,310.72,1613.0,39.91,148.7,0
300.16,310.16,1624.9,49.53,222.0,1
298.21,308.0,1605.1,36.33,188.6,1
299.95,310.78,1372.9,26.44,195.3,0
296.58,306.25,1562.7,46.09,97.2,1
300.77,312.28,1398.7,20.52,49.8,0
302.14,312.59,1407.9,56.71,208.8,1
299.49,309.96,1348.3,45.9,182.5,1
298.28,309.21,1537.1,49.79,73.1,0
298.21,309.62,1597.1,47.42,25.8,0
300.15,308.97,1339.4,38.49,145.2,1
295.16,305.07,1742.1,46.24,201.5,1
299.07,310.8,1613.8,45.82,3.6,0
301.2,309.96,1311.3,38.35,48.9,0
300.37,310.06,1596.8,44.41,169.8,1
299.01,309.79,1427.6,30.19,68.4,0
299.84,309.52,1808.8,35.6,123.8,0
297.6,307.05,1368.0,42.02,102.8,0
296.61,307.36,1356.7,40.19,209.3,1
297.41,308.14,1624.9,23.05,4.9,0
300.58,309.2,1503.6,36.25,109.1,0
301.08,311.28,1328.9,39.61,168.7,0
296.8,306.63,1705.2,44.74,54.7,0
302.84,312.22,1743.5,35.04,150.8,1
300.77,311.48,1419.9,34.03,85.9,0
298.33,309.41,1311.3,28.57,143.6,0
299.61,311.19,1210.4,49.07,73.7,0
300.0,310.53,1639.2,48.62,204.2,1
300.49,311.15,1547.1,36.14,116.2,0
299.27,307.63,1582.1,34.16,16.7,0
301.25,311.99,1491.8,24.71,127.4,0
300.04,310.42,1225.9,54.92,172.3,1
299.48,308.78,1414.9,13.36,223.4,0
300.25,310.01,1494.7,32.48,77.1,0
300.27,310.73,1491.5,37.63,92.1,0
301.58,310.0,1478.1,30.4,186.3,1
297.73,306.52,1368.6,50.96,12.6,0
297.95,307.86,1593.7,45.23,155.0,0
299.38,310.0,1395.8,55.89,103.7,1
302.27,312.55,1441.0,46.64,124.6,1
300.0,311.52,1397.1,48.46,111.4,0
298.31,309.34,1025.3,59.99,160.0,1
297.14,306.24,1639.5,38.39,2.7,0
298.47,307.28,1463.6,30.97,38.9,0
301.23,311.67,1466.1,38.8,106.7,0
299.32,309.23,1781.4,59.73,10.3,0
300.4,310.53,1352.6,32.02,15.7,0
299.57,309.35,1562.9,71.42,127.5,1
302.93,314.31,1623.2,61.88,29.6,1
300.67,309.62,1178.6,59.19,46.0,0
299.53,310.14,1337.3,36.73,177.5,1
298.03,308.38,1438.6,36.79,69.1,0
297.94,309.67,1326.5,45.07,23.2,0
302.84,313.27,1493.0,39.84,190.7,1
302.84,313.27,1509.7,31.79,116.9,0
301.6,310.69,1539.2,38.28,175.5,1
298.78,309.32,1415.2,36.95,47.4,0
299.85,311.65,1331.2,41.57,87.0,0
301.16,311.55,1536.2,47.28,27.4,0
300.34,310.22,1690.1,40.8,194.8,1
302.95,314.38,1419.3,17.89,66.8,0
294.28,304.32,1520.6,43.39,174.7,1
299.92,308.98,1448.0,30.4,125.2,0
299.91,310.19,1311.6,53.7,76.8,0
298.19,309.5,1497.4,43.78,165.9,1
296.85,307.97,1766.8,31.55,68.4,0
297.87,307.77,1639.9,41.14,6.5,0
299.53,308.65,1664.9,33.79,194.6,1
300.8,311.6,1597.4,31.54,125.5,0
299.38,310.31,1683.0,49.62,16.1,0
303.79,313.99,1350.1,57.49,46.6,0
300.54,309.87,1339.2,30.62,155.7,0
300.85,310.9,1568.5,33.82,171.7,0
297.22,306.69,1750.6,39.2,64.7,0
300.83,311.02,1588.7,30.44,144.2,0
296.41,305.57,1502.0,51.6,219.1,1
299.9,309.34,1787.0,31.83,181.4,0
299.24,310.6,1573.5,34.52,122.1,0
296.02,306.81,1604.9,18.86,81.1,0
299.02,308.35,1503.0,26.86,194.2,1
298.14,307.43,1373.1,34.87,222.7,1
302.03,311.97,1485.3,35.1,187.3,1
301.69,310.94,1612.9,31.23,107.3,0
300.15,311.32,1750.9,39.91,6.9,0
301.36,312.56,1618.0,42.74,118.6,0
302.92,311.47,1491.0,51.85,23.3,0
302.61,313.3,1749.5,36.65,52.9,0
299.47,309.08,1478.5,27.15,104.8,0
300.35,311.21,1432.5,29.02,182.9,0
301.02,310.66,1498.1,53.19,226.8,1
301.72,312.84,1278.5,28.55,116.5,0
299.54,310.67,1454.9,38.53,218.9,1
300.89,311.42,1912.0,41.86,196.3,1
303.77,314.77,1617.8,30.82,221.1,1
299.37,308.27,1287.6,45.67,82.6,0
298.11,309.08,1520.5,23.45,120.9,0
301.94,310.51,1438.8,39.78,208.4,1
300.63,310.29,1780.3,45.69,94.6,0
301.26,312.42,1364.6,32.86,177.6,1
299.07,311.03,1468.3,54.79,85.4,0
299.67,309.89,1463.2,52.56,185.5,1
301.9,312.82,1256.4,35.22,148.9,0
301.68,311.11,1255.9,38.87,199.5,1
297.47,307.87,1519.9,24.17,89.4,0
298.22,308.04,1618.6,40.78,219.1,1
298.83,308.65,1608.8,44.18,191.3,1
302.52,311.57,1637.0,49.32,214.5,1
298.73,308.3,1657.3,51.79,141.0,1
296.07,306.38,1663.0,33.68,55.3,0
302.13,310.72,1573.5,39.55,224.9,1
301.71,310.17,1567.6,43.01,25.9,0
297.13,305.93,1476.4,23.79,203.2,0
299.8,308.36,1250.2,54.48,222.2,1
298.95,307.86,1572.7,35.03,29.2,0
302.66,311.87,1576.3,42.37,39.1,0
300.79,309.31,1587.6,43.65,30.0,0
299.33,309.09,1655.4,38.0,191.0,1
298.75,307.76,1454.4,35.46,53.7,0
301.21,310.71,1530.4,30.91,139.5,1
300.38,309.4,1552.2,33.76,24.9,0
296.1,306.55,1496.2,43.42,185.3,0
299.29,308.85,1501.3,47.19,205.6,1
300.03,309.55,1494.4,49.63,90.5,0
298.26,307.74,1801.9,37.72,26.7,0
300.06,311.02,1390.9,35.29,182.0,1
300.93,309.71,1474.7,35.68,5.5,0
297.65,307.33,1463.7,41.37,57.7,0
302.08,312.69,1573.1,31.22,215.3,0
300.95,311.71,1479.5,28.92,182.6,1
303.96,314.36,1213.9,46.9,43.5,0
294.87,306.18,1595.3,41.54,105.4,0
300.79,310.7,1574.4,43.15,233.7,1
299.58,310.08,1641.1,38.62,158.2,1
301.76,312.25,1601.4,39.08,192.6,1
300.6,309.62,1372.4,35.86,16.0,0
298.86,309.69,1559.3,39.28,162.7,0
301.27,310.44,1524.4,56.86,139.1,1
299.2,308.82,1354.8,38.12,173.4,0
297.57,307.73,1495.5,43.09,135.3,0
300.95,309.46,1755.5,19.98,16.9,0
299.83,309.69,1488.6,57.71,220.5,1
300.74,309.59,1327.7,43.0,159.1,1
297.96,307.15,1630.3,46.33,59.5,0
300.49,310.37,1852.9,52.56,131.3,1
297.9,307.44,1421.8,29.29,101.3,0
297.99,307.67,1636.1,43.52,7.8,0
302.79,312.65,1816.9,41.0,184.2,1
303.89,313.54,1517.6,34.91,81.9,0
299.16,307.27,1732.5,19.32,51.6,0
297.19,307.87,1252.0,35.95,106.1,0
298.71,309.61,1440.0,37.57,132.3,1
298.89,308.75,1654.7,32.24,171.5,1
299.25,309.61,1488.0,53.8,181.3,1
301.58,313.48,1418.4,56.1,132.3,1
298.8,311.53,1409.2,46.53,57.5,0
299.14,307.66,1353.6,48.97,12.0,0
301.14,309.53,1423.1,35.4,216.5,1
298.18,307.51,1482.5,40.02,41.7,0
301.5,312.87,1783.6,41.52,191.4,1
301.84,311.08,1548.2,32.72,120.4,0
300.81,311.17,1638.8,29.35,40.7,0
297.96,306.13,1588.3,35.71,161.7,0
297.25,306.8,1521.9,39.24,6.5,0
302.93,312.92,1622.5,37.39,176.4,0
302.77,311.6,1445.1,36.47,167.8,0
299.41,309.02,1846.5,14.5,204.5,0
298.81,309.08,1192.0,40.76,102.4,0
302.04,311.34,1381.1,50.33,56.2,0
301.11,311.53,1625.3,47.42,146.9,1
300.62,309.53,1497.3,49.8,100.9,0
300.93,310.67,1747.2,53.21,58.2,0
302.69,312.26,1696.5,42.5,48.0,0
301.59,310.81,1693.0,54.0,138.8,1
302.63,313.32,1158.4,47.28,55.5,0
302.58,314.97,1572.4,51.31,119.1,1
300.73,311.03,1601.8,24.94,193.6,1
296.62,305.54,1566.3,41.76,108.6,0
293.92,304.62,1268.0,43.45,76.6,0
297.42,310.25,1457.2,45.72,53.1,0
296.52,305.56,1480.4,36.69,187.4,1
302.19,310.61,1709.9,29.5,98.1,0
300.69,309.5,1413.6,33.46,6.9,0
298.82,308.2,1599.5,40.54,53.0,0
299.93,307.51,1374.0,20.18,212.9,0
303.45,312.66,1438.4,45.77,168.6,0
300.84,309.85,1466.9,37.63,103.6,0
302.77,313.3,1360.7,57.16,160.8,1
298.08,308.76,1557.0,31.7,60.8,0
298.84,309.56,1607.0,35.16,9.9,0
300.19,309.01,1275.9,47.86,111.9,0
300.32,310.83,1407.1,20.97,192.7,0
300.96,310.66,1107.9,29.38,101.7,0
297.35,308.37,1423.7,31.05,60.2,0
299.64,309.01,1426.1,63.53,94.9,1
297.44,306.3,1624.6,58.57,22.2,0
299.58,309.47,1278.8,53.77,219.3,1
299.49,308.87,1691.3,59.25,68.7,1
296.31,307.49,1430.5,40.21,191.0,1
301.77,310.43,1606.9,43.12,176.7,1
298.61,309.32,1255.6,51.18,109.3,0
302.33,313.46,1553.2,47.85,38.9,0
298.11,308.61,1498.7,47.31,137.4,0
300.14,309.66,1514.7,28.8,152.0,1
303.74,313.3,1632.3,44.78,45.4,0
304.85,314.4,1699.9,50.96,13.8,0
300.68,311.45,1615.4,40.7,217.1,1
298.81,311.4,1596.1,32.11,183.8,1
301.04,310.92,1359.7,35.19,181.7,0
302.66,311.85,1278.4,18.66,82.9,0
298.36,307.52,1598.5,42.59,116.7,0
299.11,308.03,1410.7,47.39,135.0,1
304.41,315.49,1588.8,40.33,169.5,1
300.83,312.02,1681.4,51.7,111.4,0
302.05,313.52,1622.9,35.99,115.6,0
301.49,311.5,1577.6,24.71,82.3,0
297.73,307.76,1443.9,45.94,71.5,0
301.18,310.75,1428.8,51.72,116.8,0
299.27,308.62,1455.1,29.95,139.5,0
300.58,312.63,1353.1,39.59,64.3,0
299.0,309.82,1414.3,16.9,126.7,0
296.86,306.48,1402.5,28.19,153.9,1
297.13,306.82,1604.5,48.04,121.4,1
302.34,313.6,1517.8,25.29,59.0,0
297.02,307.85,1532.6,41.27,54.1,0
303.48,312.75,1495.6,36.95,127.1,0
298.18,307.79,1560.7,33.75,89.5,0
301.44,311.91,1422.7,55.4,48.9,0
297.99,307.73,1557.5,45.35,153.9,1
299.45,310.77,1747.8,45.68,22.6,0
301.2,311.39,1428.6,43.6,48.6,0
299.6,308.79,1569.2,25.21,6.8,0
297.82,305.8,1419.9,46.04,75.8,0
300.19,310.81,1377.6,42.28,210.9,1
299.19,310.29,1528.1,43.36,70.7,0
305.43,317.29,1389.9,41.02,8.3,0
296.94,304.78,1694.6,31.8,201.4,1
298.97,307.42,1421.3,36.61,221.7,1
297.92,308.45,1519.0,34.8,78.9,0
299.33,307.67,1448.5,44.99,226.6,1
299.18,308.21,1625.9,70.04,16.7,0
299.03,309.44,1443.5,43.78,188.8,1
299.17,309.05,1644.7,52.8,103.4,1
303.99,314.63,1413.2,23.78,134.6,1
296.45,306.62,1488.2,34.34,79.0,0
300.63,310.81,1342.2,49.28,143.5,1
302.16,312.49,1553.1,31.78,41.8,0
301.89,311.18,1486.1,31.86,83.7,0
300.81,308.7,1496.4,37.07,210.3,1
300.5,310.35,1359.4,33.76,12.5,0
301.84,312.0,1613.6,50.8,178.9,1
296.99,306.0,1532.7,48.68,182.7,1
300.95,310.53,1558.9,54.48,32.0,0
300.6,309.68,1468.4,26.16,171.9,1
300.47,310.12,1485.3,37.75,127.8,0
301.14,310.66,1712.4,34.61,115.3,0
301.29,311.91,1446.5,44.76,53.0,0
300.01,310.55,1408.6,47.23,77.8,0
300.76,311.56,1746.0,66.46,37.9,0
299.81,309.57,1229.7,27.22,106.7,0
301.2,310.88,1618.3,46.2,146.6,0
299.65,308.39,1625.9,56.2,91.9,0
298.09,309.49,1723.8,44.71,30.4,0
302.52,312.3,1510.9,50.66,229.2,1
299.34,308.12,1237.6,36.86,130.7,0
302.21,312.4,1299.7,22.77,55.2,0
299.5,310.3,1464.3,50.64,93.1,0
298.36,306.75,1414.1,39.45,48.3,0
298.33,308.73,1557.7,34.79,206.5,1
298.52,307.58,1384.5,51.67,32.2,0
302.61,313.63,1492.9,52.05,13.0,0
299.81,309.3,1643.0,29.44,147.1,0
299.26,309.44,1520.1,34.62,229.8,1
298.78,309.83,1769.1,42.52,198.9,1
299.78,308.16,1383.4,54.08,24.0,0
300.9,310.35,1266.6,25.01,29.6,0
304.27,315.06,1702.3,50.39,174.5,1
299.66,309.65,1696.1,40.57,190.9,0
295.85,306.98,1482.1,31.4,164.7,0
297.79,307.6,1264.9,40.3,180.4,1
296.18,306.08,1628.7,25.28,13.5,0
299.24,310.05,1423.3,36.71,158.5,0
297.78,306.93,1486.1,38.46,70.5,0
302.48,311.06,1395.8,58.59,13.2,0
300.28,311.24,1407.9,35.14,74.0,1
299.8,309.43,1536.6,36.1,162.4,0
297.35,306.84,1637.2,53.04,220.4,1
297.15,308.71,1735.7,52.12,3.9,0
298.76,306.56,1442.4,32.34,217.5,1
303.05,313.02,1384.3,34.98,23.7,0
299.84,309.45,1514.5,39.59,230.3,1
302.05,313.81,1270.2,30.44,6.9,0
305.99,316.83,1380.1,33.98,168.6,1
301.43,309.89,1513.2,42.74,229.9,1
300.02,311.6,1537.8,55.99,138.8,1
300.06,311.13,1385.5,31.57,200.9,1
300.01,308.76,1877.3,36.6,123.8,0
299.61,311.48,1702.3,24.48,107.6,0
302.55,310.81,1840.4,31.85,47.9,0
298.12,308.24,1608.9,41.92,202.3,1
299.79,306.77,1628.7,47.15,5.7,0
298.39,308.48,1510.1,49.15,221.7,1
301.38,310.88,1669.9,26.68,206.4,0
304.06,311.7,1783.4,44.4,144.9,1
297.96,307.07,1741.4,32.99,3.5,0
303.46,312.4,1672.7,62.13,201.4,1
298.59,308.35,1755.6,28.52,21.9,0
301.42,309.81,1470.3,44.91,207.6,0
302.11,311.85,1722.3,55.3,85.1,0
302.14,311.89,1464.4,53.74,51.5,0
300.03,309.46,1663.1,36.98,65.0,0
303.07,312.69,1328.0,48.53,111.4,1
299.99,308.17,1418.4,67.42,112.5,1
300.65,311.18,1423.7,50.34,87.7,0
299.78,309.33,1584.1,47.09,240.0,1
300.39,309.64,1752.6,50.84,84.5,1
302.28,313.86,1488.1,42.3,68.9,0
298.3,307.2,1407.8,26.89,36.1,0
298.86,308.61,1403.8,45.12,190.3,1
300.63,311.62,1407.5,43.68,169.3,1
302.58,309.85,1859.0,39.81,36.4,0
302.36,312.05,1382.4,38.88,18.6,0
297.04,308.21,1399.5,50.75,223.2,1
298.31,307.25,1614.0,37.72,200.4,1
299.83,309.04,1431.8,30.4,34.4,0
304.03,314.34,1517.5,43.82,200.9,1
302.93,315.13,1526.0,47.37,57.8,0
302.82,313.44,1512.6,38.72,142.4,0
302.11,312.47,1555.2,54.22,101.7,0
298.67,308.45,1208.1,43.7,5.1,0
304.38,313.82,1577.8,49.56,5.8,0
303.1,311.29,1491.8,41.31,46.6,0
298.4,308.5,1666.3,10.83,182.0,0
303.03,314.03,1245.8,41.29,204.9,1
299.16,307.48,1444.0,42.23,80.6,0
301.07,311.36,1424.4,47.22,106.0,0
298.38,309.68,1688.6,45.43,199.8,1
300.68,311.33,1287.4,52.8,125.1,0
299.2,308.0,1679.5,22.51,164.3,0
298.82,308.98,1559.1,29.15,23.9,0
300.42,309.59,1568.6,20.71,195.0,1
298.2,308.17,1382.4,25.45,126.5,0
298.28,308.88,1368.6,34.29,15.1,0
300.06,309.15,1268.6,36.06,165.9,0
296.36,306.95,1593.8,42.1,92.0,0
298.42,309.63,1519.5,35.74,103.3,0
300.93,310.77,1685.2,27.07,215.5,1
300.23,311.35,1638.3,43.56,209.4,0
298.82,308.5,1527.4,54.58,205.2,1
300.59,311.37,1546.6,49.54,207.5,1
299.52,309.37,1467.9,48.13,163.6,0
298.14,307.6,1150.7,18.44,46.6,0
302.66,313.49,1452.8,57.99,237.8,1
299.67,309.79,1515.7,36.98,198.5,1
299.24,308.39,1388.7,26.43,146.3,0
296.53,307.5,1307.0,45.42,161.8,1
300.76,311.87,1981.9,30.92,8.9,0
301.59,313.34,1753.3,26.96,209.8,1
301.53,311.91,1254.1,39.59,201.4,1
301.07,312.12,1551.5,42.68,38.2,0
297.94,307.78,1457.0,44.13,68.1,0
301.82,311.51,1542.2,34.0,165.9,1
296.94,305.99,1783.1,49.46,78.8,0
302.27,313.52,1468.8,28.4,153.2,0
297.86,306.95,1652.9,43.22,214.5,1
297.96,308.37,1195.4,49.54,168.9,1
296.9,305.76,1822.1,36.3,112.7,0
297.67,307.55,1585.6,36.46,167.0,0
302.08,312.92,1679.8,25.72,36.8,0
299.68,309.69,1601.0,57.89,102.1,1
304.75,314.27,1227.7,34.22,109.4,0
300.96,312.52,1587.2,31.57,133.1,0
300.76,309.35,1372.1,36.26,30.4,0
297.47,308.05,1583.5,34.7,98.1,0
297.94,307.87,1664.6,31.95,86.2,0
302.01,312.87,1443.2,30.34,170.7,1
300.29,312.19,1932.4,45.63,61.5,0
300.66,312.1,1557.6,39.23,208.1,1
299.17,309.94,1573.5,47.13,188.6,1
299.15,310.07,1544.2,41.26,106.8,0
302.54,311.3,1476.3,34.43,43.1,0
300.07,309.7,1377.9,39.74,43.7,0
296.98,306.81,1479.6,34.89,144.9,1
298.43,308.27,1460.4,57.59,39.5,0
301.61,311.06,1453.0,41.5,236.1,1
297.86,307.97,1297.1,25.46,22.5,0
305.7,316.04,1587.2,39.81,117.6,1
299.52,310.1,1686.2,30.41,61.3,0
298.21,307.87,1576.2,49.03,190.3,1
299.39,311.31,1536.4,38.83,128.7,0
299.04,308.51,1656.0,42.12,13.7,0
299.99,310.77,1372.2,46.38,132.7,1
300.58,309.83,1517.6,27.95,233.1,1
301.16,310.34,1351.1,43.7,203.6,1
300.66,310.92,1566.4,38.29,126.5,1
300.47,311.49,1829.8,33.89,48.7,0
295.71,305.07,1626.3,53.11,230.8,1
303.35,313.18,1624.6,36.72,106.5,0
302.38,312.05,1567.2,39.35,235.2,1
299.36,309.82,1486.7,42.9,102.8,0
300.66,311.99,1573.0,45.57,232.8,1
302.21,312.25,1313.6,31.65,123.0,0
297.6,308.03,1629.6,45.99,50.6,0
302.01,311.17,1551.4,50.65,237.1,1
301.54,311.79,1503.2,32.81,124.4,0
300.38,308.58,1415.3,37.15,61.4,0
300.99,310.85,1312.4,47.34,0.8,0
300.14,309.62,1375.6,56.19,94.7,0
300.51,311.83,1458.6,46.41,51.4,0
297.97,308.36,1541.5,41.15,211.4,1
298.45,308.12,1608.7,44.52,24.2,0
299.18,309.31,1570.5,35.76,127.7,0
299.1,309.01,1463.5,53.86,193.3,1
298.57,309.05,1662.1,44.57,121.4,0
297.88,308.74,1546.5,52.79,144.2,1
299.42,308.2,1476.5,43.08,17.9,0
297.02,307.66,1735.6,30.93,62.7,0
300.28,310.38,1544.0,29.3,191.5,0
301.52,311.35,1543.0,63.75,86.6,0
298.97,308.49,1429.7,44.43,14.7,0
296.33,306.77,1564.2,48.66,148.8,1
304.93,314.03,1308.6,31.3,97.1,0
301.79,312.3,1195.6,50.45,152.8,1
298.65,308.53,1599.4,39.11,19.9,0
298.64,309.19,1800.5,32.37,56.3,0
301.18,311.45,1519.6,34.51,225.3,1
299.98,310.81,1550.2,21.94,130.8,0
299.34,311.02,1566.5,20.94,90.9,0
295.68,306.94,1591.2,37.41,160.0,1
299.58,309.58,1442.5,23.23,92.3,0
299.28,309.64,1681.5,30.51,77.9,0
297.62,309.07,1129.4,43.51,184.4,1
298.91,309.89,1563.5,44.47,137.4,1
302.26,312.39,1591.0,55.89,1.7,0
301.49,311.3,1471.8,35.14,141.1,0
294.63,303.88,1695.7,28.96,14.3,0
301.79,310.78,1405.0,59.54,85.1,1
297.9,306.12,1512.0,50.44,125.2,1
298.18,308.76,1581.7,48.08,7.7,0
300.27,310.14,1292.3,48.75,179.1,1
300.82,312.03,1429.4,31.28,219.5,1
299.12,306.58,1542.6,51.86,228.0,1
300.24,310.78,1657.8,48.57,50.5,0
300.56,311.02,1483.5,53.29,212.7,1
303.28,312.98,1574.9,42.46,11.6,0
300.51,311.61,1537.5,42.8,184.2,1
299.28,309.42,1269.8,30.54,139.1,1
303.56,313.85,1389.0,44.07,66.6,0
299.06,308.38,1626.4,35.34,215.5,1
302.87,314.51,1406.4,21.32,68.2,0
300.58,312.09,1565.8,27.6,92.5,0
294.93,307.7,1410.8,39.28,83.6,1
300.44,310.64,1674.7,60.68,129.2,1
299.99,308.31,1872.9,54.91,194.5,1
299.73,308.77,1535.8,37.06,30.4,0
301.34,311.46,1258.4,44.63,135.0,1
300.74,310.38,1400.0,55.89,28.0,0
299.37,309.28,1354.0,37.47,144.0,0
300.49,309.77,1516.9,36.7,52.1,0
300.63,311.08,1546.5,28.82,8.9,0
301.1,311.09,1369.8,29.96,123.6,0
299.93,310.8,1639.2,34.64,53.3,0
300.44,310.54,1313.9,48.99,221.5,1
298.82,310.96,1559.3,25.62,48.8,0
297.71,307.85,1479.0,52.32,52.8,0
296.95,305.2,1380.1,22.11,65.9,0
301.61,311.66,1435.3,37.63,38.4,0
297.76,307.47,1519.3,39.34,2.0,0
297.84,306.62,1746.3,39.24,230.0,1
303.25,312.99,1554.3,28.78,124.8,0
299.67,309.62,1551.5,45.52,23.8,0
296.7,305.35,1425.1,39.76,206.0,1
299.93,310.14,1458.8,38.58,223.3,1
301.24,312.48,1333.4,33.29,198.4,1
300.17,309.57,1439.3,42.73,172.3,1
300.67,313.55,1286.7,38.8,177.3,1
302.6,314.74,1803.7,45.41,210.1,1
298.72,309.79,1281.6,48.29,45.4,0
298.4,306.49,1417.2,44.15,108.4,0
295.43,305.11,1618.4,35.25,218.8,1
300.44,309.93,1589.1,26.78,187.2,1
296.14,305.72,1525.8,32.49,170.5,1
301.62,312.05,1479.2,52.63,236.3,1
300.13,309.21,1437.7,29.37,98.2,1
300.09,310.76,1814.7,42.86,34.5,0
298.9,309.19,1391.1,30.33,239.0,0
299.31,310.8,1238.9,49.43,130.0,0
298.65,309.81,1703.1,39.06,105.3,0
300.82,311.07,1250.8,46.29,85.5,0
297.77,308.55,1673.5,65.17,193.9,1
299.87,309.87,1374.8,44.44,56.2,0
298.59,308.72,1432.6,38.67,81.2,0
297.44,307.69,1535.3,12.99,150.8,0
299.46,310.3,1889.6,45.4,41.6,0
301.32,311.68,1451.7,42.28,9.8,0
300.88,311.57,1503.1,49.09,33.2,0
299.81,310.21,1520.5,34.44,117.8,0
302.06,313.05,1396.9,21.91,94.1,0
299.46,311.9,1304.4,54.74,217.0,1
301.04,310.78,1648.6,43.05,64.1,0
299.45,309.32,1657.0,44.32,184.9,1
301.02,310.9,1634.1,45.95,123.1,0
298.29,309.51,1566.6,39.75,86.8,0
299.45,308.11,1526.5,21.27,170.7,0
298.34,306.43,1447.4,29.33,138.9,0
299.46,311.08,1465.9,16.79,139.6,0
297.27,306.98,1328.4,50.04,212.6,1
300.74,311.91,1348.7,35.53,170.7,1
300.78,310.74,1556.3,26.3,159.6,0
298.77,307.59,1720.2,35.6,218.1,1
301.32,311.48,1187.0,52.91,91.1,0
299.14,310.17,1298.6,43.21,44.7,0
300.69,310.55,1452.5,46.88,163.4,1
303.21,314.12,1567.4,30.74,122.7,1
297.13,307.05,1230.3,33.61,136.0,1
301.37,312.46,1136.8,58.32,66.9,0
302.07,312.86,1429.3,48.36,176.3,1
301.25,310.9,1462.1,34.59,50.3,0
299.97,311.33,1405.3,28.41,72.7,0
300.84,310.51,1437.4,39.42,23.9,0
297.8,307.53,1507.0,43.19,117.1,0
298.83,310.75,1470.3,18.12,130.6,0
298.46,307.56,1647.7,27.62,50.1,0
302.04,311.65,1706.7,38.78,146.5,0
294.94,305.61,1399.5,28.97,115.9,0
302.05,310.74,1707.9,45.34,227.5,1
299.31,310.88,1287.0,35.28,162.1,1
298.16,309.0,1364.6,53.2,23.0,0
299.52,308.57,1668.5,49.81,94.7,0
301.94,311.98,1392.2,36.17,234.8,1
294.36,305.55,1537.5,31.21,137.4,0
299.32,308.1,1326.7,45.84,103.1,0
297.07,307.42,1495.0,17.49,230.0,1
302.09,312.61,1711.8,58.55,17.6,0
297.98,310.05,1468.0,36.59,43.9,0
299.71,310.14,1749.4,35.63,9.3,0
302.07,311.36,1100.8,15.05,188.2,0
302.91,311.39,1703.0,36.23,169.8,0
300.58,309.12,1543.6,44.51,171.2,0
301.25,311.88,1488.4,39.74,13.7,0
299.52,309.47,1429.2,47.31,95.1,0
298.84,308.77,1344.1,25.44,92.8,0
301.17,309.82,1696.3,25.93,120.8,0
302.47,312.82,1616.6,47.55,151.7,1
299.46,309.81,1599.7,38.56,116.0,0
300.56,312.63,1740.5,37.27,238.5,1
300.27,310.22,1615.9,46.94,231.5,1
301.14,311.87,1784.8,32.17,43.5,0
303.9,312.21,1395.4,38.59,104.4,0
295.1,305.2,1408.3,45.23,218.8,1
301.4,311.46,1551.7,55.22,145.0,1
297.01,307.41,1494.0,35.9,90.5,0
297.72,305.59,1736.9,30.98,2.1,0
299.82,309.38,1537.3,44.32,226.3,1
302.2,311.28,1385.6,44.77,96.5,0
304.14,314.13,1465.1,49.57,129.2,1
300.71,310.56,1536.6,42.36,221.1,1
297.99,309.04,1464.9,41.81,149.7,1
299.45,308.44,1673.7,38.75,45.3,0
302.12,313.39,1669.8,27.37,76.2,0
298.7,307.63,1808.8,20.88,152.0,0
303.83,314.89,1772.7,40.19,108.6,0
304.62,315.13,1556.8,35.08,24.7,0
304.1,313.15,1559.9,48.3,229.2,1
299.26,310.3,1410.2,28.38,214.5,1
304.34,313.93,1474.7,39.65,173.2,1
303.58,313.33,1932.2,48.22,79.1,0
296.98,306.53,1702.5,39.51,202.5,0
300.38,309.15,1097.3,17.41,111.4,0
300.22,311.9,1353.5,47.86,203.9,1
302.5,312.19,1472.7,48.42,6.2,0
300.77,308.1,1647.7,24.66,50.6,0
300.06,309.65,1660.8,43.68,31.4,0
299.35,307.53,1258.4,47.52,158.8,0
302.21,313.3,1501.2,45.42,151.8,1
297.31,306.8,1258.6,46.99,75.7,0
304.81,314.88,1421.3,30.53,95.6,0
301.48,310.88,1563.6,43.81,219.7,1
300.9,310.57,1384.2,47.62,125.7,1
299.9,310.76,1601.6,48.24,221.5,1
298.16,308.2,1663.9,52.05,192.6,1
297.33,307.5,1482.5,23.01,208.1,1
302.24,312.44,1360.0,27.63,85.9,0
298.21,308.53,1351.7,39.26,108.0,1
299.42,310.13,1609.5,22.37,203.0,0
297.24,305.64,1651.8,22.63,127.4,0
299.68,309.84,1396.5,43.54,229.1,1
300.63,311.18,1547.9,40.5,209.0,1
296.21,304.79,1436.7,27.01,72.4,0
298.16,310.03,1565.8,36.77,41.3,0
301.49,310.39,1304.6,40.55,133.0,1
299.07,310.44,1585.2,55.93,106.2,1
300.38,310.87,1563.6,45.92,159.6,1
300.82,312.17,1706.6,40.34,63.9,0
298.97,309.31,1432.8,39.33,68.5,0
303.6,311.99,1414.1,39.85,139.2,0
298.16,307.8,1589.1,50.38,110.8,1
300.53,311.41,1708.8,38.97,134.4,1
301.4,309.96,1328.5,54.63,160.2,1
301.5,311.91,1400.7,53.41,134.8,1
302.18,312.06,1576.8,46.06,167.7,0
300.85,312.26,1523.4,27.45,32.6,0
301.09,312.14,1491.1,35.16,101.8,0
301.27,311.65,1375.2,50.5,75.7,0
301.1,310.96,1325.4,47.32,125.1,1
302.17,311.12,1727.9,36.99,45.4,0
299.46,311.24,1230.7,32.22,93.0,0
296.86,306.96,1527.5,31.86,171.4,1
300.79,311.71,1572.7,37.93,2.9,0
302.9,314.02,1348.6,35.06,93.8,0
300.18,311.27,1142.4,30.2,40.0,0
303.16,314.64,1376.7,34.2,190.1,1
301.28,309.77,1424.6,35.22,117.4,0
299.98,308.49,1355.4,43.68,73.5,0
300.68,311.0,1503.2,35.46,189.1,1
299.28,309.1,1347.0,51.8,160.9,1
300.24,308.48,1433.3,52.55,122.8,0
299.43,309.41,1212.2,48.75,145.1,1
298.13,308.71,1465.9,43.47,198.9,1
299.31,310.07,1483.1,36.44,152.0,0
297.06,308.83,1576.3,61.46,50.1,0
303.92,314.83,1725.1,44.12,142.0,1
299.55,308.96,1758.8,30.93,236.3,1
301.62,310.56,1586.4,37.87,237.7,1
302.64,311.96,1326.1,47.85,23.1,0
299.81,310.37,1329.6,43.27,180.4,1
298.99,307.03,1546.4,32.65,96.9,0
296.76,304.65,1447.6,52.18,131.4,1
297.1,307.32,1554.4,52.69,171.5,1
297.26,309.17,1388.5,44.95,111.4,0
301.21,311.0,1579.6,33.02,47.4,0
302.42,312.77,1436.8,28.76,231.6,1
301.3,311.64,1376.1,33.01,227.2,1
297.14,310.12,1510.6,43.17,206.1,1
300.29,310.08,1596.2,40.27,24.5,0
300.01,308.54,1450.5,26.36,18.6,0
298.64,309.01,1544.0,53.85,231.5,1
298.42,307.59,1508.8,44.05,184.5,1
303.28,312.14,1439.5,37.24,110.0,0
299.8,308.04,1398.2,37.38,201.4,1
298.06,307.06,1728.9,25.34,128.3,0
301.95,310.7,1182.4,31.34,82.3,0
298.25,308.04,1489.6,38.19,52.9,0
301.27,312.36,1481.3,44.03,187.4,1
300.17,309.22,1241.0,23.13,76.0,0
298.5,307.85,1538.5,52.62,153.4,1
296.59,305.27,1447.7,33.17,176.4,0
301.59,312.23,1757.1,37.26,178.0,1
300.86,311.39,1295.5,36.18,163.6,0
303.08,313.24,1565.9,42.36,37.4,0
297.89,307.18,1274.6,52.25,45.9,0
303.84,313.15,1610.8,43.65,31.6,0
301.17,310.31,1426.2,36.82,226.6,1
297.93,308.56,1537.2,18.07,130.3,1
304.65,315.33,1829.5,34.42,193.4,1
300.59,310.37,1445.9,27.56,140.8,0
299.59,308.29,1451.6,43.36,92.1,0
300.02,310.08,1767.2,37.35,83.4,1
301.32,310.85,1382.5,49.65,31.3,0
299.96,311.93,1341.4,37.63,57.7,0
297.41,307.33,1384.7,54.49,189.4,1
302.5,312.27,1429.8,27.27,222.1,0
301.1,310.28,1634.9,27.41,75.3,0
299.29,308.6,1509.2,47.02,154.7,0
300.97,312.43,1540.6,42.64,145.2,1
300.55,310.34,1389.6,58.05,207.0,1
300.84,311.12,1495.4,25.88,25.7,0
302.56,313.63,1747.5,34.91,22.0,0
304.35,314.14,1574.3,35.66,48.6,0
303.93,313.66,1437.4,48.78,224.3,1
304.24,313.97,1254.5,46.62,6.7,0
299.36,307.73,1355.9,48.12,18.8,0
300.95,309.63,1554.5,38.23,34.2,0
300.35,310.31,1663.3,49.96,110.1,1
302.09,313.62,1679.0,55.68,69.2,0
297.0,306.18,1340.9,33.24,55.9,0
298.21,308.47,1411.8,41.86,237.1,1
298.75,308.93,1408.1,40.92,132.3,0
299.64,309.89,1534.0,36.47,131.6,0
297.88,308.26,1516.9,50.81,139.3,1
301.88,312.0,1644.2,18.41,140.1,0
299.03,308.82,1382.0,32.22,55.3,0
302.0,313.33,1191.3,38.64,204.5,1
294.4,305.27,1390.3,35.1,91.7,0
297.79,308.72,1451.0,37.61,67.4,0
302.08,311.33,1581.3,57.09,95.8,0
299.39,310.81,1642.4,27.42,3.5,0
297.99,307.97,1726.6,49.22,76.0,0
298.96,308.8,1609.9,28.93,41.8,0
301.72,310.42,1727.5,33.56,30.3,0
299.88,310.85,1625.5,43.86,76.5,0
299.03,309.93,1566.8,51.67,56.8,0
294.51,305.13,1473.1,33.15,81.1,0
298.13,306.62,1485.9,39.33,168.2,0
299.97,308.71,1423.4,27.55,208.2,1
302.27,311.84,1534.3,32.56,7.3,0
299.08,309.73,1909.4,57.42,181.2,1
300.7,309.91,1588.6,45.46,82.2,0
301.09,310.89,1568.8,43.12,184.9,1
299.19,309.65,1443.7,27.24,212.8,0
300.91,309.73,1415.8,63.66,97.9,1
301.46,311.92,1488.5,42.59,235.0,1
303.31,313.16,1529.9,65.46,130.8,1
297.78,307.0,1548.4,46.68,141.5,0
296.82,307.76,1182.9,53.71,148.3,0
299.89,308.86,1728.5,44.34,38.9,0
298.43,308.64,1618.7,41.77,17.8,0
299.33,310.53,1511.8,32.17,45.3,0
301.51,312.15,1404.2,35.82,179.2,1
300.47,310.92,1455.9,42.88,136.8,0
299.29,309.42,1672.6,50.15,201.4,1
299.38,309.03,1551.9,35.49,124.2,0
297.07,308.04,1656.3,29.07,89.4,0
300.22,311.52,1432.0,24.57,210.6,0
299.82,308.8,1496.4,27.38,57.8,0
300.6,311.26,1478.5,63.66,175.4,1
302.5,314.37,1595.0,24.06,205.3,0
297.78,309.22,1756.3,43.04,121.4,0
296.67,306.04,1473.4,45.47,159.7,0
299.55,308.81,1134.8,42.99,77.6,0
301.15,310.57,1225.9,39.66,20.1,0
299.84,310.9,1308.6,34.48,119.5,0
303.31,313.24,1480.3,47.52,235.6,1
303.75,314.06,1664.3,38.85,61.1,0
302.3,311.02,1632.0,30.69,116.6,0
300.69,311.34,1529.8,34.55,237.9,1
302.17,311.31,1543.7,14.19,115.2,0
297.85,308.25,1504.2,46.76,181.1,1
300.65,310.46,1529.7,46.11,158.6,0
298.77,308.0,1583.3,31.56,120.7,0
300.84,308.81,1625.9,49.4,49.0,0
302.21,313.11,1512.0,30.38,160.6,0
305.2,314.26,1582.8,43.2,200.7,1
300.56,309.75,1483.7,30.68,41.4,0
298.32,308.47,1611.4,37.16,10.2,0
300.59,310.98,1746.2,38.7,107.1,0
301.28,311.05,1626.8,32.79,127.2,0
301.53,310.53,1603.3,27.77,146.1,0
298.67,308.56,1533.0,39.93,39.2,0
296.45,305.68,1640.1,36.74,34.1,0
296.4,305.97,1731.4,42.7,93.9,0
297.58,305.87,1298.2,39.09,43.9,0
300.81,310.41,1351.9,44.66,148.5,1
301.03,311.34,1480.0,45.78,161.2,1
298.87,308.54,1451.8,45.6,15.4,0
298.06,306.33,1775.0,55.37,187.5,1
296.23,305.54,1592.1,27.45,121.8,0
298.84,307.0,1267.2,35.41,110.1,0
297.78,308.37,1652.0,37.45,162.0,1
300.89,312.47,1678.5,39.36,53.9,0
298.28,306.61,1424.2,41.23,203.4,1
301.97,312.46,1315.0,33.95,161.3,1
304.17,315.36,1284.6,44.73,44.8,0
301.68,311.66,1508.6,41.05,58.0,0
299.9,311.19,1395.6,49.53,160.9,1
299.31,307.92,1831.8,31.9,141.0,0
300.39,310.84,1495.0,37.56,66.8,0
298.2,308.43,1403.9,35.77,101.2,1
300.3,308.79,1624.4,38.07,151.2,0
298.09,310.51,1358.3,49.32,182.5,1
300.89,311.7,1357.6,39.84,228.1,1
298.24,308.26,1267.7,29.99,120.3,0
302.11,311.85,1509.6,45.46,14.6,0
300.49,311.01,1533.8,20.36,201.9,1
300.36,311.84,1441.2,49.43,77.9,1
298.44,308.82,1691.3,41.08,179.4,0
300.75,310.26,1887.9,19.17,84.2,0
299.6,309.65,1436.4,34.99,99.1,0
299.04,308.16,1510.1,34.41,76.9,0
299.62,308.49,1635.5,34.84,20.7,0
301.63,312.44,1692.8,40.15,117.8,0
300.42,309.0,1324.9,41.17,168.5,1
299.53,310.29,1350.0,34.18,217.1,1
299.09,309.39,1235.4,31.55,187.0,1
296.48,305.23,1440.5,25.42,42.2,0
298.19,309.25,1438.4,39.39,37.1,0
299.47,309.37,1765.3,41.48,198.5,1
299.47,309.3,1511.4,38.19,155.8,0
298.67,308.54,1579.1,30.13,129.1,1
300.76,310.77,1502.4,33.75,124.5,0
297.26,305.93,1137.9,27.11,213.0,1
300.98,310.07,1626.1,27.95,43.1,0
298.79,310.7,1496.3,51.39,11.5,0
301.33,311.0,1354.0,48.42,136.6,1
298.78,308.43,1347.8,29.54,26.4,0
300.8,309.71,1697.7,37.24,44.7,0
300.08,310.36,1528.8,27.64,181.4,1
299.94,312.14,1631.3,39.48,113.7,0
299.14,309.14,1290.9,53.51,66.4,0
304.04,312.7,1609.9,43.2,202.6,1
300.42,309.36,1587.1,49.74,49.6,0
300.29,310.53,1633.7,37.68,138.5,0
303.51,314.17,1043.4,24.5,88.8,0
298.11,308.82,1500.4,55.92,144.0,1
299.99,310.75,1468.5,28.33,91.4,0
299.79,309.37,1446.5,42.92,72.2,0
297.67,306.71,1587.6,45.66,187.6,1
304.52,315.82,1331.4,51.18,94.3,0
300.84,312.15,1586.8,42.17,13.2,0
297.68,306.82,1518.7,46.78,186.0,1
299.08,309.42,1677.7,38.41,30.9,0
299.47,310.59,1516.9,26.89,21.7,0
299.75,310.91,1479.9,50.06,90.0,0
301.94,312.0,1744.2,44.52,120.5,0
297.63,307.14,1299.1,36.57,123.1,0
299.9,310.06,1386.6,31.31,82.6,0
303.41,314.03,1417.8,39.13,16.2,0
299.8,308.89,1627.0,40.91,209.9,1
301.4,310.98,1492.0,37.57,195.4,1
302.13,313.44,1163.8,42.82,93.3,0
301.17,310.64,1693.2,30.42,41.7,0
299.85,309.53,1722.9,31.96,139.4,0
299.48,307.96,1735.3,33.19,69.7,0
306.77,317.48,1625.0,26.71,150.4,0
297.7,307.27,1732.1,44.97,59.2,0
297.53,306.3,1604.6,55.58,217.0,1
299.49,308.66,1559.0,59.82,97.5,0
297.7,308.24,1448.1,37.71,134.1,0
296.64,307.4,1679.3,40.59,110.4,0
302.21,312.22,1402.3,40.29,237.7,1
299.93,311.35,1516.2,48.47,18.8,0
300.43,310.42,1601.8,53.44,224.2,1
300.0,308.85,1416.3,11.53,213.2,0
302.85,312.63,1587.8,10.68,213.6,0
297.48,307.09,1356.5,48.08,194.5,1
299.42,309.35,1516.9,26.17,43.4,0
301.4,312.54,1709.1,43.51,78.2,0
301.43,310.72,1628.6,35.8,233.4,1
298.34,308.46,1482.6,40.01,182.8,1
304.18,313.29,1661.1,35.87,194.3,0
297.73,309.25,1232.7,48.41,238.4,1
298.69,309.84,1343.1,43.95,40.8,0
302.98,312.32,1630.3,38.03,104.4,0
300.44,310.6,1442.6,43.92,183.4,1
297.42,307.59,1456.7,45.55,178.0,1
301.21,311.37,1462.0,50.87,111.4,0
299.9,310.37,1440.4,41.72,195.0,1
294.46,305.17,1372.6,42.5,137.5,0
297.33,306.36,1546.2,35.53,222.0,1
299.08,308.4,1443.1,67.45,54.2,0
299.56,311.21,1619.1,36.05,79.6,0
301.89,312.62,1397.7,35.08,137.6,0
299.35,310.86,1416.6,53.02,62.4,0
298.76,309.33,1688.9,32.83,92.9,0
300.61,310.06,1797.6,34.04,18.5,0
302.79,314.59,1606.9,47.04,152.9,1
302.5,312.17,1473.5,54.0,68.2,0
297.1,306.09,1736.3,41.67,144.9,1
298.4,307.51,1341.3,58.24,179.3,1
299.13,308.62,1482.8,47.34,109.6,0
298.93,310.85,1536.3,35.14,235.5,1
301.54,310.02,1737.8,25.25,34.4,0
296.14,307.16,1478.5,34.59,147.0,0
298.49,308.84,1307.7,49.96,69.9,0
299.47,308.6,1640.4,28.9,192.4,1
300.45,309.93,1507.4,36.29,166.5,1
299.01,308.53,1550.1,47.93,224.7,1
301.89,311.53,1820.6,36.48,217.7,1
299.7,310.52,1354.2,38.71,25.4,0
299.36,308.34,1549.9,37.93,94.1,0
297.8,307.79,1706.8,45.59,24.6,0
301.92,313.96,1334.2,30.64,74.3,0
300.5,308.34,1481.0,30.54,116.0,0
303.18,312.97,1497.7,25.97,233.5,1
299.21,310.72,1590.6,29.86,52.4,0
299.01,309.54,1264.3,62.71,219.4,1
301.8,313.5,1317.8,29.68,101.2,0
301.73,313.44,1533.3,29.65,178.0,1
298.78,307.75,1605.3,41.59,10.9,0
296.4,307.18,1800.7,57.54,84.0,0
300.23,309.22,1247.5,35.54,51.6,0
299.52,307.46,1543.3,46.37,223.7,1
300.5,310.1,1608.5,29.95,37.7,0
299.32,310.41,1423.5,49.66,123.4,1
298.08,308.97,1472.5,53.42,67.4,0
298.05,308.71,1443.6,37.57,113.4,0
304.23,313.55,1353.0,29.16,37.0,0
298.78,308.95,1490.3,39.28,230.3,1
301.34,311.26,1681.8,33.12,177.9,1
299.12,308.51,1478.0,42.37,77.3,0
301.13,312.23,1655.9,38.31,171.2,1
299.93,309.6,1607.1,57.11,205.6,1
297.77,307.36,1361.4,26.11,43.3,0
297.9,307.9,1654.9,46.95,122.5,1
300.1,308.37,1522.5,28.31,6.3,0
299.55,307.96,1360.0,28.41,42.9,0
302.04,311.67,1661.7,15.63,64.0,0
297.98,306.36,1438.5,43.19,99.4,0
300.27,310.4,1484.0,28.78,69.8,0
299.86,308.69,1256.7,48.35,76.1,0
299.83,309.38,1600.9,35.56,121.9,0
296.74,307.36,1739.8,39.1,225.5,1
304.34,315.8,1545.0,46.17,190.7,0
300.18,309.51,1568.1,38.81,107.0,1
297.04,306.93,1677.0,19.79,80.8,0
297.77,307.69,1527.1,27.42,209.5,1
300.78,311.66,1399.1,31.52,197.2,0
300.27,310.93,1541.7,35.55,102.5,0
298.03,307.51,1486.2,56.79,180.5,1
298.02,308.1,1667.7,37.32,122.7,0
298.76,308.75,1591.0,66.2,157.2,0
302.64,313.44,1686.3,40.09,73.3,0
298.61,307.82,1759.4,39.72,111.2,0
302.93,312.85,1515.2,43.63,220.3,1
298.91,309.25,1582.1,42.16,109.5,0
299.44,309.02,1409.4,46.79,182.0,1
298.49,309.54,1509.2,29.51,88.7,0
299.51,310.39,1432.2,46.98,30.6,0
297.32,308.66,1619.2,38.81,15.2,0
299.31,311.41,1401.9,34.63,120.0,0
301.51,309.21,1365.5,50.89,40.6,0
300.34,310.14,1437.6,50.61,151.6,1
297.6,309.26,1356.3,53.25,50.5,0
300.48,311.7,1667.7,18.05,168.0,0
296.4,307.83,1526.7,40.64,228.5,0
300.05,309.95,1402.0,47.25,69.4,0
296.18,306.36,1742.4,38.13,226.3,1
300.63,310.67,1882.7,61.51,160.8,1
298.55,308.42,1671.9,38.4,72.7,0
300.93,310.74,1578.1,43.85,128.1,0
303.06,312.25,1500.9,26.89,173.1,0
301.32,311.58,1629.2,39.29,90.7,0
297.89,305.88,1310.3,22.28,170.8,0
303.59,312.84,1590.1,53.34,92.1,0
300.12,309.59,1165.3,20.6,147.0,0
302.55,311.84,1139.2,52.85,219.8,1
301.23,311.6,1316.7,44.69,203.0,0
298.56,306.97,1564.0,36.98,42.4,0
296.47,306.42,1273.5,61.8,136.9,1
300.03,309.13,1206.5,29.07,128.6,0
299.61,309.98,1449.2,28.6,117.6,0
299.19,308.87,1274.8,53.75,165.4,1
300.14,311.34,1558.4,28.99,46.1,0
298.81,308.96,1418.1,38.51,159.1,1
300.76,310.2,1510.1,49.85,129.6,0
299.7,311.05,1788.1,47.13,168.2,1
299.66,308.93,1610.7,40.36,90.4,0
299.5,308.13,1356.1,6.53,204.0,0
296.95,306.15,1626.4,34.71,176.8,0
301.61,312.02,1699.4,37.58,124.3,0
299.85,310.39,1640.4,58.14,219.3,1
301.0,310.78,1639.2,38.55,66.9,0
295.95,304.96,1342.2,41.73,0.2,0
297.82,307.94,1492.5,25.58,74.5,0
302.08,310.99,1283.3,29.38,206.2,0
301.37,312.58,1449.1,28.96,85.8,0
302.77,313.69,1301.3,34.4,120.7,1
305.96,316.3,1553.5,37.84,116.0,1
296.36,305.87,1682.0,30.57,220.9,1
302.03,312.67,1536.7,47.59,49.2,0
302.64,311.7,1709.7,33.13,194.2,1
299.76,311.15,1745.9,35.95,110.4,1
297.5,306.98,1755.9,47.13,19.2,0
297.06,307.36,1380.1,39.91,4.3,0
303.33,314.12,1470.8,49.13,218.4,1
299.65,311.3,1468.3,36.13,204.2,1
298.76,307.48,1422.3,42.33,63.9,0
296.93,307.07,1617.7,28.25,39.5,0
298.41,307.66,1395.9,33.96,211.0,1
297.76,308.6,1607.4,42.0,128.8,0
301.86,311.71,1411.9,53.11,97.0,0
299.72,308.98,1620.4,37.84,145.7,0
299.99,310.0,1463.3,34.51,72.4,0
298.48,309.78,1519.2,54.13,31.4,0
303.48,312.77,1477.1,29.03,203.7,1
303.22,314.74,1486.6,53.79,79.3,0
298.11,309.34,1515.2,33.29,132.0,0
302.44,313.46,1487.4,62.0,215.8,1
300.22,310.61,1524.4,54.34,6.0,0
298.68,308.46,1439.1,31.65,63.5,0
300.3,310.8,1547.3,38.61,101.7,0
298.02,309.66,1521.8,38.31,6.4,0
300.75,310.18,1525.7,32.59,178.4,1
302.77,313.29,1456.4,51.72,136.5,1
301.86,310.97,1620.1,51.53,208.0,1
299.05,308.51,1543.6,31.93,10.2,0
297.61,307.38,1362.5,40.8,113.9,0
299.2,310.32,1574.2,25.4,27.3,0
303.2,313.02,1402.3,46.69,113.9,0
301.21,311.86,1464.7,35.79,113.7,0
300.44,311.33,1443.1,23.8,40.6,0
298.34,308.97,1645.2,39.01,70.0,0
298.79,309.56,1654.3,46.83,228.2,1
298.28,308.08,1411.3,56.04,47.8,0
301.27,311.9,1497.0,34.14,94.0,0
298.7,307.72,1300.5,41.38,153.6,1
296.82,305.76,1558.6,30.77,208.3,1
298.58,306.94,1238.1,18.74,231.2,0
299.81,309.24,1872.7,49.27,179.1,1
297.38,306.27,1521.2,29.91,169.7,1
300.01,309.53,1548.0,48.44,180.7,1
300.71,312.65,1228.8,43.16,4.0,0
299.01,308.47,1447.1,52.03,79.0,0
302.14,312.89,1523.4,53.47,7.6,0
303.58,312.28,1339.3,54.9,71.8,0
299.94,309.79,1231.3,49.09,185.9,1
304.64,314.11,1685.2,43.7,128.2,0
298.52,306.13,1533.3,29.41,197.4,0
298.13,308.53,1592.6,48.45,167.8,1
298.41,309.88,1355.5,15.33,87.5,0
300.05,309.56,1451.2,37.05,114.2,0
299.15,310.06,1472.2,45.14,81.1,0
298.44,306.99,1583.8,35.64,3.6,0
303.28,316.0,1489.2,35.1,78.4,0
301.05,310.18,1283.0,32.22,117.2,0
301.11,312.23,1651.8,19.65,197.0,0
300.73,310.82,1812.0,47.94,208.2,1
297.87,306.88,1527.4,34.71,91.0,0
297.68,309.55,1596.5,40.29,236.0,1
297.88,309.62,1349.7,35.31,182.5,1
298.51,308.28,1489.2,25.63,165.2,1
300.46,312.03,1745.7,38.94,142.3,1
298.59,308.05,1462.6,13.14,14.2,0
300.0,310.32,1556.4,23.62,43.5,0
301.82,312.48,1510.3,45.88,15.5,0
297.36,305.8,1786.4,45.99,88.6,0
296.48,305.39,1642.3,44.17,64.4,0
299.78,311.59,1649.4,46.28,203.2,1
300.17,310.91,1476.9,32.23,13.7,0
301.86,312.02,1519.6,37.97,57.0,0
298.23,308.5,1391.1,33.39,176.8,0
298.61,308.64,1586.3,43.68,200.3,1
299.2,309.07,1726.3,40.0,232.9,1
299.41,310.18,1524.6,27.22,177.9,0
302.33,314.27,1538.5,34.03,10.7,0
297.78,308.27,1708.7,44.27,106.0,0
302.04,311.79,1497.7,35.1,213.6,0
300.16,312.07,1414.9,46.12,25.8,0
301.15,310.07,1419.4,19.3,193.4,0
300.79,310.04,1497.7,38.15,174.8,0
301.16,310.73,1543.7,21.4,15.9,0
302.11,311.22,1610.1,60.65,98.1,1
299.18,308.93,1296.3,50.64,73.9,0
301.22,310.88,1568.4,32.22,144.3,0
301.97,311.73,1328.6,50.76,202.5,1
299.98,308.59,1336.5,48.87,231.7,1
305.62,315.1,1783.6,43.99,198.9,1
299.08,308.21,1642.6,42.47,14.1,0
297.95,308.78,1375.3,38.2,141.5,0
300.51,313.29,1607.1,37.06,64.5,0
297.87,308.99,1328.3,25.86,150.4,0
300.28,311.0,1637.8,45.4,146.7,1
298.17,307.86,1259.9,43.71,179.4,1
300.37,308.2,1331.8,47.66,97.5,0
300.32,309.84,1454.3,41.79,163.5,1
302.79,312.77,1676.3,31.62,40.3,0
300.33,310.75,1746.3,26.78,178.7,0
301.32,309.94,1308.5,49.06,176.1,1
298.58,308.89,1403.3,42.49,3.9,0
300.0,308.83,1367.0,38.24,216.7,0
301.9,311.87,1190.0,33.32,197.9,1
301.29,312.16,1438.7,45.56,196.3,1
300.73,312.23,1248.4,30.0,118.6,0
297.89,306.99,1318.2,49.18,199.5,1
299.49,311.3,1227.3,32.63,58.5,0
301.29,311.82,1426.3,34.59,231.6,1
297.4,306.06,1357.3,33.44,168.8,1
296.9,307.09,1624.6,29.23,45.9,0
297.32,308.83,1615.5,50.52,29.7,0
299.17,306.37,1398.1,27.29,239.7,1
301.31,310.43,1531.0,44.67,213.1,1
299.79,308.18,1677.8,27.66,11.7,0
299.66,309.64,1711.9,23.03,215.9,1
298.83,309.77,1800.9,27.99,71.7,0
302.89,314.37,1676.2,39.82,39.4,0
303.29,314.67,1686.9,38.29,78.5,0
300.57,309.88,1475.4,59.6,207.6,1
301.01,311.05,1400.4,34.58,126.6,0
299.34,309.01,1534.0,47.33,98.9,1
299.35,310.77,1456.5,22.92,233.4,1
300.0,310.58,1480.3,61.48,103.4,1
299.36,307.82,1524.3,39.51,58.1,0
305.04,314.75,1557.9,24.48,120.6,0
298.56,308.3,1409.1,39.98,112.4,0
303.54,312.63,1261.8,24.22,137.3,0
298.66,309.17,1350.9,52.67,165.0,1
298.15,309.14,1411.2,27.65,142.8,0
300.82,309.82,1491.8,30.34,218.2,0
297.3,308.16,1557.2,59.56,19.7,0
297.06,307.39,1641.1,32.34,101.9,0
299.22,308.75,1641.9,38.04,20.7,0
301.37,312.52,1466.1,32.16,156.2,0
299.82,309.44,1729.0,25.77,19.4,0
302.91,314.41,1609.3,23.51,119.5,0
298.15,307.77,1417.0,41.6,30.0,0
298.51,308.11,1549.9,27.08,77.8,0
301.01,312.41,1347.7,22.95,178.5,0
301.41,313.34,1608.0,39.13,113.8,1
298.48,308.26,1646.2,36.9,132.5,1
300.41,310.69,1507.3,43.27,15.7,0
298.51,307.58,1427.1,48.42,175.3,1
296.95,307.15,1328.0,48.26,148.4,1
301.46,310.54,1631.5,56.66,64.5,0
298.28,309.41,1564.3,55.6,176.3,1
298.56,307.84,1739.7,44.18,218.9,1
299.59,310.25,1487.1,40.53,67.8,0
305.72,315.41,1389.9,55.16,185.5,1
300.61,307.96,1519.2,24.8,129.9,0
297.74,308.06,1453.1,45.59,232.8,1
299.95,308.14,1556.2,68.75,147.1,1
299.17,309.45,1486.7,55.46,201.3,1
298.15,307.75,1560.6,32.55,137.0,0
297.72,307.82,1587.1,49.1,146.0,0
300.06,309.12,1233.7,72.16,232.3,1
302.62,313.41,1598.8,25.56,162.7,0
295.2,305.01,1489.3,41.06,212.6,0
302.87,311.64,1636.0,42.73,15.9,0
300.67,309.99,1546.4,32.19,50.6,0
299.05,309.27,1720.5,37.45,108.0,0
300.19,309.66,1565.9,42.92,221.5,1
302.83,313.73,1367.3,39.87,15.5,0
298.4,308.8,1549.2,30.15,109.9,0
300.78,310.69,1694.6,30.67,207.6,0
297.31,307.67,1397.5,47.53,180.3,1
303.83,314.09,1409.1,54.99,208.1,1
298.4,308.75,1707.7,49.24,182.7,1
299.85,309.22,1716.7,52.75,126.8,1
299.54,309.68,1693.9,50.2,91.1,0
300.54,309.96,1610.9,34.48,74.1,0
297.5,307.28,1421.4,49.15,35.9,0
303.0,313.41,1354.3,56.59,33.2,0
297.78,307.09,1397.0,49.66,69.7,0
305.08,314.65,1356.0,37.29,54.4,0
295.31,306.33,1629.4,45.41,72.2,0
298.82,307.87,1603.4,44.24,80.3,0
298.52,307.18,1295.5,45.94,169.9,0
298.44,308.72,1546.1,39.52,212.2,1
299.11,309.62,1306.2,47.9,124.1,1
299.45,309.05,1140.2,60.63,93.8,0
301.04,313.63,1541.8,47.15,186.7,1
299.09,308.07,1170.2,43.68,44.2,0
299.2,309.96,1283.5,45.82,132.6,1
298.96,309.5,1566.4,41.6,135.2,0
305.86,316.26,1406.4,52.48,4.1,0
299.98,310.85,1441.4,58.79,151.0,1
302.61,310.86,1527.9,45.42,121.2,1
298.42,308.04,1444.0,41.29,192.2,1
300.27,309.37,1644.6,32.18,40.7,0
302.12,312.46,1235.0,41.12,120.5,0
302.68,313.13,1132.1,29.88,85.1,0
300.33,310.41,1754.1,49.27,69.1,0
299.01,308.5,1267.2,22.94,233.4,1
300.37,311.92,1792.7,34.5,100.4,1
300.24,312.19,1545.1,39.42,97.0,0
296.74,306.73,1607.3,42.19,114.0,0
300.37,308.62,1617.5,33.68,195.3,1
302.62,312.75,1389.5,35.94,163.1,1
296.86,306.97,1739.1,63.01,76.5,0
302.91,311.98,1603.9,35.72,119.6,0
299.45,309.28,1563.6,50.53,102.8,0
297.63,308.19,1571.0,19.74,125.8,0
302.26,312.17,1273.5,36.76,3.9,0
302.05,312.26,1642.7,34.18,56.3,0
300.85,309.31,1567.6,54.47,188.3,1
301.97,312.4,1320.7,38.26,235.1,1
301.86,312.62,1437.8,57.54,110.3,1
299.78,308.89,1490.4,43.3,53.0,0
300.05,309.76,1416.9,31.09,86.8,0
298.48,309.58,1278.9,46.42,101.6,1
297.13,306.76,1636.8,28.69,109.2,0
301.83,311.2,1673.9,45.33,72.0,0
301.59,312.93,1568.8,56.41,120.4,1
299.01,311.94,1548.6,41.29,151.4,1
298.76,308.7,1485.0,47.99,72.0,0
301.34,310.07,1416.8,24.76,194.1,0
300.16,309.89,1348.0,57.56,112.6,1
300.28,310.61,1267.3,54.31,199.7,1
300.64,310.78,1403.1,56.13,98.2,1
301.73,311.49,1345.5,23.75,165.8,0
297.6,306.71,1631.8,36.69,1.8,0
296.03,305.93,1640.6,46.34,204.6,1
300.31,311.18,1578.0,33.4,170.8,0
302.74,312.55,1499.5,47.44,175.3,0
301.62,311.24,1635.3,31.68,7.2,0
299.66,307.6,1345.6,36.72,148.0,0
300.05,310.62,1831.6,36.63,142.6,0
300.21,310.74,1513.3,34.81,43.0,0
297.11,309.47,1327.5,31.59,67.0,0
296.33,307.88,1736.6,47.95,237.5,1
299.1,309.58,1274.8,33.9,157.2,0
301.97,311.41,1589.1,40.02,132.6,0
303.77,313.43,1759.4,28.75,82.8,0
300.29,309.35,1567.5,39.02,237.0,1
297.89,308.38,1633.2,53.11,131.7,1
299.73,309.55,1500.6,35.44,104.5,0
301.38,310.91,1822.1,30.76,38.5,0
299.86,310.45,1339.8,28.8,159.8,0
298.75,308.82,1481.4,41.63,53.6,0
296.29,307.23,1416.1,46.57,129.7,1
300.27,311.81,1642.4,60.23,67.0,1
302.53,312.1,1432.8,27.43,209.2,1
298.54,307.32,1452.6,25.58,22.9,0
300.84,310.75,1632.5,41.67,53.8,0
300.73,310.86,1327.4,36.08,124.2,0
298.71,307.58,1518.5,36.47,30.5,0
301.76,309.69,1722.3,42.9,161.9,0
300.49,312.19,1222.1,32.95,43.2,0
298.78,308.9,1349.2,40.96,164.7,1
299.43,310.76,1596.5,41.95,233.7,1
298.42,307.93,1560.9,55.26,234.3,1
298.96,308.59,1522.5,46.69,104.8,0
299.63,309.45,1783.8,44.79,60.5,0
297.58,307.68,1354.8,56.91,87.2,0
300.05,311.78,1400.1,41.06,54.8,0
299.08,309.32,1339.6,43.92,40.0,0
300.42,310.35,1554.5,45.81,6.8,1
300.54,311.64,1464.3,41.48,175.2,1
301.1,309.23,1244.2,34.84,37.6,0
300.64,308.76,1558.9,53.38,67.1,0
298.57,308.67,1515.6,32.59,133.7,0
299.94,310.34,1697.4,39.75,42.1,0
299.62,310.99,1346.3,55.64,126.0,1
300.83,311.49,1122.6,25.8,128.6,0
298.85,307.78,1490.7,39.08,22.2,0
298.54,308.2,1460.7,38.61,92.1,0
301.19,310.59,1640.1,29.3,54.9,0
300.57,310.92,1580.3,16.71,47.6,0
300.72,309.87,1312.4,54.37,67.9,0
298.33,309.24,1414.3,36.88,201.9,1
301.26,312.4,1589.6,35.38,49.3,0
296.97,306.38,1573.1,37.03,167.2,1
300.96,312.82,1287.7,53.18,20.2,0
300.27,310.19,1462.5,40.6,37.3,0
301.26,310.79,1579.1,39.88,117.7,0
300.98,310.77,1448.2,27.09,117.1,1
302.3,313.93,1464.7,58.02,71.5,1
299.43,310.29,1503.5,25.59,14.4,0
299.67,309.28,1531.4,36.51,97.8,0
298.14,308.35,1697.6,34.41,132.4,1
300.11,309.35,1659.1,39.65,145.0,0
303.7,312.52,1603.2,48.85,222.5,1
300.05,310.17,1433.9,31.7,235.4,1
300.31,311.06,1465.4,32.3,106.2,0
301.0,311.02,1716.1,34.59,67.6,0
301.73,311.61,1681.4,23.59,190.6,0
300.34,313.01,1250.3,37.87,164.8,0
300.67,310.33,1626.5,45.49,213.8,1
300.63,310.14,1261.9,54.04,55.2,0
298.89,308.51,1416.4,45.38,120.8,1
297.8,308.17,1410.3,47.42,114.0,0
300.17,311.24,1189.8,19.78,144.2,0
298.34,308.38,1703.9,44.62,68.4,0
301.29,310.71,1413.1,30.4,153.3,1
301.09,311.13,1263.8,40.39,16.5,0
303.49,314.05,1365.7,38.8,102.5,0
297.33,306.93,1735.4,32.47,4.3,0
301.48,311.65,1580.6,37.43,141.5,0
299.24,308.81,1416.5,26.06,71.0,0
300.57,311.58,1350.0,49.26,43.7,1
301.11,311.34,1587.8,43.59,130.7,0
297.91,308.25,1352.5,30.47,37.3,0
299.91,308.43,1531.9,58.27,27.0,0
297.32,309.8,1706.1,33.73,229.8,1
298.9,307.1,1695.3,44.23,94.8,0
299.54,309.0,1324.9,43.03,115.2,0
298.29,307.84,1524.2,32.8,80.3,0
300.08,310.6,1621.5,37.76,211.1,1
301.3,309.58,1589.4,23.87,237.7,1
299.63,310.25,1647.4,47.82,80.0,0
299.69,309.77,1381.0,45.48,200.5,1
300.1,310.52,1433.8,37.12,150.0,0
301.78,311.73,1163.4,29.76,58.7,0
298.26,306.52,1125.5,43.19,146.3,0
297.84,306.99,1668.3,43.07,150.2,1
298.43,309.59,1604.8,55.56,95.6,0
299.5,309.58,1473.6,51.09,162.5,1
299.97,308.69,1657.9,66.62,110.1,0
299.64,310.07,1779.4,53.86,120.5,0
296.78,308.12,1549.6,42.19,144.6,0
295.1,304.3,1342.5,44.07,35.8,0
300.47,310.79,1554.6,38.33,112.1,0
297.47,307.41,1359.7,37.68,151.3,0
300.25,310.51,1557.7,59.88,59.8,0
301.47,310.84,1330.4,41.62,0.9,0
301.55,310.4,1599.7,34.65,212.4,1
303.61,313.94,1231.7,23.61,177.7,1
301.69,311.06,1673.1,48.14,68.7,0
299.01,310.07,1329.1,45.97,32.8,0
298.18,308.41,1469.7,33.71,18.2,0
302.2,312.34,1424.0,59.82,236.0,1
300.76,310.87,1421.5,23.85,175.2,1
296.89,306.9,1199.7,18.63,19.6,0
302.62,312.06,1531.6,51.64,206.6,1
300.16,310.62,1657.1,20.28,182.0,0
300.11,308.59,1351.7,36.1,73.3,0
303.05,311.22,1404.9,62.21,18.8,0
303.39,312.39,1769.8,33.58,226.3,1
297.75,308.13,1387.4,24.88,1.7,0
297.36,307.65,1564.6,17.66,126.2,0
297.1,305.41,1570.1,24.98,183.6,0
301.95,311.53,1652.5,28.32,117.2,0
301.34,310.32,1491.4,44.09,238.5,1
300.61,310.3,1452.1,60.05,201.8,1
302.98,312.65,1458.8,49.9,140.1,1
298.83,309.46,1685.7,36.54,119.5,1
304.61,315.13,1644.0,38.5,120.7,0
299.09,310.14,1229.7,38.99,210.4,1
301.56,313.27,1578.6,48.58,1.7,0
297.86,307.6,1687.6,42.17,70.4,0
299.36,308.22,1358.8,46.4,151.5,0
298.65,309.76,1456.0,40.11,217.2,1
298.43,307.74,1428.9,48.38,77.2,0
300.62,310.94,1706.7,39.73,64.3,0
299.53,309.9,1606.5,41.17,52.0,0
301.3,311.55,1495.2,36.26,62.8,0
299.64,308.98,1538.9,48.17,208.5,1
301.26,310.73,1662.1,38.21,105.7,0
299.32,309.26,1481.5,56.08,110.9,0
301.49,313.64,1267.0,33.81,146.4,0
294.18,303.99,1610.4,35.97,86.9,0
299.78,311.24,1437.7,40.09,48.0,0
295.31,304.7,1520.9,30.98,39.2,0
296.38,306.63,1589.1,36.1,99.2,0
299.68,309.93,1661.7,30.83,137.5,0
299.93,309.88,1478.9,35.25,33.5,0
298.68,308.61,1512.2,27.94,133.1,0
300.84,311.81,1314.5,37.38,85.8,0
300.19,310.4,1267.1,43.77,59.8,0
301.46,311.17,1711.6,31.07,145.7,0
297.33,305.92,1443.1,43.74,224.5,1
299.78,309.5,1428.0,27.89,126.0,0
301.12,311.36,1443.4,26.03,221.3,1
299.74,308.7,1400.0,43.3,86.6,0
298.78,310.61,1582.1,44.47,221.6,1
299.2,309.67,1747.9,39.23,98.2,0
301.42,311.45,1573.2,28.06,147.4,0
301.01,311.89,1386.8,37.15,118.7,0
300.28,310.89,1642.2,43.82,94.3,0
296.25,306.86,1557.9,31.49,154.5,1
300.79,310.49,1535.0,57.38,43.2,0
300.89,310.91,1658.3,25.03,154.1,0
293.11,303.62,1489.2,56.66,137.8,1
299.72,310.79,1599.5,39.22,169.7,1
301.9,311.11,1402.2,44.42,199.6,1
297.91,307.96,1399.3,43.57,83.0,0
296.28,307.13,1324.7,38.76,100.1,0
299.81,310.77,1764.4,35.54,92.7,0
299.09,312.49,1429.9,29.06,232.7,1
301.21,310.95,1537.9,36.17,83.5,0
299.79,310.31,1417.6,52.94,35.2,0
302.74,313.25,1566.6,41.46,70.0,0
302.46,311.88,1473.0,26.08,37.1,0
300.1,308.76,1739.2,20.1,137.7,0
302.61,311.25,1405.7,39.85,71.0,0
301.79,312.83,1712.7,57.23,163.7,1
301.98,312.41,1470.1,48.95,116.4,0
299.54,309.97,1375.2,43.01,87.8,0
301.74,311.72,1541.8,29.17,209.1,1
298.16,307.44,1563.6,28.04,144.7,1
297.32,307.82,1435.7,55.42,235.2,1
295.18,305.27,1510.1,29.24,199.2,0
298.0,307.92,1275.9,40.58,104.2,0
296.92,306.79,1382.0,37.12,237.4,1
299.52,309.89,1616.8,31.78,145.8,0
299.1,310.6,1544.3,36.52,104.6,0
294.22,303.73,1507.3,34.46,7.5,0
299.63,308.92,1444.0,39.87,136.7,1
299.26,308.78,1661.7,51.92,211.5,1
297.45,307.62,1414.0,36.61,66.2,0
299.96,310.59,1476.5,46.57,134.3,1
304.6,315.24,1222.8,35.15,110.5,0
297.75,308.08,1417.5,36.26,94.3,0
295.15,306.11,1599.6,33.21,106.3,0
301.73,311.3,1532.0,39.35,159.5,0
300.26,310.76,1603.8,38.21,80.9,0
302.35,312.2,1732.9,54.41,220.9,1
300.96,310.64,1762.6,46.72,45.9,0
298.15,307.42,1233.2,49.32,84.2,0
300.07,309.46,1647.0,31.78,79.9,0
299.79,309.22,1688.3,35.53,212.0,1
301.53,309.44,1410.8,45.67,13.5,0
299.38,311.47,1467.2,52.74,214.2,1
302.66,312.26,1546.5,40.46,41.4,0
303.11,312.17,1617.8,36.88,178.8,1
298.25,308.91,1329.6,40.06,132.2,1
299.9,309.88,1725.2,38.46,108.1,1
296.39,307.05,1176.1,45.68,136.8,1
302.88,313.06,1532.6,38.2,106.0,0
297.71,307.42,1654.1,55.54,83.9,0
301.78,310.95,1371.6,38.09,50.7,0
299.86,310.58,1382.3,44.58,219.4,1
300.88,311.39,1337.8,32.81,153.5,0
300.93,310.56,1728.1,34.82,177.3,1
300.19,310.96,1545.7,40.05,194.8,1
295.97,307.04,1501.8,30.26,159.1,0
303.2,313.44,1277.7,43.03,52.1,0
298.0,306.84,1185.2,35.35,0.9,0
302.45,310.49,1388.3,37.39,58.1,0
297.65,306.9,1330.2,43.59,65.5,0
296.66,308.37,1521.1,49.13,3.3,0
299.53,310.9,1697.2,19.86,114.6,0
302.06,311.18,1451.4,56.79,74.5,1
300.05,309.43,1589.7,40.68,72.5,0
297.79,308.02,1383.9,29.69,90.2,0
298.37,307.88,1349.9,26.21,170.7,0
300.95,310.38,1380.7,25.09,89.2,0
300.51,310.37,1607.5,38.73,89.9,0
295.21,304.92,1434.4,20.93,138.5,0
300.76,310.61,1706.3,44.49,219.4,1
298.12,307.46,1436.5,44.25,40.2,0
299.63,308.52,1411.5,61.69,141.2,0
299.3,310.05,1420.0,34.31,136.7,1
298.64,308.38,1895.9,56.65,207.5,1
299.9,310.57,1427.0,40.41,197.4,1
299.98,310.46,1549.7,33.74,213.2,1
299.41,310.73,1707.3,51.97,187.9,1
299.25,310.24,1944.9,44.05,17.0,0
298.68,309.23,1541.1,50.7,192.8,1
304.56,315.8,1710.3,41.33,32.7,0
299.19,309.27,1644.2,31.39,86.2,0
301.18,309.98,1320.2,56.2,97.1,0
301.57,311.0,1635.7,52.47,175.1,1
298.95,308.72,1632.8,43.26,4.5,0
301.94,310.11,1752.3,45.5,131.7,0
298.05,308.92,1769.5,45.42,159.9,1
296.38,306.18,1123.3,39.68,207.8,0
301.63,312.35,1681.0,46.94,162.2,0
297.31,307.09,1405.8,28.44,120.1,0
301.32,311.71,1545.1,29.42,205.5,1
301.58,312.06,1511.8,43.12,179.9,0
296.6,306.31,1698.8,34.4,122.7,0
297.63,308.08,1672.4,46.8,36.1,0
298.87,307.75,1406.3,52.58,69.8,0
300.21,309.3,1590.6,45.31,155.9,0
297.94,308.03,1499.0,43.89,90.5,0
300.13,310.73,1434.8,50.08,186.3,1
298.3,309.27,1323.8,32.23,70.6,0
297.6,305.96,1306.5,30.93,76.6,0
304.82,314.4,1586.2,28.64,170.4,1
300.84,309.36,1671.4,36.5,29.9,0
300.32,309.32,1616.7,49.42,107.8,1
301.35,311.47,1434.6,53.41,139.0,1
300.92,311.19,1355.8,26.95,41.9,0
300.07,310.57,1297.7,34.38,69.2,0
296.74,306.41,1438.7,45.82,4.7,0
296.8,306.95,1462.5,50.59,237.8,1
298.64,309.98,1436.0,55.79,181.1,1
299.44,309.84,1319.1,45.7,152.8,1
299.93,308.41,1388.9,37.09,31.6,0
297.33,308.27,1467.2,52.33,127.6,1
297.31,306.54,1477.5,31.8,29.8,0
302.0,313.14,1902.1,42.2,111.5,0
302.52,312.07,1670.1,46.19,129.5,1
298.88,309.22,1707.4,27.65,225.0,1
301.67,311.82,1576.2,30.61,140.0,0
298.62,308.59,1590.6,40.52,206.4,1
301.44,311.88,1509.1,42.6,47.9,0
299.48,309.71,1662.9,22.42,86.4,0
301.72,310.75,1709.9,35.9,181.1,1
301.92,312.86,1448.8,18.64,22.9,0
300.7,310.79,1184.1,43.85,180.1,1
300.66,310.59,1367.3,43.07,229.3,1
300.92,312.64,1695.0,41.32,75.1,0
303.06,312.37,1642.7,39.12,29.0,0
300.31,310.83,1559.9,50.55,123.1,0
299.76,307.02,1841.2,33.6,108.0,0
296.97,307.67,1295.7,58.4,221.0,1
300.63,310.67,1442.1,43.03,37.2,0
299.04,309.42,1409.0,40.9,103.8,0
299.28,307.92,1386.2,37.24,204.3,1
300.13,310.22,1443.6,39.63,122.1,1
300.59,310.26,1598.6,24.9,80.1,0
298.4,307.97,1315.8,47.9,214.2,1
297.33,309.16,1322.1,47.24,152.5,1
299.94,309.04,1549.0,42.7,122.5,0
299.65,311.61,1375.3,26.38,152.3,0
299.57,308.95,1355.6,32.65,133.7,0
302.0,311.03,1285.9,60.93,134.8,0
300.06,310.85,1499.9,28.46,115.4,0
300.72,311.45,1315.8,48.9,180.7,1
300.89,311.72,1362.9,36.09,117.1,0
299.56,309.47,1412.4,44.07,71.7,0
298.6,308.42,1375.4,34.36,123.6,0
299.17,308.74,1468.6,34.91,144.6,0
297.36,307.45,1462.8,42.43,49.7,0
303.63,313.9,1535.6,42.75,114.0,0
300.45,309.35,1245.9,42.55,232.0,1
301.52,311.68,1605.1,25.76,161.8,0
299.47,311.78,1493.7,38.94,140.8,0
301.22,312.53,1343.4,51.78,126.1,1
296.18,305.72,1362.6,37.14,117.2,0
300.47,307.9,1618.0,50.81,187.7,1
301.6,313.3,1534.7,38.44,134.3,1
304.94,314.58,1658.0,41.05,124.7,0
301.67,311.74,1561.3,20.1,121.3,0
303.25,313.66,1642.3,33.02,13.5,0
299.93,310.63,1419.9,31.41,38.2,0
298.16,309.88,1237.6,40.74,11.6,0
298.48,306.98,1614.7,28.56,226.4,0
302.45,313.45,1318.7,37.79,25.6,0
299.03,307.18,1572.2,43.44,56.8,0
296.96,307.04,1489.1,32.47,128.1,0
298.87,310.31,1753.2,30.59,114.7,0
302.07,314.53,1475.4,53.85,22.9,0
297.45,307.78,1427.3,41.95,188.1,1
302.26,313.48,1407.1,33.8,60.6,0
299.89,310.31,1577.8,44.52,90.4,0
297.74,308.43,1346.3,34.13,13.4,0
299.76,309.05,1409.2,23.74,158.4,0
299.25,308.93,1392.5,20.55,142.0,0
300.38,307.92,1406.1,36.49,188.5,1
294.09,305.1,1118.5,43.72,87.8,0
301.86,312.11,1596.3,39.25,16.2,0
298.91,310.1,1420.9,25.87,71.9,0
300.23,310.22,1307.1,46.41,57.3,0
299.92,310.47,1128.3,44.82,154.4,1
299.93,310.83,1363.2,43.5,50.2,0
299.35,307.59,1352.1,37.8,186.7,1
301.71,310.69,1515.7,31.03,111.3,0
302.64,312.63,1538.7,37.71,167.2,1
301.23,310.19,1378.6,47.63,147.6,1
300.35,308.59,1466.1,53.77,203.1,1
301.63,311.55,1557.3,40.42,49.3,0
300.01,310.61,1617.0,58.53,76.0,0
299.14,309.38,1668.2,42.18,194.0,1
300.58,311.35,1717.4,36.0,180.2,0
301.8,311.42,1531.7,42.99,158.6,1
300.57,311.09,1308.3,25.52,6.8,0
297.75,305.6,1791.9,30.12,28.6,0
302.14,311.48,1735.7,35.06,191.5,1
298.69,308.72,1570.6,27.26,152.6,0
296.37,305.64,1483.6,63.17,21.6,0
302.06,312.94,1433.4,39.04,31.2,0
302.17,310.6,1477.7,50.49,225.4,1
300.84,310.14,1561.4,44.13,169.2,0
300.44,309.03,1526.2,47.15,33.0,0
298.47,308.33,1396.5,43.2,16.3,0
298.69,309.7,1376.1,51.93,223.5,1
299.05,309.49,1423.0,45.74,173.8,1
299.26,310.29,1244.4,42.77,165.6,1
302.69,313.02,1504.8,43.36,141.6,1
303.47,311.78,1518.6,24.17,12.1,0
305.18,313.3,1754.6,30.68,120.0,0
302.61,312.97,1396.8,48.83,144.3,1
301.09,312.24,1574.9,33.38,23.9,0
301.39,311.82,1322.4,39.67,211.1,1
299.08,308.19,1593.5,27.11,9.6,0
305.48,315.79,1499.6,33.68,106.6,0
301.91,314.51,1364.6,38.7,84.5,0
294.64,305.65,1491.8,36.37,166.7,1
298.86,309.48,1474.1,43.73,195.5,1
303.47,313.74,1447.0,40.18,53.0,0
300.3,311.13,1545.4,58.97,164.5,1
302.27,312.04,1321.6,50.46,202.6,1
299.56,309.42,1539.0,35.29,143.8,0
302.49,310.89,1243.3,48.47,111.9,1
297.98,306.73,1853.7,36.28,91.5,0
297.42,305.98,1386.6,39.35,135.3,0
303.91,312.6,1653.6,34.71,137.1,0
300.2,311.52,1322.6,39.0,197.4,1
298.53,308.52,1193.6,46.31,131.1,1
295.55,304.17,1559.6,43.14,7.1,0
300.86,312.61,1477.5,40.86,130.3,1
298.11,308.77,1283.4,35.94,158.3,0
296.97,307.66,1541.9,56.19,176.7,1
299.81,308.12,1512.6,43.86,3.9,0
298.21,307.63,1576.2,29.86,227.1,1
305.06,314.96,1640.4,37.04,217.8,1
302.63,312.03,1372.3,62.5,187.1,1
300.18,311.04,1370.2,28.79,22.5,1
298.26,307.94,1612.1,51.71,199.9,1
299.66,309.99,1430.1,51.18,184.3,1
298.88,309.63,1386.4,38.01,86.4,0
302.48,312.26,1555.7,48.65,137.9,1
304.49,314.8,1576.3,45.35,32.6,0
302.15,312.69,1739.3,59.24,213.2,1
306.04,315.58,1432.0,39.03,61.4,0
299.94,309.94,1549.2,33.36,34.5,0
301.09,310.95,1698.1,40.58,73.0,0
299.31,310.72,1627.1,41.77,236.7,1
299.43,309.76,1287.8,34.29,17.8,0
301.65,311.95,1634.6,16.88,143.9,0
304.84,314.83,1654.4,29.34,104.9,0
299.75,309.77,1568.9,33.38,94.8,0
300.75,310.27,1533.5,22.84,36.3,0
300.17,310.08,1582.2,37.73,223.7,1
297.94,307.64,1490.8,51.71,145.0,1
298.92,308.89,1336.4,26.82,97.3,0
299.32,308.55,1661.8,18.96,117.8,0
297.2,309.26,1477.9,40.96,120.4,0
299.48,307.78,1482.9,47.4,230.1,1
303.1,313.18,1461.5,46.74,76.8,0
298.28,310.03,1390.5,52.39,73.2,0
301.62,311.56,1460.0,38.74,139.5,0
298.09,307.98,1339.6,40.95,65.1,0
300.48,312.05,1605.3,43.1,229.5,1
299.67,310.82,1465.9,45.28,196.6,1
300.21,309.68,1608.1,52.68,227.5,1
296.84,307.85,1573.2,41.07,218.9,1
303.87,313.32,1297.0,46.33,154.5,1
