tenure_months,monthly_charges,total_charges,contract_type,tech_support,online_backup,customer_service_calls,data_usage_gb,churn
23,97.54,2228.49,0,0,1,1,54.4,1
9,67.16,624.93,2,1,0,2,6.0,0
45,28.56,1386.75,1,1,1,2,33.4,0
7,69.14,506.83,0,0,0,2,13.2,1
2,97.99,240.1,0,1,0,0,67.7,1
50,114.64,5672.32,0,0,0,1,39.6,0
13,26.9,495.03,1,0,1,2,26.1,0
1,41.39,8.69,0,1,1,2,52.6,0
14,81.4,1166.87,0,0,1,3,24.7,1
37,60.43,2289.5,0,0,1,2,76.1,0
30,65.74,1976.62,1,0,0,2,61.3,0
9,28.13,207.58,2,0,1,2,30.5,0
9,100.18,984.3,2,1,0,1,71.5,1
26,60.03,1574.53,1,1,0,1,38.5,0
22,35.89,807.42,0,0,0,1,11.8,0
19,57.97,1067.07,0,0,0,0,60.2,1
26,112.95,2857.76,1,1,1,1,28.5,0
25,99.11,2551.69,0,0,1,1,9.3,0
1,38.19,-28.66,0,0,0,0,21.4,0
24,61.34,1366.97,2,0,0,3,54.7,0
7,21.37,161.12,2,0,0,0,76.4,1
72,31.73,2226.61,0,1,0,1,22.2,0
41,102.22,4185.94,1,1,1,2,14.0,0
28,62.14,1780.3,0,1,0,0,50.8,1
9,108.74,1021.39,1,1,1,2,11.1,0
8,110.34,881.67,0,0,0,0,52.6,1
1,40.41,72.47,0,1,1,0,26.1,0
4,45.95,66.82,2,1,0,0,77.1,0
35,95.37,3404.58,2,0,0,2,27.8,0
4,76.69,362.54,1,0,0,4,2.2,1
26,99.59,2619.29,0,1,0,1,62.3,1
1,22.06,-11.28,2,0,0,4,15.2,1
25,68.51,1701.48,0,1,0,1,76.5,1
6,70.14,438.94,0,0,1,3,36.7,1
72,108.22,7769.29,0,1,1,0,61.7,0
18,107.1,1929.73,1,1,1,3,13.2,0
29,31.9,974.63,1,1,0,0,53.5,0
1,42.55,72.99,0,0,0,0,76.5,1
6,34.25,247.21,0,1,0,3,25.1,0
3,39.75,127.34,0,0,0,1,49.7,1
15,57.45,798.01,0,0,0,2,31.1,0
71,78.02,5491.02,0,1,1,1,61.6,0
2,91.19,55.85,0,0,1,1,40.9,1
9,51.31,509.03,0,1,1,0,54.1,0
7,55.11,360.48,0,0,0,2,77.1,0
48,106.74,5097.09,2,1,0,2,55.3,0
64,101.63,6540.44,1,0,0,1,74.1,0
9,75.9,681.26,1,1,1,4,78.6,1
13,57.41,702.12,0,0,1,1,14.5,1
26,57.39,1387.73,2,0,1,0,31.5,1
27,54.81,1449.49,1,1,1,5,75.1,0
24,40.8,912.37,2,0,1,1,5.1,0
9,29.01,262.17,0,0,1,0,42.9,1
2,30.77,94.6,0,0,0,2,63.7,0
19,52.16,1020.62,0,1,0,0,22.4,0
22,105.45,2321.46,1,0,0,1,68.5,0
72,47.83,3458.63,0,0,1,2,26.9,1
5,27.42,181.25,2,1,0,1,14.2,0
39,87.32,3354.6,0,0,0,0,38.7,0
6,57.23,339.01,0,0,1,2,9.9,1
12,106.06,1240.21,0,1,0,2,19.1,0
27,27.25,759.28,0,0,0,3,35.0,1
5,36.66,262.21,0,1,0,2,44.8,1
11,27.72,270.92,2,1,0,2,27.0,0
15,71.03,1112.07,2,1,0,2,11.3,0
23,98.58,2301.4,2,0,1,1,44.2,1
14,100.67,1429.37,1,0,0,1,3.8,1
3,91.4,213.4,2,0,1,3,35.0,0
4,30.1,169.42,2,0,0,1,60.9,1
8,32.69,335.87,0,0,1,1,19.4,0
2,86.2,138.3,0,0,1,1,39.3,0
38,84.77,3240.13,0,0,0,3,67.0,1
25,113.95,2806.22,2,0,0,3,24.0,1
7,98.69,694.71,0,1,0,1,37.0,1
19,103.4,1884.3,1,0,0,1,77.7,0
16,100.69,1563.78,0,1,0,1,56.9,1
29,52.24,1479.88,1,1,0,2,25.0,0
5,102.15,494.45,2,0,0,2,77.3,1
70,87.21,6211.33,1,0,0,0,21.1,0
38,102.44,3885.33,0,0,1,2,41.3,0
72,48.23,3433.51,0,1,1,0,27.6,0
9,62.94,617.81,1,0,0,0,20.4,0
6,83.86,420.32,0,0,1,1,61.0,1
47,29.49,1443.24,2,0,1,2,66.8,0
16,58.14,882.47,1,0,0,0,62.8,0
5,95.29,446.41,0,0,0,0,55.6,0
15,31.14,517.35,2,1,1,3,27.8,0
6,20.63,241.56,1,0,1,0,78.0,0
19,31.73,699.9,2,0,0,1,42.1,0
13,52.64,667.64,2,0,0,0,29.5,0
5,111.46,589.29,1,0,1,0,69.7,0
10,75.07,766.71,1,1,0,3,14.3,0
14,62.2,861.88,1,0,0,1,52.9,0
1,83.05,71.98,1,1,1,1,51.5,1
15,29.15,456.63,0,1,1,1,19.3,0
3,78.88,186.51,0,0,1,2,64.5,1
1,45.98,10.47,0,0,1,2,39.6,1
9,87.18,797.44,0,0,1,1,14.2,0
15,93.29,1205.8,1,0,0,6,34.7,1
13,68.47,915.32,2,0,1,2,53.5,0
8,35.34,288.12,0,0,1,1,12.2,1
18,110.62,2004.89,1,1,1,0,22.3,0
12,108.61,1426.21,2,0,0,1,35.2,0
22,47.47,1060.8,0,0,1,1,29.3,1
2,100.1,167.49,0,0,0,0,70.6,1
42,106.62,4482.23,2,1,0,1,65.1,0
28,32.37,933.31,1,1,0,0,41.7,0
34,90.35,3085.46,2,0,1,1,58.4,0
22,32.11,753.92,0,0,0,2,72.5,0
15,52.39,732.97,0,1,1,3,53.6,1
14,50.12,674.48,0,0,1,1,58.1,1
19,55.95,1053.88,1,0,1,0,75.4,0
5,28.06,116.92,2,0,0,3,55.0,0
10,83.42,837.88,0,0,0,1,8.1,1
39,90.77,3537.66,0,0,0,1,47.7,0
38,77.42,3005.26,1,0,0,2,55.7,0
40,60.56,2414.71,2,1,0,2,11.9,0
8,32.61,337.81,1,0,1,0,14.8,0
29,100.86,2849.43,0,0,1,3,25.0,1
55,108.98,5984.15,2,0,0,3,40.6,0
5,71.28,325.59,0,0,1,2,13.5,1
12,104.65,1166.34,1,0,1,0,30.5,0
6,102.7,552.9,1,0,0,3,71.0,1
5,70.3,349.42,1,0,1,3,55.9,0
3,65.76,204.94,0,0,0,2,41.8,1
23,38.95,888.38,0,0,1,3,31.4,1
27,93.01,2466.86,0,1,1,3,4.8,0
6,74.85,406.16,1,1,0,1,6.7,0
21,114.12,2428.65,1,1,0,0,42.1,1
2,67.56,108.24,0,0,1,3,40.2,0
1,24.01,43.54,0,1,0,1,28.8,0
16,98.67,1658.56,0,0,0,0,8.2,1
72,61.41,4405.31,1,0,0,2,4.1,0
1,103.45,63.05,2,0,0,1,73.6,0
24,47.87,1118.91,1,1,0,1,49.6,0
31,83.55,2551.9,0,1,1,1,42.0,1
20,36.77,692.1,2,0,0,2,64.9,0
5,37.91,251.18,1,1,0,2,17.5,0
3,89.61,353.22,2,0,0,2,72.7,0
9,28.78,254.4,1,1,0,1,17.2,0
11,106.71,1168.7,1,1,1,1,42.6,0
8,107.16,831.99,1,0,1,1,21.0,0
13,48.4,588.71,0,0,0,3,68.1,0
72,85.27,6089.51,0,0,0,3,2.3,0
14,67.09,900.76,0,1,1,1,29.4,1
13,49.74,603.7,1,0,1,1,16.1,0
17,63.83,1024.22,0,0,1,1,49.2,1
72,67.76,4906.27,0,0,0,1,35.8,0
23,105.53,2351.93,2,0,1,1,17.4,0
7,39.59,285.78,0,0,1,2,18.2,1
7,91.59,667.51,2,0,0,3,3.4,0
72,91.43,6594.35,0,0,0,0,8.7,0
2,108.29,209.67,0,0,1,0,49.8,0
46,20.09,902.71,0,0,0,1,66.3,0
17,69.19,1156.13,0,1,0,2,34.8,1
7,35.29,184.65,0,0,0,3,33.0,1
4,44.88,226.93,0,0,0,1,75.6,1
18,43.67,748.58,0,0,0,1,65.6,0
29,79.69,2252.98,1,1,1,1,75.0,0
2,92.98,137.77,1,1,0,1,30.3,0
22,41.03,923.4,1,1,0,2,3.7,1
24,46.23,1137.65,1,0,0,0,44.5,0
15,106.29,1569.42,0,0,1,2,50.8,1
7,59.65,402.71,0,0,0,3,20.4,1
4,24.93,124.9,2,0,0,1,65.4,1
12,105.56,1183.75,0,1,0,2,73.5,1
6,78.28,498.91,1,0,0,1,16.4,0
33,100.77,3433.02,0,1,0,0,21.5,0
19,103.08,2045.3,0,1,0,1,29.9,1
15,62.84,949.14,0,1,1,0,43.4,0
48,38.88,1894.97,2,1,1,0,74.6,0
21,93.85,1950.68,1,0,1,0,55.3,1
16,43.47,728.0,0,1,0,5,29.4,0
16,46.21,710.62,1,0,1,1,39.8,0
18,101.06,1819.92,0,1,0,0,16.1,0
19,67.53,1297.53,0,0,0,0,9.7,0
21,49.11,1045.98,0,0,0,2,50.7,0
50,37.54,1928.15,1,0,0,2,50.3,0
24,44.21,1058.64,0,1,1,1,22.6,0
2,48.57,157.4,0,0,0,0,37.9,0
12,112.82,1307.02,2,1,0,0,28.5,0
1,104.44,141.08,0,0,0,2,41.9,1
4,114.94,398.34,0,1,0,2,26.9,1
39,20.96,798.76,0,0,0,0,47.4,0
10,51.96,549.99,1,0,0,2,52.4,1
8,91.16,748.25,1,1,0,1,55.3,0
12,90.18,1112.84,1,0,0,2,20.4,1
21,87.26,1840.16,0,0,0,1,60.1,1
23,95.02,2216.23,0,0,0,0,68.8,0
42,93.6,3948.82,0,0,0,1,69.3,0
68,40.63,2752.48,1,0,0,2,15.9,0
72,84.16,6023.08,0,1,1,0,55.3,1
44,101.99,4452.76,0,0,0,2,42.7,1
60,64.65,3773.75,1,1,0,1,9.0,0
8,55.03,449.17,1,0,1,1,36.2,1
29,68.6,2034.52,1,0,0,1,45.4,1
11,63.06,729.45,1,0,1,4,22.6,0
19,31.66,523.25,0,0,0,0,24.9,0
28,80.33,2225.77,1,0,0,0,46.9,0
1,102.09,133.17,0,1,0,2,18.3,0
47,41.56,1891.08,0,0,1,2,46.3,1
2,99.22,157.22,1,1,0,3,20.6,1
8,55.73,524.96,1,1,0,1,33.6,0
8,25.45,200.4,2,0,0,0,35.7,0
71,66.71,4708.14,2,0,0,4,30.6,0
2,61.89,141.02,0,0,0,3,72.1,1
14,97.1,1366.39,1,1,1,1,71.2,0
31,48.26,1555.31,1,1,1,2,38.7,0
13,95.07,1201.67,0,0,0,1,12.4,1
23,88.61,2005.69,1,0,0,0,4.9,0
16,101.63,1657.45,0,0,0,3,9.5,1
58,73.24,4241.32,0,1,0,0,41.0,0
3,67.08,104.59,1,0,0,2,76.1,1
14,70.04,974.0,1,1,1,2,73.1,0
19,43.24,744.93,1,1,1,1,6.4,1
3,23.7,133.43,1,0,0,3,55.7,1
22,26.34,620.31,0,1,0,2,27.2,0
19,94.56,1776.83,0,0,0,1,19.9,0
26,52.97,1331.15,2,0,1,3,57.4,0
5,32.59,172.71,1,1,1,3,38.1,0
7,24.28,151.39,0,0,0,0,65.5,1
15,101.84,1516.65,1,0,0,2,48.8,0
5,82.64,449.49,0,0,0,2,48.3,1
38,62.02,2375.69,0,0,0,3,78.3,1
28,111.79,3057.45,1,1,0,1,29.5,0
3,79.78,240.64,2,0,1,1,20.2,0
48,32.93,1638.17,1,1,0,0,47.1,0
25,77.26,1903.71,1,0,1,1,60.1,0
12,42.2,459.8,0,0,0,1,24.1,1
29,75.53,2162.51,2,0,0,0,34.6,0
18,26.91,446.62,1,0,0,1,20.1,0
40,101.49,4003.98,0,0,1,5,33.9,1
14,71.8,985.93,1,0,0,0,58.7,1
46,22.63,1042.45,1,0,0,0,13.8,0
5,69.66,253.81,1,0,0,1,75.4,1
48,106.19,5062.88,2,1,0,1,40.4,1
21,94.52,2103.82,1,1,0,0,23.6,1
18,110.73,2012.88,0,0,0,3,45.6,1
10,46.7,518.12,1,1,0,1,53.0,0
9,51.7,481.9,0,0,0,2,15.2,0
18,75.91,1274.81,1,0,0,0,19.7,0
4,36.08,162.6,0,1,0,3,40.5,0
9,33.38,339.19,0,0,1,0,76.3,1
1,30.43,77.66,0,0,0,1,42.2,1
20,61.47,1230.24,0,1,1,0,41.9,1
39,85.93,3306.28,0,0,0,1,43.0,1
5,55.95,298.42,1,0,0,3,77.2,1
34,20.26,680.44,0,1,0,2,29.3,0
18,66.77,1114.5,1,0,0,0,31.7,0
16,84.76,1438.71,0,1,0,0,57.8,0
16,46.56,725.39,2,1,0,2,34.9,0
10,23.17,149.92,0,0,1,1,55.7,0
23,24.97,580.87,2,0,1,4,8.4,1
21,34.44,750.28,0,1,0,2,19.9,1
20,81.49,1577.12,1,1,1,0,12.3,0
10,49.99,511.95,2,1,0,2,61.1,0
43,39.73,1641.86,0,1,1,1,74.1,1
14,99.08,1440.66,0,1,0,1,34.2,0
4,33.41,171.62,0,0,1,3,39.6,1
20,42.79,851.25,0,0,0,0,66.2,0
20,91.12,1811.04,0,0,0,5,70.7,1
10,54.6,618.82,0,1,0,2,24.2,0
17,96.3,1701.1,1,0,0,2,37.4,1
2,66.96,130.83,0,0,1,2,39.7,0
8,88.63,699.48,0,0,1,1,28.7,0
4,76.06,283.88,2,0,1,0,27.5,0
2,53.33,67.99,0,0,1,0,33.4,0
27,56.04,1574.4,1,1,1,3,41.0,1
4,113.32,513.43,2,0,1,2,67.5,0
54,64.01,3521.98,1,1,0,0,54.8,0
56,56.65,3242.86,2,0,1,1,38.3,0
3,73.05,189.08,0,0,0,2,77.1,0
44,70.96,3100.48,1,0,1,3,35.6,0
12,67.85,948.35,2,0,1,2,22.1,0
26,33.02,856.29,1,0,1,0,70.3,0
16,89.73,1443.51,0,1,0,2,36.9,1
1,54.58,62.2,0,0,1,1,54.5,0
36,22.23,839.56,0,1,0,2,68.3,0
2,92.05,139.78,1,1,1,0,50.4,0
5,104.88,528.51,1,1,0,4,32.8,0
23,88.87,2014.16,1,1,1,0,11.9,0
49,75.51,3747.69,1,0,1,1,61.2,1
5,76.45,323.57,2,1,0,1,13.0,0
4,25.92,49.77,0,0,0,1,79.0,0
23,85.53,2052.62,0,0,0,0,43.4,1
24,32.91,809.16,1,0,1,2,26.0,1
28,105.07,2912.01,1,1,1,2,20.1,0
14,95.19,1286.56,0,0,0,1,62.8,1
27,75.45,2068.96,2,0,1,1,39.4,0
13,97.6,1275.98,0,0,0,0,23.1,0
19,83.74,1594.24,1,0,0,0,29.3,0
1,63.4,127.76,0,0,0,0,72.0,0
8,81.28,657.43,0,1,0,1,72.4,1
12,101.35,1251.91,0,0,1,2,9.7,0
13,61.64,787.54,1,1,0,2,62.9,0
1,107.15,100.1,0,1,1,0,79.8,0
28,99.73,2778.3,0,1,0,1,69.7,0
16,52.55,915.68,2,1,0,2,26.8,0
16,35.74,603.15,1,1,0,1,12.9,1
25,35.05,912.89,0,1,1,1,79.7,1
8,107.15,865.1,0,0,1,0,42.4,0
2,26.97,85.88,1,0,1,1,10.1,1
6,89.72,522.47,2,0,1,1,37.4,0
5,63.97,290.24,0,1,0,2,35.1,0
1,109.64,81.45,0,0,0,1,43.7,1
8,38.13,335.48,2,0,1,3,52.8,0
21,64.22,1283.09,1,0,0,1,67.2,0
62,65.7,3998.81,2,0,1,2,29.5,0
32,42.2,1266.98,0,1,0,0,7.7,1
10,86.12,910.74,0,1,0,2,66.8,1
72,63.94,4610.78,0,1,1,3,43.9,0
60,45.59,2717.28,1,0,0,0,48.4,0
13,107.66,1366.01,0,1,0,2,42.3,1
2,98.28,189.38,0,1,0,2,3.1,1
33,92.15,3031.74,1,0,0,0,25.6,0
9,95.78,747.88,1,1,0,1,44.0,1
36,42.02,1512.43,0,0,1,2,27.8,0
10,21.21,280.03,0,1,0,1,20.6,1
1,113.06,59.69,0,0,0,1,21.6,1
30,76.74,2334.24,1,0,0,2,7.2,1
9,86.52,788.59,0,0,0,3,45.6,1
72,73.0,5165.2,0,0,1,1,24.9,1
2,25.57,109.9,0,1,0,3,12.1,1
72,111.7,7964.06,0,1,0,2,54.7,0
7,42.92,263.96,1,1,0,0,62.6,0
49,83.18,4121.82,0,0,0,3,25.1,0
52,108.43,5558.07,0,0,0,2,79.7,0
14,82.51,1104.97,2,0,1,3,51.2,0
54,110.06,5870.31,0,0,1,1,63.7,1
72,48.4,3551.36,0,1,0,0,12.2,0
5,100.39,551.3,0,0,1,0,69.2,1
6,32.7,228.87,1,1,0,2,2.3,0
14,113.43,1697.67,0,0,0,0,53.8,1
4,111.59,515.58,0,0,1,1,55.1,1
24,105.26,2609.63,1,0,0,0,33.6,0
31,80.64,2570.31,0,0,0,1,18.6,1
37,54.73,2024.54,0,0,0,0,11.8,0
62,81.1,5029.43,0,1,0,2,34.5,0
1,72.16,112.48,0,1,1,0,39.0,0
3,77.41,230.64,1,0,0,2,36.2,1
9,59.16,483.79,0,1,0,1,46.7,0
5,49.9,282.87,0,0,1,1,64.9,0
2,89.84,223.69,1,1,1,2,29.3,1
14,72.72,1025.5,2,1,0,1,33.8,0
10,40.29,325.44,1,0,0,0,35.0,0
72,76.27,5491.35,0,0,1,0,47.0,0
27,65.28,1744.13,0,0,1,0,71.1,1
23,41.82,980.29,0,1,1,2,19.3,0
1,29.38,-7.62,0,0,1,0,47.7,1
34,70.23,2290.33,2,0,1,1,7.1,0
2,62.14,130.47,2,1,0,5,13.1,1
14,108.98,1544.77,1,1,1,1,33.7,0
4,80.52,356.76,2,0,1,4,71.0,0
21,73.66,1653.77,1,0,1,4,36.1,0
11,90.94,988.52,2,0,1,2,56.6,0
4,72.07,299.59,0,1,0,1,53.4,0
72,59.68,4235.72,0,0,0,4,78.3,1
8,103.05,776.5,0,0,1,4,46.5,1
26,106.9,2845.77,0,0,0,1,66.9,1
10,60.7,655.93,0,0,0,1,64.5,0
14,83.2,1119.32,2,1,0,1,67.2,0
1,92.77,61.39,2,0,0,2,23.7,0
19,86.23,1646.03,1,0,0,2,22.7,0
10,52.24,499.24,2,0,0,2,15.6,0
2,44.78,82.18,0,1,0,1,58.9,0
31,60.62,1958.44,0,1,0,0,27.5,0
13,98.86,1272.14,2,0,1,0,70.1,1
25,81.47,1999.43,0,0,0,1,45.8,1
41,78.31,3255.12,2,1,1,0,73.0,0
30,41.34,1238.59,0,0,0,0,11.3,0
38,38.96,1519.78,0,0,0,1,75.3,0
4,77.26,354.82,0,0,1,2,56.9,0
20,51.33,1065.98,2,1,1,2,54.0,1
57,33.07,1899.85,2,1,1,4,62.0,0
19,68.1,1255.01,0,1,1,3,37.0,0
4,27.59,98.64,1,0,0,2,76.0,1
36,75.59,2702.67,0,0,1,0,67.4,0
22,110.94,2454.6,0,1,1,0,40.0,1
5,97.79,484.85,0,0,0,0,49.4,1
10,30.81,384.2,1,0,0,1,39.6,1
23,64.77,1439.49,1,0,0,1,58.4,0
24,61.15,1517.76,1,1,0,5,10.1,0
9,41.99,449.91,0,0,0,1,61.9,0
6,32.24,180.04,0,1,0,2,70.2,1
8,78.06,587.79,0,0,1,4,17.0,1
5,111.12,525.54,1,1,0,1,61.7,0
4,106.0,338.31,0,0,0,0,25.6,1
10,47.82,482.38,0,1,1,0,31.4,0
7,88.4,525.47,0,1,0,0,27.2,1
26,88.44,2295.03,2,1,0,1,52.2,0
1,63.19,21.11,1,0,0,3,75.2,1
54,37.76,2000.99,2,0,0,0,70.1,0
51,105.43,5326.58,0,0,0,2,10.6,1
25,39.4,1076.3,0,0,0,0,20.7,0
19,62.32,1223.47,0,1,0,2,5.8,1
6,64.62,421.37,0,0,1,3,78.9,1
72,30.63,2165.75,1,0,0,0,41.6,0
16,30.78,551.52,0,0,1,0,23.2,0
17,100.62,1703.53,0,0,1,3,37.4,1
1,58.74,111.8,2,0,1,3,19.9,0
12,34.78,394.36,2,0,0,1,3.2,0
9,25.84,187.46,0,0,1,0,17.5,0
5,112.68,620.71,1,0,1,1,27.9,0
7,86.32,597.31,0,0,0,1,57.8,1
1,32.0,110.88,1,0,1,1,59.3,0
25,86.97,2160.15,0,0,1,1,73.9,0
6,111.34,698.72,0,0,0,1,20.5,1
50,68.57,3476.92,0,0,0,4,79.8,0
23,80.59,1758.06,0,0,0,9,6.6,1
21,83.23,1754.11,1,0,0,0,37.3,1
21,77.48,1590.86,0,0,1,0,17.7,1
8,35.97,313.6,0,0,0,2,66.2,0
26,104.89,2711.77,0,0,0,4,71.0,1
3,101.71,290.43,0,0,0,2,49.6,0
16,98.6,1531.61,0,0,1,2,57.5,1
11,78.75,870.22,0,0,0,2,69.9,1
14,84.88,1162.49,0,1,0,1,23.1,1
15,99.53,1512.75,0,0,1,4,73.5,0
26,45.58,1175.59,1,1,1,1,52.4,0
39,22.11,811.98,0,1,0,0,57.6,0
5,72.11,323.21,2,0,0,2,72.8,1
41,61.88,2494.9,0,0,1,2,51.0,1
6,47.72,263.34,2,0,0,1,77.9,0
5,38.77,196.14,2,0,0,3,61.6,0
2,82.2,105.39,1,1,1,1,7.0,0
50,21.48,1190.9,1,0,0,2,9.3,0
5,37.38,230.44,0,1,0,0,40.1,1
8,24.07,166.57,2,1,0,2,73.7,0
5,38.81,240.39,1,0,0,2,45.8,1
6,69.97,469.08,0,0,1,2,40.2,0
41,47.53,1931.84,1,1,1,3,43.1,0
11,51.85,565.73,2,0,0,1,21.4,0
39,94.34,3709.76,0,0,1,0,22.4,1
8,76.38,578.29,0,0,1,2,55.8,1
21,92.93,1914.18,0,0,0,1,23.7,1
26,99.35,2552.04,0,1,0,2,8.4,1
5,21.05,90.85,0,0,1,4,21.9,0
72,44.73,3245.93,0,1,1,1,42.0,0
29,76.61,2227.51,2,1,0,0,37.0,0
5,63.78,356.03,2,1,0,1,18.6,1
6,23.4,184.74,0,0,0,0,18.1,0
15,38.9,584.02,2,0,1,2,73.8,0
23,89.45,2024.61,0,0,1,0,36.6,0
1,69.43,69.78,1,0,0,2,51.2,0
4,105.42,505.48,1,1,0,1,8.2,0
7,65.19,553.31,2,0,1,1,2.1,0
20,47.79,956.95,0,1,0,3,8.5,0
2,61.09,69.32,2,0,1,1,5.6,0
10,33.31,280.27,0,0,1,2,27.4,0
9,81.21,773.06,2,0,0,2,28.4,0
17,111.59,1827.13,1,1,1,3,10.8,1
20,102.01,2031.0,2,0,0,3,65.2,1
5,106.39,509.65,0,1,1,1,23.1,1
10,91.02,945.06,2,1,0,4,69.8,0
17,59.63,1037.95,0,0,0,0,31.2,1
13,48.25,682.14,0,1,0,2,19.7,0
4,46.37,239.9,0,0,1,0,77.1,1
14,62.04,888.14,0,0,0,4,55.1,1
12,113.35,1405.31,2,0,0,0,54.4,0
6,72.42,474.35,0,0,0,2,31.8,1
72,73.81,5370.2,0,1,0,3,22.3,1
13,30.17,392.2,0,0,1,0,11.0,1
4,37.24,169.44,1,0,0,0,76.4,0
13,77.8,1050.29,2,0,0,2,27.4,0
6,86.32,573.35,0,0,0,2,79.3,0
3,22.79,15.74,0,0,0,0,40.5,1
56,81.76,4619.14,1,1,0,2,78.4,0
9,100.46,812.53,1,0,1,1,12.1,1
11,57.54,565.14,0,1,1,2,66.9,0
33,107.89,3563.09,2,0,0,0,47.1,0
13,104.53,1384.65,0,1,1,2,19.9,0
32,42.44,1334.03,0,0,1,2,7.0,1
52,81.97,4336.07,0,0,1,3,28.2,1
9,46.77,473.44,0,0,0,2,31.5,0
8,58.65,457.04,0,0,0,3,36.3,0
14,26.92,376.73,1,0,1,2,75.9,0
27,82.99,2240.36,1,0,0,2,16.8,0
36,31.27,1134.86,2,1,0,0,76.2,0
14,114.76,1584.5,2,0,0,3,67.5,0
52,45.52,2323.54,0,0,1,1,71.7,0
35,85.04,2987.16,1,0,1,1,48.1,0
1,112.07,74.34,1,1,1,2,9.5,0
5,71.76,396.09,0,0,1,1,21.8,0
4,32.3,52.82,1,0,0,3,50.7,0
61,75.77,4671.8,2,0,0,0,19.8,0
1,62.16,53.37,1,0,1,2,2.8,0
29,113.07,3197.92,0,0,1,1,21.6,1
46,100.58,4594.43,0,0,0,0,34.0,0
29,84.95,2538.14,1,0,1,1,44.1,0
1,114.44,119.39,0,0,1,2,31.0,0
53,74.08,3802.43,0,1,0,0,65.1,1
17,84.91,1414.65,1,0,0,0,58.7,0
7,78.45,603.65,1,1,1,2,75.0,0
17,55.69,980.49,0,0,0,1,54.6,0
16,42.89,721.57,1,0,0,0,63.5,1
13,87.34,1151.71,0,0,0,1,28.3,1
18,40.22,680.71,0,0,0,3,44.9,1
39,31.62,1286.89,1,0,0,1,20.8,0
5,109.71,461.06,2,1,0,1,51.8,0
5,104.28,515.07,0,0,1,1,6.2,1
7,104.85,743.31,0,0,1,1,79.8,1
15,93.46,1413.81,0,0,0,0,67.8,1
5,87.31,400.01,0,1,0,0,25.0,1
36,84.44,3085.1,1,0,0,0,20.7,0
46,20.34,910.31,1,0,1,1,15.9,0
72,37.66,2744.48,0,0,1,0,71.1,0
6,77.34,477.86,1,0,0,2,63.5,1
7,69.52,408.66,2,0,1,1,56.3,0
72,44.94,3095.98,0,1,0,1,17.5,0
34,79.14,2674.58,0,0,0,1,26.7,0
8,80.7,646.18,0,0,1,1,62.4,1
72,81.85,5976.63,1,1,1,2,16.8,0
32,110.59,3529.67,2,0,0,3,53.1,0
50,85.41,4206.05,2,0,0,1,12.4,0
41,87.5,3595.85,2,0,1,3,55.0,0
11,114.17,1240.44,2,0,1,1,4.8,0
13,58.73,736.56,0,0,1,3,75.9,1
1,27.61,-19.03,0,1,0,2,6.9,0
19,64.2,1244.11,0,0,1,0,39.5,1
27,88.82,2455.53,1,1,0,0,42.4,0
11,98.27,1047.12,0,1,0,1,27.1,0
4,83.57,313.77,0,1,1,2,62.3,0
23,71.36,1755.54,0,1,0,1,75.3,1
27,105.59,2896.9,0,0,0,6,53.0,1
51,37.42,1904.93,1,1,1,1,3.0,0
13,109.71,1454.73,1,0,0,0,62.6,1
27,31.21,841.4,0,1,1,1,7.9,0
49,87.91,4225.76,0,0,1,0,34.2,0
4,73.61,319.34,0,0,1,1,53.2,0
6,37.75,303.72,0,0,1,0,9.8,1
31,46.76,1477.5,2,1,0,3,5.8,0
7,107.66,739.39,2,1,0,0,47.3,1
41,27.48,1150.11,0,0,0,1,17.6,0
4,70.49,173.28,1,0,0,1,24.5,0
17,84.72,1476.11,1,0,0,0,21.7,0
7,48.36,257.39,0,0,0,4,22.6,1
2,107.26,255.56,1,0,1,2,3.4,1
6,82.55,492.86,0,0,0,1,33.3,1
6,20.36,206.48,0,0,1,1,59.8,1
26,34.85,891.51,0,1,1,1,59.4,1
8,48.48,431.52,0,0,0,2,60.9,1
23,22.6,455.64,1,1,1,3,63.9,0
4,76.1,316.25,0,1,0,2,55.9,1
14,30.43,425.21,0,0,1,1,37.5,0
16,69.87,1102.24,1,1,0,1,19.2,1
4,102.8,423.37,0,0,0,3,10.8,1
18,111.36,1946.9,0,1,0,1,74.6,0
11,49.07,557.43,0,1,1,1,41.8,0
22,63.82,1372.92,0,1,0,2,49.2,1
14,25.84,336.77,0,0,1,3,38.0,1
5,45.73,219.18,0,1,0,2,63.2,0
10,102.62,941.5,0,1,0,4,27.8,1
14,36.55,532.97,0,1,0,2,37.5,0
9,43.07,434.6,0,0,1,1,60.1,0
26,30.86,807.03,1,0,1,1,57.8,0
10,81.15,725.09,0,0,1,3,53.8,1
23,96.56,2237.03,1,0,0,1,54.7,0
2,27.89,-30.51,1,1,0,4,18.9,0
13,87.93,1150.76,1,0,0,2,40.4,0
43,24.2,1063.32,1,0,1,0,32.6,0
24,58.95,1472.29,0,1,0,2,2.0,1
62,49.41,3010.02,0,0,1,2,61.3,0
16,52.89,861.45,1,1,1,0,57.2,0
8,96.63,732.67,1,0,1,0,4.7,0
23,74.68,1673.18,0,0,0,1,55.7,0
1,94.64,59.33,0,0,1,3,72.7,1
22,52.99,1154.1,0,1,0,1,23.3,0
18,72.17,1326.28,2,0,1,1,13.9,1
1,54.71,53.95,1,1,1,3,41.6,0
2,43.34,49.52,2,1,0,2,6.2,1
14,66.68,834.45,0,0,0,1,32.2,1
11,55.43,632.66,1,1,0,0,67.4,1
29,50.13,1499.67,0,0,1,2,51.6,0
32,61.88,2074.68,0,1,1,0,27.4,1
34,26.75,814.22,1,0,0,0,38.8,1
7,24.31,161.04,0,0,0,1,46.2,0
1,77.19,41.19,0,0,0,1,60.8,0
20,26.92,534.62,1,0,1,0,60.5,0
30,106.21,3211.54,1,0,0,3,4.1,0
15,75.86,1114.16,1,0,0,0,71.9,0
12,69.0,840.13,0,0,0,1,2.4,1
35,111.44,3910.46,1,1,0,2,32.5,0
20,103.12,2000.16,0,0,0,2,63.5,0
42,107.19,4415.51,0,0,1,0,43.7,0
20,65.56,1334.04,0,1,1,1,79.1,1
34,53.02,1791.82,2,0,0,0,21.9,0
7,83.11,604.55,0,0,1,1,75.9,0
5,56.68,277.27,0,0,0,2,36.2,1
1,79.32,107.78,0,0,1,2,54.4,1
38,90.68,3390.58,0,0,0,0,19.1,0
10,73.55,713.94,0,0,1,2,45.5,1
9,87.89,737.26,2,1,1,1,48.4,0
47,20.72,1052.01,0,1,0,2,15.8,0
13,105.22,1391.61,1,0,0,1,77.8,0
17,90.95,1501.67,0,0,0,2,41.0,1
1,82.32,99.41,0,0,0,1,42.4,0
14,47.04,694.19,1,0,1,4,24.3,0
16,33.97,586.99,0,1,0,0,38.4,0
9,53.16,475.26,0,1,1,1,58.0,0
47,97.05,4552.03,1,1,0,3,41.2,0
72,46.48,3349.12,0,1,0,0,25.7,0
6,63.11,341.42,0,0,0,2,22.7,1
1,61.09,43.95,1,0,1,1,62.9,0
17,43.49,635.31,2,1,1,0,77.8,0
3,25.85,21.69,2,1,0,2,34.1,0
22,67.0,1483.22,0,0,1,1,28.5,1
20,60.59,1205.75,0,0,1,1,39.7,1
72,95.54,6932.67,1,0,0,2,32.2,0
4,58.75,173.52,0,0,0,0,25.1,0
15,26.03,406.79,0,1,1,1,25.4,0
59,71.97,4258.36,1,1,0,0,40.9,0
4,71.39,282.66,0,0,1,0,73.2,1
23,71.0,1679.27,1,0,1,0,29.5,0
51,56.01,2864.83,0,0,0,4,71.3,0
13,41.6,508.27,0,1,1,0,76.8,0
16,49.27,880.28,1,0,0,2,35.5,0
72,38.92,2814.87,1,0,0,0,3.3,0
4,55.21,132.91,2,0,0,1,3.5,0
16,36.71,625.96,0,1,0,0,56.2,1
19,29.66,663.04,1,0,0,2,35.6,0
26,107.18,2887.04,1,0,0,3,33.1,0
12,66.31,727.96,0,0,1,1,64.2,0
25,82.48,2029.5,0,0,0,3,77.4,1
34,60.01,2000.66,0,0,0,2,12.1,1
31,110.0,3389.35,0,1,0,0,41.9,0
1,56.71,102.76,0,0,1,0,60.3,0
4,114.18,430.5,0,1,0,4,59.3,1
10,86.27,851.22,2,0,0,0,28.7,0
15,71.35,1074.34,2,0,1,3,43.3,0
5,34.71,246.44,1,0,0,1,33.4,0
20,55.0,1119.3,1,0,0,0,16.6,0
19,75.02,1414.77,0,1,0,1,51.3,0
1,91.96,68.08,0,0,0,1,13.9,0
13,51.89,678.26,0,1,1,2,24.4,1
9,53.37,435.23,0,0,1,0,35.3,0
13,49.17,632.51,0,1,0,2,18.5,1
26,29.72,800.35,0,0,0,1,47.9,1
3,69.82,189.3,0,0,0,1,50.6,1
32,31.53,1005.21,2,0,1,1,29.7,0
37,113.1,4168.72,0,1,0,2,73.3,0
22,58.89,1328.29,0,1,0,1,57.2,0
9,101.86,848.37,1,0,0,3,15.7,1
8,84.11,626.39,2,0,0,1,8.6,0
25,58.76,1428.84,0,0,1,2,24.2,0
4,63.87,195.05,1,0,0,3,7.9,0
9,70.03,620.69,0,0,0,0,52.7,1
33,112.6,3795.21,0,1,1,0,49.0,0
5,95.05,479.08,0,1,0,0,23.2,1
3,76.06,257.31,1,0,0,0,54.0,0
12,21.3,284.46,1,1,0,1,48.9,0
4,27.91,163.4,1,1,0,1,60.5,0
18,90.23,1633.25,0,1,0,1,61.9,0
17,99.68,1662.37,1,1,1,1,67.8,0
50,63.02,3169.75,0,1,0,0,60.3,0
4,26.46,96.8,0,1,0,2,5.6,1
6,72.21,435.35,2,0,0,3,71.0,1
1,107.53,130.8,0,0,1,2,48.7,1
6,100.67,609.49,0,0,1,2,65.9,1
10,113.0,1172.42,1,0,1,2,50.9,1
47,20.88,984.87,1,0,0,0,27.2,0
9,72.25,655.93,0,1,0,2,51.3,1
5,98.15,477.08,0,0,0,0,77.0,0
10,107.24,1027.09,0,1,0,2,22.5,0
2,50.44,126.95,1,0,1,2,69.8,1
32,31.78,1066.99,2,0,0,2,54.8,0
32,67.92,2147.55,1,0,0,1,65.4,0
3,100.41,301.64,2,1,0,1,51.9,0
7,103.85,737.57,2,0,0,2,25.5,0
12,90.09,1118.76,0,1,0,1,3.4,0
18,26.03,489.87,0,1,1,1,33.4,0
2,22.2,-51.95,0,0,1,2,35.1,1
8,83.05,662.67,0,0,0,0,9.3,1
1,24.67,21.49,1,0,1,2,58.6,1
33,53.5,1708.16,0,1,0,0,55.5,0
8,69.49,493.43,2,1,0,3,42.6,0
61,47.34,2934.42,2,1,1,0,35.3,0
19,65.2,1175.32,1,0,1,3,16.7,0
6,34.96,157.25,1,1,0,1,51.0,1
8,66.33,544.65,1,0,1,4,43.2,0
7,108.05,759.88,1,0,1,2,25.0,0
6,53.09,417.13,1,1,1,2,60.8,0
4,25.74,60.55,1,1,0,1,12.1,1
28,37.31,1125.76,0,1,0,2,64.7,0
14,71.3,988.32,2,0,0,4,38.3,0
6,69.37,385.49,1,0,0,0,30.0,0
4,95.41,397.02,1,0,0,2,77.6,1
21,92.03,1909.54,0,0,1,1,74.1,0
6,60.46,394.1,2,0,0,1,59.9,0
9,64.02,540.01,1,0,0,6,11.3,1
72,96.29,6877.73,0,1,0,0,72.6,0
6,99.04,558.86,0,0,1,1,33.3,0
1,34.13,-28.14,1,1,0,0,26.7,0
30,56.31,1699.35,2,1,1,2,6.9,0
29,70.66,2073.1,2,1,0,1,58.3,0
25,23.82,552.16,1,0,0,4,72.0,0
1,20.46,21.01,2,1,0,2,24.7,0
1,45.89,121.48,1,0,1,0,61.1,1
2,104.64,171.08,1,1,0,3,41.7,0
20,48.75,902.94,0,1,0,3,53.6,0
13,71.03,952.13,1,1,1,1,61.4,0
7,29.98,330.33,1,0,0,3,38.9,1
12,101.44,1214.6,0,0,0,1,55.2,0
17,113.37,1822.2,0,0,1,2,68.0,1
25,100.99,2531.48,0,0,0,0,19.6,0
34,56.5,1954.53,0,0,1,1,49.4,0
1,66.87,41.32,0,1,0,1,54.5,0
13,20.28,202.71,0,0,1,1,31.5,1
38,54.79,2143.85,1,1,0,2,35.4,1
23,101.73,2318.95,2,0,0,0,63.4,0
5,108.17,559.88,0,1,1,1,69.5,1
63,96.8,6116.21,0,0,0,1,10.6,1
14,49.35,714.02,1,0,1,1,42.8,0
15,48.44,765.5,0,0,0,3,79.4,0
6,100.28,594.73,0,0,0,4,31.6,1
6,96.64,648.24,0,0,0,0,68.5,1
7,28.98,137.75,1,1,1,1,20.9,0
2,25.54,-46.34,1,0,0,0,52.1,0
8,32.0,302.83,2,1,0,3,51.4,0
16,84.34,1461.7,2,1,0,1,28.5,0
13,68.08,870.99,0,0,0,0,68.1,0
9,32.52,273.14,0,0,0,0,53.1,0
1,85.89,53.84,1,0,1,0,20.4,0
48,22.81,1101.26,2,0,1,2,47.4,0
10,95.93,989.43,0,1,0,1,10.1,0
1,95.67,87.17,0,1,0,0,3.3,1
52,83.77,4386.98,0,0,1,5,41.7,0
25,20.44,582.32,2,1,0,3,26.6,0
15,33.51,499.56,0,1,1,0,56.1,1
2,52.43,15.48,1,1,1,1,15.1,0
5,97.64,484.96,0,1,0,0,74.0,1
22,97.52,2172.12,0,0,0,1,33.8,1
5,36.61,233.22,2,0,1,2,23.3,0
11,85.21,904.03,2,0,0,4,64.7,1
24,80.86,1907.67,0,0,1,0,16.1,1
9,25.0,254.49,0,0,0,1,19.9,0
7,86.27,646.61,2,1,1,1,71.2,0
15,87.1,1249.02,1,0,1,0,62.3,0
38,54.3,2078.01,0,0,0,3,28.9,0
6,29.91,237.62,1,0,0,1,73.7,0
11,61.89,714.63,1,0,0,1,72.4,1
27,114.74,3135.46,0,1,1,0,35.2,1
14,50.67,788.65,0,0,0,0,52.3,1
32,26.13,916.56,0,0,0,5,77.1,0
8,46.37,341.51,0,1,0,2,9.4,0
21,95.75,1960.46,0,1,0,2,18.6,0
14,87.21,1211.13,2,0,0,2,22.9,0
11,40.06,417.99,1,0,0,2,21.9,0
3,77.76,225.77,0,1,0,1,29.8,0
3,71.71,139.46,0,0,1,4,8.1,1
13,21.57,243.63,1,0,0,1,39.7,0
5,66.33,320.99,2,0,0,0,9.6,0
32,75.7,2458.98,0,1,0,0,60.3,0
13,20.35,235.63,2,0,1,0,46.7,0
3,48.66,127.25,0,1,1,1,20.4,1
54,30.72,1634.89,2,0,1,1,22.3,0
7,45.67,354.26,0,0,1,1,29.5,1
2,81.03,143.02,1,0,0,3,48.6,1
40,67.88,2749.28,1,0,0,3,65.6,1
4,43.48,125.68,2,0,1,0,61.3,0
15,37.6,615.26,1,0,1,1,51.6,0
1,112.03,126.86,1,0,0,1,29.7,1
10,34.29,413.04,0,0,0,1,77.6,0
3,98.1,259.86,2,1,0,2,48.0,0
11,42.86,497.05,0,1,0,1,42.2,1
30,99.66,2997.51,2,1,1,2,48.2,0
4,51.16,215.66,1,0,0,0,59.8,0
29,45.24,1368.9,0,0,0,0,16.0,1
2,51.48,48.36,1,1,0,1,15.1,0
21,79.67,1657.75,0,0,0,1,63.0,1
11,78.93,804.33,0,0,0,0,18.7,1
14,39.69,509.6,0,1,1,2,10.9,1
43,62.51,2629.56,2,1,1,1,15.3,0
29,40.55,1068.9,2,1,1,3,12.6,0
1,81.38,23.76,0,0,0,1,33.0,1
28,89.65,2576.79,1,0,0,1,68.2,0
29,107.66,3180.8,1,0,1,2,59.7,1
2,75.11,79.94,2,0,0,2,63.4,0
9,38.27,363.06,0,0,0,1,28.0,0
67,107.1,7199.29,0,1,0,0,22.2,0
1,41.75,2.86,0,0,0,2,4.2,1
3,54.6,170.07,1,0,0,0,34.1,0
6,47.02,324.3,0,0,1,0,19.2,1
29,22.61,655.84,2,0,0,2,16.4,0
12,42.16,418.25,1,0,1,2,18.9,1
4,31.78,161.29,1,1,1,2,51.1,0
33,80.3,2623.77,0,0,0,2,6.1,0
41,74.45,3084.95,0,0,0,1,53.9,0
11,24.86,305.03,0,1,0,1,45.7,0
43,35.63,1510.18,0,1,0,2,63.5,0
2,22.24,148.11,0,0,1,3,13.4,0
16,27.02,498.42,1,0,0,1,72.6,0
12,84.82,1030.56,0,0,0,0,8.3,1
38,75.23,2970.94,0,0,0,0,23.7,1
1,82.08,51.42,1,0,0,0,10.2,0
19,63.62,1214.4,1,0,1,0,67.0,1
22,114.62,2662.84,2,0,0,0,56.5,0
21,107.96,2242.41,0,0,1,1,7.0,0
11,68.52,770.89,1,0,1,2,59.2,0
22,32.03,744.66,0,0,0,3,57.6,1
28,66.03,1856.56,2,1,1,4,65.8,0
11,25.27,284.1,2,0,0,1,22.9,0
11,80.11,777.55,2,1,0,3,77.2,0
13,96.21,1235.09,2,1,0,1,39.4,0
2,72.98,167.2,0,1,1,2,50.4,0
27,49.85,1431.4,0,0,0,0,75.9,1
25,85.98,2144.34,0,1,1,4,31.7,0
17,50.99,866.79,0,0,0,0,57.0,1
2,54.68,155.94,0,0,1,1,72.4,1
15,20.86,206.62,0,1,1,1,5.3,0
19,44.43,811.55,2,0,0,1,52.4,0
11,57.61,567.89,0,0,0,1,65.2,1
7,35.6,152.19,2,0,0,2,70.3,0
9,81.56,682.72,1,0,0,1,45.3,1
21,71.97,1502.44,0,0,0,4,42.6,1
9,22.61,291.63,0,1,1,1,67.4,0
24,43.56,1091.71,2,1,0,2,59.8,1
1,49.24,111.99,0,0,0,5,42.4,1
3,31.41,100.57,0,0,1,1,70.9,0
1,26.41,-10.68,1,0,0,2,61.6,0
11,37.15,470.99,0,0,1,5,60.8,1
27,50.86,1377.51,0,0,0,4,15.0,0
14,47.96,758.32,1,1,1,1,74.5,1
23,109.37,2519.16,1,0,0,1,18.2,1
7,20.13,162.64,0,0,0,0,78.9,1
1,108.12,94.76,0,1,0,1,45.8,1
38,38.09,1455.71,0,0,0,0,11.3,1
5,76.43,291.95,1,0,0,1,60.7,0
14,58.62,854.78,0,0,0,0,16.2,0
30,55.76,1680.95,1,0,0,1,12.7,1
7,107.75,714.15,0,1,0,1,53.6,1
5,52.66,231.33,0,0,0,2,36.1,1
1,69.44,55.74,0,1,1,1,17.8,1
4,105.18,509.03,0,0,0,2,10.8,0
3,66.77,161.55,1,1,1,2,78.6,1
21,31.85,679.85,1,0,0,2,53.5,1
6,42.49,253.0,0,0,0,3,79.1,1
8,101.74,798.05,0,0,0,2,77.5,0
11,32.31,430.01,0,0,1,3,27.7,0
37,52.01,1879.62,0,1,0,3,26.9,1
37,65.61,2444.46,0,1,1,0,25.4,1
44,46.09,2056.26,2,1,0,4,33.1,0
25,54.41,1414.37,0,1,0,0,33.3,0
22,104.5,2362.48,2,0,0,0,74.5,1
45,106.44,4833.01,0,0,1,1,3.7,1
30,34.1,1068.28,1,0,1,1,24.0,0
16,34.39,533.96,0,1,0,1,21.6,0
20,81.62,1567.47,0,1,0,3,32.1,1
12,22.85,269.07,2,1,1,1,34.7,0
11,101.77,1240.16,0,1,0,2,17.2,0
9,29.05,229.02,0,0,0,2,45.8,0
2,45.17,139.71,0,0,1,0,31.5,0
2,89.51,226.39,0,1,1,1,35.1,0
12,108.87,1375.29,1,1,1,2,36.7,1
23,86.98,1967.36,1,0,1,0,28.4,0
16,106.71,1745.06,1,1,1,1,5.2,0
3,37.31,149.58,0,0,1,2,79.6,1
20,92.1,1854.22,0,1,0,3,35.7,1
20,91.3,1830.08,0,0,0,3,66.1,1
37,94.22,3504.92,0,1,0,0,30.3,0
33,65.97,2134.08,0,0,0,3,63.7,1
12,71.89,874.11,2,0,1,3,62.5,0
13,33.26,426.33,1,1,0,1,37.0,0
3,107.0,259.47,1,0,1,2,35.6,0
5,32.95,99.81,1,0,0,2,65.6,0
25,49.28,1332.85,2,1,0,3,38.0,0
3,112.87,346.0,2,0,0,3,9.1,1
24,45.08,1066.99,0,1,0,1,23.4,0
5,34.59,155.59,0,0,1,1,12.2,1
15,72.89,1081.76,1,0,0,2,43.5,1
1,21.45,81.45,0,0,0,1,42.3,0
72,61.04,4415.69,1,0,0,0,28.2,0
6,50.53,332.76,0,0,1,1,55.6,0
7,75.58,545.17,2,1,0,0,38.0,0
24,41.9,1026.27,2,1,0,2,3.0,0
7,90.35,579.23,0,1,0,0,43.4,1
32,70.29,2371.15,0,0,1,2,23.6,0
3,78.21,231.33,1,1,0,2,15.3,1
21,32.64,693.52,0,1,0,2,30.4,0
6,25.01,173.31,0,0,0,1,41.3,1
7,113.4,720.64,0,0,1,0,24.4,1
2,54.42,119.1,0,0,0,0,73.5,0
6,67.72,330.03,2,1,0,2,41.3,0
11,54.18,636.62,0,1,1,2,5.6,1
12,100.72,1197.9,0,1,0,0,35.1,0
53,74.26,4026.54,0,0,1,2,77.0,0
23,98.04,2203.07,0,0,1,4,6.6,0
28,56.84,1620.46,2,1,0,1,13.5,0
2,86.94,206.84,0,0,0,2,35.2,1
19,101.09,1977.98,1,0,0,4,5.6,1
12,106.31,1362.82,0,0,0,2,69.3,1
12,109.56,1384.61,1,1,1,1,11.0,0
27,31.57,873.61,0,0,0,1,35.4,1
12,64.28,793.33,0,0,1,1,73.7,0
28,112.84,3078.51,1,0,1,4,72.6,1
71,42.33,2973.64,0,0,0,1,30.5,0
44,110.32,4901.56,0,1,0,0,41.3,1
2,97.12,208.05,2,1,1,2,57.9,0
12,85.57,987.63,1,0,0,1,39.3,1
26,34.61,901.19,1,1,1,2,63.1,1
3,104.9,243.92,0,0,1,2,22.6,1
5,44.91,216.12,0,0,0,2,33.2,1
29,39.65,1175.67,0,1,0,0,73.8,0
38,73.49,2786.55,1,0,1,0,8.2,1
4,37.56,165.28,0,0,0,1,39.4,1
10,56.39,561.37,2,1,0,0,67.5,0
13,91.78,1149.11,0,0,0,0,8.4,0
11,97.23,1076.52,0,1,0,0,53.0,0
2,83.26,140.3,0,1,1,1,57.2,1
54,104.08,5714.88,0,0,0,1,66.3,1
14,71.48,958.63,0,0,0,4,6.1,1
50,66.47,3328.38,2,0,0,3,74.0,0
26,75.31,1966.28,2,0,0,1,11.7,0
4,45.06,254.52,0,1,0,4,39.4,1
11,85.02,885.46,0,1,1,3,11.5,0
16,61.95,911.76,2,0,0,1,16.1,0
23,90.22,2068.67,1,0,0,0,34.1,0
25,36.6,861.32,0,0,1,0,12.6,0
16,33.29,496.24,2,0,1,1,50.5,0
39,83.78,3347.23,0,1,1,2,47.5,0
4,100.59,477.65,0,0,0,2,41.0,1
72,53.19,3870.89,0,1,1,2,55.3,0
17,22.34,377.91,2,0,0,1,59.5,1
31,89.15,2794.51,0,1,0,1,12.9,1
2,95.45,196.9,0,0,1,2,53.6,1
14,46.57,715.14,0,1,1,1,35.5,1
3,81.77,191.68,0,0,1,1,38.0,0
26,105.47,2761.98,0,0,0,1,14.6,1
4,55.72,177.75,0,1,0,2,11.4,0
4,92.82,398.13,0,1,1,0,67.1,0
20,72.99,1486.55,0,0,0,3,42.7,0
71,50.41,3600.29,0,0,0,1,43.3,0
4,90.12,385.61,1,0,0,2,75.6,1
1,46.07,120.64,2,0,0,1,79.8,0
7,90.43,650.23,2,0,0,2,56.6,1
18,32.9,573.89,1,0,0,0,42.2,0
19,68.74,1371.29,0,1,1,1,47.8,1
18,76.76,1331.49,0,0,0,1,45.9,1
2,65.97,72.26,2,0,1,0,53.0,0
16,44.93,720.86,0,1,1,0,22.8,1
29,91.53,2649.76,2,0,0,2,37.8,0
4,22.01,124.55,2,0,0,1,49.8,0
33,83.53,2784.21,1,1,1,2,12.6,0
44,32.48,1440.04,0,1,0,3,15.8,1
12,25.19,256.92,2,0,0,1,57.1,0
13,70.04,945.83,0,1,0,1,40.6,0
34,72.61,2513.38,0,0,0,1,23.0,1
5,99.61,505.88,0,0,0,0,11.9,1
3,53.51,136.94,2,0,0,1,33.7,0
46,20.15,995.62,1,0,0,3,62.7,0
20,40.96,835.73,1,0,0,2,15.2,0
11,82.24,856.4,1,0,0,2,72.9,0
13,41.84,601.22,0,0,0,3,38.0,1
43,73.55,3162.23,0,0,0,1,32.6,1
4,88.85,418.55,0,0,0,1,23.5,1
72,30.17,2111.41,1,0,0,2,69.6,0
16,44.53,781.6,1,1,1,0,52.9,0
36,47.87,1716.95,0,0,0,2,16.0,1
48,39.84,1945.59,0,1,1,0,32.3,0
72,56.62,4090.24,0,0,0,1,15.5,1
17,95.83,1664.69,1,0,0,0,48.9,1
12,26.17,312.91,0,1,1,1,40.2,1
4,105.86,439.79,1,1,0,2,63.7,1
12,74.4,844.53,0,1,0,1,70.0,0
4,83.64,161.45,2,1,1,1,74.9,0
19,108.63,2083.07,0,0,0,0,15.0,0
8,43.15,290.94,1,0,0,1,16.3,0
8,41.51,407.29,0,0,1,5,43.4,1
1,71.85,144.47,1,0,1,3,71.3,1
7,66.01,384.19,0,0,0,0,67.5,1
29,95.7,2794.11,0,0,1,1,6.7,1
14,21.3,326.16,0,1,0,1,71.8,0
6,94.78,539.91,0,0,0,4,2.8,1
21,79.06,1645.57,0,1,0,0,63.7,0
37,107.54,3894.31,0,1,0,1,62.5,1
5,30.7,127.01,2,0,1,1,48.7,0
15,80.85,1226.97,0,1,1,1,18.5,0
23,57.06,1206.08,0,0,1,1,19.1,1
35,28.75,970.28,1,0,0,3,67.5,0
11,48.02,504.33,2,1,0,1,27.2,0
16,50.07,818.89,1,1,1,0,19.7,0
72,77.56,5603.27,1,0,0,3,43.1,0
2,22.71,81.46,0,0,1,3,57.0,1
5,51.35,243.63,0,1,0,1,61.7,0
11,69.92,814.6,0,0,0,1,12.2,1
4,109.45,441.23,1,0,0,3,75.9,1
9,93.64,881.33,0,0,1,1,54.2,0
72,88.77,6427.91,0,0,1,3,52.1,0
3,93.98,298.23,0,0,0,0,14.9,1
17,83.8,1467.39,2,1,1,3,43.1,0
43,61.83,2716.43,0,0,0,2,62.2,0
72,87.72,6299.02,2,0,1,3,33.0,0
47,58.95,2732.62,1,0,1,0,36.8,0
8,107.85,733.17,2,1,1,2,33.6,0
3,31.96,38.78,0,1,0,0,59.6,0
17,89.05,1518.64,1,1,0,1,62.1,0
45,76.76,3428.88,1,1,1,2,2.6,0
20,61.96,1188.56,0,1,0,1,38.3,1
5,104.07,452.46,2,1,0,1,78.6,0
52,89.46,4643.07,2,1,1,1,3.2,0
23,110.09,2498.58,1,0,0,0,78.2,0
10,97.97,998.62,2,1,1,2,21.9,0
5,91.36,456.07,0,0,0,1,26.4,1
12,108.31,1378.88,1,0,0,0,79.6,1
4,73.02,289.48,0,0,1,1,55.4,1
68,70.26,4753.83,0,0,0,1,64.7,0
3,101.47,271.21,1,0,0,2,46.5,0
7,26.15,112.92,2,0,0,4,5.1,0
32,38.56,1195.71,0,0,0,0,40.2,0
18,29.53,572.05,0,1,0,1,31.6,0
19,32.29,690.05,0,0,1,1,65.6,0
23,76.71,1777.13,0,0,1,2,2.0,0
3,113.8,292.18,0,1,0,2,61.1,0
3,83.82,262.27,2,1,0,2,37.8,0
6,96.02,469.31,2,1,0,1,48.4,0
12,89.54,1025.88,0,1,1,2,60.1,1
23,111.23,2603.66,0,0,1,1,35.5,0
18,24.61,456.6,1,0,1,0,11.4,0
64,56.54,3644.74,0,0,1,1,31.0,0
38,66.09,2476.99,0,0,1,1,56.2,0
17,84.63,1407.87,2,1,0,1,33.8,0
4,89.53,395.8,1,1,1,0,19.9,0
28,75.22,2194.88,1,0,0,1,21.0,0
19,74.72,1380.4,0,1,1,3,73.9,0
25,84.5,2116.53,0,1,0,4,27.5,1
30,40.49,1258.77,0,1,1,1,33.7,0
18,33.72,702.96,2,0,1,1,2.1,1
5,50.4,315.46,2,0,1,0,4.0,0
39,27.28,1013.46,2,1,1,0,23.4,0
9,49.31,456.38,2,1,0,1,44.3,0
3,88.18,256.31,0,1,0,2,75.9,1
22,101.6,2200.01,0,0,0,0,78.6,1
5,77.98,414.11,2,0,0,2,18.3,0
2,108.51,277.79,1,0,1,4,18.5,0
21,113.17,2331.91,0,0,1,2,24.9,1
20,63.32,1342.63,0,1,0,0,55.9,1
17,84.05,1361.14,0,1,0,0,68.6,0
7,56.31,399.88,0,0,0,2,76.9,1
1,114.87,74.98,0,0,0,3,49.7,1
24,58.53,1394.64,0,1,0,1,6.9,1
2,50.43,144.19,1,1,0,1,4.0,0
15,104.88,1611.5,0,0,1,0,54.9,1
4,34.58,185.14,2,0,0,1,23.7,0
7,81.14,573.97,1,1,1,2,27.3,1
1,48.78,53.2,0,0,0,1,22.8,1
11,37.31,451.36,0,1,0,3,31.2,0
71,32.3,2313.04,2,0,0,0,62.4,0
45,95.68,4348.26,0,0,1,1,22.5,1
6,72.24,438.99,0,0,1,0,42.6,0
3,95.41,299.3,0,0,1,2,36.3,1
70,104.62,7358.66,2,0,1,1,43.4,0
20,80.89,1597.08,1,1,0,2,60.5,0
4,98.47,424.0,0,0,0,1,45.6,0
11,26.15,275.04,1,1,1,3,67.0,0
6,97.99,654.71,1,0,1,2,10.0,0
8,45.24,392.39,1,0,1,2,69.0,1
40,81.21,3203.42,0,0,1,2,68.5,1
4,82.99,320.36,1,0,0,0,59.7,1
38,99.83,3735.75,1,0,1,0,71.5,0
3,87.4,271.11,1,1,0,4,53.9,0
29,111.35,3246.86,1,1,1,2,16.5,0
1,48.03,9.95,2,1,0,0,59.3,0
9,93.09,852.75,0,1,1,1,27.7,0
11,30.81,372.07,0,0,0,2,77.8,1
72,51.76,3649.53,2,1,1,2,65.3,0
4,74.26,260.56,0,0,0,1,15.3,1
10,70.77,625.94,0,0,0,1,25.1,1
18,47.9,814.18,0,0,0,3,40.5,1
26,114.32,3003.87,0,0,1,3,9.9,1
24,44.84,1190.53,0,1,0,2,24.9,1
7,82.2,655.29,0,0,1,3,40.9,1
67,84.57,5625.36,0,0,0,1,63.5,1
1,33.92,-1.77,0,0,0,2,12.1,1
72,88.76,6364.08,0,1,0,2,59.4,0
15,114.97,1779.45,1,0,0,1,63.8,1
1,112.07,78.41,2,0,1,1,56.6,0
11,65.94,740.35,1,1,0,2,40.8,0
5,30.33,65.97,0,0,0,1,38.0,0
32,38.48,1233.51,2,1,1,1,39.1,0
57,21.94,1312.71,1,0,0,1,25.6,0
25,32.4,842.54,0,0,0,1,23.1,0
5,100.66,480.66,2,0,1,0,17.0,0
18,95.46,1708.71,0,1,1,0,49.6,0
8,69.66,542.79,0,0,1,2,3.3,1
27,62.09,1693.21,0,1,1,3,13.7,0
72,75.22,5416.68,0,0,0,0,58.3,0
9,47.17,458.82,2,0,1,0,30.9,0
1,67.15,74.74,2,0,0,3,46.6,1
24,72.33,1706.52,1,1,1,0,56.5,1
20,34.94,704.45,0,0,0,0,62.4,0
39,66.26,2584.47,0,1,0,2,75.6,0
11,70.65,790.37,2,1,0,1,66.3,0
1,28.17,37.27,1,1,1,1,27.8,0
22,71.95,1535.93,1,1,0,0,53.6,0
16,84.61,1391.22,1,0,1,0,43.2,0
26,50.36,1306.77,0,0,0,5,5.8,1
34,73.11,2487.98,2,1,1,1,25.3,0
50,112.68,5666.0,0,0,0,2,47.2,0
15,53.23,829.65,0,0,0,0,22.8,1
29,69.65,2026.69,0,1,1,0,5.3,1
7,56.82,402.31,2,0,1,1,72.6,0
5,27.46,89.31,0,0,0,0,23.3,0
15,110.08,1640.76,0,1,0,3,39.4,1
11,71.94,809.86,1,0,0,0,16.7,0
19,62.28,1098.36,0,0,0,4,19.5,0
17,77.62,1324.11,0,0,1,1,54.9,1
34,88.71,3078.84,0,1,1,2,72.7,0
63,47.84,2948.03,0,0,0,3,60.9,0
1,95.51,75.2,1,1,0,1,37.5,0
5,106.4,575.67,1,0,0,0,60.9,1
9,28.9,269.32,1,0,0,0,75.3,0
3,25.48,45.52,1,1,0,1,38.7,0
7,55.95,308.92,0,0,0,2,43.7,1
50,112.23,5568.08,0,1,1,1,65.8,0
17,114.07,1914.52,1,0,1,2,48.4,1
14,69.34,993.78,1,0,1,2,3.9,0
28,56.62,1547.33,2,1,0,0,78.8,0
6,40.13,258.25,0,0,0,0,60.9,1
1,109.53,77.29,0,0,1,0,17.7,1
21,36.22,762.69,0,0,0,4,55.3,0
1,71.61,62.12,0,0,0,3,69.8,1
21,87.77,1826.93,1,0,0,0,7.2,1
5,96.63,467.62,1,0,1,2,61.7,0
36,57.66,2064.34,2,0,0,1,56.8,0
10,70.74,724.26,0,0,0,3,50.8,0
12,76.96,925.69,0,0,1,2,21.5,1
10,77.21,745.52,0,0,1,0,59.8,1
58,99.67,5793.26,0,1,0,3,54.2,0
5,82.09,451.39,0,0,0,1,19.9,1
5,50.02,211.32,0,0,0,3,73.4,1
26,30.01,773.61,2,1,0,2,72.8,0
39,44.69,1762.4,1,0,0,2,68.7,0
10,74.98,692.15,1,0,1,2,14.1,1
7,74.51,576.15,0,1,1,4,19.1,1
27,62.5,1735.97,0,0,1,0,15.6,0
1,28.48,5.71,2,0,0,0,47.3,0
39,55.63,2231.76,0,1,0,1,44.8,0
72,23.26,1697.38,0,0,1,1,5.9,0
3,82.58,252.51,2,0,0,2,31.6,0
6,35.92,257.08,1,0,0,3,63.8,0
25,32.28,819.09,0,1,1,0,76.3,0
5,54.35,284.55,0,0,0,4,16.6,0
9,57.2,545.24,2,0,0,1,14.3,0
12,99.46,1284.75,0,1,1,0,42.3,0
11,38.15,450.93,2,1,0,3,41.8,0
2,71.7,121.75,0,0,1,2,12.6,1
5,26.14,155.45,0,1,1,2,34.4,0
6,76.08,534.54,1,1,0,2,73.5,0
19,66.1,1271.27,1,0,0,3,44.8,1
6,113.66,615.54,2,0,0,3,20.4,1
11,39.99,434.22,2,0,0,2,23.2,0
22,61.37,1362.94,2,1,0,0,26.6,0
6,85.44,476.17,1,1,0,0,46.9,0
18,85.31,1454.73,0,0,0,3,11.8,1
15,32.68,472.47,2,0,1,0,76.7,0
58,101.65,5916.11,0,1,0,1,74.9,0
1,68.64,83.82,2,0,1,1,16.7,0
6,31.24,140.97,0,0,1,0,55.3,1
1,113.4,65.77,0,0,0,2,43.6,1
5,64.93,336.92,2,0,1,0,11.4,0
9,92.35,813.99,2,0,0,1,28.9,1
72,29.87,2196.46,0,1,0,2,68.3,0
9,44.19,427.78,1,0,0,0,27.7,0
9,69.14,570.42,0,0,1,2,19.8,1
15,85.8,1255.72,0,0,1,3,12.5,1
52,106.23,5560.95,1,0,0,1,57.2,0
57,22.14,1230.74,0,1,1,2,76.4,0
6,48.93,338.04,2,0,0,0,26.1,0
12,93.06,1107.1,2,0,0,0,22.4,1
22,26.93,565.07,2,1,1,1,67.3,0
20,96.41,1945.09,0,0,1,3,13.7,1
1,101.4,114.22,2,0,1,1,71.0,0
5,33.6,294.25,0,1,1,2,19.5,1
5,48.12,259.49,0,0,1,1,66.9,1
3,64.5,255.23,0,0,1,3,27.5,1
72,89.38,6383.87,0,0,0,0,57.2,0
7,90.1,646.52,0,1,1,1,69.2,0
22,86.1,1904.93,2,0,0,3,16.3,0
2,29.61,-25.66,0,1,1,3,43.0,0
3,104.22,410.88,0,0,0,2,26.5,1
17,58.77,965.22,1,0,0,0,2.6,0
72,30.21,2180.03,0,1,0,1,76.2,0
15,66.66,999.83,1,0,0,2,16.1,0
24,74.59,1763.86,0,0,1,0,64.1,0
26,104.92,2844.44,2,0,0,1,5.2,0
45,34.09,1467.94,0,0,0,2,52.9,0
40,81.01,3370.1,0,1,1,3,35.9,1
16,92.61,1436.23,0,0,1,2,64.0,1
27,58.77,1637.19,2,1,0,3,66.7,1
15,41.93,684.49,0,0,0,1,78.6,1
9,113.3,915.59,0,1,0,1,70.2,1
72,36.42,2595.57,0,0,0,1,58.7,0
39,56.05,2202.08,1,0,0,2,7.4,0
13,46.54,645.0,0,1,0,2,41.0,0
2,96.36,153.91,0,1,1,0,59.5,0
16,65.91,1054.0,0,1,1,1,10.8,0
29,32.95,948.63,1,0,0,2,53.3,0
10,67.16,729.43,0,0,0,0,57.5,1
32,45.71,1477.04,2,1,0,3,77.4,0
50,74.99,3772.48,0,0,1,2,26.9,1
11,60.04,676.68,0,0,0,1,42.7,0
7,114.09,811.09,0,0,0,3,29.5,1
13,90.52,1201.33,1,0,1,2,71.2,1
10,99.62,1024.08,2,1,0,1,27.7,0
1,42.56,-35.07,0,0,0,5,18.4,1
54,76.59,4109.15,2,0,1,2,49.7,0
4,24.93,160.66,0,0,0,0,65.1,1
5,44.85,243.91,0,0,0,0,63.8,1
3,40.84,136.97,0,0,1,0,60.1,0
52,63.43,3373.09,0,0,0,4,21.8,1
2,89.53,154.92,1,0,0,1,17.9,1
2,74.36,161.12,0,0,1,0,33.6,1
8,70.96,647.42,0,0,1,1,70.0,1
24,66.77,1635.23,2,0,1,1,22.4,0
6,103.9,645.71,1,0,0,0,71.5,0
1,78.35,54.77,0,0,0,0,41.1,1
1,63.17,30.6,0,1,0,2,29.3,1
5,84.65,475.03,2,1,0,0,19.4,0
9,100.51,885.62,1,0,0,3,23.2,1
2,100.34,128.58,0,1,0,0,68.7,0
8,46.35,441.29,2,1,0,2,7.0,0
9,92.5,877.68,1,0,0,1,71.9,0
15,111.75,1741.02,0,1,0,0,55.9,1
21,85.55,1716.13,0,1,0,4,22.7,0
27,44.5,1178.59,0,1,1,4,42.0,1
60,95.49,5786.72,0,1,1,0,16.6,1
19,56.62,1069.42,2,0,0,0,31.6,0
38,113.67,4302.62,0,1,0,5,63.8,0
20,51.54,1110.73,0,1,0,2,59.2,0
72,105.34,7648.12,0,0,1,1,78.8,1
40,66.64,2603.66,2,0,0,2,38.3,0
22,110.31,2359.79,2,0,0,1,71.6,0
21,112.22,2371.97,0,0,0,0,9.3,0
4,100.1,365.78,2,1,0,0,32.7,0
31,96.96,3086.09,2,0,0,8,42.4,1
10,57.85,523.71,2,0,1,1,17.5,0
17,75.97,1345.57,1,0,0,3,2.1,0
13,30.37,336.19,0,0,0,4,8.7,1
13,104.64,1521.09,1,0,0,3,6.6,1
2,72.51,138.24,0,0,0,2,65.6,0
12,100.21,1186.66,1,0,1,1,66.6,1
19,96.61,1865.03,1,1,0,0,59.8,0
2,109.39,199.13,1,1,0,3,50.4,1
21,43.49,775.85,0,1,0,4,67.3,1
2,83.44,190.82,1,0,0,1,64.7,1
3,53.54,102.35,1,0,0,0,29.9,1
2,36.19,126.09,1,1,0,2,62.1,0
8,59.79,478.06,1,0,1,1,54.2,0
9,27.24,264.69,0,0,0,0,29.2,0
19,46.7,836.66,1,1,0,0,51.6,0
41,43.32,1801.14,1,1,0,2,43.6,0
29,61.65,1759.64,2,0,0,2,70.9,0
10,49.05,500.53,0,0,0,1,17.3,1
16,43.51,682.72,1,0,0,0,69.9,0
3,63.48,182.8,2,1,0,2,74.6,0
16,92.31,1497.04,0,0,0,2,11.2,0
4,21.5,-1.35,1,1,0,1,49.3,0
7,37.49,201.74,0,0,0,1,43.5,0
26,111.84,2890.36,2,1,1,0,32.9,0
30,109.44,3206.58,0,1,0,2,18.8,1
25,26.25,625.56,1,0,0,1,24.5,0
12,73.16,835.0,2,0,0,1,5.0,0
8,53.08,371.02,1,1,0,1,50.5,0
19,30.91,547.88,0,1,1,1,16.9,0
30,52.34,1596.74,0,0,0,1,7.7,1
6,60.28,445.94,2,0,0,1,78.6,0
64,21.18,1320.58,1,0,0,1,64.1,0
8,37.81,317.16,0,0,0,1,46.1,1
26,42.48,1180.58,2,1,0,0,66.8,0
3,111.2,363.65,2,0,0,2,53.3,0
14,23.59,312.72,1,0,0,0,77.6,0
16,109.24,1779.75,0,1,0,2,41.8,0
38,36.05,1306.56,2,1,0,2,8.5,0
27,80.35,2158.48,0,0,1,2,42.6,1
66,24.34,1606.92,0,0,0,2,13.2,0
3,93.39,369.7,0,0,0,2,11.3,1
39,97.0,3763.27,0,1,0,0,75.0,0
24,44.06,1049.85,2,0,1,0,24.1,0
25,74.91,1896.95,0,0,1,0,68.9,1
4,78.74,260.91,0,0,1,1,24.9,1
3,64.56,129.82,0,0,1,1,43.7,1
37,57.9,2123.04,1,1,1,0,30.0,0
26,85.99,2189.57,1,0,1,1,44.1,0
14,26.12,387.71,1,0,0,2,13.5,0
24,89.79,2139.28,0,0,0,1,23.8,1
4,21.66,145.23,0,0,0,1,17.3,0
15,87.6,1320.29,0,0,0,0,34.0,0
6,109.12,710.02,1,0,1,0,2.5,0
28,91.03,2583.34,0,1,0,3,21.7,1
7,84.44,642.31,1,0,0,1,4.6,0
10,102.76,1053.9,0,0,0,3,55.6,1
43,114.52,4881.08,2,1,1,1,79.8,0
18,91.96,1581.89,2,1,1,1,2.6,0
29,76.52,2203.63,0,0,0,0,13.1,0
29,41.5,1217.94,2,0,1,1,30.1,0
9,86.53,750.94,0,0,1,0,60.5,0
64,31.24,1942.8,2,0,1,3,15.8,0
17,69.99,1154.96,0,1,0,1,65.3,0
35,97.77,3442.33,0,0,0,1,78.9,0
8,39.08,311.08,1,0,1,3,72.4,0
12,46.64,589.0,1,1,1,2,80.0,0
40,113.35,4483.17,0,0,0,3,29.3,0
14,65.28,940.22,0,0,0,2,26.7,0
8,86.63,669.44,0,0,0,0,53.6,1
2,28.83,85.51,2,1,0,3,73.8,0
1,42.48,16.31,2,1,1,0,15.4,0
5,53.29,264.61,1,0,0,1,26.3,0
15,106.41,1654.38,0,0,0,0,7.4,0
35,72.17,2424.4,1,0,0,1,7.3,0
4,50.62,189.82,1,0,1,1,76.2,0
26,85.82,2259.17,2,0,0,2,59.1,0
47,92.99,4301.46,0,0,0,0,55.8,1
29,72.23,2039.52,2,0,1,0,19.8,0
16,21.83,396.37,0,1,0,0,30.5,0
30,43.18,1276.43,0,1,0,1,44.7,0
9,30.48,318.56,1,0,1,2,17.6,1
1,100.74,142.88,0,0,0,0,24.9,1
35,36.95,1320.84,0,0,0,1,11.2,0
13,53.48,716.09,2,0,1,3,63.2,0
2,83.5,238.67,0,0,1,2,73.3,1
4,72.27,280.52,1,0,0,4,76.1,1
60,80.33,4750.87,2,1,0,1,60.9,0
9,84.59,793.99,0,0,0,2,24.4,1
5,38.8,290.2,0,0,0,2,36.0,1
16,101.3,1694.59,1,0,1,0,53.7,1
20,61.16,1232.68,2,0,0,1,75.1,0
5,30.36,156.75,0,1,0,2,41.5,0
3,113.53,370.88,0,0,0,1,25.7,1
9,106.77,962.74,1,1,0,4,35.7,1
16,95.37,1574.27,0,1,1,2,33.3,1
25,93.27,2405.54,0,0,0,1,55.0,1
17,111.65,1950.0,2,0,0,2,22.7,1
20,47.14,881.5,0,0,1,0,6.6,0
18,100.06,1825.82,0,0,0,3,29.4,0
70,52.45,3603.41,2,0,1,1,31.8,0
54,35.99,1975.45,2,0,0,1,25.9,0
16,68.17,1072.53,0,0,1,0,49.1,1
24,37.12,868.6,0,0,1,2,7.1,1
10,84.99,784.56,0,0,1,1,19.3,0
8,20.39,123.67,0,0,0,0,37.1,0
5,50.24,212.98,0,0,0,3,70.1,1
6,28.2,124.49,0,0,0,1,62.8,1
14,49.26,704.35,0,0,0,2,79.6,0
7,25.53,118.76,1,1,1,1,54.9,0
47,85.78,4084.53,0,0,1,1,43.4,1
5,102.39,534.49,0,0,0,0,73.4,1
1,45.25,69.16,2,0,0,1,77.7,0
3,38.79,68.61,1,1,0,2,8.9,0
4,55.91,135.31,1,1,1,1,34.2,1
60,41.68,2500.71,0,1,0,0,50.0,0
8,99.49,768.5,2,0,0,0,51.0,0
17,36.89,620.02,0,0,0,2,29.5,0
10,75.72,703.53,2,1,1,2,7.1,0
14,43.06,514.34,1,0,1,2,76.6,1
39,22.44,894.95,0,0,0,1,6.1,0
21,22.28,451.53,1,1,1,2,32.0,0
29,103.29,2982.08,0,0,0,3,58.5,1
29,71.92,2028.6,0,0,1,2,35.8,0
17,82.38,1364.61,2,0,1,1,59.6,0
10,52.77,504.1,2,0,1,2,67.3,0
9,109.57,943.28,0,0,1,1,37.0,1
31,43.08,1405.06,0,0,0,1,39.2,0
9,64.43,559.91,0,0,0,0,78.9,0
15,58.84,808.45,0,0,0,2,77.9,0
18,26.31,531.22,0,0,1,0,58.3,0
3,83.57,157.91,1,1,1,2,45.6,1
43,74.03,3149.99,2,1,0,2,64.6,0
16,105.84,1656.47,0,0,0,1,37.2,1
1,38.47,-57.85,1,0,0,2,65.0,0
7,21.49,121.22,2,1,0,3,73.7,0
32,29.26,846.57,0,0,0,1,63.5,0
2,51.4,79.96,1,0,1,3,7.9,1
26,59.94,1590.24,1,0,1,2,12.3,0
68,31.07,2093.75,0,0,1,1,57.8,0
29,95.58,2759.47,1,0,0,3,11.2,1
14,88.82,1115.03,1,0,0,2,74.5,0
13,55.85,655.34,1,1,1,1,27.3,0
28,55.78,1573.5,1,1,1,1,21.5,0
2,105.4,195.79,1,0,1,1,59.2,0
14,20.54,287.65,0,0,0,2,57.3,0
8,59.15,440.05,0,0,1,2,66.6,1
11,94.85,1029.1,0,0,1,3,79.6,1
7,94.05,704.45,1,0,0,2,45.8,1
6,34.68,246.2,1,0,1,0,54.6,0
6,32.44,281.17,0,0,0,1,77.2,1
7,49.48,297.95,2,0,0,1,44.7,0
34,73.14,2473.97,1,0,0,2,31.8,1
6,37.39,200.06,0,1,0,2,39.4,0
56,47.13,2622.2,2,0,1,0,68.3,0
14,59.88,797.65,2,0,0,2,38.7,0
21,21.36,431.03,2,0,1,1,41.0,0
31,93.12,2924.08,0,0,0,1,42.5,1
57,83.97,4760.54,2,0,0,3,71.5,0
12,72.79,861.82,1,1,0,1,66.1,0
2,92.48,197.64,0,0,0,1,23.8,1
52,27.88,1507.31,0,0,1,3,29.3,0
72,26.77,1877.72,0,0,1,2,70.0,0
20,102.56,1978.17,0,0,0,2,20.7,1
27,61.98,1689.47,1,0,1,0,5.4,0
43,86.8,3693.63,0,1,0,1,59.7,0
25,27.7,774.44,0,0,0,1,4.8,0
11,107.31,1110.77,0,0,1,1,29.1,0
1,109.19,33.59,0,0,1,0,30.6,0
25,64.22,1673.55,1,0,0,2,38.3,1
6,111.31,615.21,2,1,1,3,67.5,0
1,55.88,73.76,1,0,1,1,67.9,1
32,45.04,1518.51,0,1,1,1,6.4,1
42,79.49,3313.88,0,0,0,1,54.8,0
62,59.54,3712.95,2,0,0,2,79.6,0
6,53.59,279.82,0,1,0,2,20.3,1
16,109.48,1792.9,1,1,1,1,4.3,1
2,107.04,170.39,1,1,1,0,26.1,0
29,114.2,3342.38,0,0,0,2,57.8,0
32,84.43,2659.91,1,1,1,1,60.0,0
22,78.34,1732.5,2,0,1,0,58.7,0
41,63.32,2633.0,0,0,1,4,13.8,1
36,47.16,1677.35,2,0,1,1,32.8,0
67,46.79,3100.36,1,1,1,2,49.7,0
21,53.74,1092.34,1,0,0,1,33.3,0
45,101.01,4483.72,0,1,0,1,15.0,0
16,48.3,786.56,2,0,0,0,76.6,0
3,83.84,293.26,0,1,1,1,24.5,1
32,111.74,3611.63,0,0,0,2,49.1,0
8,54.61,384.03,2,1,0,1,65.4,0
20,65.03,1440.93,0,1,0,1,49.1,0
72,78.26,5618.27,0,0,0,1,67.9,0
26,20.59,556.61,2,0,0,0,76.9,0
1,29.1,83.67,0,0,1,3,70.5,1
20,60.41,1254.21,0,0,0,2,76.4,1
28,36.68,1096.02,0,0,0,1,60.0,0
16,111.65,1712.18,0,1,0,1,2.0,0
28,81.17,2224.81,1,0,0,1,34.8,0
13,32.26,438.98,0,0,0,1,34.1,1
14,99.08,1379.28,0,1,1,2,45.8,1
32,73.69,2378.49,0,0,1,4,72.1,1
4,53.9,239.14,0,0,1,0,25.0,1
5,107.65,520.85,0,1,1,0,75.3,0
3,21.6,45.15,1,0,0,2,76.2,1
13,85.9,1129.19,0,0,1,3,79.8,1
59,50.47,2968.28,1,1,0,2,35.0,0
64,92.43,5920.27,0,0,0,1,42.7,0
5,90.99,448.64,1,1,0,1,16.8,1
25,45.57,1103.54,1,0,0,2,12.9,0
3,24.12,28.26,2,0,1,4,70.9,0
9,103.54,966.34,1,0,0,0,63.5,0
10,88.78,880.77,1,1,0,3,15.5,1
9,86.15,799.67,1,1,0,1,26.8,0
14,102.47,1450.62,0,1,1,3,13.0,1
1,108.95,86.13,0,0,0,0,4.7,0
15,68.02,1009.75,0,1,1,2,15.5,0
1,33.19,39.95,0,1,0,1,35.7,1
15,29.01,455.94,2,1,0,0,29.9,0
7,73.59,479.62,0,0,1,2,3.0,1
18,29.14,474.74,0,1,0,1,60.7,0
14,111.61,1532.35,0,1,0,1,40.8,1
19,61.17,1104.59,0,0,0,1,52.1,1
1,88.83,123.43,1,1,0,1,36.6,1
30,85.97,2557.39,1,1,0,1,22.5,1
4,108.6,485.98,2,1,0,2,47.3,1
66,55.74,3684.61,0,0,0,2,12.0,0
3,28.19,109.72,2,0,0,0,19.5,0
19,84.64,1669.64,2,0,0,1,46.9,0
10,75.91,759.43,2,1,0,3,31.6,1
1,52.21,25.5,0,1,0,0,48.6,0
65,30.32,2044.37,0,1,0,0,57.0,0
8,57.01,432.48,0,0,1,1,24.2,1
23,111.16,2590.17,1,0,1,0,41.8,0
38,79.99,3035.63,0,1,1,0,33.4,0
17,90.9,1554.46,0,0,1,2,24.5,0
43,52.55,2227.59,1,0,1,2,16.6,0
63,26.79,1695.29,2,0,0,0,14.0,0
36,80.04,2746.43,0,0,1,3,60.2,1
9,105.64,950.44,0,0,0,2,66.2,0
12,81.82,996.28,0,1,1,3,9.7,1
10,24.95,184.36,0,0,1,3,13.3,1
15,54.0,776.22,2,0,1,0,67.1,0
39,67.89,2582.68,1,1,0,0,69.5,0
1,52.71,36.18,1,0,0,2,67.2,1
9,56.47,519.39,0,0,1,1,26.5,0
7,84.09,587.48,1,0,0,0,53.6,1
7,47.67,354.15,0,1,0,3,12.0,1
1,45.1,28.58,1,0,1,4,59.3,0
8,33.02,262.64,0,0,0,3,69.5,1
12,21.79,350.14,0,0,1,0,54.2,1
23,84.67,2025.16,0,1,0,0,76.5,0
49,35.57,1738.34,0,1,1,1,73.1,0
14,33.62,443.27,1,0,1,2,42.6,0
19,44.68,848.09,0,1,0,3,40.8,1
22,23.88,626.75,0,0,0,0,58.4,0
7,71.29,485.08,0,1,1,1,10.6,0
4,56.08,170.81,0,1,1,0,34.9,0
16,50.37,778.28,1,0,1,3,6.1,0
18,105.11,1751.42,0,1,1,1,56.0,1
15,82.53,1151.46,0,0,0,3,44.4,1
37,57.6,2097.93,0,0,1,0,78.6,0
21,41.8,903.73,2,0,1,4,54.6,1
4,83.77,387.33,0,0,1,2,46.0,1
43,111.54,4688.87,0,0,1,1,33.5,0
47,94.0,4364.59,2,0,0,1,13.4,0
17,67.37,1217.98,2,0,0,1,74.6,0
3,85.02,273.56,0,0,1,2,16.5,1
16,51.1,784.06,0,0,0,2,29.0,1
15,70.72,1113.15,0,1,1,1,6.9,0
21,111.0,2259.8,2,1,1,2,67.0,0
25,30.36,797.71,1,0,0,5,59.5,0
21,73.75,1621.24,0,1,0,0,8.1,0
19,29.66,593.95,0,0,1,1,56.4,0
27,93.07,2580.3,0,0,1,2,24.8,1
1,101.99,35.55,0,1,0,1,59.9,1
9,47.06,471.08,0,0,0,1,47.9,1
26,30.67,752.47,2,1,1,2,5.0,0
25,90.16,2207.09,2,1,1,1,12.1,0
9,26.58,243.43,0,0,0,1,54.0,0
1,91.52,130.96,0,1,0,1,69.0,1
62,34.46,2132.92,0,1,0,0,3.3,0
25,67.06,1735.0,2,1,0,0,19.1,0
6,72.5,469.19,0,0,1,1,45.5,0
72,55.87,4039.31,0,1,0,1,59.2,0
13,67.18,768.32,0,0,0,2,27.9,1
7,50.6,340.1,1,0,1,1,24.6,1
29,104.5,2943.98,0,1,0,2,11.8,1
30,65.5,1878.77,1,0,1,1,57.2,1
25,72.56,1951.03,2,0,0,1,51.9,0
9,24.99,236.73,1,1,0,0,38.3,1
6,99.83,600.78,0,0,0,2,50.3,1
7,45.92,347.78,0,1,1,3,53.3,1
16,93.48,1502.6,0,1,1,2,60.2,0
72,96.59,7052.09,2,0,1,2,8.2,0
12,76.52,898.43,0,1,1,0,40.6,1
29,89.41,2626.91,2,1,1,2,60.2,0
9,24.45,269.93,0,1,0,3,61.0,1
16,104.78,1756.36,0,0,0,1,5.3,0
1,94.59,34.14,2,0,1,0,74.1,0
13,67.5,890.13,2,0,1,0,55.7,0
4,109.28,499.93,0,1,1,4,32.4,1
47,35.66,1620.55,0,1,1,1,43.2,0
72,64.49,4548.32,0,0,1,2,22.4,0
2,34.92,138.47,0,0,0,1,41.0,0
9,54.26,494.95,2,0,1,4,20.5,0
12,107.33,1373.21,2,0,1,1,33.1,0
17,76.84,1256.53,0,1,0,0,9.5,1
14,24.97,334.38,1,0,0,1,37.5,0
4,92.73,452.87,2,0,0,1,8.9,0
7,64.39,510.8,1,0,0,4,25.3,1
9,74.78,709.76,1,0,1,1,41.0,1
27,76.38,2190.2,0,0,0,0,52.0,0
19,99.49,1881.32,0,0,0,1,46.7,0
40,112.8,4416.42,0,1,1,1,65.8,0
49,20.77,1037.82,0,1,0,1,55.9,0
3,103.59,292.27,2,0,0,1,46.2,0
55,27.09,1501.65,0,0,0,1,21.4,0
33,108.51,3490.22,1,0,1,3,28.0,0
43,57.33,2489.65,0,0,0,4,45.3,1
12,55.45,698.78,2,0,0,0,54.5,0
5,93.83,594.15,1,0,1,2,71.7,0
14,98.43,1373.6,0,0,0,0,21.9,0
39,114.05,4517.1,0,1,0,4,46.9,0
16,100.16,1588.19,0,0,0,3,35.2,1
72,112.48,7916.36,0,0,1,0,11.1,0
36,43.61,1527.25,0,0,1,3,69.0,1
28,20.99,547.23,1,0,0,1,24.2,0
15,26.83,445.2,0,1,1,1,5.2,0
17,69.64,1300.63,0,0,1,1,11.8,0
11,112.26,1268.43,0,0,1,1,11.2,0
2,53.37,57.03,0,0,1,0,39.5,0
10,45.11,437.63,1,0,0,2,38.3,0
10,76.84,736.86,1,0,0,1,18.0,0
25,26.58,698.39,1,0,1,1,24.0,0
28,26.25,693.97,0,1,0,1,63.2,0
28,103.87,2950.72,1,0,0,1,41.0,0
13,32.62,475.53,0,0,1,1,58.9,1
9,41.73,339.74,2,0,1,2,18.3,0
49,113.52,5520.56,0,0,1,1,45.3,0
26,55.26,1422.15,0,0,0,0,44.0,0
7,49.73,332.75,1,1,0,1,32.2,1
68,48.02,3302.42,0,0,0,1,3.1,0
19,91.04,1732.04,0,0,1,1,77.9,1
4,23.6,94.7,0,0,0,2,43.1,1
36,113.57,4008.86,0,0,0,2,16.7,0
9,62.37,547.62,1,1,0,2,42.2,1
43,31.39,1401.41,0,0,0,3,29.7,0
16,51.46,873.98,0,0,1,1,69.3,1
17,50.18,811.44,0,1,1,2,33.5,1
4,41.34,139.77,1,0,0,1,69.5,0
21,111.7,2319.76,2,0,1,4,11.9,1
10,59.67,677.03,0,0,1,0,3.1,1
9,22.58,236.78,0,0,0,0,75.6,1
18,75.06,1370.57,2,0,0,0,38.9,1
59,74.63,4379.17,2,0,1,0,68.7,0
23,75.82,1743.53,2,0,0,1,59.0,0
23,78.71,1744.21,0,0,1,0,78.4,0
1,20.48,75.9,0,1,0,1,52.5,0
6,92.19,588.88,0,0,0,0,2.8,0
2,83.29,238.06,0,1,1,2,61.9,1
25,109.23,2701.73,0,0,1,2,74.3,1
37,78.31,2857.33,0,1,0,0,18.4,0
22,76.45,1666.31,0,0,1,0,46.4,0
2,94.28,122.3,0,1,0,2,79.4,1
17,94.66,1636.91,0,0,0,2,8.0,0
2,27.03,-15.42,2,0,1,1,52.1,0
12,84.27,975.25,2,0,1,1,25.9,0
45,55.03,2528.3,0,1,1,1,12.3,0
21,114.71,2433.53,0,1,1,1,28.9,0
9,24.47,196.33,2,0,0,3,70.2,1
15,23.23,356.89,0,1,0,2,18.4,0
17,59.15,975.58,0,0,0,2,62.8,0
12,78.28,909.99,2,1,0,4,14.1,0
36,70.94,2568.58,2,0,0,1,79.0,0
1,86.98,112.19,2,0,0,1,71.1,0
23,111.77,2514.58,0,0,0,0,52.5,0
53,79.55,4160.15,0,0,0,1,34.1,1
23,96.12,2331.35,0,1,1,0,61.4,0
8,63.24,467.96,2,0,0,1,50.1,0
9,35.93,360.38,0,1,0,5,61.6,1
27,72.85,2013.19,0,0,0,2,64.0,1
9,102.59,943.91,0,0,1,0,12.0,0
8,101.79,808.89,2,0,0,2,6.1,0
72,22.64,1666.24,2,0,1,0,10.5,0
5,62.21,304.74,0,1,0,3,44.2,0
16,49.85,828.26,1,0,1,1,14.2,1
6,103.09,602.59,0,0,1,1,37.4,1
38,37.39,1409.86,0,0,1,1,36.3,0
3,73.81,263.44,0,0,0,2,63.6,0
8,48.29,402.87,0,1,0,2,34.7,1
27,26.93,698.79,0,0,0,0,10.4,0
3,59.11,143.45,1,0,0,2,3.5,0
15,65.22,1022.66,0,1,1,0,71.7,0
25,42.23,1034.14,1,1,0,1,15.3,0
22,80.52,1761.37,0,1,0,4,73.8,1
1,21.01,46.6,0,1,1,0,35.2,0
64,51.83,3343.67,0,0,1,3,54.6,0
20,33.01,716.89,0,1,0,0,59.4,1
35,36.85,1252.78,0,0,0,0,62.1,0
6,64.62,336.26,1,0,1,0,44.6,0
9,63.08,618.43,2,1,0,1,21.7,0
11,35.89,433.4,0,0,1,2,56.3,0
33,38.84,1291.01,1,0,0,3,46.3,0
26,45.83,1244.78,0,1,0,2,58.3,1
2,30.61,48.52,0,1,0,0,29.1,1
20,59.4,1193.01,0,0,1,1,36.6,0
13,41.6,555.94,2,0,1,1,17.6,0
1,72.16,66.84,2,0,0,2,48.0,0
5,99.99,498.52,2,0,1,0,39.5,1
2,88.94,190.67,1,1,0,0,16.5,0
12,87.35,986.77,0,1,0,1,69.1,1
27,68.19,1915.31,0,1,0,1,50.6,1
25,62.11,1604.6,0,0,0,6,75.7,0
5,92.43,409.12,1,1,1,3,39.1,0
15,82.99,1308.97,2,0,0,3,62.8,0
7,21.21,221.86,0,0,1,2,52.4,1
1,24.29,36.77,1,1,0,1,56.6,0
2,72.68,222.85,0,0,0,0,3.4,1
5,62.66,409.45,0,1,1,0,41.9,0
20,31.49,671.16,0,1,0,2,19.3,0
57,68.83,3964.79,0,1,1,2,64.6,1
22,34.95,701.82,1,1,0,1,7.0,0
7,74.22,473.86,2,1,1,0,25.5,0
17,110.18,1917.48,1,0,0,0,42.0,0
5,103.12,599.19,0,0,0,0,33.4,0
14,28.52,299.68,2,1,0,1,8.9,0
13,97.71,1287.34,2,0,0,1,62.9,0
3,87.89,190.22,0,0,0,2,77.8,1
4,44.29,239.25,1,0,0,1,24.6,0
6,46.2,326.63,2,1,0,2,6.8,0
60,39.67,2316.7,2,1,0,2,52.9,0
4,39.55,187.66,0,0,1,1,39.8,1
13,66.09,769.1,0,0,0,3,36.6,1
4,40.35,144.31,0,0,1,2,19.7,1
13,114.56,1460.65,1,0,1,2,29.4,1
3,70.26,281.09,1,0,0,0,10.1,1
51,63.57,3274.16,2,0,1,0,78.9,0
6,80.87,482.82,0,1,0,3,67.5,1
22,110.42,2390.44,2,0,0,3,54.3,0
26,94.28,2411.91,0,1,0,0,41.8,0
11,93.34,992.33,0,1,0,1,8.6,1
7,45.32,266.67,0,1,1,1,18.9,0
26,111.12,2905.42,0,0,1,2,35.5,1
5,56.29,313.04,1,1,0,0,54.4,1
2,52.46,90.99,0,0,0,4,4.4,1
1,73.85,81.44,1,1,0,1,62.5,0
63,102.83,6460.92,0,1,1,1,71.5,0
8,97.68,814.49,1,1,1,1,55.3,0
22,65.78,1438.01,2,1,1,2,30.8,0
25,20.17,467.94,0,0,1,1,21.8,1
6,74.79,491.69,2,0,0,1,49.0,0
72,20.31,1512.13,0,0,0,3,77.7,0
7,79.39,506.15,2,0,1,3,3.1,0
19,77.82,1577.22,0,0,0,2,36.7,1
69,74.24,5133.32,1,0,1,3,79.6,0
5,51.47,292.72,0,0,0,1,64.5,0
47,94.67,4527.41,2,1,0,0,68.1,0
14,110.59,1570.37,2,1,0,1,59.5,1
14,38.92,631.22,0,0,0,1,31.5,1
3,25.54,39.5,0,0,1,2,60.1,1
14,28.67,376.12,2,0,0,0,25.9,0
4,56.88,270.64,2,0,1,2,36.1,0
14,88.6,1199.36,0,1,0,3,74.2,0
7,89.42,584.62,1,0,0,1,58.6,0
1,107.59,58.05,0,1,1,1,33.0,0
54,32.09,1764.43,2,0,0,1,30.4,0
5,30.27,67.24,1,0,0,3,16.9,0
12,46.06,467.15,0,1,1,2,23.5,1
3,56.66,192.85,0,1,0,2,25.7,0
10,38.73,404.56,0,0,1,0,66.2,0
14,76.8,1136.14,0,0,0,2,54.5,0
2,43.13,-24.82,1,0,1,1,21.6,0
1,22.66,89.12,1,0,1,0,42.0,0
1,96.4,72.05,0,1,0,1,2.9,1
5,112.76,607.96,0,1,0,0,70.0,0
16,105.16,1625.78,1,0,0,3,20.0,0
36,53.15,1884.87,1,0,1,2,70.9,1
8,22.82,116.22,0,1,1,1,10.8,0
35,74.95,2597.55,0,1,0,3,47.4,0
4,39.21,90.61,2,0,0,1,31.1,0
16,33.29,464.14,0,1,0,1,52.6,0
16,33.84,499.39,0,0,0,1,69.5,1
8,108.46,869.33,1,1,1,0,36.2,0
42,89.67,3713.53,1,0,0,2,48.8,0
63,68.87,4334.78,1,1,1,1,73.3,0
20,91.98,1800.13,1,1,0,3,51.2,0
5,24.29,141.15,1,1,0,1,6.1,0
22,114.68,2556.37,0,0,0,3,6.2,1
19,30.66,625.71,0,1,0,0,79.8,0
23,24.69,511.91,2,0,1,1,34.9,0
3,33.36,140.95,1,0,1,0,3.4,0
18,66.3,1158.34,0,0,1,2,48.8,0
25,80.49,1936.31,0,0,1,2,15.5,1
6,75.14,424.11,1,0,1,0,45.8,1
2,89.02,249.12,2,0,1,1,18.4,1
12,45.79,550.02,0,0,1,2,76.2,0
72,47.29,3382.48,1,1,0,1,64.7,0
35,48.5,1679.84,1,1,0,1,22.3,0
8,52.05,361.55,0,0,1,3,79.3,1
20,51.58,1009.32,0,0,1,1,3.3,1
9,58.94,510.04,1,0,1,3,11.5,0
1,55.99,44.87,0,1,1,2,22.6,1
14,55.32,729.38,0,0,1,0,55.0,1
30,73.61,2270.21,2,1,0,2,54.4,0
39,34.42,1400.23,0,1,0,0,7.6,0
8,97.9,795.48,0,1,1,3,33.9,1
11,69.92,769.63,2,0,0,2,11.9,0
44,26.32,1126.07,0,0,1,2,65.3,0
8,25.92,257.47,0,0,1,2,45.6,1
1,103.06,54.85,0,0,0,0,64.6,1
72,91.67,6623.58,0,0,0,1,40.4,0
72,82.97,6063.57,2,0,0,2,29.7,1
50,109.96,5528.98,0,0,0,0,78.2,0
72,105.71,7618.14,0,0,1,2,73.0,1
16,85.12,1302.31,0,1,0,3,39.5,1
23,60.78,1402.14,2,0,0,1,22.7,0
13,91.67,1216.29,1,1,1,2,51.6,1
38,99.39,3833.11,0,0,1,4,25.2,1
29,89.22,2457.79,2,0,0,2,70.6,0
31,67.03,2126.41,0,0,1,6,4.3,0
15,90.2,1344.21,1,0,1,2,66.4,0
9,69.48,566.84,0,0,0,1,31.3,1
12,110.08,1255.14,1,1,0,2,71.7,1
13,63.83,857.25,0,0,0,2,17.7,0
72,32.48,2332.06,2,1,1,2,33.1,0
25,67.25,1651.26,0,1,0,1,48.1,0
7,96.29,652.88,0,0,1,1,15.4,1
39,39.55,1569.5,0,1,1,0,44.6,0
22,46.1,1019.57,0,0,1,1,64.3,1
3,52.9,179.35,0,0,0,1,19.5,0
72,105.0,7607.52,0,0,1,3,71.1,0
72,63.22,4556.55,0,0,0,2,40.5,0
7,51.61,433.38,0,0,0,2,36.8,1
55,24.39,1314.17,0,1,1,0,79.0,0
9,106.33,1041.87,0,0,0,2,34.1,1
4,107.64,447.67,2,1,0,2,63.4,1
3,104.06,317.97,0,0,1,0,7.2,1
48,44.31,2071.04,1,0,0,0,43.5,0
3,79.5,234.65,0,1,1,2,34.3,0
17,29.96,448.85,2,0,0,3,24.3,0
9,87.54,703.46,0,0,0,1,54.1,0
12,52.29,594.75,0,0,1,1,55.8,1
3,42.98,90.56,2,0,1,1,7.2,0
8,54.65,490.07,0,1,0,1,53.7,1
15,89.5,1316.87,0,0,0,0,30.7,0
1,111.69,106.97,1,0,0,3,51.5,0
49,50.19,2395.21,1,1,1,0,43.5,0
24,41.01,990.9,1,1,0,2,58.2,0
7,20.76,150.27,2,0,1,2,65.7,0
14,88.6,1235.7,0,1,0,1,14.8,0
2,55.02,113.16,2,0,0,1,26.0,0
43,108.72,4649.68,1,0,1,0,30.4,0
41,26.76,1105.38,0,0,0,1,73.7,0
2,51.76,137.41,0,0,0,2,14.7,1
4,102.81,428.76,0,1,0,4,14.8,1
7,58.41,426.12,0,0,0,0,56.9,0
14,61.99,796.33,0,0,1,1,67.5,0
22,91.92,1934.04,2,0,0,0,20.4,0
19,66.69,1266.59,1,1,0,1,27.6,0
65,114.87,7417.24,2,0,0,1,52.4,0
4,80.88,274.17,0,0,1,1,29.9,0
38,73.6,2801.25,2,1,0,1,34.7,0
72,62.92,4446.02,1,0,0,1,55.5,0
16,27.26,458.63,0,1,0,3,45.4,1
9,43.07,378.62,0,1,0,2,37.7,1
15,59.28,907.83,2,0,0,1,13.1,0
38,67.4,2515.99,0,1,0,0,27.7,0
2,93.43,111.75,0,1,0,1,61.0,0
18,106.37,1844.81,0,0,1,3,76.7,1
72,65.73,4728.13,2,0,1,5,79.3,0
11,56.52,794.24,1,0,1,1,25.5,1
12,28.27,345.96,0,0,0,1,62.9,0
6,78.3,501.74,2,1,0,1,77.9,0
13,24.16,366.2,0,0,0,2,21.0,0
1,70.54,96.3,2,1,0,1,48.8,0
19,71.01,1324.09,0,0,0,1,75.0,1
12,55.98,670.87,0,1,0,2,37.4,1
9,47.03,494.31,1,0,0,3,57.2,0
1,36.18,47.54,0,0,0,0,8.6,0
5,28.87,15.97,0,1,0,1,15.6,0
4,85.45,325.74,2,0,1,4,74.8,0
2,39.22,28.42,1,1,1,3,34.7,0
5,31.4,133.26,0,0,0,3,3.1,1
6,88.06,524.97,2,1,1,0,23.9,0
5,40.53,201.42,1,1,0,2,71.2,0
6,56.31,261.28,0,0,1,1,4.8,0
2,87.31,100.8,0,0,1,2,11.7,1
41,28.02,1147.38,2,0,0,0,31.8,0
1,82.26,79.55,2,0,1,1,40.5,0
17,69.84,1202.66,1,0,0,1,14.6,1
9,59.42,504.75,2,0,0,0,70.9,0
12,51.63,631.87,1,0,0,1,2.5,0
64,32.9,2114.47,2,0,0,3,19.0,1
11,41.75,426.79,0,0,0,1,35.9,1
7,33.34,263.26,0,0,0,2,51.7,1
9,39.22,246.83,2,0,1,0,6.0,0
42,57.18,2416.13,0,1,0,3,63.2,0
9,37.22,403.06,0,0,1,2,26.0,1
24,20.22,462.37,1,1,1,0,13.2,1
2,73.59,127.6,2,0,1,1,62.3,1
72,75.05,5513.85,1,0,0,1,3.9,1
38,28.71,1109.28,0,0,0,0,64.7,0
56,95.71,5466.45,1,1,0,3,23.9,0
22,78.9,1690.5,0,0,0,0,72.0,1
8,64.03,488.37,0,1,1,0,23.9,0
7,45.96,345.95,0,0,0,3,76.9,1
20,67.16,1324.32,0,1,1,1,8.5,0
15,75.75,1146.24,0,0,0,1,49.8,0
7,53.82,344.69,2,0,1,1,8.5,0
72,51.02,3605.3,1,0,0,1,11.7,0
7,86.09,563.52,1,1,0,2,40.7,1
35,98.72,3459.04,2,1,0,1,63.7,0
53,80.92,4366.78,0,1,1,0,35.7,0
1,73.41,26.82,2,0,1,1,6.1,1
14,47.68,690.24,2,0,0,2,8.1,0
2,46.96,136.5,0,0,1,0,44.9,0
15,97.92,1499.02,0,1,1,0,30.2,1
14,114.89,1624.4,0,1,0,1,77.8,1
13,78.35,971.69,0,0,1,4,42.6,1
1,107.68,241.2,1,0,1,3,52.4,0
1,95.63,111.83,1,1,0,1,28.9,0
34,40.37,1390.53,0,0,1,2,45.9,1
12,59.34,653.13,1,0,1,0,65.6,0
12,27.76,356.88,1,0,0,1,19.1,0
8,24.88,252.03,0,1,1,3,55.1,0
19,26.94,486.76,2,1,1,4,2.1,1
1,61.14,146.55,2,0,0,4,47.2,0
54,62.72,3342.09,1,0,0,1,37.4,0
72,113.36,8187.43,0,1,1,2,26.5,0
1,80.73,20.46,2,0,0,5,2.7,1
24,44.48,1095.84,0,0,0,3,78.0,0
1,27.51,20.1,1,0,0,2,72.8,0
3,45.95,100.77,0,0,0,0,46.3,0
5,25.81,168.73,0,0,0,2,67.4,1
17,49.38,731.5,0,0,1,1,49.6,0
2,91.52,158.8,0,0,1,1,3.6,1
7,82.7,556.71,0,0,0,3,43.9,1
4,54.1,168.35,0,0,1,0,23.4,0
1,101.99,33.31,0,1,1,2,73.3,0
26,47.5,1193.86,0,0,1,1,25.8,1
43,70.57,3012.7,1,1,1,0,61.5,0
72,110.88,7921.72,0,0,0,3,52.7,0
6,27.08,144.68,2,0,0,1,66.6,0
34,32.49,1154.42,0,0,1,1,66.3,1
12,77.6,987.27,0,0,0,4,76.7,1
24,41.68,920.11,2,0,0,2,69.5,0
11,71.88,812.02,1,0,1,2,37.7,1
8,34.2,234.85,0,0,1,3,46.9,1
20,24.86,513.02,0,0,0,0,77.4,0
26,54.57,1441.81,0,0,0,1,4.7,0
21,68.16,1410.17,1,0,0,1,59.0,1
41,46.55,1864.95,0,0,0,1,70.7,0
3,45.18,134.36,0,1,1,0,29.2,1
8,48.67,362.3,1,0,0,3,75.4,0
36,52.53,1901.0,0,0,0,0,64.4,0
1,106.2,141.88,2,1,0,1,74.9,0
47,54.73,2527.3,0,1,1,3,46.8,0
42,104.35,4335.09,2,1,0,0,20.4,0
17,65.19,1061.09,1,0,1,1,30.2,1
6,86.98,549.12,0,0,0,1,40.2,1
9,101.59,854.76,1,0,0,1,35.1,1
37,48.58,1740.02,2,0,0,2,62.3,0
3,108.02,310.97,1,0,1,0,12.2,0
24,97.49,2272.42,0,1,0,2,12.6,1
2,56.01,45.31,0,1,1,0,77.7,0
8,92.97,774.23,1,0,0,4,15.2,1
16,51.54,796.39,1,0,0,0,68.0,1
55,96.78,5374.78,0,0,1,0,77.0,0
3,42.97,67.39,0,1,1,2,9.7,1
10,80.57,790.91,2,0,0,0,73.1,0
30,70.27,2144.24,1,0,0,7,48.7,1
29,80.09,2297.57,2,1,1,2,15.0,0
5,104.55,470.56,2,0,1,2,3.2,1
1,78.0,115.91,0,0,0,2,62.2,1
12,75.47,884.12,0,0,0,0,59.6,0
8,107.77,879.98,0,0,0,0,78.7,1
27,25.87,661.43,0,1,1,2,62.0,1
18,68.84,1216.99,0,0,0,3,22.6,0
72,62.08,4491.38,2,0,1,2,79.7,0
29,100.24,2977.43,0,1,0,3,49.4,0
1,104.4,53.8,1,0,1,1,18.1,0
3,82.66,395.88,0,1,1,0,60.3,0
30,30.3,1031.32,0,0,0,1,17.8,0
4,63.14,168.46,2,0,1,4,74.4,1
2,87.32,85.4,2,0,0,1,5.6,1
16,100.18,1593.15,1,0,1,3,34.3,0
6,91.22,463.01,0,0,0,0,16.9,1
3,97.35,304.24,2,1,1,1,6.8,1
21,29.48,602.32,0,1,0,0,4.7,1
13,20.75,258.43,1,1,1,0,20.5,0
5,68.48,271.37,2,1,0,1,6.2,1
10,113.42,1214.6,0,0,0,1,3.8,1
25,95.96,2440.57,0,0,0,2,52.7,1
1,31.66,42.48,0,0,0,0,24.1,0
38,101.69,3853.83,1,0,1,1,66.1,0
11,91.04,918.24,2,0,0,2,50.7,0
72,103.97,7404.25,0,0,0,1,47.4,0
14,52.52,747.5,1,1,0,3,37.1,0
36,25.0,887.38,0,0,1,0,23.9,0
5,90.57,543.8,1,0,0,2,36.6,1
72,100.77,7236.5,1,1,0,3,4.4,0
17,76.28,1341.63,0,0,1,2,79.2,1
5,46.24,230.31,0,1,0,1,64.5,0
3,83.57,274.44,2,0,1,4,6.6,0
43,68.38,2922.5,2,0,1,0,61.5,0
12,40.49,448.38,2,1,1,1,22.5,0
33,54.2,1800.86,0,1,1,1,9.4,0
26,36.05,914.88,2,1,0,1,30.1,0
40,87.57,3527.98,0,0,0,4,8.9,1
71,40.1,2939.4,1,1,1,2,44.8,0
41,50.55,2085.97,0,1,0,3,27.5,0
1,46.65,113.95,2,1,1,2,31.8,0
20,31.76,666.93,1,0,0,4,66.3,0
1,73.53,-2.84,0,0,1,2,39.9,1
5,74.98,413.01,0,0,0,2,7.9,1
11,93.35,1026.19,2,1,1,2,73.9,0
9,30.48,386.91,1,0,0,1,6.9,0
60,110.3,6631.38,2,1,1,1,23.5,0
15,103.15,1557.3,2,0,0,1,52.1,0
8,106.33,963.61,0,1,0,2,20.0,1
41,101.4,4078.85,0,0,0,3,72.6,1
6,111.81,697.4,0,1,1,2,77.2,1
24,62.25,1434.77,1,0,0,2,18.1,1
10,48.82,553.11,2,1,0,2,31.7,0
1,34.25,4.6,2,0,0,0,40.0,0
2,71.44,96.38,2,0,0,3,45.4,0
22,99.18,2217.81,0,0,0,5,40.9,0
3,34.83,119.82,2,1,1,2,70.6,0
23,103.43,2306.25,1,0,1,2,48.6,0
9,88.56,795.1,0,0,1,0,20.3,1
50,41.85,2121.89,1,0,0,2,34.1,0
13,71.32,872.38,0,0,1,1,47.2,1
1,96.39,109.79,0,1,0,0,27.6,1
8,48.25,305.61,2,0,1,2,58.8,0
27,67.97,1770.04,1,0,0,4,67.9,0
72,43.5,3078.64,0,0,0,0,6.3,1
24,92.36,2091.29,1,1,1,0,48.1,0
19,94.19,1706.16,0,0,1,2,77.9,1
14,36.42,629.88,0,0,1,3,56.1,0
32,37.11,1132.63,0,0,1,4,28.1,1
2,20.2,51.03,0,1,0,0,50.0,0
26,54.69,1369.51,0,0,0,2,44.7,1
10,92.48,935.03,1,0,0,3,60.8,0
72,78.29,5672.29,0,1,0,0,35.8,0
20,60.8,1217.46,1,1,0,0,58.9,0
6,73.69,460.24,2,0,0,3,72.5,1
1,88.16,5.95,2,1,1,0,74.3,1
53,100.55,5351.84,1,1,1,0,50.0,0
13,62.89,894.7,1,1,0,3,26.9,0
17,49.92,814.14,0,0,0,1,58.8,0
27,76.77,2006.34,0,1,1,2,22.4,0
7,79.09,578.63,0,0,0,0,69.7,0
30,39.14,1201.82,2,0,0,0,52.6,0
5,112.91,529.98,2,0,1,2,62.3,0
15,20.73,258.88,0,0,1,1,76.5,0
33,51.49,1679.81,2,0,0,1,70.1,0
24,79.43,1858.8,0,1,1,0,77.4,1
72,110.87,8019.45,0,0,1,2,21.4,0
4,93.84,327.35,1,0,1,2,41.2,1
5,79.0,457.84,2,0,1,1,72.1,0
20,22.95,412.66,0,0,0,1,40.9,0
8,52.16,425.54,2,1,0,4,66.1,0
1,98.16,31.39,1,0,0,3,66.1,1
4,111.07,425.38,0,0,1,2,37.4,1
25,107.31,2619.1,0,0,0,2,67.1,1
45,87.41,3894.01,2,0,0,2,75.0,0
20,44.12,854.31,2,1,0,1,4.6,0
11,112.62,1231.26,0,1,0,1,77.0,0
24,81.19,1932.98,2,0,0,2,37.3,0
19,89.51,1623.79,0,1,0,2,38.7,1
24,29.08,731.81,1,0,0,1,57.8,0
28,110.25,3010.71,0,0,1,2,14.4,0
14,86.58,1230.06,0,0,0,2,71.9,0
35,27.3,1021.73,1,1,1,3,65.8,0
72,98.92,7093.03,2,0,0,3,13.5,0
32,69.87,2289.31,2,0,1,2,4.3,1
1,59.11,49.13,0,0,1,2,5.4,1
47,32.27,1446.92,1,0,0,1,14.6,0
11,72.94,811.38,0,0,1,2,12.9,1
4,34.6,180.76,2,0,0,0,24.8,0
72,32.2,2351.49,0,0,1,2,77.5,1
3,31.44,58.34,0,1,0,0,4.1,1
13,32.16,406.94,1,0,0,3,74.8,0
7,54.5,349.93,0,0,1,3,44.1,1
9,58.08,577.48,0,0,0,2,77.6,1
19,112.53,2101.08,1,1,0,1,66.8,0
8,75.09,571.29,2,1,0,2,26.5,0
7,81.7,409.5,0,1,0,2,22.8,0
30,80.02,2379.8,1,0,1,1,53.8,1
1,81.99,57.31,0,1,0,0,40.0,1
5,33.26,117.72,0,1,1,2,55.4,1
11,71.91,798.98,0,0,0,0,11.2,0
3,58.45,216.24,0,0,0,1,14.8,1
63,38.13,2431.78,2,0,0,2,38.1,0
14,23.79,428.66,1,1,0,1,65.6,0
14,56.51,691.56,0,1,1,1,74.7,0
6,91.33,513.81,1,0,0,0,62.3,1
17,30.73,517.25,1,0,0,2,49.9,0
45,87.64,3918.89,1,1,0,0,29.5,0
8,105.01,871.44,1,0,0,3,29.0,1
59,108.32,6453.2,1,0,1,3,60.4,0
12,59.14,774.79,2,1,0,0,67.2,0
11,31.61,349.74,0,0,0,2,73.7,0
54,54.06,2975.38,0,0,0,0,34.6,0
2,81.91,166.98,2,0,0,1,40.8,0
11,91.5,962.59,0,0,1,0,37.5,0
3,58.19,198.96,2,0,0,0,8.8,0
27,56.17,1433.46,1,1,0,2,22.7,0
49,60.84,2894.45,0,0,1,1,46.2,0
53,37.05,2069.55,0,0,0,0,65.2,0
65,76.02,5004.72,2,1,0,1,42.4,0
28,36.86,990.7,0,0,0,0,65.3,0
4,71.35,282.36,0,1,1,1,6.6,1
40,23.54,904.99,1,0,0,2,35.0,0
22,23.03,565.39,0,0,1,2,60.1,0
35,51.41,1749.1,0,0,1,1,53.4,0
57,41.3,2347.68,2,0,1,1,70.5,0
12,36.24,452.41,0,0,0,4,58.0,0
24,23.14,588.62,0,1,0,2,25.3,0
11,85.94,1003.12,0,0,0,1,23.4,0
4,33.85,28.84,0,1,0,0,45.2,0
16,90.83,1452.72,1,0,1,1,11.6,0
3,95.83,303.87,2,0,0,0,57.1,0
14,31.75,338.91,0,1,0,2,58.9,0
52,79.47,4136.65,2,1,1,0,30.8,0
43,30.58,1323.38,2,0,0,2,63.8,0
2,44.68,96.76,2,0,1,2,34.6,1
7,91.24,587.5,1,0,0,4,53.8,1
37,90.01,3362.72,1,1,0,2,22.0,0
5,94.88,446.2,0,0,0,2,49.0,0
42,96.83,4082.9,2,0,0,0,8.4,0
63,31.54,1894.82,2,0,1,2,74.5,0
1,32.64,109.62,1,0,1,2,13.7,0
7,74.3,541.31,0,0,0,2,25.9,0
4,104.66,415.4,2,0,0,0,78.6,1
56,108.31,6035.5,0,0,0,4,51.0,0
14,111.66,1618.59,0,1,0,3,73.6,1
18,43.6,756.86,1,0,0,0,51.4,1
52,63.28,3281.84,0,1,0,1,33.4,0
12,104.84,1244.97,1,1,1,1,71.9,1
4,75.28,238.17,0,0,0,1,65.4,1
5,112.62,541.88,2,0,0,3,10.6,1
18,71.74,1313.83,2,0,1,0,18.0,0
1,66.33,38.75,0,0,1,2,60.6,1
3,102.35,323.5,1,1,0,1,46.7,0
34,89.22,3009.85,0,0,0,2,28.9,0
36,33.22,1104.5,2,0,0,0,61.0,0
7,63.51,373.5,0,0,0,3,51.5,1
72,20.74,1451.52,0,0,0,5,76.2,0
41,94.07,3881.93,2,0,1,1,19.6,1
1,24.75,-6.78,0,0,0,0,29.3,1
11,62.48,620.36,2,1,1,2,12.8,0
21,29.19,651.17,1,1,0,1,32.1,0
72,82.61,5901.28,0,1,0,4,15.8,0
16,21.7,353.53,0,0,0,3,27.2,1
14,112.31,1512.59,1,0,1,0,6.6,0
14,70.33,1020.58,0,1,1,0,78.7,1
35,22.11,780.56,0,0,0,1,23.0,0
8,100.49,749.72,1,0,0,1,26.0,0
3,79.37,270.8,0,1,0,0,59.8,1
20,91.41,1880.64,0,1,0,1,33.4,0
18,88.74,1634.32,2,1,1,2,15.8,0
17,92.05,1582.01,0,1,1,2,8.4,0
8,84.61,711.85,0,0,0,1,72.6,1
19,96.41,1833.18,0,1,1,2,48.1,1
12,91.66,1071.36,1,0,1,0,77.1,0
1,72.77,12.97,0,0,0,0,65.0,1
40,98.63,3890.84,0,1,0,1,69.9,0
1,50.2,7.44,2,0,1,2,3.7,0
4,40.36,65.22,0,0,1,2,6.7,1
1,70.05,103.91,2,1,0,1,4.5,1
36,93.46,3395.55,0,0,1,4,5.7,0
65,91.33,5948.94,2,1,0,2,77.0,0
32,77.09,2433.24,2,1,0,1,29.3,0
1,28.06,-29.05,2,0,1,2,49.6,0
25,31.64,915.94,0,0,0,1,26.8,0
23,102.85,2272.77,0,0,0,1,35.7,0
2,69.45,214.72,0,1,1,0,10.8,0
12,30.38,322.31,1,0,0,1,4.2,0
9,51.73,500.09,2,0,1,1,75.6,0
25,91.87,2286.88,2,1,0,1,39.7,0
6,79.73,499.81,1,0,1,2,8.9,0
3,56.51,203.01,0,0,0,3,12.4,1
6,64.64,381.42,0,0,0,1,7.4,1
19,73.3,1366.38,0,0,0,5,37.4,0
13,52.73,637.4,1,1,1,1,3.6,1
12,49.15,549.64,2,0,1,1,53.4,0
25,78.16,1963.01,0,0,0,4,27.5,1
10,39.72,350.3,2,0,0,1,40.3,1
7,104.4,810.23,1,0,1,2,64.0,0
72,91.54,6629.31,0,1,0,4,76.4,1
19,79.28,1479.2,2,0,0,1,52.5,0
11,34.27,286.18,1,0,1,1,71.9,0
37,50.88,1916.16,0,1,1,2,30.0,0
5,72.19,494.81,1,0,0,0,18.8,0
49,93.27,4572.29,0,0,0,1,72.9,1
30,79.46,2377.27,0,0,1,2,12.1,0
3,37.5,151.05,0,1,1,2,33.3,1
31,55.2,1689.46,0,1,1,1,64.4,1
24,80.43,2050.67,0,1,1,2,58.7,0
72,104.06,7479.61,2,0,0,2,27.9,0
2,94.57,166.83,2,0,1,1,56.1,0
31,67.92,2124.63,2,0,1,4,71.9,0
13,36.1,458.92,0,0,0,0,42.5,0
9,94.54,828.16,0,0,1,3,55.3,1
5,75.03,283.32,1,1,1,3,65.2,1
54,57.09,3010.89,2,0,0,2,25.5,0
23,64.95,1453.44,0,1,1,1,11.0,0
24,107.51,2604.74,0,0,0,0,48.1,0
12,106.52,1253.08,2,1,0,2,60.0,1
17,82.04,1457.08,0,0,0,3,10.8,1
23,72.69,1661.89,1,0,0,2,65.9,0
5,34.38,137.37,0,1,0,1,42.0,0
37,110.99,4086.2,1,1,0,1,25.9,0
45,113.12,5075.0,0,1,0,4,29.5,1
10,50.32,399.86,1,0,0,0,49.3,1
18,112.48,2070.77,0,1,0,5,53.4,1
69,50.34,3520.03,2,0,1,0,79.8,0
13,24.43,314.29,0,0,1,0,54.6,0
2,84.51,239.19,0,0,1,3,59.9,0
11,69.88,719.52,1,0,1,1,14.5,0
11,66.62,783.37,1,0,1,1,51.4,1
27,43.17,1106.11,0,1,1,0,67.5,0
12,63.46,852.63,1,0,0,1,30.1,0
11,22.51,279.67,0,1,0,1,23.8,1
8,28.26,256.78,1,0,0,2,34.2,1
9,56.46,432.43,2,0,0,2,10.7,0
21,91.53,1917.38,2,0,1,0,64.9,0
6,94.46,642.22,0,0,0,3,67.9,1
34,99.77,3320.0,0,0,0,1,3.6,1
14,48.99,716.16,2,0,0,1,50.7,0
11,108.48,1235.87,2,0,1,1,68.8,0
5,104.06,581.3,0,1,1,2,15.0,1
5,77.76,357.13,0,0,0,1,27.8,0
7,73.29,562.23,0,0,1,2,65.9,0
4,92.27,423.22,0,0,1,0,50.6,1
2,46.48,66.49,0,0,1,1,29.6,1
20,84.13,1682.08,2,0,0,2,47.4,0
22,114.96,2455.06,0,0,0,1,73.4,1
4,39.58,208.98,0,0,1,3,5.4,1
8,34.92,242.53,0,1,0,0,50.2,0
11,105.47,1159.28,0,0,1,2,52.4,1
2,89.06,271.31,1,1,0,2,76.9,0
38,66.23,2570.33,1,1,0,0,61.0,0
7,61.07,490.18,1,0,1,3,62.8,1
14,46.55,711.69,2,1,1,1,13.8,0
15,93.01,1441.72,0,1,0,1,64.0,1
28,108.48,3051.51,0,0,1,1,15.6,1
2,108.2,257.06,0,0,0,2,57.8,1
45,25.35,1136.92,0,1,0,0,45.6,0
10,34.14,238.66,0,1,1,0,52.5,1
22,102.22,2200.49,2,0,1,1,25.7,0
52,48.49,2480.94,0,0,1,3,4.9,0
61,96.86,5861.07,1,1,1,0,68.7,0
30,52.04,1527.95,1,0,0,1,31.2,0
23,72.05,1628.16,0,1,1,0,16.0,1
16,26.96,349.37,1,0,0,0,24.0,0
7,98.99,650.05,0,0,0,1,35.5,1
39,79.14,3120.1,0,0,1,2,27.9,1
1,106.71,12.21,1,0,0,0,10.9,1
4,49.22,219.2,0,0,1,0,31.6,0
3,23.53,66.77,0,1,0,6,10.2,1
17,84.41,1504.54,0,0,0,3,21.3,1
4,85.06,378.82,0,0,0,1,5.8,1
15,20.42,241.37,0,1,0,2,22.0,0
36,64.11,2333.49,0,1,1,0,58.8,0
12,103.98,1259.53,0,1,0,1,2.4,1
16,55.7,934.41,1,1,0,1,32.0,0
3,89.86,243.31,0,0,0,1,79.3,1
50,49.27,2394.69,2,0,1,2,9.4,0
6,47.97,325.83,0,0,0,1,59.9,1
23,114.71,2603.77,0,0,1,3,29.1,1
12,94.79,1131.24,0,0,1,1,18.3,0
9,34.9,289.98,0,0,1,0,72.2,0
24,70.32,1777.36,1,0,1,0,30.1,0
1,91.09,19.92,0,0,0,2,66.9,1
3,44.73,92.89,2,1,0,2,62.4,0
17,36.09,690.3,1,0,1,1,67.8,0
48,21.68,1087.1,0,0,1,2,14.2,0
22,112.78,2517.33,0,0,0,0,50.9,0
67,103.03,7007.34,0,0,1,1,28.8,0
58,55.84,3299.94,0,0,0,0,11.3,0
42,98.17,4149.46,0,0,0,3,61.0,1
65,31.55,2074.56,0,0,0,2,20.1,0
37,26.91,971.35,2,0,0,2,67.9,0
1,100.16,86.21,0,1,1,2,59.5,0
13,38.1,480.03,2,0,0,1,66.2,0
2,109.26,288.0,1,0,0,1,6.5,0
16,107.1,1664.11,0,0,0,1,14.5,0
49,28.08,1414.15,0,1,0,2,74.2,0
1,80.64,115.15,0,0,1,1,66.6,1
13,39.69,482.07,0,0,0,1,17.2,1
15,84.56,1264.26,0,0,1,2,25.8,1
13,35.65,437.59,0,0,0,1,46.7,0
16,76.61,1191.47,0,1,0,0,61.4,1
24,36.45,838.64,2,0,0,1,23.2,0
26,49.58,1350.13,2,0,0,2,63.7,0
5,79.65,415.31,0,0,0,1,42.0,1
66,39.96,2611.33,0,0,0,0,64.3,0
8,108.65,895.11,1,0,1,2,59.5,0
9,86.11,801.29,0,0,1,1,2.0,1
6,75.1,445.13,1,1,0,1,7.5,0
15,95.3,1368.29,1,0,1,2,13.6,0
7,68.97,458.17,1,0,0,1,57.9,0
28,66.25,1833.62,0,1,1,0,37.4,1
9,97.27,935.36,1,0,0,2,23.9,0
9,107.13,933.61,2,0,0,2,41.6,0
17,100.42,1713.69,0,0,0,0,11.4,0
2,36.04,1.62,0,1,0,2,16.3,0
15,20.05,232.69,0,0,1,4,27.2,1
11,61.6,657.64,0,0,0,0,22.2,0
11,84.25,896.88,1,1,0,1,29.5,0
3,45.19,135.23,1,0,1,1,30.5,1
3,104.5,333.53,0,1,0,1,5.1,1
3,73.61,304.59,1,0,0,4,23.0,0
34,77.1,2519.48,2,1,1,0,52.0,0
7,86.42,685.77,1,0,0,0,67.2,0
71,34.73,2513.07,0,1,1,0,34.1,0
22,91.86,2091.79,1,1,0,1,63.5,0
8,81.26,652.72,2,0,0,4,44.4,1
10,55.92,541.57,1,1,0,0,60.7,0
9,21.28,194.41,0,0,0,1,74.0,0
11,101.65,1100.76,2,0,0,1,53.9,0
8,55.65,362.11,1,1,0,1,55.6,0
4,76.49,364.42,2,1,1,3,65.5,0
21,31.28,646.99,1,0,0,0,5.6,0
59,106.25,6224.87,0,0,0,6,3.5,1
36,50.64,1826.87,0,0,0,0,70.7,0
47,43.79,2003.55,2,0,1,3,76.5,1
9,81.33,743.66,2,0,0,2,17.8,0
16,114.4,1905.77,0,1,1,1,24.1,0
60,66.39,4040.84,0,1,0,1,64.2,0
46,48.6,2232.04,0,1,0,2,6.8,0
22,113.63,2509.08,0,1,1,2,13.8,0
9,68.7,646.94,0,0,0,0,34.2,0
72,47.9,3421.16,1,1,0,0,6.8,0
4,48.28,126.93,0,0,0,1,77.7,0
36,32.62,1213.89,1,1,0,0,8.5,0
23,57.25,1340.74,0,1,1,4,64.3,1
4,110.43,464.63,1,0,0,2,72.7,0
2,113.11,205.84,0,1,1,4,20.2,1
33,86.72,2937.88,0,0,0,3,52.7,1
16,61.63,1019.07,2,0,1,1,64.1,0
10,46.02,464.52,2,0,1,1,16.7,0
13,52.61,623.61,2,0,1,0,29.3,0
3,25.84,11.52,0,0,0,2,24.8,1
5,20.06,107.69,0,0,1,3,48.5,1
15,33.77,422.21,1,0,0,0,76.7,0
19,89.05,1718.82,1,0,0,1,19.0,1
37,37.87,1363.54,2,1,0,2,72.8,0
8,111.95,926.98,2,1,0,0,56.9,0
72,85.68,6195.71,0,1,0,2,76.9,0
9,78.24,701.53,0,0,1,1,60.2,1
22,45.73,998.38,0,1,1,2,13.3,0
18,83.79,1531.6,1,0,0,2,22.5,1
11,29.97,354.21,1,0,1,2,8.8,0
21,72.26,1496.52,1,1,0,2,42.9,0
5,68.25,437.39,2,0,0,2,51.2,1
17,46.8,794.48,0,0,0,0,29.0,0
5,74.55,353.85,0,1,0,3,54.5,1
16,114.71,1891.16,1,1,0,0,6.4,0
3,110.4,219.75,2,0,0,2,35.3,1
2,101.73,228.47,0,0,0,3,48.4,1
1,50.61,67.73,0,0,0,1,19.1,1
24,111.57,2692.8,0,1,1,1,66.1,0
8,58.98,541.26,1,0,1,1,64.1,0
9,79.37,777.04,0,0,0,1,14.8,0
12,69.99,825.4,2,1,1,4,50.7,0
22,103.17,2291.88,1,0,1,2,36.7,0
13,34.23,483.59,0,1,1,1,60.7,1
1,24.49,26.22,2,0,0,3,10.7,1
5,106.27,554.57,0,1,0,1,3.3,1
25,91.94,2348.14,0,0,0,0,39.6,1
12,114.75,1367.27,1,0,0,2,52.7,1
10,30.37,356.92,2,1,1,1,52.7,0
15,112.57,1690.95,0,1,0,4,20.3,1
15,81.03,1212.43,0,0,0,5,16.9,1
5,38.68,230.75,0,0,0,1,68.3,0
28,68.6,1939.83,0,0,0,1,47.7,0
8,21.79,188.8,1,0,0,0,39.9,0
6,61.05,382.21,0,1,0,0,5.2,1
12,58.32,709.22,1,1,0,0,77.7,1
24,61.91,1540.34,0,0,1,0,47.8,0
1,76.26,96.09,2,1,1,0,14.4,0
11,44.58,524.7,0,0,0,2,48.6,1
38,94.38,3604.14,0,0,1,0,35.8,0
18,110.45,2074.47,0,1,0,1,30.0,0
14,52.94,835.59,2,1,0,0,15.5,0
5,69.3,283.67,0,0,1,2,23.0,1
7,27.57,166.35,2,1,1,1,23.5,1
3,57.31,203.65,2,1,0,3,74.6,1
3,72.36,193.05,2,0,1,1,23.9,0
18,111.53,2007.27,2,0,0,0,64.6,0
16,35.49,586.01,2,1,1,2,53.0,0
8,98.47,766.14,0,0,1,1,9.6,1
7,79.35,569.49,0,0,1,2,71.8,1
1,103.3,146.09,0,0,0,1,13.4,1
7,88.4,534.94,0,0,0,2,76.2,0
10,97.34,948.86,0,0,0,1,78.5,1
42,20.49,894.3,2,1,0,2,48.6,0
16,57.39,842.58,2,1,0,0,6.3,0
23,100.35,2388.29,2,0,0,2,38.4,0
7,67.74,479.55,0,0,0,3,66.9,1
50,55.96,2823.44,1,0,0,0,61.2,0
3,49.56,157.23,0,1,0,2,66.4,0
26,100.3,2597.96,0,0,0,0,10.4,1
4,36.34,108.01,0,0,1,3,40.1,1
2,98.78,223.71,0,0,0,5,34.5,1
5,59.94,331.61,0,0,0,0,65.1,0
8,53.86,448.93,0,0,0,2,8.0,1
19,113.87,2087.55,0,1,0,0,17.9,0
11,98.62,1120.18,2,0,0,1,30.2,0
18,100.99,1866.18,0,0,1,3,77.2,1
5,48.57,202.23,0,0,0,0,77.0,1
43,114.96,5019.65,1,0,0,0,12.8,0
3,109.41,401.33,0,0,0,4,69.2,1
2,114.22,225.47,2,1,0,2,34.9,1
17,46.78,766.0,0,0,0,0,59.6,0
4,26.51,91.26,2,0,0,2,32.1,0
8,99.68,833.74,1,0,0,1,30.0,0
46,107.03,4852.65,1,1,1,1,36.1,0
2,30.73,85.65,1,1,0,0,32.8,0
11,114.36,1197.04,0,1,0,5,66.8,1
10,103.12,992.83,1,0,0,2,22.7,1
3,53.48,100.63,1,1,0,1,41.9,1
33,69.59,2247.07,1,0,0,1,31.6,0
20,64.82,1269.29,0,0,1,0,68.9,1
28,90.02,2573.04,0,1,0,1,69.6,0
8,25.3,194.81,1,0,1,2,54.5,0
3,93.89,209.32,2,0,0,1,44.8,0
72,85.13,6101.38,2,0,0,2,37.2,0
13,28.73,400.41,0,1,0,0,33.9,0
4,94.72,337.26,0,0,1,1,29.1,1
28,112.59,3198.04,2,0,1,3,31.1,0
2,99.11,268.99,0,1,1,0,59.6,0
21,64.0,1265.51,0,0,0,0,64.8,0
11,34.53,414.91,1,1,1,2,63.2,0
48,76.46,3664.11,0,1,0,0,15.9,0
31,91.69,2814.18,0,1,1,1,53.5,1
28,71.31,2022.31,1,1,0,0,27.8,0
4,27.83,122.85,1,0,0,3,3.2,0
72,43.91,3136.81,2,0,0,0,33.1,0
3,95.04,245.18,1,0,0,2,10.5,1
5,68.08,394.04,2,1,0,3,25.5,0
4,107.39,364.75,0,1,0,1,77.1,0
4,89.43,401.8,2,1,1,1,46.0,0
13,108.56,1357.27,0,1,0,0,20.8,1
40,69.99,2694.47,0,0,0,1,32.9,0
12,105.66,1289.93,0,0,1,0,10.0,1
12,21.87,297.17,0,1,0,2,56.0,1
18,96.62,1815.41,0,1,0,0,10.1,1
36,30.56,1109.73,0,0,0,2,46.5,0
72,77.3,5480.96,0,0,1,2,23.8,0
21,109.18,2313.81,1,0,0,0,8.7,1
21,93.85,1957.79,1,0,1,1,11.4,0
30,52.81,1551.14,0,0,1,3,24.1,0
6,26.01,215.1,0,0,0,1,77.3,0
22,99.29,2186.41,1,0,0,1,65.1,1
7,109.69,795.27,1,0,0,0,42.1,0
9,78.92,708.15,1,0,0,4,72.8,1
4,90.97,352.47,2,0,0,2,31.9,0
1,22.41,51.73,0,1,0,2,56.8,1
22,76.88,1685.59,2,0,0,1,62.8,0
64,74.61,4748.51,1,0,1,1,41.6,0
28,35.93,929.99,2,0,0,1,7.8,0
9,44.37,454.58,0,0,0,1,69.6,1
17,54.86,998.41,2,0,0,1,63.4,0
16,96.04,1543.8,0,1,0,1,69.4,0
28,39.5,1052.17,2,1,1,3,52.8,0
20,47.72,945.92,1,0,0,0,56.6,0
5,76.92,425.8,0,1,1,1,11.7,1
5,50.97,256.58,1,0,0,1,62.4,0
2,110.3,232.87,0,1,1,0,58.7,1
38,62.38,2391.98,0,0,1,0,11.2,0
23,96.21,2222.84,0,0,1,1,11.9,0
4,100.67,346.05,0,0,1,1,22.5,1
29,100.77,2862.84,0,1,0,2,69.6,1
25,37.55,915.12,2,0,0,2,58.7,0
26,45.46,1259.64,0,0,1,1,20.6,0
3,77.83,128.61,0,0,0,1,11.9,1
10,31.5,305.46,0,1,0,2,59.9,1
14,57.73,793.01,1,0,0,1,2.3,0
5,66.97,303.52,0,1,0,3,4.2,0
16,79.83,1342.55,0,0,0,2,19.2,1
9,29.85,176.21,1,1,0,2,32.1,0
23,48.54,1100.22,0,0,1,0,36.3,0
5,81.63,333.71,1,1,0,2,51.1,0
9,99.53,917.93,0,1,1,0,78.6,1
72,52.02,3808.89,0,0,1,5,77.5,1
72,48.45,3394.88,0,1,1,2,50.4,0
8,62.15,525.09,0,0,0,2,71.0,0
13,44.8,601.86,1,1,1,3,61.4,1
28,22.15,660.81,0,1,1,4,21.8,1
6,72.06,431.58,0,0,0,3,37.1,1
2,55.84,113.97,0,0,0,2,28.5,0
1,78.65,142.74,2,0,1,2,26.3,1
1,25.94,77.22,0,0,0,3,62.6,1
2,78.75,179.49,2,0,1,1,7.6,0
2,101.3,260.04,0,0,1,1,36.4,1
49,114.61,5638.6,1,0,1,1,72.9,1
1,64.74,-12.73,0,0,0,2,52.2,1
18,25.98,537.22,1,1,0,2,19.9,1
22,44.75,913.87,2,1,1,1,69.6,0
8,47.56,343.75,0,0,1,4,10.4,0
45,66.68,2961.48,2,0,1,1,26.5,0
36,40.92,1505.84,0,0,0,1,17.3,0
6,63.11,350.04,0,0,0,0,26.2,0
72,53.83,3928.29,0,1,0,2,44.4,0
5,74.66,385.61,0,0,0,2,71.9,1
3,41.99,154.91,0,1,0,3,46.6,1
2,52.55,72.48,0,0,1,2,10.0,1
2,46.93,83.52,0,1,1,2,78.8,0
6,63.68,317.41,0,0,1,4,63.3,1
2,51.63,56.34,2,1,0,1,55.7,0
48,35.99,1694.13,2,0,0,2,64.9,0
39,35.42,1403.51,1,0,1,1,28.9,0
22,112.65,2465.98,1,1,0,0,63.8,0
1,68.97,135.8,0,1,1,1,39.1,1
42,20.5,740.96,0,1,1,2,67.4,0
54,61.07,3317.17,1,0,0,1,60.1,0
6,48.05,252.96,0,1,1,2,41.4,1
42,85.63,3521.25,2,0,0,2,54.6,0
1,82.48,60.93,2,0,0,1,48.3,0
28,77.84,2215.94,1,0,1,1,9.5,0
21,66.67,1454.17,0,0,1,1,15.4,1
13,39.97,484.67,0,1,1,1,17.8,1
1,20.58,41.03,0,0,0,1,29.6,1
72,114.5,8262.49,1,0,0,3,61.9,0
72,49.28,3614.52,0,0,1,2,77.5,0
27,101.54,2798.77,0,0,0,1,2.9,1
72,99.63,7228.67,2,0,0,2,18.3,0
8,54.24,455.43,0,1,0,2,25.1,1
7,58.07,507.19,0,0,0,2,37.7,1
1,30.01,-13.33,0,0,0,1,53.0,1
2,44.55,143.47,0,0,0,1,28.9,1
64,64.88,4160.63,1,0,1,1,47.6,0
12,63.94,747.19,2,0,1,2,58.1,0
19,67.87,1248.9,1,0,0,2,17.4,0
1,81.69,-16.29,0,1,0,0,26.2,1
19,79.28,1519.57,2,0,0,1,28.2,0
12,112.9,1420.19,0,0,0,2,22.4,1
7,56.78,384.04,1,0,0,1,74.3,0
36,94.78,3499.4,0,0,1,0,76.7,0
8,102.3,889.27,0,1,1,1,26.0,1
27,46.88,1234.72,1,1,0,2,2.7,0
20,67.18,1269.48,1,0,0,1,44.6,0
30,86.61,2626.63,0,0,0,1,3.9,0
13,31.4,380.84,0,0,1,1,13.4,1
19,38.5,647.6,0,0,0,2,32.8,1
15,62.35,1033.22,2,1,0,7,12.5,0
2,99.27,151.08,1,0,0,1,39.9,1
31,46.71,1495.68,1,0,1,0,73.1,0
2,29.41,-2.97,0,0,1,2,16.3,1
33,111.36,3704.11,0,0,0,1,15.3,1
2,48.67,77.86,0,0,0,2,26.4,1
10,75.97,774.62,1,1,1,1,51.6,0
42,25.42,1016.89,0,0,0,1,59.7,0
3,92.02,281.36,0,0,0,2,77.4,1
37,76.21,2813.97,0,1,0,1,30.4,1
3,39.44,134.45,1,1,1,1,14.4,0
11,54.53,547.78,2,0,0,3,28.9,0
17,106.56,1782.28,0,0,1,2,52.4,1
10,28.23,263.98,0,1,0,2,63.4,0
21,41.69,819.31,1,0,1,0,31.2,0
32,47.52,1447.54,0,1,0,1,34.9,0
5,102.36,516.04,1,0,0,1,4.3,0
16,31.81,523.44,2,0,0,1,12.8,0
7,28.44,227.57,2,0,0,0,70.5,0
44,20.45,962.6,0,0,1,4,24.8,0
6,89.8,530.31,0,0,0,0,73.2,0
18,40.7,759.51,1,0,1,1,22.7,0
18,23.99,493.78,0,0,0,0,30.9,1
24,26.69,639.75,2,0,1,0,7.8,0
5,87.98,393.43,0,1,1,3,7.5,1
12,91.29,1147.94,0,1,1,1,74.9,0
34,54.83,1861.66,2,1,0,2,56.6,0
7,45.01,340.99,2,1,0,1,7.5,0
10,42.96,491.88,0,0,0,3,19.1,1
30,61.31,1885.18,1,1,1,1,31.1,0
10,111.25,1064.71,2,1,0,2,46.0,0
36,58.51,2143.08,2,1,0,3,71.7,0
11,74.16,871.19,2,0,0,0,30.7,1
26,102.35,2638.8,2,1,1,5,7.7,0
8,28.13,300.56,0,0,1,2,24.6,1
17,101.39,1670.45,0,0,1,2,49.1,1
16,62.44,1073.1,2,0,0,0,41.6,0
17,33.45,499.29,1,0,1,1,76.4,1
43,69.62,2977.42,0,0,1,0,75.1,1
2,84.12,168.23,1,1,1,0,20.0,0
50,26.5,1386.37,0,0,0,1,12.4,0
5,65.75,344.52,0,1,0,3,52.9,1
3,57.57,198.17,0,0,0,0,74.9,0
32,84.37,2700.49,0,1,0,1,13.7,1
21,100.38,2109.95,0,1,1,1,34.4,0
16,35.25,581.41,1,0,1,0,61.4,0
7,55.75,370.88,2,0,0,1,8.4,0
5,69.62,304.17,1,0,0,1,3.6,0
20,24.64,538.35,2,1,0,1,27.9,0
13,84.44,1144.11,0,0,0,2,23.8,1
19,99.97,1877.92,0,1,0,1,45.5,1
20,39.68,723.2,2,0,1,1,40.7,0
5,28.41,231.29,1,0,1,1,17.8,1
42,87.12,3634.54,2,0,1,3,60.7,0
2,112.58,146.9,2,0,1,4,16.1,1
15,52.57,866.63,1,0,0,2,32.4,0
17,92.95,1541.26,0,0,0,3,37.8,0
13,90.72,1191.59,0,0,0,1,24.1,1
1,104.35,125.01,0,0,0,1,79.5,0
2,25.6,49.18,1,0,0,1,33.9,0
8,79.95,622.59,0,0,0,2,34.4,0
1,46.67,8.45,1,0,0,4,64.1,1
28,43.35,1226.52,1,1,1,2,32.3,0
26,62.64,1684.38,1,0,0,2,9.2,0
5,81.04,291.44,0,1,0,3,47.2,1
13,95.55,1301.93,0,1,0,0,33.0,1
9,114.58,967.4,0,1,0,3,72.4,0
29,34.45,1023.41,0,0,1,3,42.0,1
3,113.97,375.75,0,0,0,4,51.8,1
8,75.94,635.84,0,1,1,2,45.1,1
1,99.74,36.21,2,0,0,0,80.0,0
30,102.38,3060.1,0,0,0,1,18.1,1
15,48.63,796.5,0,1,0,3,48.0,1
3,61.5,255.22,1,1,0,3,2.1,1
4,35.55,129.92,1,0,0,1,78.4,0
9,59.57,647.47,2,0,0,3,12.7,0
72,57.86,4158.56,0,1,0,2,61.2,0
72,62.27,4544.7,0,1,1,1,74.6,0
4,85.94,389.26,2,0,0,0,78.9,0
27,111.29,2968.1,2,1,1,2,43.4,0
16,26.59,444.58,1,1,0,1,17.7,0
15,57.46,847.93,2,0,0,0,51.7,0
21,69.88,1542.26,0,0,0,2,3.4,1
5,64.84,259.05,2,0,1,2,24.1,0
6,78.05,450.55,2,1,1,0,45.9,0
7,42.63,261.49,0,1,0,3,25.4,1
58,108.61,6360.82,0,0,0,1,52.6,0
10,62.59,612.46,0,0,0,2,9.9,1
2,109.41,229.43,1,1,1,0,65.2,0
32,98.38,3137.82,0,1,1,3,58.5,0
8,105.65,790.01,2,1,0,0,40.0,1
42,49.47,2048.4,2,1,0,2,72.1,0
36,66.29,2377.76,2,1,1,4,53.6,0
28,51.56,1491.53,0,1,0,2,61.1,0
7,85.91,589.38,0,0,0,2,23.2,0
8,45.37,399.82,1,0,1,1,40.3,1
34,75.15,2544.21,0,1,1,4,71.8,0
3,27.59,78.2,0,1,1,2,69.2,0
22,101.15,2227.34,1,0,1,0,10.8,1
9,66.62,615.97,1,1,1,1,15.8,0
16,93.38,1517.55,0,1,1,1,59.8,1
15,80.57,1193.26,0,0,1,0,33.4,1
15,65.99,1004.99,0,1,0,0,38.8,1
4,111.93,466.12,0,0,1,1,76.9,1
72,67.02,4777.96,1,0,1,0,69.3,0
5,75.93,414.38,0,1,1,3,30.1,1
23,52.94,1250.55,0,1,0,1,68.4,1
14,63.07,967.43,0,0,0,2,68.3,1
7,22.12,224.27,2,1,1,2,29.4,0
9,89.78,746.73,0,0,1,1,20.7,1
5,101.82,391.2,0,1,0,4,58.9,0
21,103.96,2190.79,0,1,0,3,56.8,1
2,24.55,108.05,0,1,1,1,34.9,0
3,103.01,249.35,0,0,1,6,70.0,1
25,61.13,1505.06,0,1,0,0,69.7,0
9,70.14,664.61,1,0,1,0,10.0,1
12,96.6,1217.75,2,0,0,0,9.0,0
14,36.66,581.5,0,1,1,1,37.7,1
7,99.62,662.82,0,1,0,1,33.9,1
10,46.32,486.45,0,1,1,3,37.6,1
41,32.09,1334.57,2,0,1,0,31.2,0
29,29.05,789.79,0,1,0,0,27.4,0
16,95.52,1622.26,2,1,0,2,67.1,1
7,79.23,596.9,0,0,1,3,47.0,0
3,45.17,178.95,0,1,0,0,71.9,1
2,20.09,34.93,0,0,0,1,70.2,0
42,30.88,1334.18,0,0,0,0,15.8,0
6,39.52,261.45,0,0,1,1,28.6,0
7,91.15,659.19,0,1,0,0,61.2,1
33,93.21,3141.77,0,0,0,2,33.3,1
5,34.06,143.03,0,0,1,0,79.7,0
5,103.28,473.67,0,1,0,1,78.9,1
2,108.45,232.29,0,0,0,3,76.6,1
21,95.06,1958.95,0,0,0,0,73.9,0
9,36.06,271.78,2,1,0,0,11.4,0
4,107.25,428.2,2,0,0,0,30.7,0
7,85.46,601.27,2,0,1,0,60.8,0
39,60.15,2332.97,0,0,1,2,42.6,0
12,102.36,1269.38,1,1,0,1,13.9,0
39,111.44,4355.48,1,1,0,1,74.7,0
39,84.62,3218.75,2,0,0,0,71.0,0
72,108.66,7812.45,0,1,1,2,10.3,0
44,102.41,4489.48,1,0,1,0,63.7,0
15,27.37,417.61,0,1,0,4,53.4,0
30,45.53,1376.78,0,0,0,2,58.7,0
15,77.59,1118.97,0,0,0,3,15.6,1
9,90.88,835.27,0,0,0,1,43.8,1
22,85.8,1948.11,0,1,1,0,57.2,1
38,60.05,2247.84,0,0,1,2,17.1,0
7,33.68,195.64,0,1,1,3,72.2,1
5,49.5,228.39,2,1,1,2,5.7,0
11,67.66,763.49,1,0,1,3,57.4,1
8,20.24,243.24,0,1,0,3,36.8,0
6,104.02,597.94,0,0,0,5,62.6,1
40,21.73,889.7,1,0,1,3,45.6,0
2,47.48,42.0,0,1,1,0,68.0,0
8,44.79,489.8,1,1,1,0,36.8,0
9,84.94,792.41,0,0,0,2,28.8,1
26,97.79,2606.01,0,0,1,0,18.2,0
15,77.44,1199.33,0,0,0,1,73.4,1
7,74.1,590.35,0,0,1,2,15.0,1
14,40.33,564.46,0,1,0,0,42.5,1
26,52.3,1376.2,2,0,1,0,77.4,0
24,93.44,2273.66,0,0,0,0,4.2,0
24,46.13,1102.39,1,0,0,3,34.2,0
6,78.78,427.75,0,1,1,1,78.2,1
1,73.0,90.25,1,0,0,1,10.0,0
10,50.11,489.11,0,0,0,1,5.6,0
3,69.38,83.7,0,1,1,3,41.9,0
2,68.53,127.63,0,0,0,1,77.0,0
3,87.18,300.27,2,0,0,1,40.6,1
31,80.98,2576.95,0,0,0,1,7.0,0
16,39.62,602.45,1,0,1,1,12.4,0
38,75.45,2889.08,1,0,1,1,11.8,1
14,72.89,1060.67,0,1,1,1,16.1,1
23,39.7,877.62,1,0,1,1,23.9,1
1,62.69,-2.86,0,0,1,0,65.2,1
11,114.93,1231.85,2,0,0,2,18.1,0
4,47.46,269.57,0,0,0,2,23.2,1
60,90.82,5459.95,2,1,0,3,76.0,0
2,59.33,21.46,0,1,0,1,76.0,1
8,62.54,533.89,1,1,0,1,7.2,0
11,43.05,502.92,2,0,0,0,52.0,0
20,51.01,962.85,0,0,0,1,63.7,1
72,108.87,7765.09,2,0,0,3,8.6,0
21,109.05,2336.25,1,0,0,2,30.6,0
40,29.79,1189.29,0,0,0,1,8.3,0
15,54.72,761.34,0,0,0,2,73.8,0
2,75.88,95.3,1,1,0,0,21.4,1
2,73.0,116.04,2,0,1,2,48.7,0
14,41.61,595.55,2,0,0,1,18.9,0
17,56.67,956.73,0,0,0,2,50.7,1
26,85.02,2308.74,0,0,0,1,2.1,0
7,109.92,678.83,1,0,0,4,60.0,1
48,75.3,3572.23,0,0,0,3,31.0,1
41,102.19,4268.29,1,1,1,2,79.5,0
1,53.09,47.99,0,0,0,0,71.2,0
31,43.39,1373.27,1,1,0,2,25.5,0
61,75.47,4541.44,0,0,1,1,60.0,1
56,97.11,5436.4,1,0,0,2,54.4,0
23,102.0,2372.79,0,1,0,2,68.9,1
5,82.96,388.03,2,0,0,0,54.9,0
46,45.89,2123.14,2,1,0,2,19.1,0
6,30.98,144.11,0,0,1,6,47.0,1
10,48.82,463.39,0,0,0,0,34.9,1
16,97.26,1553.75,0,0,1,2,14.7,1
56,96.35,5388.5,0,1,0,1,38.9,0
17,78.95,1420.34,0,1,1,1,67.6,0
3,76.19,201.09,1,1,1,2,55.7,1
10,70.86,613.84,2,1,1,5,14.7,1
45,26.09,1202.07,0,0,1,2,19.9,0
72,34.26,2491.69,0,1,0,1,45.4,1
7,30.41,272.5,0,0,0,0,14.3,1
26,28.26,785.74,1,0,1,1,72.8,0
35,28.0,1010.1,0,0,0,0,37.7,0
72,52.57,3731.89,0,0,0,0,74.5,0
3,33.72,109.8,0,0,1,0,23.2,1
29,30.5,871.99,0,1,0,1,61.0,0
4,94.62,431.38,0,0,0,1,11.9,1
18,22.66,370.14,2,0,0,1,57.5,0
40,69.77,2702.07,0,0,0,3,74.4,0
7,35.02,214.19,1,1,1,1,36.4,0
15,24.29,299.48,0,1,1,2,46.0,0
11,24.87,264.94,0,0,1,1,67.2,0
1,94.07,114.49,1,0,1,0,65.4,1
1,101.61,153.74,2,0,1,0,66.3,0
3,23.87,124.2,0,1,0,3,68.9,1
63,98.61,6137.68,1,1,1,2,14.9,0
11,35.47,446.83,2,1,1,2,25.7,0
38,74.01,2902.39,1,0,0,0,51.2,0
17,51.79,891.29,2,0,0,1,42.4,0
36,89.67,3223.08,1,0,0,1,8.4,0
11,110.63,1107.71,0,0,0,1,44.0,0
44,82.2,3577.43,0,0,0,1,34.2,0
11,57.48,636.71,2,0,1,0,64.1,0
28,93.66,2557.99,2,0,0,1,3.3,1
10,89.78,883.92,1,0,0,0,59.7,0
4,90.34,392.89,0,1,1,1,5.8,1
5,112.14,541.29,2,1,0,3,64.0,1
7,90.37,542.74,0,0,0,1,72.0,1
3,50.1,175.78,1,1,1,0,60.3,0
34,45.98,1660.14,0,0,0,2,18.6,1
15,110.67,1580.92,2,0,0,2,14.9,1
37,112.46,4124.32,1,0,1,0,16.5,0
32,43.32,1361.04,0,1,0,0,8.9,1
72,27.73,1820.79,1,0,1,1,5.2,1
2,30.21,28.4,0,0,0,4,10.7,1
24,99.01,2387.86,2,1,0,3,22.6,0
6,27.8,149.66,2,0,0,1,10.4,0
12,79.95,952.91,0,0,0,0,37.1,1
14,29.58,396.94,1,1,0,0,79.3,0
13,96.33,1306.83,0,0,0,2,67.1,1
10,21.85,237.21,0,0,0,1,39.6,0
9,91.27,699.82,0,0,0,1,69.9,1
10,75.31,775.85,0,0,0,5,70.0,1
1,39.37,47.88,1,1,0,2,15.3,0
46,21.39,1094.87,2,1,0,0,61.9,0
1,104.52,68.01,0,0,0,1,59.4,1
19,30.52,549.31,0,1,1,1,76.6,0
2,54.97,92.33,0,0,0,1,41.3,0
20,64.52,1377.79,2,0,0,4,45.5,0
25,37.25,833.55,0,0,0,1,13.0,0
27,100.58,2652.24,2,0,1,2,39.4,0
46,36.82,1702.03,0,0,0,1,42.7,1
72,85.79,6165.71,0,0,1,1,50.6,0
1,78.14,24.2,0,1,0,1,35.7,1
6,85.87,558.86,1,0,1,0,19.3,0
9,111.67,961.11,0,0,0,0,59.5,0
21,100.67,2117.51,0,1,0,2,5.8,1
22,105.01,2340.26,1,0,0,1,40.9,0
23,98.05,2222.23,0,0,1,1,33.8,1
2,50.43,114.53,2,0,1,3,62.6,0
25,108.36,2705.01,1,0,1,1,50.4,0
2,79.98,145.41,0,0,0,2,12.8,1
5,57.13,347.18,0,1,0,2,13.4,0
25,25.69,594.75,2,0,0,3,40.5,0
8,39.2,340.4,0,0,0,4,39.0,1
23,87.08,1917.02,1,1,0,1,4.6,0
9,40.82,319.55,2,1,0,1,78.5,0
2,89.47,144.34,0,0,1,2,71.0,1
14,68.19,929.62,1,0,0,2,33.5,0
72,39.93,2865.9,1,1,0,1,74.6,0
5,58.48,256.89,1,0,0,3,22.6,0
16,87.55,1381.91,0,0,1,1,29.5,0
35,42.73,1534.46,0,1,1,0,40.2,0
18,95.22,1770.12,2,0,0,3,42.5,0
12,109.84,1321.49,2,0,0,1,6.3,0
36,78.73,2820.68,0,0,0,1,29.3,0
4,60.07,245.13,1,0,0,2,7.6,1
61,37.35,2260.97,0,0,0,1,12.1,0
1,45.64,0.03,1,0,0,3,41.6,1
8,58.16,373.37,1,0,0,1,16.8,1
8,55.23,443.48,0,0,0,2,76.6,0
2,101.22,186.35,0,0,1,3,10.4,1
13,66.43,878.76,1,1,1,0,62.8,1
2,57.14,70.32,0,0,0,3,24.8,1
29,53.39,1499.77,0,0,1,1,72.0,0
3,36.78,100.0,0,0,1,1,55.8,1
5,28.46,124.96,1,1,1,2,17.5,1
40,52.99,2172.72,0,0,0,0,29.6,0
20,59.67,1205.01,0,0,0,0,78.8,1
26,47.43,1229.35,2,0,1,0,37.9,0
16,80.76,1302.49,0,1,1,1,68.1,1
6,25.7,154.19,1,0,0,2,46.8,1
51,78.57,3990.34,2,1,1,3,27.4,0
3,20.6,18.51,2,1,0,4,21.1,0
13,32.13,439.31,0,0,0,1,50.9,0
9,77.42,687.55,0,0,0,1,71.2,0
5,36.25,204.59,0,0,0,2,32.5,1
35,101.82,3543.34,1,1,0,0,58.8,1
31,37.44,1118.11,0,0,1,0,63.6,0
34,98.83,3359.92,0,0,0,3,50.5,0
12,50.78,605.16,0,0,0,0,34.6,0
20,32.35,560.15,1,0,1,1,68.0,1
34,80.57,2734.24,2,0,1,0,5.7,0
9,59.63,541.51,1,1,1,3,32.9,1
1,97.29,141.26,0,0,0,1,56.8,1
26,56.87,1432.3,0,0,1,1,11.6,0
51,52.39,2626.79,0,1,1,0,12.2,0
28,28.51,837.06,0,1,0,2,29.6,0
29,37.24,1048.12,1,1,0,4,26.5,0
19,101.85,1995.8,1,0,1,0,7.1,1
40,104.64,4105.8,0,0,1,2,67.1,1
1,108.34,129.13,1,0,0,2,68.7,1
4,93.13,327.44,0,1,1,1,9.2,1
4,69.08,305.02,2,0,0,2,24.4,0
20,94.61,1916.8,0,0,0,1,65.7,1
26,53.0,1376.11,1,1,0,3,76.6,1
3,98.8,246.31,0,0,1,1,76.0,1
9,100.92,881.33,2,1,0,3,43.2,0
7,89.69,603.06,0,1,1,1,50.3,0
68,87.88,5972.76,1,0,1,2,53.9,0
34,91.99,3101.13,0,0,0,1,53.9,1
37,62.82,2287.71,0,0,0,1,53.7,1
12,76.78,931.87,1,1,0,1,43.1,0
7,108.62,777.98,1,1,0,1,49.3,0
12,78.17,968.86,1,1,0,0,4.5,0
18,37.94,609.3,0,0,1,4,34.2,1
3,20.04,57.03,0,0,0,3,62.1,1
23,79.71,1834.01,0,0,0,3,14.3,0
12,105.57,1267.68,0,0,1,0,36.8,1
20,38.3,702.18,1,0,0,0,41.1,0
1,109.48,32.87,0,0,0,2,55.4,1
30,72.98,2204.63,0,1,0,1,35.2,0
31,30.69,978.43,2,1,1,1,72.9,0
5,64.33,270.25,1,0,0,3,76.1,1
1,43.0,-7.95,2,0,0,2,29.0,0
7,81.34,629.56,0,0,1,1,50.7,1
3,50.42,121.82,0,0,0,1,2.1,1
3,72.46,246.27,0,0,1,1,46.8,0
23,106.65,2472.36,0,0,0,0,63.2,1
5,67.35,310.15,2,0,0,2,52.2,0
13,64.83,787.88,0,1,0,1,74.6,0
24,81.22,1905.22,0,0,1,2,72.7,1
8,92.59,717.34,0,0,1,1,73.2,0
7,68.94,468.47,0,0,0,1,24.9,0
18,37.39,638.12,2,0,0,0,10.2,0
5,55.2,235.21,0,1,0,0,68.8,1
7,20.29,114.65,2,0,0,0,9.3,0
22,25.23,500.87,2,1,0,4,53.0,1
8,88.77,774.84,0,0,1,1,18.7,0
13,79.43,997.94,0,1,1,0,13.1,0
20,59.64,1179.28,0,0,1,0,57.6,1
16,105.58,1746.43,0,1,1,0,75.2,0
44,29.8,1336.58,0,0,0,1,29.3,0
5,48.58,218.63,0,0,0,5,59.9,1
2,87.86,184.18,0,1,1,2,5.4,1
56,85.71,4758.26,2,1,1,0,40.9,0
4,98.09,338.47,0,1,1,1,70.3,1
2,57.65,100.08,0,1,1,2,75.5,1
5,40.67,250.28,0,1,0,2,57.9,0
3,59.62,150.21,1,0,1,1,65.7,0
16,88.89,1471.38,1,0,1,4,51.3,1
4,51.46,200.64,0,1,1,4,59.9,0
5,87.4,417.16,1,1,0,1,33.0,1
52,94.21,4912.11,0,0,0,2,8.8,1
17,95.44,1629.79,2,0,1,2,27.3,0
15,54.77,795.32,1,1,0,3,31.9,0
2,36.39,52.86,1,0,0,1,74.6,1
22,32.53,739.46,0,0,0,1,22.7,0
27,40.22,1185.33,0,1,1,0,65.2,0
69,22.0,1528.95,0,1,0,2,23.8,0
16,95.88,1621.8,1,0,0,0,74.0,0
2,33.61,43.61,0,0,0,3,26.3,0
7,59.71,490.04,0,0,1,1,46.5,0
4,52.24,208.81,0,0,0,0,56.3,1
12,45.63,596.62,0,0,1,0,50.7,0
12,46.21,557.53,0,0,0,2,78.7,1
24,27.67,718.26,0,1,1,1,49.3,0
17,42.63,816.76,0,0,1,0,35.5,0
13,70.66,900.66,0,0,0,0,40.3,1
1,89.05,115.46,1,1,0,1,55.7,0
46,72.15,3330.12,2,1,0,2,68.9,0
31,102.8,3121.87,2,0,1,1,68.7,0
12,107.63,1311.82,0,0,0,0,9.1,0
15,86.42,1274.11,0,1,1,1,77.1,0
9,82.27,857.43,0,0,0,1,62.8,1
19,32.06,617.63,0,1,1,2,43.3,0
49,52.61,2458.84,0,0,0,2,2.7,0
22,97.09,2189.04,0,0,0,1,56.2,1
5,61.65,301.81,1,0,1,1,60.9,1
8,86.41,680.31,0,1,1,2,41.0,1
6,21.9,74.87,0,0,0,1,50.9,1
7,24.73,205.26,1,1,0,1,77.4,0
1,30.45,59.65,2,0,1,3,57.6,0
5,101.37,564.89,2,0,1,2,75.5,0
7,101.31,714.08,0,0,0,1,79.8,1
49,101.93,5009.2,1,1,0,1,11.6,0
19,93.4,1709.65,1,1,1,2,75.1,0
1,88.96,33.1,2,1,0,2,29.8,0
7,93.1,613.77,1,1,0,2,3.4,0
24,93.19,2292.68,0,1,0,1,77.7,1
14,62.63,880.78,0,1,0,0,30.4,1
10,111.61,1158.06,0,1,1,2,23.4,1
16,46.99,722.29,0,1,1,0,66.5,0
7,59.09,459.62,2,0,1,0,21.4,0
11,33.77,352.74,2,0,0,2,67.8,0
29,70.55,2050.42,0,0,1,1,15.0,0
14,59.55,833.72,1,1,1,0,30.8,0
51,32.99,1618.91,1,0,0,2,17.4,0
1,104.76,140.66,0,0,1,0,5.6,1
13,34.26,438.31,1,1,0,0,21.1,0
1,79.93,72.86,0,1,1,2,8.6,1
27,61.13,1669.61,0,0,0,3,5.5,0
3,59.61,129.77,1,1,0,2,7.1,0
6,46.45,281.1,2,1,1,2,10.3,0
48,37.16,1866.23,1,0,0,5,68.5,0
5,90.96,460.97,0,0,0,0,63.3,1
72,35.63,2587.88,0,0,1,0,72.1,0
19,104.63,1917.36,2,1,0,0,49.6,0
3,68.63,145.17,0,1,0,1,35.5,0
28,91.34,2602.65,0,0,0,2,43.0,1
11,24.33,222.11,0,0,0,2,58.6,1
11,66.28,708.48,0,1,1,1,40.4,1
11,60.51,726.75,0,0,0,2,14.8,1
10,100.4,946.56,0,1,0,1,15.0,1
13,96.85,1242.01,1,0,0,1,43.0,0
2,96.24,238.93,0,0,1,2,77.3,1
2,86.67,174.09,2,0,1,2,24.4,1
12,21.68,285.27,0,0,0,2,3.3,0
3,103.6,322.1,0,1,0,4,14.8,1
12,56.83,650.79,2,0,1,1,60.3,0
4,25.81,33.76,0,0,1,0,52.2,0
6,92.75,534.45,0,0,1,1,26.9,1
13,31.83,336.01,0,0,0,3,32.7,1
28,91.02,2574.45,0,0,1,2,37.3,0
22,77.03,1723.87,2,0,0,3,73.4,1
3,102.29,263.6,0,1,1,0,5.0,0
22,76.32,1619.48,2,0,0,1,51.3,0
29,32.22,967.94,1,1,1,3,67.0,1
6,113.4,686.13,0,1,0,2,51.9,1
7,31.04,253.61,0,0,0,3,14.4,0
20,29.39,606.25,2,1,1,1,28.3,0
66,48.77,3238.93,0,1,0,1,74.4,0
10,113.31,1077.24,2,0,1,1,59.6,1
35,98.64,3519.55,1,1,0,2,50.0,0
6,75.6,404.04,0,0,1,0,52.8,1
15,41.88,576.89,0,0,1,2,11.9,0
34,48.77,1620.46,0,0,1,2,22.8,1
2,82.67,203.68,0,0,0,0,36.2,1
6,22.38,118.1,0,0,0,3,18.5,1
19,94.39,1791.94,1,0,0,0,40.7,0
10,20.7,175.25,0,0,1,0,74.1,0
11,41.07,525.26,0,0,0,1,16.7,0
6,66.85,342.61,2,1,1,2,29.1,0
28,51.34,1400.83,1,0,1,1,39.7,1
31,60.7,1903.15,0,0,1,0,3.9,0
12,54.27,669.26,2,0,0,1,76.9,0
41,33.83,1319.23,0,0,0,1,49.2,1
2,107.82,109.02,0,0,0,3,54.9,1
18,58.96,1094.43,0,1,1,0,61.2,0
11,69.82,736.08,0,0,0,4,57.4,1
37,84.96,3182.64,0,1,0,1,45.1,0
59,53.87,3190.11,1,1,1,2,43.7,0
35,70.56,2422.53,0,1,0,3,47.2,1
17,74.74,1196.37,1,0,1,3,66.9,0
16,73.34,1191.26,0,0,0,1,30.8,1
28,66.48,1820.0,1,0,0,1,50.0,0
72,78.59,5600.01,2,1,0,2,42.6,0
7,102.26,793.5,0,1,0,0,18.1,0
2,85.4,240.95,0,1,0,2,4.7,0
4,78.17,328.06,1,0,0,1,71.1,0
7,77.55,532.14,2,0,0,3,21.5,0
11,66.87,769.55,2,1,1,2,11.1,0
12,83.25,944.49,0,1,1,0,8.2,0
28,101.16,2836.61,0,1,1,2,43.2,1
3,39.54,140.63,2,0,0,3,10.1,0
15,92.99,1371.57,0,0,1,0,49.4,1
5,54.39,277.62,0,0,0,5,46.7,1
25,27.4,724.73,0,1,0,2,57.7,0
27,27.63,802.97,0,0,0,0,3.9,1
39,68.16,2657.18,0,1,0,1,59.8,0
20,80.21,1650.07,1,1,0,1,4.1,0
24,79.17,1791.05,0,0,1,0,46.0,0
48,101.93,4865.36,1,1,1,1,44.5,0
11,91.92,995.86,2,0,1,1,42.0,0
2,92.83,240.73,1,0,1,0,5.3,1
56,50.32,2845.06,0,0,0,1,70.9,0
3,23.68,9.49,1,0,1,1,31.2,0
16,60.52,1047.95,1,0,1,0,26.0,0
39,71.37,2705.38,0,0,0,1,51.2,0
4,26.2,135.73,0,0,0,3,33.2,1
30,59.94,1843.04,0,0,0,1,65.3,0
4,86.98,314.29,2,1,1,3,79.2,0
36,85.95,3203.06,1,0,0,2,78.7,1
11,39.64,397.41,1,0,1,2,67.9,1
72,94.26,6762.21,2,1,0,2,23.5,0
24,89.9,2102.97,0,0,1,2,24.2,0
3,41.08,62.11,0,0,1,2,25.8,1
19,92.19,1613.43,1,0,1,3,58.2,0
6,65.93,382.63,1,0,0,1,58.6,1
6,63.18,369.45,0,1,0,2,66.5,1
23,54.22,1271.28,2,0,0,1,78.1,0
10,25.35,315.59,2,0,0,2,13.2,0
1,67.76,126.42,0,0,1,2,22.2,0
25,40.65,1005.9,0,0,0,1,48.5,0
7,58.16,357.03,1,0,0,1,27.1,1
11,21.09,269.07,0,0,0,0,70.3,0
3,56.43,132.15,1,0,0,2,62.8,1
1,111.92,70.23,0,1,0,2,24.5,1
3,63.27,262.76,0,0,0,1,7.5,1
5,63.43,336.71,1,1,0,0,16.6,0
7,64.57,461.93,2,1,1,2,46.8,0
35,87.83,3032.97,1,0,1,0,24.3,0
14,108.86,1375.74,1,1,0,0,40.9,0
36,75.4,2698.4,1,1,1,0,13.2,0
27,65.97,1764.89,0,0,0,0,77.1,1
28,107.42,2991.73,0,0,0,0,8.6,1
1,111.47,135.27,1,0,1,1,64.2,1
53,64.24,3385.52,0,0,1,1,46.1,0
5,86.53,409.55,2,1,0,1,49.6,0
72,35.01,2482.51,0,1,1,4,35.0,0
2,78.53,180.51,1,0,0,1,63.6,1
29,66.73,1974.99,0,0,1,0,70.2,0
4,45.96,193.07,1,0,0,1,57.3,1
17,40.43,720.05,0,0,0,1,14.3,1
18,57.07,1013.09,0,1,0,0,4.4,0
69,31.94,2232.31,0,1,0,3,14.5,1
12,102.63,1249.94,1,0,0,0,43.4,0
10,38.09,400.95,0,1,1,0,65.5,1
12,59.96,754.57,0,0,1,2,64.7,1
14,47.19,704.51,0,1,1,1,76.4,1
6,34.87,235.51,2,0,0,0,77.5,0
14,32.96,520.83,0,0,1,1,55.6,0
7,93.37,641.6,2,0,0,1,11.2,0
2,54.87,78.09,0,0,1,0,8.1,1
58,103.0,6038.61,0,0,0,0,69.0,0
10,96.92,920.66,0,1,1,4,59.8,1
51,53.15,2620.61,2,0,1,1,23.7,0
2,53.36,22.9,0,1,1,3,70.3,0
6,90.19,596.28,2,1,0,3,56.3,0
18,68.01,1128.17,0,0,0,0,19.3,0
1,26.46,4.37,0,1,0,2,33.7,1
9,103.0,887.08,2,0,0,0,6.2,0
63,92.12,5811.96,2,1,0,3,2.9,0
9,69.33,630.4,0,0,1,3,41.3,1
65,96.71,6313.11,0,1,0,3,8.7,0
3,78.1,274.9,1,1,1,1,78.5,0
21,84.52,1675.74,0,1,1,0,31.2,0
3,42.37,208.14,1,0,1,0,16.9,0
19,51.26,962.92,1,0,0,1,73.1,0
1,53.26,40.99,0,0,0,0,27.2,1
2,111.47,307.87,2,0,1,1,24.4,0
23,53.7,1208.48,1,0,1,2,59.5,0
7,54.27,376.73,2,1,0,2,52.7,0
2,94.65,134.03,1,0,0,1,52.9,1
17,54.65,822.22,0,0,0,1,77.4,0
6,81.21,525.19,1,0,1,0,56.5,0
19,107.34,1881.22,0,0,0,1,25.0,0
5,66.84,267.58,1,1,0,1,2.5,0
44,87.76,3894.04,0,0,1,1,72.8,0
7,48.03,334.73,0,0,0,2,64.4,1
24,23.68,593.08,0,0,1,1,2.5,1
17,44.72,744.97,0,1,0,1,33.2,0
7,90.42,670.19,0,0,1,1,21.6,0
16,65.57,1026.49,0,0,0,2,40.0,1
36,41.87,1528.88,0,0,0,1,24.6,1
20,51.92,1028.37,0,0,0,3,43.4,1
3,21.28,123.35,2,0,0,2,58.7,1
21,114.3,2322.37,1,0,1,2,71.3,0
25,26.59,605.61,0,0,1,0,20.0,0
40,36.62,1434.28,1,0,0,4,25.6,0
48,57.33,2871.69,2,0,0,5,77.8,0
10,87.39,863.11,0,0,0,2,73.4,1
42,55.49,2312.63,1,0,1,0,27.9,0
14,22.42,276.79,0,0,0,5,8.0,1
2,102.03,184.56,0,0,1,4,28.3,1
15,31.36,493.48,1,1,0,1,4.4,0
1,58.89,86.61,0,1,0,2,65.5,1
8,63.3,515.7,0,1,1,2,11.2,1
50,69.25,3493.34,1,0,0,0,46.2,0
23,42.37,1018.69,0,0,0,4,42.3,1
21,112.88,2264.02,0,1,1,1,8.1,1
18,59.69,1136.54,0,0,0,4,79.6,1
6,49.35,290.65,0,0,1,0,60.1,1
34,38.57,1369.34,1,0,1,1,12.9,0
51,48.61,2488.82,0,1,0,1,2.5,0
43,55.79,2383.26,2,0,0,1,78.0,0
3,45.95,92.49,0,0,1,3,31.4,1
6,76.64,512.85,1,0,1,2,11.2,0
18,64.08,1181.2,2,0,1,0,21.8,1
11,26.87,252.07,1,1,1,3,3.1,0
29,43.98,1263.61,1,1,1,3,24.5,0
28,112.28,3154.29,1,1,0,4,44.3,1
11,22.69,247.38,0,1,1,0,31.7,0
7,51.61,248.7,0,0,0,2,22.4,1
8,21.56,185.09,1,0,1,0,20.1,0
19,49.1,964.72,2,0,1,1,2.7,0
7,66.06,419.95,0,0,0,1,31.5,1
5,50.27,352.6,0,0,0,2,69.8,1
20,55.44,1054.9,0,0,0,0,64.9,0
2,109.41,180.7,0,0,1,0,50.9,0
3,27.92,-1.08,0,0,0,2,69.0,0
1,22.67,22.35,1,1,1,2,66.7,0
6,39.95,197.18,1,0,0,3,28.0,1
10,102.17,980.79,0,0,1,3,46.6,1
5,70.69,308.8,0,0,0,1,28.6,1
2,97.64,141.07,1,0,0,1,22.3,0
28,32.73,940.91,0,0,1,1,57.2,1
12,60.44,704.91,0,1,1,2,69.0,0
22,61.06,1348.58,0,1,0,0,3.5,0
3,58.49,92.41,0,0,1,4,49.9,1
36,57.12,2116.1,1,0,0,2,31.9,1
7,88.81,567.72,1,1,0,1,5.5,0
11,42.56,484.06,2,0,0,0,47.6,0
12,67.34,776.48,0,0,0,3,70.3,1
8,60.03,406.03,0,0,1,1,54.1,1
71,57.81,4112.39,2,0,0,2,40.4,0
29,68.96,1989.97,0,0,0,0,4.6,0
32,50.99,1722.24,2,0,0,0,77.4,0
7,25.35,238.42,0,0,0,2,9.1,1
8,54.15,396.33,0,1,0,2,22.2,1
15,58.88,856.81,1,1,0,1,68.2,0
24,42.87,1043.94,1,0,1,1,3.0,0
25,89.16,2169.6,1,0,1,1,47.5,1
1,65.37,72.74,0,0,0,0,40.7,1
8,23.01,183.53,0,1,0,2,37.7,0
50,53.2,2646.91,1,0,1,1,43.5,0
1,25.48,66.68,0,0,1,4,10.6,1
5,28.76,196.64,0,1,1,4,77.8,1
2,104.74,205.37,0,0,0,1,12.5,0
4,77.64,308.11,1,1,1,1,73.0,0
24,30.93,782.98,0,1,0,1,32.6,0
6,89.93,462.47,0,0,0,3,43.6,1
16,23.81,358.15,0,0,0,0,5.6,0
9,96.72,867.96,0,1,0,3,17.1,1
9,95.64,1018.73,0,0,0,5,68.1,0
2,38.22,48.72,0,1,0,1,52.9,1
3,106.81,372.35,0,0,1,0,11.8,1
56,48.76,2803.91,1,1,0,1,75.5,0
25,31.31,698.28,1,1,0,1,6.4,0
10,83.98,846.45,0,1,0,5,48.8,0
8,66.44,512.95,0,0,1,2,72.9,1
11,53.58,595.78,0,1,1,1,46.0,1
31,56.78,1781.7,0,1,1,3,22.1,1
40,89.84,3608.19,1,0,0,4,2.8,0
6,39.55,170.34,0,0,1,3,14.6,1
29,74.83,2188.89,0,0,0,0,57.4,0
37,43.17,1589.29,0,0,0,3,21.7,1
14,20.2,240.78,0,0,0,0,33.9,0
15,34.99,573.0,2,1,1,1,30.0,0
15,101.23,1539.11,1,1,0,0,38.5,0
22,41.69,938.74,1,0,0,1,66.2,0
2,82.6,139.17,2,0,1,2,72.8,0
4,69.57,307.05,1,1,0,0,38.3,0
28,56.31,1552.58,0,0,0,2,34.6,1
29,92.67,2701.37,0,0,0,4,18.0,1
5,94.71,489.05,0,0,0,2,63.6,1
18,41.08,671.32,0,0,0,2,31.5,0
12,85.37,1000.39,0,1,0,0,50.1,0
66,81.66,5433.75,0,0,1,1,50.3,0
28,41.25,1169.97,1,0,0,3,53.4,1
11,62.77,653.62,2,1,0,0,65.4,0
49,52.83,2575.27,0,0,0,2,53.0,0
32,23.19,737.96,0,0,0,0,34.0,1
3,91.09,294.76,0,1,1,3,57.7,1
4,36.26,115.36,0,0,1,2,53.3,1
8,34.51,231.37,0,0,1,1,30.2,0
9,45.52,414.88,0,0,0,0,49.8,0
4,101.19,382.97,0,1,1,5,13.3,0
19,31.67,621.02,2,0,1,1,3.6,0
33,42.1,1297.66,1,0,1,2,75.3,0
41,109.36,4475.51,2,0,0,0,41.5,0
16,55.09,761.85,0,0,0,1,6.0,1
8,27.07,217.13,0,0,0,3,16.6,1
14,82.79,1162.3,1,0,1,3,41.3,1
33,45.52,1461.3,0,1,0,0,26.3,0
47,47.6,2218.49,1,0,1,3,48.2,0
72,56.47,3991.88,0,0,0,1,78.5,0
13,102.95,1376.84,0,0,0,1,66.6,1
8,97.85,823.94,2,1,1,3,41.7,1
8,65.2,605.58,1,0,0,1,21.9,1
12,111.92,1326.74,0,0,0,5,7.8,1
18,46.81,858.59,0,0,1,0,31.8,0
1,48.85,83.1,0,1,0,0,57.2,1
33,20.35,677.79,0,0,1,2,64.1,1
8,32.95,193.21,0,0,1,5,30.5,1
33,104.05,3418.5,0,0,1,2,17.0,0
39,82.12,3149.73,0,1,1,2,37.7,0
8,37.71,343.12,2,0,1,2,75.4,0
1,108.63,143.32,1,0,0,0,28.4,1
72,109.59,7878.22,1,1,0,0,13.4,0
3,63.45,316.1,2,0,0,1,23.8,1
60,33.1,2033.98,2,0,1,1,34.7,0
39,32.21,1206.19,1,0,1,3,28.3,0
7,44.12,301.18,0,0,0,1,38.5,0
12,68.94,803.41,0,1,1,3,30.6,0
65,84.22,5486.93,1,0,1,1,56.8,0
4,92.77,383.67,0,1,1,3,40.4,1
65,67.64,4411.39,1,1,0,2,61.2,0
18,64.5,1180.64,1,0,0,6,73.9,1
14,36.53,514.52,0,1,1,3,77.6,0
25,43.99,1092.75,0,1,1,3,4.5,1
47,88.66,4113.81,0,0,0,2,27.4,0
16,84.72,1420.08,0,0,0,1,53.4,0
5,48.83,274.64,0,1,0,3,43.4,1
22,109.31,2365.06,0,0,0,0,66.2,1
9,54.26,556.53,0,1,1,2,77.2,0
11,64.46,678.56,2,0,1,0,43.5,0
4,110.29,463.27,0,0,0,1,3.0,1
12,47.87,587.84,0,0,0,4,24.7,0
1,71.45,57.48,1,1,0,3,73.2,1
16,113.32,1752.55,0,0,1,3,33.7,1
25,37.96,897.62,1,0,1,2,74.1,0
19,88.12,1717.14,0,0,1,1,38.5,1
3,104.84,257.74,0,1,0,2,61.0,1
38,98.76,3774.64,2,0,0,1,72.8,0
2,33.01,110.71,0,0,0,2,31.7,0
10,52.5,551.22,2,0,0,3,39.2,0
5,53.48,307.81,1,1,0,1,22.6,0
1,35.34,92.26,0,1,0,1,68.5,0
2,47.11,40.83,2,1,0,0,7.1,0
38,65.42,2506.05,1,0,0,2,69.0,0
33,63.42,2058.59,0,1,0,5,20.7,0
27,108.2,2954.04,0,1,1,2,53.3,0
9,85.48,729.54,1,0,1,2,74.8,0
49,90.77,4467.42,0,0,1,2,10.6,1
17,39.97,694.12,0,1,0,1,56.2,1
13,47.66,613.27,0,0,1,1,53.7,1
24,55.48,1394.81,1,0,0,1,76.0,0
6,77.7,494.9,0,1,1,0,12.2,0
3,52.65,191.98,1,1,0,1,29.3,1
2,52.4,142.98,0,1,1,0,61.0,0
33,99.37,3240.06,0,0,0,2,29.2,1
6,100.63,591.56,1,0,0,2,74.9,0
17,45.01,712.57,1,0,0,1,13.0,0
5,44.67,82.0,1,1,1,1,63.2,0
12,96.93,1147.24,2,1,0,2,55.3,0
1,90.78,120.93,1,1,1,2,5.1,1
16,77.13,1249.98,1,1,0,2,19.6,0
21,69.7,1517.6,0,0,1,1,30.7,0
40,102.2,4104.25,1,0,1,1,75.2,0
1,60.26,93.56,1,0,1,1,66.1,0
4,80.0,366.74,0,1,0,1,18.3,0
45,68.87,3076.28,2,1,1,3,51.7,0
4,52.44,109.71,0,0,0,1,16.8,1
66,61.63,4051.42,2,1,0,2,73.4,0
9,63.37,617.36,0,1,0,2,17.4,1
16,109.66,1771.71,0,0,1,0,66.4,1
8,54.77,408.88,0,0,1,1,34.1,1
33,24.71,829.77,0,0,0,3,29.5,1
1,93.98,96.18,0,1,0,0,30.9,0
26,37.15,990.73,0,0,1,1,31.0,0
2,110.3,233.3,0,0,0,0,76.1,1
27,109.42,2975.7,1,1,0,1,63.7,0
16,52.81,792.67,1,0,0,1,79.9,0
25,113.62,2765.25,0,0,1,1,14.7,0
7,52.21,375.0,1,0,0,0,70.9,0
7,26.91,171.23,0,0,0,0,47.9,1
8,67.9,586.03,0,0,0,1,54.7,1
2,53.18,177.08,1,0,1,2,33.2,0
35,29.46,980.76,2,0,1,1,29.5,0
17,44.01,773.49,1,1,1,1,2.9,0
13,27.31,345.7,1,0,0,4,70.8,1
8,29.15,228.76,0,0,0,2,51.4,1
34,54.27,1788.15,2,1,0,2,49.3,0
5,85.71,503.67,0,0,0,0,44.1,0
3,97.32,344.64,1,0,1,1,39.8,1
60,91.69,5441.55,0,1,0,3,13.4,0
12,49.35,433.17,1,1,0,1,21.2,0
6,102.64,622.33,1,0,0,2,72.8,1
5,26.3,108.46,0,0,0,2,36.4,1
21,81.9,1653.96,1,0,1,3,45.5,1
30,20.66,630.96,0,1,1,0,38.1,0
8,53.18,378.38,2,0,0,2,37.7,1
12,36.49,400.04,1,0,1,1,44.0,0
10,104.79,1025.91,2,0,0,1,40.9,1
30,92.08,2706.29,2,0,1,2,27.3,1
68,58.08,3991.54,0,0,0,1,35.7,0
53,58.21,3094.23,0,1,0,0,53.9,0
9,90.31,823.18,0,0,0,1,67.5,0
17,95.31,1610.21,0,0,1,1,68.7,0
31,30.63,895.09,1,1,1,1,32.8,0
9,93.65,873.37,0,1,1,0,6.6,0
26,85.32,2211.42,0,0,0,2,7.8,1
12,67.33,738.57,2,0,0,2,45.7,0
34,66.55,2292.15,1,0,1,1,6.0,0
44,50.65,2224.48,2,1,1,0,79.8,0
15,104.16,1483.63,1,0,0,2,4.0,1
17,111.86,1861.84,2,0,0,1,29.7,0
11,57.21,567.53,2,1,0,2,30.3,0
33,39.24,1376.71,0,1,1,0,16.8,1
4,35.21,116.48,1,1,0,3,29.0,0
17,87.24,1508.89,0,1,1,0,66.7,0
46,93.79,4410.4,1,1,1,1,34.7,0
3,97.39,225.4,0,1,0,1,39.7,0
18,44.93,695.13,0,1,0,2,5.9,0
11,37.03,334.5,2,0,0,1,42.9,0
12,56.28,643.91,1,0,0,1,78.0,0
13,29.9,435.95,0,1,0,1,9.6,0
28,58.97,1711.13,2,0,1,1,6.7,0
6,113.32,689.83,0,1,0,1,73.2,1
18,81.46,1438.48,0,0,0,1,16.1,1
16,44.31,654.02,1,0,1,1,2.7,0
72,100.4,7301.14,0,0,1,0,78.7,0
3,54.12,104.92,1,0,0,1,44.7,1
31,86.59,2645.86,0,1,0,1,79.8,0
49,82.87,4155.0,1,0,0,2,57.8,0
49,107.4,5244.5,0,1,0,2,56.0,0
1,77.21,158.29,1,0,1,2,40.9,1
1,45.93,89.73,0,0,0,1,16.2,1
3,47.58,227.79,0,1,0,0,74.4,0
3,46.32,163.88,1,1,0,3,56.3,0
15,60.02,897.37,1,0,0,0,26.4,0
3,50.25,136.94,0,0,0,2,3.9,1
6,25.92,261.07,0,0,0,1,44.6,1
20,31.35,650.64,0,1,0,0,17.0,0
9,61.41,556.2,2,0,0,2,74.9,0
14,62.96,818.25,0,0,0,0,47.6,0
23,20.55,460.79,0,0,1,2,12.9,0
20,96.27,1979.3,0,0,0,5,51.3,1
15,38.62,553.71,0,0,0,1,21.7,0
7,111.14,726.81,1,0,0,1,3.9,0
4,29.61,75.43,1,0,1,3,45.3,0
34,42.66,1424.94,1,0,0,1,33.6,1
41,51.36,2013.28,0,1,1,5,10.6,1
12,66.82,767.4,0,0,0,1,63.4,0
14,100.91,1388.86,2,1,0,0,55.6,0
33,66.5,2196.06,2,0,1,0,24.7,0
14,23.38,293.48,2,0,1,1,6.3,1
28,47.34,1377.15,0,0,1,0,48.7,0
4,97.47,427.2,0,0,0,1,73.3,1
24,42.78,968.32,1,0,0,1,73.2,0
28,100.74,2893.52,0,0,0,3,64.4,1
33,57.07,1842.3,0,1,0,0,7.5,0
24,75.0,1743.22,1,1,0,1,5.9,0
16,22.04,385.01,2,0,1,1,10.8,0
38,35.26,1338.35,0,1,0,3,45.2,0
1,46.71,28.04,0,0,1,1,16.1,1
15,31.58,444.26,0,0,0,1,60.3,1
6,97.54,591.87,2,0,0,3,49.7,0
47,45.47,2169.85,0,1,0,1,41.3,0
27,49.47,1343.69,2,0,1,0,71.5,0
3,76.32,201.27,0,0,0,1,9.2,1
43,24.18,1082.53,2,0,1,2,47.4,0
1,64.02,160.03,0,0,0,1,65.0,1
15,81.94,1251.89,1,0,0,1,17.5,0
12,36.83,455.99,0,0,1,0,80.0,0
28,23.77,624.6,0,1,0,3,63.2,1
35,30.85,976.17,1,0,1,0,30.0,0
5,37.81,200.34,2,0,0,3,25.5,0
17,107.32,1871.03,0,1,0,2,47.9,0
16,104.06,1703.93,0,0,0,0,56.5,0
20,68.61,1335.91,1,0,1,1,68.8,0
15,44.54,597.8,1,0,0,3,14.0,1
9,110.56,972.18,0,0,1,1,77.9,1
29,72.18,2043.45,1,1,0,0,4.8,0
10,35.15,352.97,0,0,0,2,17.0,0
50,62.77,3128.47,2,0,0,0,48.5,0
2,46.41,100.1,1,0,1,3,64.0,1
23,114.19,2633.58,0,0,1,4,63.1,1
46,107.53,4890.17,1,0,0,1,37.8,0
26,37.65,1030.89,1,0,0,3,2.3,1
24,43.85,966.81,0,1,0,1,60.8,1
21,34.79,714.95,0,1,1,1,38.5,0
14,69.21,934.92,1,0,1,2,3.7,0
25,83.38,2137.32,1,1,0,2,39.8,1
5,37.53,205.5,0,0,1,3,35.1,1
32,90.39,2919.02,0,1,0,0,58.0,1
4,70.22,273.79,1,1,1,1,28.1,0
4,33.48,102.85,0,0,0,3,8.1,0
31,91.04,2742.82,1,0,0,0,39.3,0
1,43.08,30.87,2,0,0,4,23.5,0
42,82.72,3492.77,2,0,1,1,37.0,0
3,29.61,101.4,2,0,1,0,44.4,0
16,104.5,1657.08,0,0,1,0,71.9,0
4,108.28,417.0,2,0,0,1,27.4,0
12,100.83,1267.56,2,0,1,1,61.7,0
27,34.46,1005.23,2,1,1,0,37.9,0
10,48.12,486.61,0,1,0,0,45.3,0
4,28.62,118.5,0,0,0,2,43.8,1
20,48.92,974.79,1,0,0,1,54.2,0
38,99.56,3797.99,0,0,1,2,4.5,1
20,48.3,929.9,0,1,0,3,59.5,1
13,90.73,1181.63,1,0,1,1,33.7,1
8,44.22,333.96,1,1,0,3,56.6,0
20,62.94,1235.28,0,0,0,2,74.7,0
5,23.44,85.59,0,0,1,2,48.6,1
2,50.56,110.76,2,0,0,4,22.2,1
17,95.68,1692.99,0,0,0,1,33.5,1
7,104.6,733.8,0,0,0,0,76.3,1
2,51.25,113.12,1,1,0,1,62.3,0
12,101.93,1205.41,1,0,1,2,45.4,0
1,61.29,13.04,1,1,0,3,69.5,1
8,71.01,617.83,0,0,0,2,72.4,0
70,73.41,5117.16,0,0,1,1,26.7,0
5,92.38,510.18,0,1,0,1,79.4,1
5,54.72,280.47,1,0,1,1,31.3,0
4,103.0,494.11,0,0,0,2,44.2,1
33,105.61,3416.59,0,0,1,2,44.4,1
62,110.79,6926.75,1,0,1,2,25.1,1
9,26.07,256.41,0,1,0,1,32.3,0
11,108.46,1203.58,0,0,0,0,70.3,1
1,23.71,-14.58,0,0,0,1,14.3,0
12,108.54,1390.1,1,1,0,1,48.1,0
18,29.77,528.64,0,1,0,2,73.6,1
35,97.51,3401.5,1,0,0,3,66.8,1
58,72.99,4244.82,0,0,1,2,73.9,1
13,82.04,978.82,0,0,0,4,62.4,1
12,60.87,744.2,2,0,0,0,11.7,0
10,36.71,428.72,1,0,0,2,10.9,0
20,61.81,1207.64,2,1,0,3,59.7,0
4,44.73,168.76,2,1,0,1,55.5,0
20,37.99,753.26,2,1,0,1,35.5,0
6,63.31,394.7,0,0,0,1,14.7,1
14,32.99,424.03,0,0,0,3,62.0,0
14,79.52,1160.76,1,0,0,1,58.2,0
26,114.81,2930.67,1,1,1,1,26.2,0
9,62.37,537.22,0,0,0,2,19.5,1
32,40.41,1225.1,0,1,0,1,12.1,0
56,52.48,2943.28,0,0,0,0,65.8,0
4,29.44,200.17,1,1,0,3,61.1,0
5,68.26,368.77,0,0,1,1,47.6,1
36,64.95,2341.38,1,1,0,1,77.1,0
72,67.81,4895.22,0,0,1,1,29.4,0
7,108.66,729.94,2,0,0,2,50.5,0
32,29.55,843.93,0,1,0,3,62.2,1
29,94.38,2701.25,1,0,0,0,47.7,0
9,83.76,663.52,2,1,1,1,26.7,0
36,93.3,3303.79,0,0,0,2,70.1,0
19,114.47,2179.33,1,0,0,0,8.5,1
21,92.3,1969.56,1,0,1,1,43.1,0
41,91.82,3806.44,0,0,1,1,34.0,0
11,52.46,625.83,1,0,1,0,65.5,0
4,75.99,320.56,0,1,1,1,57.1,0
1,96.36,82.86,0,1,0,1,29.4,1
1,62.27,83.46,1,0,1,1,74.7,0
21,102.84,2091.82,0,1,0,1,66.7,1
8,60.83,443.34,2,0,0,2,67.9,0
51,46.22,2268.77,1,0,0,1,9.3,0
11,114.48,1293.29,0,1,1,3,28.6,1
9,23.92,174.7,0,0,0,3,5.9,1
23,72.97,1647.59,2,1,1,2,58.3,0
24,23.52,607.93,1,1,1,3,28.6,1
10,30.36,247.5,0,0,0,2,57.0,1
16,29.15,506.46,1,0,0,1,5.1,0
7,112.03,746.21,1,1,0,4,14.0,0
29,114.42,3335.57,0,1,0,1,50.2,1
37,41.42,1563.06,0,1,0,1,42.3,0
49,114.04,5600.66,0,1,0,3,16.7,0
45,55.12,2599.44,1,0,0,2,65.6,0
13,74.73,955.89,1,1,1,1,28.8,0
47,49.68,2255.75,2,0,0,5,31.2,0
15,85.49,1229.79,0,1,0,0,27.6,0
72,20.32,1452.88,0,0,0,0,7.0,0
23,91.44,2077.4,2,0,0,2,16.6,0
35,21.91,764.96,1,0,0,2,7.4,0
6,74.11,439.66,2,0,0,0,73.9,0
9,44.74,378.32,0,0,0,1,66.9,0
17,28.71,550.93,1,0,0,1,9.7,0
22,29.84,606.84,1,0,0,0,9.3,0
24,72.85,1689.19,2,0,0,2,13.0,0
2,35.34,161.99,0,1,0,2,5.8,0
9,43.94,411.22,1,0,0,2,68.9,1
25,91.97,2404.72,0,0,0,2,70.0,0
6,59.95,309.46,0,0,0,2,12.8,0
28,42.37,1242.69,0,1,0,2,38.1,0
5,88.23,318.85,0,1,0,2,31.8,1
7,45.3,204.27,0,0,0,2,43.7,1
35,55.84,2036.32,0,1,1,0,55.3,0
4,48.61,232.05,1,1,1,2,31.1,0
21,20.54,336.35,0,0,1,2,34.4,0
7,39.72,295.82,1,1,0,0,53.1,0
5,85.1,446.37,1,1,0,3,36.5,1
67,29.35,1935.04,0,0,0,1,6.5,0
18,91.59,1738.98,1,1,1,0,16.3,0
9,29.02,332.78,1,0,0,2,10.7,0
58,54.18,3182.13,2,0,0,0,36.7,0
16,23.77,404.92,1,0,0,1,75.1,0
3,33.07,127.34,2,0,0,2,35.8,0
20,96.76,1890.41,0,0,0,4,25.0,1
15,25.11,399.06,0,1,0,2,64.0,0
44,104.35,4593.94,1,1,0,1,30.8,0
8,94.45,680.23,0,1,1,3,70.6,0
8,23.26,175.24,0,0,1,1,16.9,0
2,93.21,274.38,0,0,0,3,55.7,1
13,79.56,1023.7,2,0,0,1,16.4,1
5,38.01,227.02,0,0,1,3,63.6,1
12,94.43,1073.09,0,0,1,0,44.7,1
27,63.22,1628.53,0,0,0,1,2.1,0
21,24.55,590.78,0,1,1,0,75.9,0
2,69.01,132.02,1,0,0,0,59.1,1
31,77.67,2407.9,0,1,0,2,27.4,0
10,70.8,745.08,1,0,0,0,77.8,0
16,55.4,963.46,1,1,0,1,20.4,0
3,67.06,229.99,0,0,0,3,75.0,1
29,33.85,999.32,1,0,1,1,3.6,0
68,30.58,2016.0,0,1,1,1,76.9,0
24,66.36,1701.21,2,1,0,1,48.4,0
3,23.61,14.27,0,0,0,3,46.3,0
30,47.51,1459.17,0,0,0,0,46.4,0
9,37.12,389.47,0,1,0,1,19.5,0
9,78.42,655.47,1,0,1,0,30.5,0
22,63.09,1496.17,2,0,1,1,30.0,0
19,53.53,963.65,0,1,0,2,3.3,0
6,99.6,587.84,0,0,0,1,29.2,0
64,52.8,3416.3,2,0,0,2,19.3,0
3,21.61,74.53,0,0,0,1,21.5,1
